Tempo,Referencia_Temperatura,Referencia_Umidade,Saida_Temperatura,Saida_Umidade,Sinal_Controle_Temperatura,Sinal_Controle_Umidade,Erro_Temperatura,Erro_Umidade
18,30,50,22,50,0,0,8,0
36,30,50,22,50,0,0,8,0
54,30,50,22,50,0,0,8,0
72,30,50,22,50,0,0,8,0
90,30,50,22,50,0,0,8,0
108,30,50,22,50,0,0,8,0
126,30,50,22,50,0,0,8,0
144,30,50,22,50,0.572425106308948,0,8,0
162,30,50,22,50,1.1448502126179,0,8,0
180,30,50,22,50,1.71727531892684,0,8,0
198,30,50,22,50,2.28970042523579,0,8,0
216,30,50,22.0503505123509,50,2.66588850709387,0,7.94964948764907,0
234,30,50,22.1523438943462,50,2.98386114856067,0,7.84765610565378,0
252,30,50,22.3043172455833,49.9259281912436,3.25016854285572,0.199697596407198,7.6956827544167,0.0740718087563792
270,30,50,22.5046612110526,49.7808024744056,3.46266309340769,0.500892616735495,7.4953387889474,0.219197525594353
288,30,50,22.7345572483051,49.6064323568614,3.68653973287812,0.809602300432527,7.26544275169487,0.393567643138596
306,30,50,22.9862241793854,49.4201407420521,3.89519569812384,1.14441264474213,7.01377582061462,0.579859257947852
324,30,50,23.250353101559,49.2460349150121,4.10068885721208,1.46734163860992,6.749646898441,0.753965084987904
342,30,50,23.5199305028192,49.0938166353273,4.30234709785569,1.78397021860865,6.48006949718085,0.906183364672671
360,30,50,23.7954919473633,48.9640752042955,4.47726425989967,2.10202740868828,6.20450805263673,1.0359247957045
378,30,50,24.0753573158132,48.8593198930173,4.63312028840675,2.41101281827709,5.92464268418685,1.14068010698268
396,30,50,24.359459216154,48.7750997936564,4.76497602040124,2.7214053266173,5.64054078384598,1.22490020634361
414,30,50,24.6475900537103,48.7086035780935,4.87314110234862,3.0302902387222,5.35240994628974,1.29139642190651
432,30,50,24.9374196661568,48.6579666591745,4.96580418656321,3.33509932559527,5.0625803338432,1.34203334082554
450,30,50,25.2273837846844,48.620953743428,5.04215302439195,3.6359867489498,4.7726162153156,1.37904625657197
468,30,50,25.5153880654697,48.5980958379965,5.10578411752514,3.92557723926092,4.48461193453028,1.40190416200347
486,30,50,25.7994584008439,48.5891439402407,5.15843120922673,4.20241663698322,4.20054159915613,1.4108560597593
504,30,50,26.0784396828719,48.5932257983064,5.19912753590861,4.46567464170839,3.92156031712813,1.40677420169364
522,30,50,26.3511969767823,48.6094729894344,5.229295948097,4.71380346820426,3.64880302321774,1.39052701056559
540,30,50,26.6170650572946,48.6360535149601,5.24866861041903,4.94803520370418,3.38293494270541,1.36394648503994
558,30,50,26.8755840880464,48.6712299666691,5.25759297159378,5.16835194483234,3.12441591195356,1.32877003333092
576,30,50,27.1262378424651,48.713334636473,5.25726741701249,5.37503551773123,2.87376215753485,1.28666536352705
594,30,50,27.368654706626,48.760711478883,5.24819940003529,5.56877444338778,2.63134529337403,1.239288521117
612,30,50,27.6024233560909,48.8121253542273,5.23149896097194,5.74947587308728,2.39757664390908,1.18787464577269
630,30,50,27.827161644433,48.8664941832816,5.20807618381774,5.91748292618332,2.17283835556704,1.13350581671842
648,30,50,28.0425879133885,48.9229260365223,5.17856184173423,6.07306341204352,1.95741208661146,1.07707396347767
666,30,50,28.2484581416105,48.9807128754925,5.14375287693115,6.21644066765598,1.7515418583895,1.01928712450754
684,30,50,28.4446272058665,49.0391781570736,5.10418787372098,6.34815813018845,1.55537279413345,0.960821842926421
702,30,50,28.6310245797157,49.097744371561,5.06041313634941,6.46867455292957,1.36897542028427,0.902255628438965
720,30,50,28.8076286325246,49.1559021168918,5.01300673385902,6.57852309456434,1.19237136747541,0.844097883108191
738,30,50,28.9744786040945,49.2132001723133,4.96245346937415,6.67828033452021,1.0255213959055,0.786799827686714
756,30,50,29.1316462600951,49.2692834574252,4.90928587501542,6.7684380128696,0.868353739904883,0.730716542574775
774,30,50,29.2792362260402,49.3238640456275,4.85399802075869,6.84951549839542,0.720763773959817,0.676135954372526
792,30,50,29.4173870602288,49.3767243158239,4.79703995431483,6.92199649190066,0.582612939771195,0.623275684176093
810,30,50,29.546262406085,49.4277102807942,4.73885288143665,6.98633718599206,0.453737593914958,0.572289719205834
828,30,50,29.666055964967,49.4767090451165,4.67982221837944,7.04300462634786,0.333944035033049,0.523290954883521
846,30,50,29.776987644178,49.5236467743357,4.62030493879195,7.09244183479868,0.223012355821972,0.476353225664255
864,30,50,29.8792999313217,49.5684767694765,4.56063060916903,7.13508913308011,0.12070006867831,0.43152323052346
882,30,50,29.9732571117999,49.6111725706575,4.50109226210078,7.17138029028802,0.0267428882001362,0.388827429342491
900,30,50,30.0591399767069,49.6517274046099,4.44196318285134,7.20173010769667,-0.059139976706863,0.348272595390057
918,30,50,30.1372433634838,49.6901486528678,4.38348989855568,7.2265445441246,-0.137243363483783,0.309851347132231
936,30,50,30.2078736095998,49.7264567904855,4.32589393363727,7.24621284676617,-0.207873609599844,0.273543209514479
954,30,50,30.2713453724127,49.7606835001436,4.26937596435302,7.26110846606422,-0.271345372412746,0.239316499856443
972,30,50,30.3279801282665,49.7928685228365,4.21411180999955,7.27159258997242,-0.327980128266468,0.207131477163472
990,30,50,30.3781040080696,49.8230585509809,4.16025600881666,7.27801101925845,-0.37810400806957,0.176941449019125
1008,30,50,30.4220459259609,49.8513050820533,4.10794247377533,7.28069696916303,-0.422045925960916,0.148694917946727
1026,30,50,30.4601360842941,49.877662973791,4.05728466930028,7.2799709408996,-0.460136084294081,0.122337026209024
1044,30,50,30.4927041186556,49.9021897552405,4.00837839404721,7.27613984498592,-0.492704118655567,0.0978102447595006
1062,30,50,30.5200776169627,49.9249446598225,3.96130218995359,7.26949808692814,-0.520077616962709,0.0750553401774638
1080,30,50,30.5425806910088,49.9459883108251,3.91611874246465,7.26032669609074,-0.54258069100884,0.0540116891749491
1098,30,50,30.5605325979885,49.965382419402,3.87287634094521,7.24889341081327,-0.560532597988477,0.034617580597974
1116,30,50,30.5742466442268,49.9831894379781,3.83160948343953,7.23545296292922,-0.574246644226811,0.016810562021945
1134,30,50,30.5840291406298,49.9994724273123,3.79234018030161,7.22024679346436,-0.58402914062982,0.00052757268771586
1152,30,50,30.590178515264,50.0142947987913,3.75507887081845,7.20350343500356,-0.590178515264011,-0.0142947987913473
1170,30,50,30.5929845717971,50.0277201130803,3.71982529253767,7.18543861744664,-0.592984571797103,-0.0277201130802922
1188,30,50,30.5927278138877,50.0398119276145,3.68656957148949,7.16625536303224,-0.592727813887723,-0.0398119276144797
1206,30,50,30.5896788990362,50.0506336050112,3.65529304828331,7.14614428706225,-0.589678899036166,-0.0506336050112068
1224,30,50,30.5840981775591,50.0602481829008,3.6259691886139,7.12528371654194,-0.584098177559138,-0.0602481829007502
1242,30,50,30.5762353137037,50.0687182402006,3.59856445457423,7.10383993205813,-0.576235313703666,-0.0687182402006101
1260,30,50,30.5663290057537,50.0761057599552,3.57303905651805,7.08196744106855,-0.566329005753694,-0.0761057599552331
1278,30,50,30.5546067777653,50.082472011103,3.54934773412949,7.05980922318696,-0.554606777765272,-0.0824720111030217
1296,30,50,30.5412848502576,50.0878774144521,3.52744045331047,7.0374970689536,-0.541284850257647,-0.0878774144520804
1314,30,50,30.5265680827834,50.09238141263,3.50726306216082,7.01515191273976,-0.526568082783434,-0.092381412629976
1332,30,50,30.5106499756591,50.096042343098,3.48875792986484,6.99288418948286,-0.510649975659099,-0.09604234309802
1350,30,50,30.4937127317682,50.0989173086798,3.47186452364787,6.9707942283015,-0.493712731768156,-0.0989173086798161
1368,30,50,30.4759273683166,50.1010620583398,3.45651996160587,6.94897264128282,-0.475927368316643,-0.101062058339849
1386,30,50,30.4574538735882,50.1025308737829,3.44265952765731,6.9275007353746,-0.457453873588218,-0.102530873782868
1404,30,50,30.4384414056187,50.1033764643737,3.43021714297632,6.90645093317245,-0.438441405618661,-0.103376464373738
1422,30,50,30.4190285258877,50.1036498736665,3.41912580883604,6.88588719559108,-0.41902852588769,-0.103649873666534
1440,30,50,30.3993434650436,50.1034003948639,3.40931800988388,6.86586545594856,-0.399343465043561,-0.103400394863868
1458,30,50,30.379504416287,50.1026754976758,3.40072608390887,6.84643405318755,-0.379504416286952,-0.10267549767584
1476,30,50,30.3596198518628,50.1015207664243,3.3932825611211,6.82763416583552,-0.359619851862803,-0.101520766424279
1494,30,50,30.3397888595973,50.0999798488737,3.38692046996968,6.80950024559586,-0.339788859597334,-0.0999798488736943
1512,30,50,30.3201014954759,50.0980944168859,3.38157361475032,6.79206044469437,-0.320101495475896,-0.0980944168859494
1530,30,50,30.3006391490446,50.0959041381492,3.37717682472878,6.77533703815394,-0.300639149044642,-0.0959041381491588
1548,30,50,30.281474918766,50.0934466589058,3.37366617567792,6.75934683788348,-0.281474918765987,-0.0934466589057621
1566,30,50,30.2626739943169,50.090757597487,3.37097918649121,6.74410159675695,-0.262673994316906,-0.0907575974869701
1584,30,50,30.2442940434336,50.0878705477923,3.3690549909457,6.7296084025333,-0.244294043433559,-0.0878705477922779
1602,30,50,30.2263856009482,50.0848170922888,3.36783448648327,6.71587005951816,-0.226385600948248,-0.084817092288759
1620,30,50,30.2089924578523,50.081626823757,3.36726046143962,6.70288545751205,-0.208992457852339,-0.0816268237570199
1638,30,50,30.1921520485331,50.0783273749728,3.36727770162734,6.690649927355,-0.192152048533082,-0.0783273749728153
1656,30,50,30.1758958343963,50.0749444556601,3.36783307797749,6.6791555820931,-0.175895834396343,-0.0749444556601304
1674,30,50,30.1602496823232,50.0715018958803,3.36887561633928,6.66839164359779,-0.160249682323197,-0.0715018958802887
1692,30,50,30.1452342365799,50.0680216951241,3.37035655066708,6.65834475411893,-0.14523423657986,-0.068021695124088
1710,30,50,30.1308652829248,50.0645240763863,3.37222936093802,6.64899927251447,-0.130865282924752,-0.0645240763863058
1728,30,50,30.1171541038471,50.0610275444746,3.37444979685232,6.64033755513689,-0.117154103847138,-0.0610275444746122
1746,30,50,30.1041078239954,50.0575489478871,3.37697588851853,6.63234022124852,-0.104107823995356,-0.0575489478870637
1764,30,50,30.0917297449872,50.0541035435946,3.37976794522851,6.62498640308412,-0.0917297449872159,-0.0541035435945787
1782,30,50,30.0800196689312,50.0507050641055,3.38278854334681,6.61825398070722,-0.0800196689312145,-0.0507050641055002
1800,30,50,30.0689742100917,50.0473657862454,3.38600250437583,6.61211980184006,-0.0689742100916959,-0.0473657862454289
1818,30,50,30.0585870942457,50.0440966011121,3.38937686415656,6.60655988697051,-0.0585870942457305,-0.0440966011120594
1836,30,50,30.0488494453796,50.0409070847191,3.39288083414078,6.60154962003984,-0.0488494453795667,-0.0409070847191373
1854,30,50,30.0397500594622,50.037805568886,3.39648575563771,6.59706392507776,-0.0397500594622038,-0.0378055688859504
1872,30,50,30.0312756651233,50.0347992119671,3.40016504786893,6.59307742919762,-0.0312756651232746,-0.0347992119670693
1890,30,50,30.0234111711395,50.0318940690631,3.40389415063814,6.58956461237754,-0.0234111711395357,-0.0318940690631422
1908,30,50,30.0161399007068,50.0290951613892,3.4076504623711,6.5864999444956,-0.0161399007068184,-0.029095161389165
1926,30,50,30.0094438125414,50.0264065445143,3.41141327423271,6.58385801010213,-0.00944381254139515,-0.0264065445142521
1944,30,50,30.0033037089134,50.0238313752229,3.41516370099133,6.58161362142692,-0.00330370891341403,-0.0238313752228763
1962,30,50,29.9976994307698,50.0213719767789,3.41888460925135,6.57974192013639,0.00230056923024335,-0.021371976778866
1980,30,50,29.9926100401519,50.0190299024051,3.4225605436347,6.57821846835959,0.00738995984809065,-0.0190299024051228
1998,30,50,29.9880139901573,50.0168059968202,3.42617765145105,6.57701932950858,0.0119860098427012,-0.0168059968202385
2016,30,50,29.9838892827308,50.0147004556994,3.42972360635413,6.57612113942057,0.0161107172691857,-0.0147004556993764
2034,30,50,29.9802136146064,50.0127128829511,3.43318753144323,6.5755011683479,0.0197863853935587,-0.012712882951071
2052,30,50,29.9769645117476,50.010842345724,3.43655992223107,6.57513737431823,0.0230354882523827,-0.0108423457239795
2070,30,50,29.9741194526597,50.0090874270777,3.43983256986097,6.57500844838204,0.0258805473402717,-0.00908742707765953
2088,30,50,29.9716559809685,50.00744627627,3.44299848492266,6.57509385225722,0.0283440190315112,-0.00744627626998096
2106,30,50,29.969551807675,50.0059166566305,3.44605182218076,6.57537384887048,0.0304481923250037,-0.00591665663054641
2124,30,50,29.9677849035116,50.0044959910046,3.4489878064981,6.5758295262852,0.0322150964884251,-0.00449599100457476
2142,30,50,29.9663335818326,50.0031814047656,3.45180266020517,6.57644281549232,0.0336664181673534,-0.00318140476555584
2160,30,50,29.965176572482,50.001969766407,3.45449353213768,6.57719650252864,0.0348234275180062,-0.00196976640700086
2178,30,50,29.9642930870823,50.0008577257349,3.45705842853564,6.57807423537117,0.035706912917707,-0.000857725734888959
2196,30,50,29.9636628761944,49.999841749692,3.45949614597247,6.57906052604231,0.0363371238055805,0.000158250307968899
2214,30,50,29.9632662787937,49.9989181558544,3.46180620645629,6.58014074834352,0.0367337212062537,0.0010818441455811
2232,30,50,29.9630842645079,49.998083143647,3.46398879482357,6.58130113162013,0.0369157354921086,0.00191685635297034
2250,30,50,29.9630984690559,49.9973328233335,3.46604469852289,6.58252875094156,0.0369015309440819,0.00266717666646343
2268,30,50,29.9632912233227,49.99666324284,3.46797524986636,6.58381151406524,0.0367087766772656,0.00333675716003512
2286,30,50,29.9636455764946,49.9960704124773,3.46978227080755,6.58513814553481,0.0363544235053972,0.00392958752269834
2304,30,50,29.9641453136725,49.9955503276324,3.47146802028721,6.58649816824495,0.035854686327454,0.00444967236756355
2322,30,50,29.96477496837,49.9950989895001,3.47303514417216,6.58788188278905,0.0352250316300342,0.0049010104999283
2340,30,50,29.9655198302896,49.9947124239312,3.47448662779727,6.58928034488714,0.0344801697104344,0.00528757606879537
2358,30,50,29.9663659487621,49.9943866984759,3.47582575110819,6.59068534117501,0.0336340512379181,0.00561330152405048
2376,30,50,29.9673001322165,49.9941179377002,3.47705604638881,6.59208936361775,0.0326998677835171,0.00588206229978994
2394,30,50,29.9683099440375,49.9939023368567,3.47818125854708,6.59348558279466,0.0316900559624962,0.00609766314331495
2412,30,50,29.9693836951521,49.9937361739915,3.47920530792319,6.59486782028532,0.0306163048479213,0.0062638260084924
2430,30,50,29.9705104336719,49.9936158205679,3.48013225557372,6.59623052037088,0.0294895663281451,0.00638417943207514
2448,30,50,29.9716799319039,49.9935377506883,3.48096627097935,6.59756872124865,0.0283200680961428,0.00646224931166728
2466,30,50,29.9728826710264,49.9934985489955,3.48171160211523,6.59887802594254,0.0271173289735636,0.0065014510045458
2484,30,50,29.9741098237125,49.9934949173324,3.48237254781779,6.6001545730778,0.0258901762875396,0.00650508266761562
2502,30,50,29.9753532349664,49.9935236802403,3.48295343237672,6.60139500767325,0.0246467650335909,0.00647631975969887
2520,30,50,29.9766054014271,49.9935817893711,3.48345858227567,6.60259645209097,0.0233945985728958,0.00641821062890813
2538,30,50,29.9778594493726,49.9936663268905,3.48389230500293,6.60375647726998,0.0221405506274124,0.00633367310953048
2556,30,50,29.979109111649,49.9937745079452,3.48425886984891,6.60487307435809,0.0208908883509693,0.00622549205477441
2574,30,50,29.9803487037309,49.9939036822663,3.48456249060613,6.60594462684339,0.0196512962690534,0.00609631773368591
2592,30,50,29.9815730991056,49.9940513349772,3.48480731008561,6.60696988327583,0.0184269008943758,0.00594866502281377
2610,30,50,29.9827777041609,49.9942150866743,3.48499738636184,6.60794793065855,0.0172222958391082,0.00578491332568376
2628,30,50,29.9839584327418,49.9943926928447,3.48513668065843,6.60887816857734,0.016041567258231,0.00560730715528734
2646,30,50,29.9851116805282,49.9945820426822,3.48522904678713,6.60976028412853,0.0148883194717797,0.00541795731781036
2664,30,50,29.9862342993738,49.994781157362,3.48527822205134,6.61059422769458,0.0137657006261769,0.00521884263801553
2682,30,50,29.9873235717326,49.9949881878304,3.48528781952845,6.61138018960941,0.0126764282674081,0.00501181216962721
2700,30,50,29.9883771852897,49.9952014121633,3.48526132164412,6.61211857774693,0.0116228147103286,0.00479858783670295
2718,30,50,29.9893932079002,49.9954192325452,3.48520207495489,6.61280999605902,0.0106067920998427,0.0045807674547973
2736,30,50,29.9903700629296,49.9956401719168,3.4851132860559,6.61345522408159,0.00962993707042159,0.00435982808321711
2754,30,50,29.9913065050793,49.9958628703373,3.48499801853316,6.61405519742216,0.00869349492067784,0.00413712966273039
2772,30,50,29.9922015967705,49.9960860811045,3.48485919088167,6.61461098923536,0.00779840322952907,0.0039139188955204
2790,30,50,29.9930546851503,49.9963086666729,3.48469957531333,6.61512379268803,0.00694531484974448,0.00369133332705474
2808,30,50,29.9938653797767,49.9965295944081,3.48452179738061,6.61559490441013,0.00613462022332456,0.00347040559191214
2826,30,50,29.9946335310285,49.9967479322114,3.48432833634493,6.61602570892425,0.00536646897145587,0.003252067788587
2844,30,50,29.9953592092805,49.9969628440497,3.48412152622172,6.61641766404079,0.00464079071952384,0.00303715595033793
2862,30,50,29.9960426848752,49.997173585418,3.48390355743608,6.61677228720403,0.00395731512479358,0.00282641458198185
2880,30,50,29.9966844089188,49.9973794987653,3.48367647902687,6.61709114276996,0.00331559108121482,0.00262050123474467
2898,30,50,29.997284994918,49.9975800089064,3.4834422013393,6.61737583019428,0.00271500508197775,0.00241999109358915
2916,30,50,29.9978452012737,49.9977746184464,3.48320249914946,6.61762797310637,0.00215479872632685,0.00222538155364305
2934,30,50,29.9983659146376,49.9979629032353,3.4829590151668,6.61784920924332,0.00163408536236886,0.00203709676465991
2952,30,50,29.9988481341374,49.9981445078758,3.48271326386408,6.6180411812156,0.00115186586263505,0.0018554921242071
2970,30,50,29.9992929564664,49.9983191412975,3.48246663558686,6.6182055280749,0.000707043533587637,0.00168085870248547
2988,30,50,29.9997015618357,49.9984865724166,3.48222040089751,6.61834387765343,0.000298438164314518,0.00151342758341855
3006,30,50,30.0000752007766,49.9986466258915,3.48197571511175,6.61845783964282,-7.5200776642248e-05,0.00135337410850411
3024,30,50,30.0004151817839,49.9987991779886,3.48173362298895,6.61854899937975,-0.000415181783942842,0.00120082201144101
3042,30,50,30.0007228597825,49.9989441525666,3.48149506353895,6.61861891230592,-0.00072285978249198,0.00105584743342746
3060,30,50,30.0009996254009,49.9990815171898,3.48126087491228,6.61866909906826,-0.000999625400922355,0.000918482810213561
3078,30,50,30.0012468950313,49.9992112793765,3.48103179934256,6.6187010412263,-0.00124689503133979,0.000788720623532413
3096,30,50,30.0014661016532,49.999333482989,3.48080848811221,6.61871617753319,-0.00146610165320027,0.000666517010962764
3114,30,50,30.0016586863974,49.9994482047707,3.48059150651545,6.6187159007571,-0.00165868639743749,0.000551795229270624
3132,30,50,30.0018260908255,49.9995555510324,3.48038133879491,6.61870155500995,-0.00182609082548169,0.000444448967570565
3150,30,50,30.0019697498967,49.9996556544923,3.48017839303005,6.61867443355144,-0.00196974989666288,0.000344345507727439
3168,30,50,30.0020910855965,49.9997486712698,3.47998300595822,6.61863577703615,-0.00209108559650417,0.000251328730236366
3186,30,50,30.0021915011977,49.9998347780351,3.47979544771082,6.61858677217292,-0.00219150119770717,0.000165221964934403
3204,30,50,30.002272376125,49.9999141693135,3.47961592644933,6.61852855076602,-0.00227237612501341,8.58306865367808e-05
3222,30,50,30.0023350613949,49.9999870549442,3.47944459288765,6.61846218910851,-0.00233506139488071,1.29450557579958e-05
3240,30,50,30.0023808756006,50.0000536576924,3.47928154468893,6.61838870769959,-0.00238087560063605,-5.3657692397735e-05
3258,30,50,30.0024111014138,50.0001142110111,3.47912683072691,6.61830907125809,-0.00241110141380574,-0.0001142110111374
3276,30,50,30.0024269825724,50.0001689569526,3.47898045520312,6.61822418900559,-0.00242698257241614,-0.000168956952578014
3294,30,50,30.0024297213273,50.0002181442235,3.4788423816129,6.61813491519373,-0.00242972132734209,-0.000218144223495642
3312,30,50,30.0024204763181,50.0002620263825,3.47871253655447,6.61804204985164,-0.00242047631810749,-0.000262026382486624
3330,30,50,30.00240036085,50.0003008601749,3.47859081337688,6.61794633972942,-0.00240036085002515,-0.000300860174874629
3348,30,50,30.0023704415452,50.0003349040009,3.47847707566306,6.61784847941652,-0.00237044154518173,-0.000334904000865777
3366,30,50,30.0023317373404,50.0003644165127,3.47837116054628,6.61774911261315,-0.00233173734036285,-0.000364416512667276
3384,30,50,30.0022852188057,50.0003896553357,3.47827288185865,6.61764883353559,-0.00228521880574561,-0.000389655335695238
3402,30,50,30.002231807759,50.0004108759091,3.47818203311129,6.61754818843598,-0.00223180775903842,-0.00041087590908262
3420,30,50,30.0021723771505,50.0004283304404,3.47809839030705,6.6174476772194,-0.00217237715045471,-0.000428330440421121
3438,30,50,30.0021077511949,50.0004422669696,3.47802171458679,6.61734775514152,-0.00210775119492723,-0.000442266969585603
3456,30,50,30.0020387057288,50.0004529285364,3.47795175471147,6.61724883457162,-0.0020387057288147,-0.000452928536397224
3474,30,50,30.0019659687692,50.000460552447,3.47788824938276,6.6171512868062,-0.00196596876923749,-0.000460552446966744
3492,30,50,30.0018902212554,50.0004653696333,3.47783092940487,6.61705544392032,-0.00189022125536553,-0.000465369633332102
3510,30,50,30.0018120979516,50.0004676041013,3.47777951969209,6.61696160064378,-0.00181209795162829,-0.000467604101331176
3528,30,50,30.0017321884941,50.0004674724613,3.47773374112535,6.61687001625142,-0.00173218849413104,-0.000467472461338048
3546,30,50,30.0016510385623,50.0004651835368,3.47769331226271,6.6167809164568,-0.00165103856233628,-0.00046518353676106
3564,30,50,30.0015691511592,50.0004609380454,3.47765795090835,6.61669449529948,-0.0015691511591811,-0.000460938045399928
3582,30,50,30.0014869879837,50.0004549283485,3.47762737554534,6.61661091701803,-0.00148698798368585,-0.000454928348489148
3600,30,50,30.0014049708812,50.0004473382627,3.47760130663703,6.61653031790033,-0.00140497088116831,-0.000447338262731023
3618,30,50,30.0013234833571,50.0004383429306,3.47757946780276,6.61645280810451,-0.00132348335712607,-0.000438342930557667
3636,30,50,30.0012428721417,50.000428108744,3.47756158687351,6.61637847344434,-0.00124287214167396,-0.00042810874403898
3654,30,50,30.0011634487925,50.0004167933181,3.47754739683269,6.61630737713328,-0.00116344879252495,-0.000416793318073871
3672,30,50,30.0010854913253,50.0004045455085,3.47753663664817,6.61623956148287,-0.00108549132528069,-0.000404545508516208
3690,30,50,30.0010092458606,50.0003915054711,3.47752905200112,6.6161750495511,-0.0010092458606259,-0.00039150547114275
3708,30,50,30.000934928279,50.0003778047576,3.47752439591717,6.61611384673702,-0.000934928279029634,-0.000377804757569322
3726,30,50,30.0008627258742,50.0003635664443,3.47752242930573,6.61605594231901,-0.000862725874210213,-0.000363566444342212
3744,30,50,30.0007927989974,50.0003489052916,3.47752292141313,6.61600131093406,-0.000792798997441224,-0.000348905291602364
3762,30,50,30.0007252826856,50.0003339279279,3.47752565019479,6.61594991399625,-0.000725282685600348,-0.000333927927883337
3780,30,50,30.0006602882665,50.0003187330579,3.47753040261213,6.61590170105291,-0.000660288266498554,-0.000318733057881104
3798,30,50,30.0005979049357,50.0003034116901,3.47753697485941,6.61585661107761,-0.000597904935709437,-0.0003034116900551
3816,30,50,30.0005382012999,50.0002880473812,3.47754517252547,6.61581457369904,-0.000538201299882246,-0.00028804738124677
3834,30,50,30.0004812268819,50.0002727164956,3.47755481069586,6.61577551036583,-0.000481226881948515,-0.000272716495629766
3852,30,50,30.0004270135844,50.0002574884753,3.47756571399958,6.61573933544734,-0.000427013584435088,-0.000257488475348566
3870,30,50,30.0003755771075,50.0002424261206,3.47757771660569,6.61570595727063,-0.000375577107451619,-0.000242426120614425
3888,30,50,30.0003269183186,50.000227585877,3.47759066217394,6.61567527909449,-0.000326918318595659,-0.000227585876970693
3906,30,50,30.0002810245724,50.0002130181278,3.47760440376391,6.61564720002116,-0.000281024572380772,-0.000213018127766418
3924,30,50,30.0002378709773,50.0001987674898,3.4776188037068,6.61562161584737,-0.000237870977333188,-0.0001987674898416
3942,30,50,30.0001974216093,50.0001848731109,3.47763373344374,6.61559841985528,-0.000197421609279047,-0.0001848731108538
3960,30,50,30.0001596306698,50.0001713689666,3.47764907333445,6.61557750354545,-0.00015963066977065,-0.000171368966562113
3978,30,50,30.0001244435889,50.0001582841566,3.47766471243992,6.61555875731326,-0.000124443588894962,-0.000158284156619004
3996,30,50,30.0000917980721,50.0001456431976,3.47768054828229,6.61554207107046,-9.17980721197864e-05,-0.000145643197640766
4014,30,50,30.0000616250911,50.0001334663123,3.47769648658515,6.61552733481379,-6.16250911278371e-05,-0.000133466312327357
4032,30,50,30.0000338498188,50.0001217697136,3.47771244099754,6.6155144391427,-3.38498187772984e-05,-0.000121769713601338
4050,30,50,30.0000083925087,50.0001105658828,3.47772833280407,6.61550327572818,-8.39250869688613e-06,-0.000110565882813773
4068,30,50,29.9999851693202,50.0000998638412,3.47774409062403,6.61549373773464,1.48306798166686e-05,-9.98638412497144e-05
4086,30,50,29.9999640930893,50.0000896694141,3.47775965010178,6.61548572019723,3.59069106927734e-05,-8.9669414137461e-05
4104,30,50,29.9999450740472,50.0000799854866,3.47777495359102,6.61547912035658,5.4925952760243e-05,-7.9985486621581e-05
4122,30,50,29.9999280204871,50.0000708122512,3.47778994983446,6.61547383795298,7.19795128816259e-05,-7.0812251195207e-05
4140,30,50,29.9999128393807,50.000062147446,3.47780459364142,6.61546977548291,8.71606192589525e-05,-6.21474459805427e-05
4158,30,50,29.9998994369466,50.0000539865838,3.47781884556475,6.61546683841885,0.000100563053379688,-5.39865837794196e-05
4176,30,50,29.999887719171,50.0000463231714,3.47783267157877,6.61546493539566,0.000112280829014821,-4.63231714391554e-05
4194,30,50,29.9998775922834,50.0000391489193,3.47784604275989,6.61546397836511,0.000122407716609985,-3.91489193418693e-05
4212,30,50,29.9998689631887,50.000032453941,3.47785893497073,6.61546388272061,0.000131036811275465,-3.2453940967514e-05
4230,30,50,29.9998617398573,50.0000262269423,3.47787132854974,6.61546456739449,0.000138260142652058,-2.62269423458861e-05
4248,30,50,29.9998558316753,50.0000204554015,3.47788320800642,6.61546595492948,0.000144168324716532,-2.04554014686664e-05
4266,30,50,29.9998511497563,50.0000151257377,3.47789456172386,6.6154679715264,0.000148850243711252,-1.51257376899139e-05
4284,30,50,29.9998476072177,50.0000102234711,3.47790538166901,6.61547054707037,0.000152392782311495,-1.02234710652738e-05
4302,30,50,29.9998451194219,50.0000057333719,3.47791566311139,6.61547361513667,0.000154880578065786,-5.73337190701295e-06
4320,30,50,29.9998436041857,50.0000016396006,3.47792540435115,6.6154771129784,0.000156395814322252,-1.63960064725188e-06
4338,30,50,29.9998429819584,49.9999979258382,3.47793460645639,6.61548098149771,0.0001570180416266,2.07416182718134e-06
4356,30,50,29.9998431759721,49.9999945754068,3.47794327301099,6.61548516520203,0.000156824027875757,5.42459316221766e-06
4374,30,50,29.9998441123647,49.9999915713825,3.47795140987243,6.61548961214675,0.000155887635273189,8.42861751948476e-06
4392,30,50,29.9998457202777,49.9999888966976,3.47795902494023,6.61549427386616,0.000154279722309525,1.11033023770801e-05
4410,30,50,29.9998479319309,49.9999865342362,3.47796612793561,6.61549910529358,0.000152068069102285,1.34657637786972e-05
4428,30,50,29.9998506826758,49.9999844669201,3.47797273019139,6.61550406467266,0.000149317324222409,1.55330798747855e-05
4446,30,50,29.9998539110285,49.9999826777877,3.47797884445334,6.61550911346034,0.00014608897146573,1.73222122796801e-05
4464,30,50,29.9998575586851,49.999981150065,3.47798448469225,6.61551421622312,0.000142441314906705,1.88499349889071e-05
4482,30,50,29.9998615705194,49.9999798672294,3.47798966592673,6.61551934052779,0.000138429480635693,2.01327705724452e-05
4500,30,50,29.9998658945662,49.9999788130668,3.47799440405707,6.61552445682735,0.00013410543378356,2.11869332460424e-05
4518,30,50,29.9998704819907,49.9999779717215,3.47799871570934,6.61552953834322,0.000129518009259755,2.20282784724191e-05
4536,30,50,29.9998752870451,49.9999773277412,3.47800261809015,6.61553456094486,0.000124712954946204,2.26722588436701e-05
4554,30,50,29.9998802670141,49.9999768661142,3.47800612885142,6.61553950302714,0.000119732985943699,2.31338857616947e-05
4572,30,50,29.9998853821513,49.9999765723033,3.47800926596513,6.61554434538683,0.000114617848659293,2.34276967461255e-05
4590,30,50,29.9998905956064,49.9999764322722,3.47801204760776,6.6155490710982,0.000109404393562329,2.35677278226376e-05
4608,30,50,29.9998958733446,49.9999764325091,3.47801449205386,6.61555366538917,0.000104126655408265,2.35674908921624e-05
4626,30,50,29.99990118406,49.9999765600444,3.47801661757896,6.615558115518,9.88159399852861e-05,2.34399556191534e-05
4644,30,50,29.9999064990837,49.9999768024645,3.47801844237089,6.61556241065116,9.35009162894573e-05,2.31975355049485e-05
4662,30,50,29.9999117922868,49.9999771479221,3.47801998444954,6.61556654174307,8.82077132402515e-05,2.28520779117503e-05
4680,30,50,29.9999170399799,49.9999775851423,3.47802126159462,6.61557050141804,8.29600200518144e-05,2.24148577174788e-05
4698,30,50,29.9999222208106,49.9999781034257,3.47802229128091,6.61557428385458,7.77791894392976e-05,2.18965742817545e-05
4716,30,50,29.999927315657,49.9999786926486,3.47802309062107,6.61557788467266,7.26843429532664e-05,2.13073514316875e-05
4734,30,50,29.9999323075223,49.9999793432598,3.47802367631492,6.61558130082418,6.7692477671244e-05,2.06567402472047e-05
4752,30,50,29.9999371814263,49.9999800462756,3.47802406460552,6.61558453048687,6.28185736601949e-05,1.99537243972259e-05
4770,30,50,29.9999419242984,49.9999807932724,3.47802427124128,6.61558757296156,5.80757015988809e-05,1.92067276429952e-05
4788,30,50,29.99994652487,49.9999815763766,3.47802431144393,6.61559042857346,5.3475130048497e-05,1.84236234161972e-05
4806,30,50,29.9999509735682,49.9999823882538,3.47802419988174,6.61559309857744,4.90264318457889e-05,1.76117462444836e-05
4824,30,50,29.9999552624108,49.9999832220953,3.47802395064802,6.615595585067,4.4737589217192e-05,1.67779046691408e-05
4842,30,50,29.9999593849028,49.9999840716044,3.47802357724417,6.61559789088771,4.0615097205432e-05,1.59283955980527e-05
4860,30,50,29.999963335935,49.9999849309802,3.47802309256714,6.61560001955447,3.66640650462102e-05,1.50690198097436e-05
4878,30,50,29.9999671116848,49.9999857949015,3.47802250890101,6.61560197517333,3.28883152143078e-05,1.42050985090236e-05
4896,30,50,29.9999707095201,49.9999866585093,3.47802183791221,6.61560376236716,2.92904798513405e-05,1.33414906784424e-05
4914,30,50,29.9999741279057,49.9999875173889,3.47802109064814,6.61560538620568,2.58720943264734e-05,1.24826111260745e-05
4932,30,50,29.9999773663122,49.999988367551,3.47802027753908,6.61560685213956,2.26336877844346e-05,1.1632449044896e-05
4950,30,50,29.9999804251296,49.999989205413,3.47801940840265,6.61560816593862,1.95748704427956e-05,1.07945869842752e-05
4968,30,50,29.9999833055824,49.9999900277799,3.47801849245107,6.61560933363415,1.66944175674644e-05,9.97222011278609e-06
4986,30,50,29.99998600965,49.9999908318245,3.47801753830057,6.61561036146487,1.39903499736249e-05,9.16817554497129e-06
5004,30,50,29.999988539989,49.9999916150682,3.47801655398297,6.61561125582708,1.14600110059371e-05,8.38493179600164e-06
5022,30,50,29.9999908998601,49.9999923753618,3.47801554695886,6.61561202322842,9.10013990562675e-06,7.62463815817682e-06
5040,30,50,29.9999930930584,49.9999931108661,3.47801452413257,6.61561267024513,6.90694156091354e-06,6.88913391400092e-06
5058,30,50,29.9999951238474,49.9999938200327,3.4780134918684,6.61561320348307,4.87615261945962e-06,6.17996734320059e-06
5076,30,50,29.9999969968961,49.9999945015856,3.47801245600796,6.61561362954191,3.00310393797076e-06,5.4984144384207e-06
5094,30,50,29.9999987172205,49.9999951545028,3.4780114218887,6.61561395498267,1.28277946487287e-06,4.84549723722694e-06
5112,30,50,30.0000002901285,49.9999957779982,3.47801039436292,6.6156141862984,-2.90128514990329e-07,4.22200176330989e-06
5130,30,50,30.0000017211676,49.9999963715045,3.47800937781776,6.61561432988783,-1.72116759600272e-06,3.62849551294175e-06
5148,30,50,30.000003016077,49.9999969346556,3.47800837619535,6.61561439203179,-3.01607698460771e-06,3.06534438010431e-06
5166,30,50,30.0000041807426,49.9999974672709,3.47800739301357,6.6156143788724,-4.18074257879653e-06,2.53272908423696e-06
5184,30,50,30.0000052211554,49.999997969339,3.47800643138682,6.61561429639487,-5.22115537648915e-06,2.03066101533977e-06
5202,30,50,30.000006143373,49.9999984410025,3.47800549404709,6.61561415041166,-6.14337304938317e-06,1.55899748932598e-06
5220,30,50,30.0000069534847,49.9999988825437,3.47800458336471,6.61561394654882,-6.95348468582324e-06,1.11745632835891e-06
5238,30,50,30.0000076575785,49.9999992943701,3.47800370136932,6.61561369023469,-7.65757847176474e-06,7.05629872754798e-07
5256,30,50,30.0000082617123,49.9999996770017,3.47800284977037,6.6156133866904,-8.26171230272621e-06,3.22998310764433e-07
5274,30,50,30.0000087718871,50.0000000310576,3.47800202997749,6.61561304092239,-8.77188714554222e-06,-3.10576382389627e-08
5292,30,50,30.0000091940231,50.0000003572447,3.47800124312044,6.61561265771654,-9.19402305754602e-06,-3.57244708482085e-07
5310,30,50,30.0000095339378,50.0000006563457,3.47800049006857,6.61561224163404,-9.53393775660061e-06,-6.56345683580639e-07
5328,30,50,30.0000097973276,50.0000009292087,3.47799977144994,6.61561179700865,-9.79732757855345e-06,-9.29208702871165e-07
5346,30,50,30.0000099897507,50.0000011767372,3.47799908766978,6.61561132794529,-9.98975072974417e-06,-1.17673718591504e-06
5364,30,50,30.0000101166127,50.0000013998804,3.47799843892845,6.61561083832006,-1.01166127137731e-05,-1.39988038228012e-06
5382,30,50,30.0000101831538,50.0000015996246,3.47799782523873,6.61561033178123,-1.01831537939745e-05,-1.59962456081075e-06
5400,30,50,30.0000101944384,50.0000017769848,3.47799724644255,6.61560981175133,-1.01944383636976e-05,-1.77698478864841e-06
5418,36,50,30.0000101553461,50.0000019329974,26.8625084326898,6.61560928143002,5.99998984465386,-1.93299739237318e-06
5436,36,50,30.000010070565,50.0000020687129,9.81500217603134,6.61560874379816,5.99998992943499,-2.06871285257648e-06
5454,36,50,30.0000099445855,50.0000021851894,10.2443205292267,6.61560820162218,5.99999005541452,-2.1851893876601e-06
5472,36,50,30.0000097816965,50.000002283487,10.6736389152848,6.61560765745942,5.99999021830345,-2.28348700659353e-06
5490,36,50,32.0569112377944,50.0000023646622,3.08635053255401,6.61560711366378,3.94308876220557,-2.36466215142173e-06
5508,36,50,32.6671089909979,50.0000024297628,6.98164580825325,6.61560657239207,3.33289100900215,-2.4297627874148e-06
5526,36,50,33.2086494240541,46.9740466619021,6.88690136623227,14.7735829207282,2.79135057594587,3.02595333809793
5544,36,50,33.7727003424187,46.2773243543542,6.46568989874254,12.9726861495217,2.22729965758133,3.72267564564582
5562,36,50,33.6533961768213,47.1431589594974,8.73300828119567,10.4067303092773,2.34660382317868,2.85684104050264
5580,36,50,33.8129347248608,47.4182351189505,7.93161697882139,11.4750855061095,2.18706527513923,2.58176488104949
5598,36,50,33.846086056775,48.1403035794896,8.42360828076869,10.4439355064133,2.15391394322498,1.85969642051035
5616,36,50,33.8862822719113,48.5318199794963,8.51762944100373,10.7915013099705,2.11371772808872,1.46818002050374
5634,36,50,34.166574449189,48.667619614552,7.69354032674812,11.2796925365601,1.833425550811,1.33238038544799
5652,36,50,34.3663675833032,48.9047926746715,7.86248639939943,11.1040205589127,1.63363241669681,1.09520732532853
5670,36,50,34.6179316404131,48.9022673209639,7.58088574429301,11.6702138067077,1.38206835958688,1.09773267903607
5688,36,50,34.866250068678,48.936187519858,7.44473302227803,11.798459542888,1.133749931322,1.06381248014196
5706,36,50,35.028737332351,48.9930623753863,7.61587843563799,11.909647329135,0.971262667648986,1.00693762461368
5724,36,50,35.19973836168,49.0274443457402,7.49220629874933,12.1024871323585,0.800261638319959,0.972555654259764
5742,36,50,35.3330418690475,49.1619830220404,7.52802045712386,11.986387011653,0.666958130952501,0.838016977959576
5760,36,50,35.4481727690375,49.2807534981763,7.51531709321933,12.0275852045806,0.551827230962509,0.719246501823719
5778,36,50,35.5734370209835,49.3819228957213,7.40194859228752,12.0696981840497,0.426562979016516,0.618077104278669
5796,36,50,35.6837873585497,49.4840219967454,7.36725927772454,12.0637456166348,0.316212641450285,0.515978003254602
5814,36,50,35.7969450797726,49.5469189094546,7.27029118996221,12.1440347199163,0.203054920227416,0.453081090545425
5832,36,50,35.9064609495278,49.6025229388951,7.18759749046659,12.1755525385697,0.0935390504721738,0.397477061104922
5850,36,50,36.0034156880834,49.6494904348883,7.13541557357329,12.2086938025855,-0.00341568808337911,0.350509565111651
5868,36,50,36.0950514524743,49.6849190249033,7.06043839541264,12.2511329365123,-0.0950514524743227,0.315080975096748
5886,36,50,36.175052095153,49.7244053003859,7.00875820102433,12.2590492059538,-0.175052095153049,0.275594699614075
5904,36,50,36.2455135027033,49.7604249201599,6.95464127203295,12.2740391437372,-0.245513502703254,0.239575079840066
5922,36,50,36.3093633335174,49.795261135798,6.89346476733762,12.2799729239618,-0.309363333517439,0.204738864202042
5940,36,50,36.3648598502737,49.8299517562038,6.84101774083281,12.2775339371815,-0.364859850273731,0.170048243796245
5958,36,50,36.4147110883866,49.8596379747961,6.78227021109655,12.2813241021866,-0.414711088386561,0.140362025203885
5976,36,50,36.4588361297366,49.8868964726905,6.72582946396485,12.278518477838,-0.458836129736582,0.113103527309519
5994,36,50,36.4969020246018,49.9110528187465,6.67316717260382,12.2750862123872,-0.496902024601766,0.0889471812534879
6012,36,50,36.5298863602193,49.9320223563848,6.61993700394308,12.2709292975387,-0.529886360219308,0.0679776436152224
6030,36,50,36.5572888544812,49.9516178173775,6.5712998884067,12.2616886521837,-0.557288854481229,0.048382182622511
6048,36,50,36.5795126566893,49.969380955121,6.52462675889161,12.2514520065595,-0.579512656689332,0.0306190448789891
6066,36,50,36.5970191957284,49.9859176348388,6.47966408047597,12.2383082531681,-0.597019195728393,0.0140823651612152
6084,36,50,36.6099011503017,50.0015176785201,6.43773223238542,12.2225853980005,-0.609901150301653,-0.00151767852010209
6102,36,50,36.6187432900688,50.0158014452402,6.39715298089692,12.205908809109,-0.618743290068842,-0.0158014452402284
6120,36,50,36.6238437421918,50.029025386696,6.35875678054582,12.1873159990881,-0.623843742191809,-0.0290253866960484
6138,36,50,36.6254897804836,50.0410500781733,6.3225601205352,12.1677624073198,-0.625489780483612,-0.0410500781732708
6156,36,50,36.6240643427881,50.0518388172115,6.28815447827126,12.1473930255859,-0.624064342788131,-0.0518388172115039
6174,36,50,36.6197744147048,50.0615580657955,6.2560683408904,12.1259583732996,-0.61977441470485,-0.0615580657954808
6192,36,50,36.6129004670986,50.0701799351936,6.22601646780006,12.1039874323349,-0.612900467098591,-0.0701799351935506
6210,36,50,36.6037045710267,50.0778126904295,6.19797930977116,12.0813719446371,-0.603704571026725,-0.0778126904294822
6228,36,50,36.5924052507587,50.0845297769492,6.17203469059553,12.058268747653,-0.592405250758738,-0.0845297769491751
6246,36,50,36.5792630496146,50.0903419699552,6.14795418887575,12.0349392795746,-0.579263049614603,-0.0903419699552259
6264,36,50,36.5645010292912,50.0953170222448,6.12575921536054,12.0114002274465,-0.564501029291172,-0.0953170222448207
6282,36,50,36.5483353776955,50.0994740125084,6.10537283344532,11.9878665910859,-0.548335377695452,-0.0994740125084164
6300,36,50,36.5309804303823,50.102842131763,6.08668983499071,11.9644531437124,-0.530980430382336,-0.102842131762998
6318,36,50,36.5126213546128,50.1054690578793,6.06969796098864,11.9412332329602,-0.512621354612847,-0.10546905787934
6336,36,50,36.4934390300989,50.1073860058186,6.05430345198028,11.9183411311802,-0.493439030098891,-0.107386005818611
6354,36,50,36.473599659781,50.108642142375,6.0404443187274,11.8958329976507,-0.473599659780952,-0.108642142375047
6372,36,50,36.4532541389754,50.109284941764,6.02806358930926,11.8737850333536,-0.453254138975367,-0.10928494176401
6390,36,50,36.4325470240866,50.1093577555602,6.01707361205471,11.852272495377,-0.43254702408656,-0.109357755560197
6408,36,50,36.4116092072383,50.1089096426054,6.00741118324167,11.8313405850431,-0.41160920723825,-0.108909642605411
6426,36,50,36.3905619727751,50.1079836489263,5.9990013775701,11.8110488359794,-0.390561972775089,-0.107983648926279
6444,36,50,36.3695174930056,50.1066227261813,5.99176811930569,11.7914397466793,-0.36951749300556,-0.106622726181328
6462,36,50,36.3485765128456,50.104869855208,5.98564530218973,11.7725468666662,-0.348576512845582,-0.104869855208015
6480,36,50,36.3278311183117,50.1027648439731,5.98056007294827,11.7544035986338,-0.327831118311735,-0.102764843973091
6498,36,50,36.3073638517604,50.1003478861355,5.97644496322528,11.7370297052542,-0.307363851760428,-0.100347886135467
6516,36,50,36.287248122704,50.0976574429107,5.97323439420416,11.7204419918892,-0.287248122704014,-0.0976574429107302
6534,36,50,36.2675494598547,50.0947301110604,5.97086164697915,11.7046520086007,-0.267549459854656,-0.0947301110604357
6552,36,50,36.2483252049846,50.0916013981013,5.96926426656469,11.6896641520537,-0.248325204984553,-0.0916013981013037
6570,36,50,36.2296253952993,50.0883044106508,5.96838031699306,11.6754805235436,-0.229625395299308,-0.088304410650764
6588,36,50,36.2114931922195,50.0848703983844,5.96814980301868,11.6620980891989,-0.211493192219471,-0.0848703983843819
6606,36,50,36.193965060547,50.0813286603569,5.96851571277214,11.6495100822799,-0.193965060546965,-0.0813286603569026
6624,36,50,36.1770714175988,50.0777062546544,5.96942248885507,11.6377070497548,-0.177071417598818,-0.0777062546544158
6642,36,50,36.1608368861025,50.0740283959119,5.97081736621717,11.6266758243143,-0.160836886102487,-0.074028395911931
6660,36,50,36.1452806912134,50.0703182907426,5.97264997606825,11.6164009072091,-0.145280691213387,-0.0703182907426196
6678,36,50,36.1304171166708,50.0665972148763,5.97487211069533,11.6068644351409,-0.13041711667077,-0.0665972148762677
6696,36,50,36.1162558044652,50.0628846545716,5.9774382377996,11.5980463012394,-0.116255804465204,-0.0628846545715689
6714,36,50,36.1028021695806,50.0591982468846,5.98030508907726,11.5899248807832,-0.102802169580642,-0.0591982468845913
6732,36,50,36.0900577512139,50.0555539093037,5.98343180188829,11.5824769730548,-0.0900577512138767,-0.0555539093037112
6750,36,50,36.0780205323419,50.0519658962426,5.98677997412689,11.5756781827867,-0.0780205323418954,-0.0519658962425922
6768,36,50,36.066685290452,50.0484468474855,5.990313482575,11.5695032080024,-0.0666852904520425,-0.0484468474855078
6786,36,50,36.0560438932384,50.0450079053343,5.99399858142096,11.5639259213627,-0.0560438932383605,-0.0450079053342591
6804,36,50,36.0460855971629,50.0416587765027,5.99780380815152,11.5589196741522,-0.046085597162886,-0.041658776502743
6822,36,50,36.0367973366041,50.0384078221417,6.00169991311161,11.5544574334184,-0.0367973366041241,-0.0384078221416786
6840,36,50,36.0281639851063,50.0352621505248,6.00565984969196,11.5505119335492,-0.0281639851062749,-0.0352621505247939
6858,36,50,36.0201686158474,50.0322276885391,6.00965866760245,11.5470558699201,-0.0201686158474317,-0.032227688539102
6876,36,50,36.0127927425307,50.0293092695588,6.01367346153334,11.5440620037458,-0.0127927425306851,-0.0293092695587944
6894,36,50,36.0060165452893,50.0265107098618,6.01768330396226,11.541503303202,-0.00601654528927753,-0.0265107098617818
6912,36,50,35.999819087088,50.0238348820753,6.02166915518604,11.5393530607505,0.000180912912043141,-0.0238348820752989
6930,36,50,35.9941785122649,50.0212837922038,6.02561379979146,11.5375849816526,0.00582148773509772,-0.0212837922037892
6948,36,50,35.9890722335427,50.0188586482612,6.02950176183958,11.536173284533,0.0109277664573284,-0.0188586482611584
6966,36,50,35.9844771061594,50.0165599292906,6.03331922327934,11.5350927750235,0.0155228938406253,-0.0165599292906364
6984,36,50,35.9803695879166,50.0143874515985,6.03705394727371,11.534318913429,0.019630412083437,-0.0143874515984592
7002,36,50,35.9767258881988,50.0123404301788,6.04069519203402,11.5338278779327,0.0232741118012143,-0.0123404301788383
7020,36,50,35.9735221043989,50.0104175389428,6.04423363095323,11.5335966117058,0.02647789560109,-0.0104175389427752
7038,36,50,35.970734346751,50.0086169668502,6.04766127147353,11.5336028671151,0.0292656532490057,-0.0086169668502194
7056,36,50,35.9683388524351,50.0069364710269,6.05097137306681,11.5338252408264,0.0316611475648614,-0.00693647102691841
7074,36,50,35.966312088549,50.0053734274632,6.0541583691932,11.5342432003452,0.0336879114509685,-0.00537342746322622
7092,36,50,35.9646308450227,50.0039248782295,6.05721778865803,11.5348371062033,0.0353691549773245,-0.00392487822954024
7110,36,50,35.9632723177237,50.0025875762165,6.06014617925839,11.5355882262711,0.0367276822762932,-0.00258757621651284
7128,36,50,35.9622141820944,50.0013580271141,6.06294103381218,11.5364787449018,0.0377858179055721,-0.0013580271140512
7146,36,50,35.9614346580552,50.0002325285521,6.06560071737739,11.5374917672686,0.0385653419447536,-0.000232528552132294
7164,36,50,35.960912566447,49.9992072068269,6.06812439736456,11.5386113182234,0.0390874335529787,0.00079279317309755
7182,36,50,35.9606273775598,49.9982780509855,6.07051197580785,11.5398223373787,0.0393726224402258,0.00172194901452372
7200,36,50,35.9605592522525,49.9974409444697,6.07276402398844,11.5411106700891,0.0394407477475198,0.00255905553033386
7218,36,50,35.9606890760456,49.9966916944403,6.07488171992308,11.5424630547852,0.0393109239543605,0.00330830555966344
7236,36,50,35.9609984867068,49.996026058759,6.07686678830498,11.5438671073663,0.0390015132932078,0.00397394124098582
7254,36,50,35.9614698957497,49.9954397708104,6.07872144323805,11.5453113026017,0.038530104250313,0.00456022918960741
7272,36,50,35.9620865042735,49.9949285622118,6.08044833376393,11.546784953115,0.0379134957265421,0.00507143778816044
7290,36,50,35.9628323135922,49.9944881834869,6.08205049207324,11.5482781862396,0.0371676864078054,0.00551181651306365
7308,36,50,35.9636921310473,49.9941144228231,6.08353128455635,11.5497819189439,0.0363078689527114,0.00588557717693305
7326,36,50,35.9646515714112,49.9938031229681,6.08489436558897,11.5512878312404,0.035348428588847,0.00619687703188276
7344,36,50,35.965697054271,49.9935501963658,6.08614363404304,11.5527883382644,0.0343029457289674,0.00644980363421155
7362,36,50,35.9668157977561,49.9933516386174,6.0872831925274,11.5542765612865,0.0331842022438877,0.00664836138258806
7380,36,50,35.9679958089704,49.9932035403454,6.08831730926483,11.5557462979207,0.0320041910295856,0.00679645965456643
7398,36,50,35.9692258714684,49.993102097553,6.0892503825842,11.5571919917054,0.0307741285315899,0.00689790244698685
7416,36,50,35.9704955300966,49.9930436205597,6.09008690796053,11.5586087012817,0.0295044699034008,0.00695637944025407
7434,36,50,35.9717950735114,49.993024541596,6.09083144752396,11.5599920693495,0.0282049264886339,0.00697545840398561
7452,36,50,35.9731155146627,49.9930414211413,6.0914886019789,11.5613382915616,0.0268844853373196,0.00695857885870765
7470,36,50,35.9744485695202,49.993090953084,6.09206298484459,11.5626440855226,0.0255514304797728,0.00690904691602157
7488,36,50,35.9757866343018,49.9931699687832,6.09255919893552,11.5639066600265,0.0242133656981522,0.00683003121682191
7506,36,50,35.9771227614472,49.9932754401098,6.09298181499921,11.5651236846613,0.0228772385528231,0.00672455989020193
7524,36,50,35.9784506345653,49.9934044815413,6.09333535241706,11.5662932598977,0.021549365434737,0.00659551845874518
7542,36,50,35.9797645425686,49.993554351384,6.0936242618801,11.5674138877599,0.0202354574314327,0.00644564861602248
7560,36,50,35.9810593531909,49.9937224521943,6.09385290994685,11.5684844431714,0.0189406468091207,0.00627754780565226
7578,36,50,35.9823304860724,49.9939063304666,6.09402556538856,11.5695041460532,0.0176695139276433,0.0060936695334135
7596,36,50,35.9835738855803,49.9941036756541,6.09414638722947,11.5704725342426,0.0164261144197226,0.0058963243458976
7614,36,50,35.9847859935205,49.9943123185878,6.0942194143881,11.57138943729,0.0152140064795248,0.00568768141221909
7632,36,50,35.9859637218813,49.9945302293521,6.09424855682597,11.5722549511843,0.0140362781187235,0.00546977064786347
7650,36,50,35.9871044257386,49.9947555146777,6.09423758811335,11.5730694140442,0.0128955742614352,0.00524448532230792
7668,36,50,35.9882058764388,49.994986414905,6.09419013931954,11.5738333828086,0.0117941235611738,0.00501358509501415
7686,36,50,35.9892662351648,49.9952213005728,6.09410969414078,11.574547610949,0.0107337648352228,0.00477869942719167
7704,36,50,35.9902840269774,49.9954586686806,6.09399958517705,11.5752130272222,0.00971597302260108,0.00454133131936629
7722,36,50,35.9912581154172,49.9956971386723,6.09386299127448,11.5758307154705,0.00874188458277558,0.00430286132772295
7740,36,50,35.9921876777377,49.9959354481849,6.09370293585033,11.5764018954776,0.00781232226226081,0.00406455181507681
7758,36,50,35.9930721808343,49.9961724486051,6.0935222861207,11.5769279048753,0.00692781916569629,0.00382755139491309
7776,36,50,35.9939113579227,49.9964071004702,6.09332375315479,11.5774101820971,0.00608864207727322,0.00359289952982067
7794,36,50,35.9947051860134,49.9966384687518,6.09310989268073,11.5778502503664,0.0052948139865947,0.00336153124823824
7812,36,50,35.9954538642189,49.996865718054,6.09288310657244,11.5782497027056,0.00454613578110497,0.00313428194603205
7830,36,50,35.9961577929253,49.9970881077578,6.09264564494945,11.5786101879465,0.0038422070746833,0.00291189224219579
7848,36,50,35.9968175538513,49.9973049871398,6.09239960882427,11.5789333977214,0.00318244614872754,0.00269501286021523
7866,36,50,35.9974338910113,49.997515790491,6.09214695323627,11.5792210544092,0.00256610898865972,0.00248420950902073
7884,36,50,35.9980076925955,49.9977200322599,6.09188949081272,11.5794749000106,0.00199230740450673,0.00227996774005845
7902,36,50,35.9985399737702,49.9979173022411,6.09162889570212,11.5796966859225,0.00146002622975772,0.00208269775893655
7920,36,50,35.9990318604024,49.9981072608276,6.09136670782707,11.5798881635816,0.000968139597631534,0.00189273917239063
7938,36,50,35.9994845737016,49.9982896343467,6.09110433740783,11.5800510759437,0.000515426298434818,0.00171036565332372
7956,36,50,35.9998994157742,49.9984642104915,6.09084306971044,11.5801871497669,0.0001005842258337,0.00153578950854438
7974,36,50,36.0002777560766,49.9986308338642,6.09058406997583,11.5802980886624,-0.000277756076563662,0.00136916613584503
7992,36,50,36.0006210187533,49.9987894016414,6.09032838849096,11.5803855668798,-0.000621018753292901,0.00121059835858972
8010,36,50,36.0009306708422,49.9989398593722,6.09007696576342,11.58045122379,-0.000930670842208769,0.00106014062779991
8028,36,50,36.0012082113263,49.9990821969168,6.08983063776596,11.5804966590307,-0.00120821132628635,0.000917803083176238
8046,36,50,36.0014551610093,49.9992164445341,6.08959014121949,11.5805234282787,-0.00145516100929655,0.00078355546588682
8064,36,50,36.0016730531909,49.9993426691224,6.08935611888475,11.5805330396138,-0.00167305319087063,0.000657330877643858
8082,36,50,36.0018634251146,49.9994609706188,6.0891291248367,11.580526950438,-0.00186342511462811,0.000539029381215528
8100,36,50,36.0020278101616,49.9995714785605,6.08890962969781,11.5805065649171,-0.00202781016161424,0.000428521439474139
8118,36,50,36.0021677307603,49.9996743488096,6.0886980258081,11.5804732319081,-0.00216773076032695,0.000325651190422604
8136,36,50,36.0022846919836,49.9997697604428,6.08849463231266,11.5804282433415,-0.00228469198360415,0.000230239557168943
8154,36,50,36.0023801758019,49.9998579128075,6.08829970014986,11.5803728330233,-0.00238017580192462,0.000142087192472218
8172,36,50,36.0024556359624,49.9999390227416,6.0881134169242,11.5803081758272,-0.00245563596235598,6.09772584070356e-05
8190,36,50,36.0025124934621,50.0000133219577,6.08793591165081,11.5802353872443,-0.00251249346207061,-1.33219577094223e-05
8208,36,50,36.0025521325851,50.000081054589,6.08776725936051,11.5801555232616,-0.00255213258509457,-8.10545889891046e-05
8226,36,50,36.0025758974713,50.0001424748938,6.08760748555468,11.58006958054,-0.0025758974712744,-0.000142474893834788
8244,36,50,36.0025850891864,50.0001978451168,6.08745657050275,11.579978496864,-0.00258508918641809,-0.000197845116844064
8262,36,50,36.0025809632631,50.0002474335021,6.08731445337476,11.579883151838,-0.0025809632630569,-0.000247433502131855
8280,36,50,36.0025647276818,50.0002915124551,6.08718103620393,11.5797843678016,-0.00256472768175087,-0.000291512455149245
8298,36,50,36.0025375412632,50.0003303568486,6.08705618767582,11.5796829109414,-0.00253754126315187,-0.000330356848635915
8316,36,50,36.0025005124421,50.0003642424679,6.08693974674007,11.5795794925764,-0.00250051244212557,-0.000364242467924214
8334,36,50,36.0024546983956,50.0003934445908,6.08683152604389,11.5794747705946,-0.00245469839563128,-0.000393444590805814
8352,36,50,36.0024011044968,50.0004182366968,6.08673131518697,11.5793693510202,-0.00240110449684749,-0.000418236696773988
8370,36,50,36.0023406840693,50.0004388893003,6.08663888379633,11.579263789693,-0.00234068406932408,-0.000438889300291123
8388,36,50,36.0022743384152,50.0004556689027,6.08655398442435,11.5791585940414,-0.00227433841524061,-0.000455668902702655
8406,36,50,36.0022029170933,50.0004688370572,6.08647635527025,11.5790542249316,-0.00220291709332798,-0.000468837057248095
8424,36,50,36.0021272184227,50.0004786495417,6.08640572272823,11.5789510985779,-0.00212721842273567,-0.00047864954166954
8442,36,50,36.0020479901902,50.0004853556327,6.0863418037654,11.5788495884989,-0.00204799019018509,-0.000485355632683593
8460,36,50,36.0019659305389,50.0004891974768,6.08628430813285,11.5787500275065,-0.00196593053889416,-0.000489197476788661
8478,36,50,36.0018816890186,50.0004904095519,6.08623294041453,11.5786527097145,-0.0018816890186315,-0.000490409551908044
8496,36,50,36.0017958677775,50.0004892182143,6.08618740191805,11.5785578925561,-0.00179586777748852,-0.000489218214283937
8514,36,50,36.0017090228769,50.0004858413253,6.08614739241261,11.5784657987986,-0.00170902287690922,-0.000485841325257752
8532,36,50,36.0016216657125,50.0004804879525,6.08611261171936,11.5783766185474,-0.00162166571254829,-0.000480487952508213
8550,36,50,36.0015342645247,50.0004733581407,6.08608276115931,11.5782905112286,-0.00153426452469319,-0.000473358140695268
8568,36,50,36.0014472459829,50.0004646427463,6.08605754486472,11.5782076075441,-0.00144724598293067,-0.000464642746322852
8586,36,50,36.0013609968306,50.0004545233319,6.08603667096035,11.5781280113916,-0.00136099683058433,-0.000454523331868018
8604,36,50,36.0012758655759,50.0004431721144,6.08601985261905,11.5780518017432,-0.00127586557588444,-0.000443172114415802
8622,36,50,36.0011921642173,50.0004307519643,6.08600680899944,11.5779790344771,-0.0011921642172581,-0.000430751964259457
8640,36,50,36.0011101699915,50.0004174164489,6.08599726607058,11.5779097441577,-0.00111016999146329,-0.000417416448946994
8658,36,50,36.0010301271341,50.0004033099183,6.08599095732992,11.5778439457616,-0.00103012713405093,-0.000403309918340256
8676,36,50,36.0009522486424,50.000388567627,6.08598762442123,11.5777816363429,-0.000952248642420273,-0.000388567626963265
8694,36,50,36.0008767180329,50.0003733158894,6.08598701765719,11.5777227966378,-0.000876718032870372,-0.000373315889426351
8712,36,50,36.0008036910835,50.0003576722653,6.08598889645421,11.5776673926055,-0.000803691083454794,-0.00035767226529515
8730,36,50,36.0007332975557,50.0003417457699,6.08599302968358,11.5776153769024,-0.000733297555683521,-0.000341745769944168
8748,36,50,36.0006656428885,50.0003256371079,6.08599919594596,11.5775666902907,-0.000665642888478146,-0.000325637107948751
8766,36,50,36.0006008098586,50.000309438926,6.08600718377436,11.5775212629776,-0.000600809858639195,-0.000309438925988559
8784,36,50,36.0005388602029,50.0002932360822,6.08601679177058,11.5774790158873,-0.000538860202873082,-0.000293236082178794
8802,36,50,36.0004798361969,50.0002771059291,6.08602782868079,11.5774398618646,-0.000479836196930705,-0.000277105929129107
8820,36,50,36.0004237621879,50.0002611186081,6.08604011341569,11.5774037068098,-0.000423762187914178,-0.000261118608108291
8838,36,50,36.0003706460767,50.0002453373519,6.08605347501904,11.5773704507469,-0.000370646076710557,-0.000245337351913122
8856,36,50,36.0003204807477,50.0002298187942,6.08606775259038,11.5773399888243,-0.000320480747660667,-0.000229818794181824
8874,36,50,36.0002732454433,50.0002146132831,6.08608279516599,11.5773122122505,-0.000273245443302983,-0.000214613283077369
8892,36,50,36.0002289070825,50.0001997651974,6.08609846156209,11.5772870091658,-0.00022890708248724,-0.000199765197400836
8910,36,50,36.0001874215205,50.0001853132635,6.08611462018492,11.5772642654504,-0.000187421520465136,-0.00018531326350768
8928,36,50,36.0001487347501,50.0001712908712,6.08613114881135,11.5772438654724,-0.000148734750062829,-0.000171290871236351
8946,36,50,36.0001127840434,50.0001577263875,6.08614793434369,11.5772256927759,-0.000112784043359682,-0.000157726387527646
8964,36,50,36.0000794990337,50.0001446434665,6.0861648725421,11.5772096307121,-7.94990337169565e-05,-0.000144643466491345
8982,36,50,36.0000488027381,50.0001320613545,6.0861818677384,11.5771955630152,-4.88027381209122e-05,-0.000132061354463531
9000,36,50,36.0000206125204,50.0001199951893,6.08619883253338,11.5771833743253,-2.06125203732199e-05,-0.000119995189322708
9018,36,50,35.9999948409957,50.000108456293,6.08621568748149,11.5771729506601,5.15900434550076e-06,-0.000108456292991832
9036,36,50,35.9999713968772,50.0000974524563,6.0862323607654,11.5771641798382,2.86031227716421e-05,-9.74524563162049e-05
9054,36,50,35.9999501857666,50.0000869882156,6.08624878786205,11.5771569518561,4.98142334208751e-05,-8.69882156280255e-05
9072,36,50,35.999931110888,50.0000770651204,6.08626491120362,11.5771511592211,6.88891119580148e-05,-7.70651203723105e-05
9090,36,50,35.9999140737693,50.0000676819914,6.08628067983527,11.5771466972423,8.59262306960318e-05,-6.76819913678628e-05
9108,36,50,35.9998989748694,50.0000588351693,6.08629604907105,11.5771434642826,0.000101025130575749,-5.88351692698552e-05
9126,36,50,35.999885714156,50.0000505187528,6.08631098015035,11.5771413619733,0.000114285844034612,-5.05187528219153e-05
9144,36,50,35.999874191633,50.0000427248267,6.08632543989642,11.5771402953938,0.000125808367045011,-4.2724826748497e-05
9162,36,50,35.9998643078216,50.0000354436791,6.0863394003783,11.577140173219,0.000135692178446334,-3.54436790530599e-05
9180,36,50,35.9998559641953,50.0000286640077,6.08635283857749,11.5771409078357,0.000144035804694909,-2.86640077007405e-05
9198,36,50,35.9998490635719,50.0000223731165,6.08636573606062,11.5771424154318,0.000150936428056525,-2.23731164652463e-05
9216,36,50,35.9998435104637,50.0000165571002,6.08637807865924,11.5771446160579,0.000156489536308868,-1.65571001531362e-05
9234,36,50,35.9998392113881,50.0000112010191,6.08638985615753,11.5771474336662,0.000160788611914597,-1.12010191486434e-05
9252,36,50,35.9998360751414,50.0000062890633,6.0864010619887,11.577150796126,0.000163924858647135,-6.28906333588475e-06
9270,36,50,35.9998340130364,50.0000018047057,6.08641169294084,11.5771546352198,0.00016598696363701,-1.80470570398938e-06
9288,36,50,35.9998329391072,49.9999977308457,6.08642174887285,11.5771588866204,0.000167060892849236,2.26915428669372e-06
9306,36,50,35.999832770282,49.9999940499426,6.08643123244096,11.5771634898517,0.000167229718016415,5.95005741388377e-06
9324,36,50,35.999833426527,49.999990744139,6.0864401488359,11.5771683882342,0.000166573472995424,9.25586104472131e-06
9342,36,50,35.9998348309623,49.9999877953749,6.0864485055314,11.577173528817,0.00016516903765762,1.22046250652375e-05
9360,36,50,35.9998369099526,49.9999851854931,6.08645631204419,11.5771788622985,0.000163090047436754,1.48145069260863e-05
9378,36,50,35.9998395931734,49.9999828963344,6.08646357970538,11.5771843429357,0.000160406826623216,1.71036656269052e-05
9396,36,50,35.9998428136563,49.9999809098258,6.08647032144351,11.5771899284456,0.00015718634365669,1.90901742485039e-05
9414,36,50,35.9998465078133,49.9999792080594,6.0864765515795,11.5771955798975,0.000153492186683479,2.07919406278734e-05
9432,36,50,35.9998506154424,49.999977773364,6.08648228563251,11.5772012615999,0.000149384557566634,2.2226635962852e-05
9450,36,50,35.9998550797171,49.9999765883691,6.08648754013819,11.5772069409809,0.00014492028292068,2.34116309059118e-05
9468,36,50,35.9998598471595,49.9999756360612,6.08649233247771,11.5772125884653,0.000140152840465646,2.43639387775829e-05
9486,36,50,35.9998648676008,49.9999748998344,6.08649668071784,11.5772181773475,0.000135132399179838,2.51001656152994e-05
9504,36,50,35.999870094128,49.9999743635334,6.08650060346267,11.5772236836618,0.000129905872000791,2.56364665958131e-05
9522,36,50,35.9998754830206,49.9999740114915,6.08650411971503,11.5772290860522,0.000124516979433054,2.59885085398537e-05
9540,36,50,35.9998809936769,49.9999738285619,6.08650724874929,11.5772343656398,0.000119006323068049,2.61714380798139e-05
9558,36,50,35.9998865885324,49.9999738001448,6.08651000999357,11.5772395058911,0.000113411467559388,2.61998552417708e-05
9576,36,50,35.99989223297,49.999973912208,6.08651242292187,11.5772444924866,0.000107767029973616,2.60877919657787e-05
9594,36,50,35.9998978952245,49.9999741513047,6.08651450695588,11.5772493131902,0.000102104775479006,2.58486952873227e-05
9612,36,50,35.9999035462818,49.9999745045852,6.08651628137535,11.5772539577207,9.6453718235523e-05,2.54954148459774e-05
9630,36,50,35.9999091597733,49.9999749598056,6.08651776523769,11.5772584176247,9.08402266617259e-05,2.50401944157375e-05
9648,36,50,35.999914711868,49.9999755053329,6.08651897730522,11.5772626861528,8.52881320270171e-05,2.44946670591162e-05
9666,36,50,35.9999201811603,49.9999761301463,6.08651993598099,11.5772667581383,7.98188397084232e-05,2.38698537202708e-05
9684,36,50,35.9999255485578,49.9999768238352,6.08652065925148,11.5772706298789,7.44514421882059e-05,2.31761648450401e-05
9702,36,50,35.9999307971668,49.9999775765952,6.08652116463688,11.5772742990225,6.92028331954475e-05,2.24234048431526e-05
9720,36,50,35.9999359121777,49.999978379221,6.08652146914787,11.5772777644561,6.40878223094887e-05,2.16207790160183e-05
9738,36,50,35.9999408807506,49.9999792230971,6.08652158924859,11.5772810261993,5.91192493573089e-05,2.07769028506277e-05
9756,36,50,35.9999456919018,49.9999801001868,6.08652154082603,11.5772840853011,5.43080982211563e-05,1.98998132319161e-05
9774,36,50,35.9999503363906,49.9999810030185,6.08652133916434,11.5772869437421,4.96636093814118e-05,1.89969814954338e-05
9792,36,50,35.9999548066091,49.9999819246719,6.0865209989248,11.5772896043395,4.51933908962587e-05,1.80753280574208e-05
9810,36,50,35.9999590964726,49.9999828587617,6.08652053413044,11.5772920706581,4.09035273634117e-05,1.71412383451752e-05
9828,36,50,35.9999632013135,49.9999837994201,6.08651995815519,11.5772943469244,3.6798686537054e-05,1.62005799282383e-05
9846,36,50,35.9999671177768,49.9999847412794,6.08651928371687,11.5772964379462,3.28822232376069e-05,1.52587206230237e-05
9864,36,50,35.9999708437196,49.9999856794526,6.08651852287447,11.5772983490358,2.91562803980128e-05,1.43205473719377e-05
9882,36,50,35.9999743781131,49.9999866095143,6.0865176870285,11.5773000859383,2.56218869338909e-05,1.33904857335665e-05
9900,36,50,35.9999777209478,49.9999875274801,6.08651678692443,11.5773016547637,2.22790522244054e-05,1.24725199199816e-05
9918,36,50,35.9999808731428,49.9999884297869,6.08651583265943,11.577303061924,1.91268571612113e-05,1.15702131182616e-05
9936,36,50,35.9999838364585,49.9999893132719,6.0865148336912,11.5773043140737,1.61635415167893e-05,1.06867280891265e-05
9954,36,50,35.9999866134124,49.9999901751522,6.08651379884924,11.5773054180551,1.33865875682204e-05,9.82484775136072e-06
9972,36,50,35.9999892072,49.9999910130041,6.08651273634837,11.5773063808473,1.07927999764001e-05,8.98699589413354e-06
9990,36,50,35.9999916216182,49.9999918247423,6.08651165380367,11.5773072095192,8.37838175726802e-06,8.17525767615734e-06
10008,36,50,35.9999938609936,49.9999926086,6.0865105582473,11.5773079111863,6.13900641610599e-06,7.39139997563143e-06
10026,36,50,35.9999959301138,49.9999933631086,6.08650945614632,11.5773084929712,4.0698861596411e-06,6.63689141333634e-06
10044,36,50,35.9999978341637,49.9999940870779,6.08650835342222,11.5773089619677,2.16583634937706e-06,5.91292209861649e-06
10062,36,50,35.999999578664,49.9999947795772,6.0865072554704,11.5773093252077,4.21335961675595e-07,5.22042284245572e-06
10080,36,50,36.0000011694156,49.999995439916,6.08650616718155,11.5773095896324,-1.16941556882466e-06,4.5600840365978e-06
10098,36,50,36.0000026124453,49.9999960676261,6.08650509296277,11.5773097620659,-2.61244531429838e-06,3.93237391449475e-06
10116,36,50,36.0000039139574,49.9999966624437,6.08650403675945,11.5773098491914,-3.91395744259171e-06,3.33755626513721e-06
10134,36,50,36.0000050802874,49.9999972242924,6.08650300207747,11.577309857531,-5.08028735168864e-06,2.77570759976697e-06
10152,36,50,36.0000061178593,49.9999977532664,6.08650199200532,11.5773097934279,-6.11785928583686e-06,2.24673360804672e-06
10170,36,50,36.0000070331473,49.999998249615,6.08650100923666,11.5773096630305,-7.03314726280269e-06,1.75038502447933e-06
10188,36,50,36.0000078326393,49.9999987137272,6.08650005609233,11.5773094722799,-7.83263929804434e-06,1.28627283402238e-06
10206,36,50,36.0000085228047,49.9999991461173,6.08649913454246,11.5773092268985,-8.52280473395695e-06,8.53882724527466e-07
10224,36,50,36.0000091100646,49.9999995474111,6.08649824622825,11.5773089323814,-9.11006458892416e-06,4.52588935218046e-07
10242,36,50,36.0000096007648,49.9999999183327,6.08649739248348,11.5773085939897,-9.6007647556462e-06,8.16673377812549e-08
10260,36,50,36.000010001152,50.0000002596922,6.08649657435542,11.5773082167446,-1.00011519919008e-05,-2.59692157555946e-07
10278,36,50,36.0000103173526,50.0000005723739,6.08649579262522,11.5773078054248,-1.0317352554523e-05,-5.72373892282485e-07
10296,36,50,36.0000105553532,50.0000008573254,6.08649504782825,11.5773073645639,-1.05553532421254e-05,-8.57325389347352e-07
10314,36,50,36.0000107209849,50.0000011155471,6.08649434027312,11.57730689845,-1.07209848891898e-05,-1.11554706450079e-06
10332,36,50,36.0000108199081,50.0000013480825,6.08649367006044,11.5773064111261,-1.08199080841587e-05,-1.3480825415968e-06
10350,36,50,36.0000108576009,50.0000015560097,6.0864930371013,11.5773059063922,-1.08576008912564e-05,-1.55600965001668e-06
10368,36,50,36.0000108393487,50.000001740432,6.08649244113409,11.5773053878081,-1.08393486968339e-05,-1.74043201184304e-06
10386,36,50,36.0000107702358,50.0000019024713,6.08649188174154,11.5773048586969,-1.07702357894368e-05,-1.90247133247112e-06
10404,36,50,36.0000106551387,50.0000020432603,6.08649135836656,11.5773043221496,-1.0655138694915e-05,-2.043260288076e-06
10422,36,50,36.0000104987211,50.0000021639359,6.08649087032742,11.5773037810307,-1.04987211244634e-05,-2.16393592467057e-06
10440,36,50,36.0000103054304,50.0000022656337,6.08649041683204,11.5773032379839,-1.03054304148031e-05,-2.265633696652e-06
10458,36,50,36.0000100794953,50.000002349482,6.08648999699197,11.5773026954385,-1.00794952828664e-05,-2.34948202404439e-06
10476,36,50,36.0000098249249,50.0000024165974,6.08648960983507,11.5773021556168,-9.82492488788012e-06,-2.41659738264843e-06
10494,36,50,36.000009545509,50.0000024680799,6.08648925431774,11.5773016205409,-9.54550903031759e-06,-2.46807989867648e-06
10512,36,50,36.0000092448194,50.0000025050094,6.08648892933637,11.5773010920407,-9.24481938824329e-06,-2.50500937681863e-06
10530,36,50,36.0000089262117,50.0000025284418,6.08648863373808,11.5773005717619,-8.92621169157337e-06,-2.52844182568879e-06
10548,36,50,36.0000085928288,50.0000025394064,6.08648836633059,11.5773000611739,-8.59282877740952e-06,-2.53940643091255e-06
10566,36,50,36.0000082476043,50.0000025389029,6.08648812589173,11.5772995615783,-8.24760434881e-06,-2.53890286217029e-06
10584,36,50,36.0000078932675,50.000002527899,6.08648791117768,11.5772990741172,-7.89326749384145e-06,-2.52789898524952e-06
10602,36,50,36.0000075323477,50.000002507329,6.08648772093132,11.5772985997814,-7.53234769490518e-06,-2.50732900752837e-06
10620,36,50,36.0000071671804,50.0000024780919,6.08648755388922,11.5772981394191,-7.16718043491937e-06,-2.47809187214898e-06
10638,36,50,36.0000067999132,50.00000244105,6.08648740878834,11.5772976937438,-6.79991322272144e-06,-2.44105000035688e-06
10656,36,50,36.0000064325119,50.0000023970283,6.08648728437238,11.5772972633433,-6.4325119382147e-06,-2.39702826831945e-06
10674,36,50,36.0000060667676,50.0000023468134,6.08648717939692,11.577296848687,-6.06676756831348e-06,-2.34681340316456e-06
10692,36,50,36.0000057043032,50.0000022911535,6.08648709263451,11.5772964501344,-5.70430315605108e-06,-2.29115345007358e-06
10710,36,50,36.0000053465809,50.0000022307576,6.08648702287922,11.5772960679428,-5.34658091311258e-06,-2.23075760175107e-06
10728,36,50,36.0000049949095,50.0000021662961,6.08648696895047,11.577295702275,-4.99490950289783e-06,-2.16629612737052e-06
10746,36,50,36.0000046504515,50.0000020984006,6.08648692969629,11.5772953532065,-4.65045145858767e-06,-2.0984006425806e-06
10764,36,50,36.0000043142306,50.0000020276644,6.08648690399666,11.5772950207327,-4.31423056568292e-06,-2.0276643510897e-06
10782,36,50,36.0000039871393,50.0000019546426,6.08648689076605,11.5772947047764,-3.9871392658597e-06,-1.95464261310008e-06
10800,36,50,36.0000036699462,50.0000018798536,6.08648688895516,11.5772944051934,-3.6699461603007e-06,-1.87985363453436e-06
10818,36,55,36.0000033633032,50.0000018037791,6.08648689755347,25.0572941217801,-3.36330323591483e-06,4.99999819622087
10836,36,55,36.0000030677532,50.3309357268652,6.08648691558994,18.0855957902787,-3.06775321945452e-06,4.66906427313475
10854,36,55,36.0000027837366,52.9786215452524,6.08648694213483,12.3668170140986,-2.78373662609965e-06,2.02137845474758
10872,36,55,35.9520676315988,53.9308412853837,6.27330927024312,13.9686414544371,0.0479323684011987,1.06915871461625
10890,36,55,35.7005442933843,53.7628947888138,7.11740501629623,15.9903775689109,0.299455706615674,1.23710521118615
10908,36,55,35.6059576105852,53.9599514511698,6.77483770098998,15.4723735445729,0.394042389414821,1.04004854883021
10926,36,55,35.6102512992017,54.5033938404179,6.51078589151212,14.4984812588739,0.389748700798286,0.496606159582143
10944,36,55,35.5959819833648,54.8743765438929,6.60679380525002,14.3706293662241,0.404018016635234,0.125623456107142
10962,36,55,35.6255436785216,55.0248824966682,6.47892453945301,14.5169528795561,0.374456321478362,-0.0248824966681838
10980,36,55,35.6428155986088,55.1165822337337,6.5245095881651,14.4782823873791,0.357184401391237,-0.116582233733737
10998,36,55,35.6533113870023,55.1138081629281,6.55947049147384,14.5921978927468,0.346688612997667,-0.113808162928088
11016,36,55,35.6731088292037,55.1364612843147,6.53769040526845,14.5040392584545,0.326891170796337,-0.136461284314677
11034,36,55,35.6798805123225,55.2070603199491,6.59235448126515,14.3180996083385,0.320119487677481,-0.207060319949122
11052,36,55,35.6908314749579,55.2361865261559,6.59230413586058,14.2976604986032,0.309168525042139,-0.236186526155919
11070,36,55,35.7038115467339,55.2393001970106,6.59573534945592,14.2825645270281,0.296188453266126,-0.23930019701065
11088,36,55,35.7175387090487,55.2302892174597,6.60123647101873,14.2626037008697,0.282461290951318,-0.230289217459671
11106,36,55,35.7393913377904,55.211040529473,6.57626315525724,14.2548680535737,0.260608662209648,-0.21104052947301
11124,36,55,35.7616682061581,55.1891304978203,6.57174066780101,14.2436921923551,0.238331793841866,-0.189130497820329
11142,36,55,35.7842647967212,55.1578077095802,6.56561383618478,14.258572378269,0.215735203278797,-0.15780770958024
11160,36,55,35.8073721428562,55.1241317616051,6.55681080744211,14.2728082125322,0.192627857143833,-0.124131761605113
11178,36,55,35.8280686286025,55.093218439685,6.55723823866103,14.2831058551572,0.171931371397527,-0.0932184396850317
11196,36,55,35.8480140565575,55.0643672865271,6.55208959397973,14.2980526556378,0.151985943442455,-0.0643672865271228
11214,36,55,35.8667252596097,55.0407406929136,6.54813639824314,14.3077092042632,0.133274740390306,-0.0407406929136158
11232,36,55,35.8840156379671,55.0204597820641,6.54478685047789,14.3205666586592,0.115984362032911,-0.0204597820640799
11250,36,55,35.9007721609311,55.0024865819875,6.5381421958398,14.3360761896251,0.0992278390688952,-0.00248658198751883
11268,36,55,35.9164980475345,54.9877582522331,6.53276036456424,14.3497686329981,0.0835019524654541,0.0122417477669075
11286,36,55,35.9313760848531,54.9753958636919,6.52655567852871,14.3646836855806,0.0686239151469366,0.0246041363081417
11304,36,55,35.9454193476451,54.9655916245738,6.52007026914603,14.3785744575114,0.0545806523549146,0.0344083754262101
11322,36,55,35.9583227007278,54.9583055520626,6.51459119090701,14.3913012159829,0.0416772992722372,0.0416944479373882
11340,36,55,35.9702396443928,54.9530932302292,6.50871295402294,14.403493163641,0.0297603556071948,0.0469067697707573
11358,36,55,35.9811136084645,54.9500420261701,6.50317373311811,14.4138621983778,0.0188863915355384,0.049957973829919
11376,36,55,35.9909669508601,54.9487798113038,6.49779624065234,14.4230960076132,0.00903304913986602,0.0512201886962202
11394,36,55,35.9999369603089,54.9489692846859,6.49218355789356,14.431211912196,6.30396910707987e-05,0.0510307153140843
11412,36,55,36.0080327451976,54.9503823754296,6.48676328606258,14.4380507866172,-0.00803274519761032,0.0496176245704092
11430,36,55,36.0153403726075,54.952640645731,6.48128907017122,14.4440603144148,-0.0153403726074544,0.0473593542690054
11448,36,55,36.0219185480839,54.9555436769248,6.47583920182127,14.4490717980134,-0.0219185480839457,0.0444563230752095
11466,36,55,36.0277881333417,54.9589043549427,6.47055556650611,14.4531740983638,-0.0277881333417014,0.0410956450572542
11484,36,55,36.0330056631043,54.9625358125594,6.46532929268304,14.456512353145,-0.0330056631042837,0.0374641874406478
11502,36,55,36.0375988652962,54.9663374739419,6.46026364421424,14.4590374175783,-0.0375988652961752,0.0336625260580803
11520,36,55,36.041602660622,54.9701909892733,6.45534795910425,14.4608909960453,-0.0416026606219901,0.0298090107266731
11538,36,55,36.0450614711931,54.974008080358,6.45055299687163,14.4621325655726,-0.0450614711930513,0.0259919196419673
11556,36,55,36.0480069906631,54.977726300087,6.44592362235762,14.462812599015,-0.0480069906630547,0.0222736999130078
11574,36,55,36.0504787251103,54.9812798767984,6.44143490883032,14.4630398960248,-0.0504787251103238,0.0187201232016463
11592,36,55,36.0525118045621,54.9846306487657,6.43709891413957,14.4628574792864,-0.0525118045620516,0.015369351234277
11610,36,55,36.0541364494185,54.9877500893453,6.43293157076319,14.4623293441782,-0.0541364494185288,0.0122499106547025
11628,36,55,36.0553845379633,54.9906190691329,6.42892588656823,14.4615136285126,-0.0553845379632634,0.00938093086710978
11646,36,55,36.0562830608164,54.9932341468409,6.42509646678976,14.4604434033627,-0.0562830608163978,0.00676585315907374
11664,36,55,36.0568582935064,54.9955952677419,6.42144453560515,14.4591655757371,-0.056858293506366,0.00440473225805249
11682,36,55,36.0571360301143,54.9977093197218,6.41796923057502,14.4577131530355,-0.0571360301142576,0.00229068027820745
11700,36,55,36.0571398232285,54.9995877415316,6.41467517728612,14.45611532618,-0.0571398232284679,0.000412258468443838
11718,36,55,36.0568932433073,55.0012426306396,6.41155871738782,14.4544036425919,-0.0568932433073428,-0.00124263063955965
11736,36,55,36.0564186307283,55.0026889241269,6.40861935218111,14.452600468389,-0.0564186307283165,-0.00268892412685773
11754,36,55,36.055737150081,55.0039418676013,6.40585598399559,14.4507283299611,-0.0557371500809865,-0.00394186760127013
11772,36,55,36.0548693615957,55.0050168214479,6.40326493136954,14.4488067811937,-0.0548693615956637,-0.00501682144791005
11790,36,55,36.053834534051,55.0059296541736,6.40084431463963,14.4468510446772,-0.0538345340510418,-0.00592965417362734
11808,36,55,36.0526510814238,55.0066954354807,6.39859044517656,14.4448759901022,-0.052651081423825,-0.00669543548065121
11826,36,55,36.0513365581725,55.0073287760795,6.39649917680492,14.44289352568,-0.0513365581724656,-0.00732877607948978
11844,36,55,36.0499075195695,55.0078435000388,6.39456649791021,14.440914057143,-0.0499075195695013,-0.00784350003881684
11862,36,55,36.0483797693091,55.0082522718316,6.39278723107911,14.4389471881972,-0.048379769309058,-0.00825227183162269
11880,36,55,36.0467682425354,55.0085668342477,6.39115626399629,14.4370007856384,-0.0467682425353502,-0.00856683424771632
11898,36,55,36.0450870327043,55.0087977973694,6.38966816618577,14.4350820734135,-0.0450870327043305,-0.00879779736939668
11916,36,55,36.0433494475603,55.0089547172597,6.38831710931485,14.4331973513629,-0.0433494475602743,-0.0089547172597122
11934,36,55,36.0415679428621,55.0090462278031,6.38709734475923,14.4313519658476,-0.0415679428621374,-0.00904622780309694
11952,36,55,36.03975417202,55.0090800212498,6.386002878069,14.4295507368945,-0.0397541720200252,-0.00908002124977969
11970,36,55,36.0379189884267,55.0090629952323,6.38502766187383,14.4277977257543,-0.0379189884266538,-0.00906299523229848
11988,36,55,36.0360724438731,55.0090013165823,6.38416566609237,14.4260964331378,-0.0360724438730813,-0.00900131658230663
12006,36,55,36.0342238276024,55.0089004774971,6.38341077846615,14.4244498870108,-0.0342238276023963,-0.0089004774970789
12024,36,55,36.0323816714263,55.0087653980125,6.38275695293663,14.4228605832646,-0.032381671426279,-0.00876539801251397
12042,36,55,36.0305537735352,55.0086004725911,6.38219818594693,14.4213306219325,-0.0305537735352246,-0.0086004725910982
12060,36,55,36.0287472251092,55.0084096393504,6.38172853457623,14.4198616935737,-0.0287472251092353,-0.00840963935043249
12078,36,55,36.0269684266307,55.0081964441134,6.38134218106237,14.4184550976704,-0.0269684266306598,-0.00819644411340903
12096,36,55,36.0252231170281,55.007964083175,6.38103341615362,14.4171117980277,-0.0252231170280766,-0.00796408317501118
12114,36,55,36.0235163985001,55.0077154560002,6.38079667458643,14.4158324124932,-0.023516398500135,-0.00771545600024837
12132,36,55,36.0218527624859,55.007453202287,6.38062655173522,14.4146172482045,-0.0218527624858922,-0.00745320228701019
12150,36,55,36.0202361203304,55.0071797330503,6.38051780344385,14.4134663232263,-0.0202361203304307,-0.0071797330503216
12168,36,55,36.0186698311879,55.0068972605784,6.38046536810628,14.4123793764206,-0.0186698311878999,-0.00689726057835571
12186,36,55,36.0171567324026,55.0066078181841,6.38046436904574,14.4113558971345,-0.0171567324026327,-0.00660781818407941
12204,36,55,36.0156991701428,55.0063132787369,6.38051012095374,14.4103951396753,-0.0156991701428453,-0.00631327873687582
12222,36,55,36.014299028985,55.0060153695042,6.38059813896279,14.4094961422342,-0.0142990289849507,-0.00601536950418335
12240,36,55,36.0129577624813,55.0057156827953,6.38072413871275,14.4086577488703,-0.0129577624812924,-0.00571568279526957
12258,36,55,36.011676422765,55.0054156859929,6.38088404084746,14.4078786250229,-0.0116764227649639,-0.00541568599292219
12276,36,55,36.0104556897272,55.0051167288007,6.3810739722541,14.4071572776205,-0.0104556897271877,-0.00511672880072922
12294,36,55,36.0092958999392,55.0048200491898,6.38129026496538,14.4064920732705,-0.0092958999392394,-0.00482004918983137
12312,36,55,36.0081970745158,55.0045267786879,6.38152945637409,14.4058812551668,-0.00819707451577045,-0.00452677868788243
12330,36,55,36.0071589463903,55.0042379463696,6.38178828666141,14.4053229614884,-0.00715894639028392,-0.00423794636958519
12348,36,55,36.0061809866805,55.0039544826481,6.38206369610852,14.4048152416805,-0.00618098668047651,-0.00395448264814036
12366,36,55,36.0052624299859,55.0036772227112,6.38235282203192,14.4043560726401,-0.00526242998589055,-0.00367722271117543
12384,36,55,36.0044022987692,55.0034069096941,6.38265299437017,14.4039433744061,-0.00440229876916476,-0.00340690969411384
12402,36,55,36.0035994265901,55.0031441980035,6.38296173132807,14.403575024427,-0.00359942659005696,-0.00314419800352539
12420,36,55,36.0028524802387,55.002889656605,6.38327673430687,14.4032488714611,-0.00285248023868689,-0.00288965660497809
12438,36,55,36.0021599807691,55.0026437724498,6.38359588233059,14.4029627483832,-0.00215998076905066,-0.00264377244977965
12456,36,55,36.0015203233576,55.0024069540824,6.38391722634311,14.4027144840038,-0.00152032335761731,-0.0024069540824172
12474,36,55,36.0009317960446,55.0021795353451,6.38423898301688,14.4025019141503,-0.000931796044561395,-0.00217953534514947
12492,36,55,36.0003925973368,55.0019617792577,6.38455952840202,14.4023228916592,-0.000392597336791312,-0.00196177925765539
12510,36,55,35.999900852679,55.0017538820126,6.38487739141229,14.4021752955159,9.91473209879246e-05,-0.00175388201258642
12528,36,55,35.9994546298298,55.00155597706,6.38519124710295,14.4020570391068,0.000545370170229376,-0.00155597706000776
12546,36,55,35.9990519531452,55.0013681392796,6.38549990991618,14.4019660775294,0.000948046854816198,-0.00136813927964852
12564,36,55,35.9986908168051,55.0011903891827,6.38580232684455,14.4019004140997,0.00130918319491968,-0.00119038918268899
12582,36,55,35.9983691970122,55.0010226971251,6.38609757057013,14.4018581060145,0.00163080298784735,-0.00102269712512992
12600,36,55,35.9980850631904,55.0008649875014,6.38638483263973,14.4018372692276,0.00191493680963362,-0.000864987501358883
12618,36,55,35.9978363882235,55.0007171428792,6.38666341666493,14.4018360826022,0.00216361177653823,-0.000717142879210542
12636,36,55,35.9976211577672,55.0005790080574,6.38693273160357,14.4018527913478,0.00237884223279394,-0.00057900805744282
12654,36,55,35.997437378673,55.0004503940158,6.3871922851403,14.4018857098127,0.00256262132700158,-0.000450394015778954
12672,36,55,35.9972830865637,55.0003310817363,6.38744167718004,14.401933223666,0.00271691343628788,-0.000331081736305805
12690,36,55,35.9971563525992,55.0002208258803,6.38768059348822,14.4019937915104,0.00284364740079468,-0.000220825880298037
12708,36,55,35.9970552894723,55.0001193583031,6.38790879948567,14.4020659459781,0.00294471052767165,-0.000119358303081185
12726,36,55,35.9969780566756,55.0000263913969,6.38812613421566,14.4021482943459,0.00302194332443406,-2.63913969362761e-05
12744,36,55,35.9969228650774,54.9999416212533,6.38833250450014,14.4022395187131,0.00307713492264838,5.83787467149932e-05
12762,36,55,35.9968879808485,54.9998647306377,6.3885278792907,14.4023383757849,0.00311201915152992,0.000135269362303347
12780,36,55,35.9968717287773,54.9997953917752,6.38871228422731,14.4024436962958,0.00312827122266413,0.000204608224791514
12798,36,55,35.9968724950126,54.9997332689444,6.38888579641191,14.402554384113,0.00312750498743952,0.000266731055589275
12816,36,55,35.996888729271,54.999678020881,6.38904853940058,14.4026694150549,0.00311127072896511,0.000321979118972138
12834,36,55,35.996918946548,54.9996293029939,6.38920067842181,14.4027878354549,0.00308105345196452,0.000370697006069065
12852,36,55,35.9969617283657,54.999586769397,6.38934241582106,14.4029087605061,0.00303827163433823,0.000413230602987369
12870,36,55,35.9970157235945,54.9995500747622,6.38947398673478,14.403031372412,0.00298427640551324,0.000449925237774096
12888,36,55,35.9970796488822,54.9995188759997,6.38959565499391,14.4031549183739,0.00292035111775846,0.00048112400027378
12906,36,55,35.9971522887224,54.9994928337718,6.38970770925546,14.4032787084386,0.00284771127756756,0.000507166228246092
12924,36,55,35.9972324951942,54.9994716138476,6.38981045936155,14.4034021132309,0.00276750480576027,0.000528386152438998
12942,36,55,35.9973191874041,54.9994548883069,6.38990423292205,14.4035245615935,0.0026808125958695,0.000545111693092792
12960,36,55,35.9974113506582,54.9994423366001,6.38998937211782,14.4036455381536,0.0025886493417886,0.000557663399938235
12978,36,55,35.9975080353929,54.9994336464723,6.39006623072063,14.4037645808361,0.00249196460707424,0.000566353527680974
12996,36,55,35.9976083558908,54.999428514761,6.39013517132361,14.4038812783391,0.00239164410922399,0.000571485239049707
13014,36,55,35.9977114888059,54.9994266480726,6.39019656277833,14.4039952675906,0.00228851119407381,0.000573351927407373
13032,36,55,35.9978166715237,54.9994277633491,6.39025077783105,14.4041062311964,0.0021833284763062,0.000572236650882019
13050,36,55,35.9979232003764,54.9994315883295,6.39029819095239,14.4042138948961,0.00207679962362306,0.000568411670549551
13068,36,55,35.9980304287365,54.999437861915,6.39033917635382,14.4043180250378,0.00196957126345865,0.000562138084973185
13086,36,55,35.9981377650078,54.9994463344461,6.39037410618309,14.4044184260805,0.00186223499219551,0.000553665553894689
13104,36,55,35.9982446705317,54.999456767896,6.39040334889204,14.4045149381367,0.0017553294683097,0.000543232104014635
13122,36,55,35.9983506574279,54.9994689359899,6.39042726776896,14.4046074345608,0.00164934257205118,0.000531064010104387
13140,36,55,35.9984552863846,54.999482624255,6.39044621962752,14.4046958195935,0.00154471361537389,0.000517375745019422
13158,36,55,35.9985581644127,54.9994976300077,6.39046055364549,14.4047800260655,0.00144183558725786,0.000502369992346985
13176,36,55,35.9986589425795,54.9995137622842,6.3904706103444,14.4048600131691,0.00134105742046131,0.000486237715804805
13194,36,55,35.998757313733,54.9995308417201,6.39047672070326,14.4049357643014,0.00124268626702673,0.000469158279884141
13212,36,55,35.9988530102291,54.9995487003838,6.39047920539806,14.4050072849817,0.00114698977086647,0.000451299616244683
13230,36,55,35.9989458016731,54.999567181569,6.39047837415997,14.4050746008496,0.00105419832686948,0.000432818430994075
13248,36,55,35.9990354926832,54.9995861395521,6.39047452524412,14.4051377557423,0.000964507316844276,0.000413860447920911
13266,36,55,35.9991219206862,54.9996054393166,6.39046794500236,14.4051968098576,0.000878079313785918,0.000394560683410816
13284,36,55,35.9992049537534,54.9996249562513,6.39045890755193,14.4052518380004,0.000795046246587106,0.000375043748675807
13302,36,55,35.9992844884815,54.9996445758246,6.39044767453369,14.4053029279147,0.000715511518450285,0.000355424175367602
13320,36,55,35.9993604479271,54.999664193239,6.39043449495272,14.4053501787031,0.000639552072925653,0.000335806760951129
13338,36,55,35.9994327795977,54.9996837130697,6.39041960509473,14.4053936993311,0.000567220402317048,0.000316286930313936
13356,36,55,35.9995014535059,54.9997030488895,6.39040322851213,14.4054336072181,0.000498546494050345,0.000296951110456689
13374,36,55,35.9995664602889,54.9997221228848,6.39038557607315,14.4054700269118,0.00043353971107507,0.000277877115173908
13392,36,55,35.9996278093968,54.9997408654629,6.39036684606831,14.4055030888481,0.000372190603201261,0.000259134537145655
13410,36,55,35.9996855273531,54.9997592148553,6.39034722436902,14.405532928192,0.000314472646898878,0.000240785144733024
13428,36,55,35.9997396560886,54.9997771167188,6.39032688463172,14.4055596837591,0.000260343911421046,0.000222883281210784
13446,36,55,35.99979025135,54.9997945237357,6.39030598854408,14.4055834970157,0.000209748650021879,0.000205476264255822
13464,36,55,35.9998373811848,54.9998113952162,6.39028468610685,14.4056045111556,0.000162618815160442,0.000188604783787127
13482,36,55,35.9998811245028,54.9998276967036,6.39026311594738,14.4056228702509,0.00011887549717926,0.000172303296395171
13500,36,55,35.9999215697135,54.9998433995853,6.39024140566093,14.4056387184734,7.84302865355357e-05,0.000156600414698005
13518,36,55,35.9999588134403,54.9998584807097,6.39021967217462,14.4056521993863,4.11865596561256e-05,0.000141519290281167
13536,36,55,35.9999929593109,54.9998729220112,6.39019802213085,14.405663455301,7.04068914814115e-06,0.0001270779888074
13554,36,55,36.0000241168207,54.9998867101436,6.39017655228682,14.4056726266982,-2.41168206542852e-05,0.000113289856429333
13572,36,55,36.0000524002717,54.9998998361238,6.39015534992595,14.4056798517087,-5.24002717128269e-05,0.000100163876226134
13590,36,55,36.0000779277823,54.999912294986,6.39013449327883,14.4056852656523,-7.79277823497182e-05,8.77050140104529e-05
13608,36,55,36.0001008203677,54.9999240854472,6.39011405195052,14.4056890006319,-0.000100820367705978,7.59145528235194e-05
13626,36,55,36.0001212010887,54.9999352095847,6.39009408735175,14.4056911851788,-0.000121201088681744,6.479041530838e-05
13644,36,55,36.0001391942674,54.9999456725264,6.39007465313115,14.4056919439468,-0.000139194267418929,5.4327473598903e-05
13662,36,55,36.0001549247671,54.9999554821535,6.39005579560671,14.4056913974534,-0.000154924767130638,4.45178464758555e-05
13680,36,55,36.0001685173339,54.9999646488167,6.39003755419467,14.4056896618631,-0.000168517333875684,3.53511832571485e-05
13698,36,55,36.0001800959982,54.9999731850657,6.39001996183278,14.4056868488116,-0.000180095998182139,2.68149342801394e-05
13716,36,55,36.0001897835337,54.999981105392,6.39000304539833,14.4056830652677,-0.000189783533720345,1.88946079617835e-05
13734,36,55,36.0001977009708,54.9999884259856,6.38998682611743,14.4056784134299,-0.000197700970787196,1.15740144224219e-05
13752,36,55,36.0002039671619,54.9999951645045,6.38997131996555,14.4056729906557,-0.000203967161944263,4.83549545293727e-06
13770,36,55,36.0002086983972,55.0000013398589,6.38995653805782,14.4056668894201,-0.000208698397216267,-1.33985888339794e-06
13788,36,55,36.0002120080663,55.0000069720068,6.38994248702802,14.4056601973025,-0.000212008066320379,-6.97200678700938e-06
13806,36,55,36.0002140063653,55.0000120817645,6.3899291693955,14.405652996997,-0.000214006365325758,-1.20817645097304e-05
13824,36,55,36.0002148000452,55.0000166906288,6.3899165839194,14.405645366347,-0.000214800045164054,-1.66906288399105e-05
13842,36,55,36.0002144921995,55.0000208206121,6.38990472593924,14.4056373783993,-0.000214492199532401,-2.08206121428134e-05
13860,36,55,36.0002131820896,55.0000244940896,6.38989358770218,14.4056291014767,-0.000213182089566999,-2.4494089636562e-05
13878,36,55,36.0002109650029,55.0000277336586,6.38988315867581,14.4056205992677,-0.00021096500290696,-2.7733658569673e-05
13896,36,55,36.0002079321448,55.0000305620088,6.38987342584627,14.4056119309294,-0.000207932144817846,-3.05620088454361e-05
13914,36,55,36.0002041705589,55.0000330018047,6.38986437400246,14.4056031512047,-0.000204170558859573,-3.30018046952318e-05
13932,36,55,36.000199763075,55.0000350755772,6.3898559860049,14.4055943105493,-0.000199763075002579,-3.50755771734157e-05
13950,36,55,36.0001947882829,55.0000368056267,6.38984824304043,14.4055854552685,-0.000194788282868785,-3.68056267348038e-05
13968,36,55,36.0001893205281,55.0000382139358,6.38984112486198,14.4055766276622,-0.000189320528065196,-3.82139357739675e-05
13986,36,55,36.0001834299294,55.0000393220903,6.38983461001426,14.405567866176,-0.000183429929435874,-3.93220903376346e-05
14004,36,55,36.0001771824154,55.0000401512109,6.38982867604471,14.4055592055575,-0.000177182415441735,-4.01512109107216e-05
14022,36,55,36.0001706397776,55.0000407218916,6.38982329970107,14.4055506770171,-0.000170639777593351,-4.07218915512431e-05
14040,36,55,36.0001638597393,55.000041054147,6.38981845711461,14.4055423083907,-0.000163859739309657,-4.10541469904047e-05
14058,36,55,36.0001568960384,55.0000411673673,6.38981412397043,14.4055341243055,-0.000156896038376431,-4.11673672644497e-05
14076,36,55,36.0001497985214,55.0000410802795,6.38981027566463,14.405526146345,-0.000149798521427158,-4.10802795371978e-05
14094,36,55,36.0001426132489,55.0000408109164,6.38980688744871,14.4055183932157,-0.000142613248925727,-4.08109163601011e-05
14112,36,55,36.0001353826091,55.0000403765902,6.38980393456218,14.4055108809113,-0.00013538260913748,-4.0376590249025e-05
14130,36,55,36.0001281454398,55.000039793874,6.38980139235288,14.4055036228769,-0.000128145439823868,-3.97938739880033e-05
14148,36,55,36.0001209371563,55.0000390785863,6.38979923638654,14.4054966301694,-0.000120937156296463,-3.90785862833809e-05
14166,36,55,36.0001137898847,55.0000382457823,6.38979744254526,14.4054899116166,-0.000113789884657933,-3.82457823064897e-05
14184,36,55,36.0001067325992,55.0000373097488,6.38979598711573,14.405483473972,-0.000106732599157056,-3.7309748847747e-05
14202,36,55,36.0000997912626,55.0000362840036,6.38979484686764,14.405477322066,-9.97912625777531e-05,-3.62840035919021e-05
14220,36,55,36.0000929889687,55.0000351812982,6.38979399912285,14.4054714589533,-9.29889686958063e-05,-3.51812981591593e-05
14238,36,55,36.000086346086,55.0000340136246,6.38979342181555,14.4054658860553,-8.63460860003329e-05,-3.40136245995382e-05
14256,36,55,36.0000798804018,55.0000327922251,6.38979309354423,14.4054606032982,-7.98804017918542e-05,-3.27922250562551e-05
14274,36,55,36.0000736072659,55.0000315276041,6.38979299361587,14.4054556092454,-7.36072659321962e-05,-3.15276040723234e-05
14292,36,55,36.0000675397337,55.0000302295435,6.38979310208241,14.4054509012255,-6.75397336635797e-05,-3.02295434835287e-05
14310,36,55,36.0000616887067,55.0000289071194,6.38979339977097,14.4054464754542,-6.16887067366179e-05,-2.89071194359281e-05
14328,36,55,36.0000560630725,55.0000275687213,6.38979386830701,14.4054423271511,-5.60630724564248e-05,-2.75687212578646e-05
14346,36,55,36.0000506698401,55.0000262220721,6.38979449013201,14.4054384506509,-5.06698400641881e-05,-2.62220720870232e-05
14364,36,55,36.0000455142741,55.0000248742508,6.38979524851542,14.4054348395084,-4.55142740776182e-05,-2.48742507977795e-05
14382,36,55,36.0000406000242,55.0000235317151,6.38979612756142,14.4054314865993,-4.06000242278992e-05,-2.35317150867331e-05
14400,36,55,36.0000359292515,55.0000222003256,6.38979711221164,14.4054283842137,-3.59292515383913e-05,-2.22003255814229e-05
14418,36,55,36.0000315027505,55.0000208853706,6.38979818824268,14.4054255241449,-3.15027505024545e-05,-2.08853706027412e-05
14436,36,55,36.0000273200669,55.0000195915915,6.3897993422605,14.4054228977733,-2.73200669340667e-05,-1.95915915384148e-05
14454,36,55,36.0000233796113,55.0000183232086,6.38980056169126,14.4054204961434,-2.33796113136009e-05,-1.83232086072849e-05
14472,36,55,36.0000196787676,55.0000170839468,6.38980183476863,14.4054183100366,-1.96787676003396e-05,-1.70839468296435e-05
14490,36,55,36.0000162139973,55.0000158770621,6.38980315051856,14.4054163300388,-1.62139973127751e-05,-1.58770621112581e-05
14508,36,55,36.0000129809387,55.0000147053672,6.38980449874179,14.4054145466024,-1.29809387345858e-05,-1.47053671639696e-05
14526,36,55,36.0000099745013,55.0000135712574,6.38980586999371,14.405412950104,-9.97450133866096e-06,-1.35712574120816e-05
14544,36,55,36.0000071889553,55.0000124767365,6.38980725556281,14.4054115308966,-7.1889552657467e-06,-1.24767365292655e-05
14562,36,55,36.000004618016,55.0000114234416,6.38980864744714,14.405410279358,-4.61801597850808e-06,-1.14234415917736e-05
14580,36,55,36.000002254924,55.0000104126678,6.38981003832983,14.4054091859347,-2.25492399152927e-06,-1.04126677769045e-05
14598,36,55,36.0000000925198,55.0000094453925,6.38981142155313,14.4054082411809,-9.25198406775962e-08,-9.44539250014031e-06
14616,36,55,35.9999981233143,55.000008522299,6.3898127910917,14.4054074357945,1.87668569395782e-06,-8.52229896963763e-06
14634,36,55,35.9999963395539,55.000007643799,6.38981414152546,14.4054067606481,3.66044608313132e-06,-7.64379902307155e-06
14652,36,55,35.999994733282,55.0000068100553,6.38981546801148,14.4054062068174,5.26671802703049e-06,-6.81005529656886e-06
14670,36,55,35.9999932963951,55.0000060210026,6.38981676625599,14.4054057656059,6.70360493870703e-06,-6.02100255520099e-06
14688,36,55,35.9999920206953,55.0000052763683,6.38981803248605,14.4054054285655,7.9793047405019e-06,-5.27636827030165e-06
14706,36,55,35.9999908979381,55.0000045756924,6.38981926342127,14.405405187515,9.10206186688356e-06,-4.57569235123856e-06
14724,36,55,35.9999899198767,55.000003918346,6.3898204562456,14.4054050345555,1.0080123288958e-05,-3.91834604585029e-06
14742,36,55,35.9999890783015,55.0000033035499,6.38982160857957,14.4054049620826,1.09216984824911e-05,-3.30354993849369e-06
14760,36,55,35.9999883650768,55.0000027303911,6.38982271845282,14.4054049627967,1.16349231547019e-05,-2.73039108833473e-06
14778,36,55,35.9999877721735,55.0000021978393,6.38982378427678,14.4054050297104,1.22278264740316e-05,-2.1978393007771e-06
14796,36,55,35.9999872916981,55.0000017047625,6.38982480481866,14.4054051561543,1.27083018668372e-05,-1.70476247518536e-06
14814,36,55,35.999986915919,55.0000012499411,6.38982577917537,14.40540533578,1.30840809831057e-05,-1.2499411283784e-06
14832,36,55,35.9999866372893,55.000000832082,6.38982670674831,14.4054055625622,1.33627107459233e-05,-8.32082029944559e-07
14850,36,55,35.9999864484665,55.000000449831,6.38982758721946,14.4054058307981,1.35515334633851e-05,-4.49830963589193e-07
14868,36,55,35.9999863423305,55.0000001017846,6.38982842052735,14.4054061351065,1.36576695410895e-05,-1.01784607409172e-07
14886,36,55,35.9999863119971,54.9999997865017,6.38982920684483,14.405406470424,1.36880029444342e-05,2.13498267953582e-07
14904,36,55,35.999986350831,54.9999995025134,6.389829946557,14.405406832001,1.36491689985974e-05,4.97486574602135e-07
14922,36,55,35.9999864524554,54.9999992483326,6.38983064024058,14.4054072153967,1.35475445617317e-05,7.51667400322731e-07
14940,36,55,35.9999866107597,54.9999990224628,6.3898312886439,14.4054076164719,1.3389240272943e-05,9.77537183644017e-07
14958,36,55,35.9999868199052,54.9999988234062,6.38983189266783,14.4054080313825,1.31800947613669e-05,1.1765937557584e-06
14976,36,55,35.9999870743292,54.999998649671,6.38983245334803,14.4054084565711,1.29256707595005e-05,1.35032904324817e-06
14994,36,55,35.9999873687472,54.9999984997776,6.38983297183769,14.4054088887579,1.26312528294648e-05,1.50022236766745e-06
15012,36,55,35.9999876981534,54.9999983722655,6.3898334493914,14.4054093249323,1.23018466382518e-05,1.62773450540499e-06
15030,36,55,35.9999880578203,54.9999982656977,6.38983388735023,14.4054097623424,1.19421797037944e-05,1.73430234440275e-06
15048,36,55,35.9999884432966,54.9999981786659,6.38983428712729,14.4054101984853,1.15567033560637e-05,1.82133409509788e-06
15066,36,55,35.9999888504041,54.9999981097949,6.38983465019456,14.4054106310967,1.11495958918795e-05,1.89020508400972e-06
15084,36,55,35.9999892752333,54.9999980577459,6.38983497807037,14.40541105814,1.07247667386901e-05,1.94225410155013e-06
15102,36,55,35.9999897141384,54.9999980212198,6.3898352723082,14.4054114777958,1.02858616202184e-05,1.97878024010834e-06
15120,36,55,35.9999901637316,54.9999979989598,6.38983553448548,14.4054118884509,9.83626839001772e-06,2.00104015846136e-06
15138,36,55,35.9999906208762,54.9999979897541,6.38983576619447,14.4054122886875,9.37912378873307e-06,2.01024586488074e-06
15156,36,55,35.9999910826794,54.9999979924371,6.38983596903259,14.4054126772725,8.91732061347739e-06,2.00756288393222e-06
15174,36,55,35.9999915464844,54.9999980058912,6.38983614459466,14.4054130531467,8.45351557643426e-06,1.99410882828488e-06
15192,36,55,35.9999920098625,54.9999980290477,6.38983629446514,14.4054134154136,7.99013751162647e-06,1.97095225473731e-06
15210,36,55,35.999992470604,54.999998060888,6.38983642021159,14.40541376333,7.52939601511571e-06,1.93911195367491e-06
15228,36,55,35.9999929267097,54.9999981004435,6.38983652337839,14.4054140962948,7.07329031968129e-06,1.89955651563878e-06
15246,36,55,35.9999933763816,54.9999981467959,6.38983660548143,14.4054144138396,6.62361842529435e-06,1.85320413237378e-06
15264,36,55,35.9999938180136,54.9999981990773,6.38983666800332,14.4054147156185,6.18198638591139e-06,1.80092270340992e-06
15282,36,55,35.9999942501823,54.9999982564699,6.38983671238908,14.4054150013989,5.7498176744275e-06,1.74353014870121e-06
15300,36,55,35.9999946716374,54.999998318205,6.38983674004261,14.4054152710522,5.3283626257894e-06,1.68179499837606e-06
15318,36,55,35.9999950812921,54.9999983835629,6.38983675232356,14.4054155245451,4.918707858792e-06,1.61643706064751e-06
15336,36,55,35.9999954782144,54.9999984518717,6.38983675054452,14.4054157619306,4.52178562682093e-06,1.54812833841333e-06
15354,36,55,35.9999958616169,54.9999985225059,6.38983673596911,14.4054159833405,4.13838311885684e-06,1.47749409507014e-06
15372,36,55,35.9999962308484,54.999998594886,6.38983670981005,14.4054161889773,3.7691516112659e-06,1.40511400559262e-06
15390,36,55,35.9999965853845,54.9999986684765,6.38983667322794,14.4054163791065,3.41461546327082e-06,1.33152350656474e-06
15408,36,55,35.9999969248191,54.9999987427849,6.38983662733014,14.40541655405,3.07518089925907e-06,1.2572151177892e-06
15426,36,55,35.9999972488554,54.9999988173601,6.38983657317046,14.4054167141788,2.75114464898252e-06,1.18263994153267e-06
15444,36,55,35.9999975572978,54.9999988917908,6.38983651174842,14.4054168599071,2.4427022395912e-06,1.10820923282517e-06
15462,36,55,35.9999978500439,54.999998965704,6.38983644400964,14.4054169916862,2.14995613845304e-06,1.03429596265414e-06
15480,36,55,35.9999981270765,54.9999990387635,6.38983637084581,14.4054171099987,1.87292354780766e-06,9.61236480634398e-07
15498,36,55,35.999998388456,54.9999991106678,6.38983629309535,14.4054172153536,1.61154395783569e-06,8.89332184783598e-07
15516,36,55,35.9999986343136,54.9999991811488,6.38983621154402,14.4054173082806,1.3656863799838e-06,8.18851155770517e-07
15534,36,55,35.9999988648437,54.9999992499701,6.38983612692583,14.4054173893267,1.13515628186178e-06,7.5002993327189e-07
15552,36,55,35.9999990802978,54.9999993169248,6.38983603992415,14.4054174590507,9.19702216606311e-07,6.83075171536984e-07
15570,36,55,35.9999992809779,54.9999993818347,6.38983595117278,14.4054175180201,7.19022096973276e-07,6.1816531626846e-07
15588,36,55,35.9999994672308,54.9999994445477,6.38983586125757,14.4054175668073,5.32769234951047e-07,5.5545233834664e-07
15606,36,55,35.999999639442,54.9999995049367,6.38983577071764,14.405417605986,3.60557983469789e-07,4.95063318339817e-07
15624,36,55,35.9999997980309,54.9999995628979,6.3898356800469,14.4054176361286,2.01969058366558e-07,4.3710210206882e-07
15642,36,55,35.9999999434454,54.9999996183491,6.38983558969601,14.4054176578031,5.6554632976713e-08,3.81650920644461e-07
15660,36,55,36.000000076157,54.9999996712281,6.38983550007366,14.4054176715709,-7.61569864948797e-08,3.28771889712698e-07
15678,36,55,36.0000001966569,54.9999997214914,6.38983541154863,14.4054176779844,-1.96656927187178e-07,2.78508565543234e-07
15696,36,55,36.0000003054516,54.9999997691126,6.38983532445146,14.4054176775851,-3.05451621329667e-07,2.30887380325839e-07
15714,36,55,36.000000403059,54.9999998140809,6.38983523907624,14.4054176709018,-4.03059004838724e-07,1.85919084572106e-07
15732,36,55,36.000000490005,54.9999998563999,6.38983515568254,14.4054176584493,-4.90004950393086e-07,1.43600118462928e-07
15750,36,55,36.0000005668201,54.9999998960861,6.38983507449698,14.4054176407268,-5.66820069991536e-07,1.03913883719997e-07
15768,36,55,36.0000006340366,54.999999933168,6.38983499571557,14.4054176182169,-6.34036624092005e-07,6.68320438990122e-08
15786,36,55,36.0000006921859,54.9999999676843,6.38983491950484,14.4054175913847,-6.92185899708875e-07,3.23156967851901e-08
15804,36,55,36.0000007417956,54.9999999996834,6.38983484600427,14.4054175606771,-7.41795645353704e-07,3.16553894208482e-10
15822,36,55,36.0000007833878,55.000000029222,6.38983477532771,14.405417526522,-7.83387847036465e-07,-2.92219937136906e-08
15840,36,55,36.0000008174768,55.0000000563639,6.38983470756502,14.4054174893278,-8.17476760062164e-07,-5.63638522521615e-08
15858,36,55,36.000000844567,55.0000000811792,6.38983464278421,14.4054174494836,-8.44567026092591e-07,-8.11792375543519e-08
15876,36,55,36.0000008651522,55.0000001037437,6.38983458103246,14.4054174073583,-8.65152181006579e-07,-1.03743744261919e-07
15894,36,55,36.0000008797132,55.0000001241375,6.38983452233837,14.405417363301,-8.79713169865681e-07,-1.24137528700885e-07
15912,36,55,36.0000008887172,55.0000001424444,6.38983446671303,14.4054173176408,-8.88717181624088e-07,-1.42444449124923e-07
15930,36,55,36.0000008926166,55.0000001587514,6.38983441415168,14.4054172706872,-8.92616625947085e-07,-1.58751355172626e-07
15948,36,55,36.0000008918482,55.0000001731474,6.38983436463527,14.4054172227299,-8.91848223716352e-07,-1.73147384430195e-07
15966,36,55,36.0000008868323,55.0000001857233,6.38983431813152,14.4054171740394,-8.86832339119792e-07,-1.85723280310413e-07
15984,36,55,36.0000008779724,55.0000001965709,6.38983427459667,14.4054171248672,-8.77972354373924e-07,-1.96570852040168e-07
16002,36,55,36.0000008656543,55.0000002057824,6.38983423397631,14.4054170754463,-8.65654271819949e-07,-2.05782392015408e-07
16020,36,55,36.0000008502464,55.0000002134502,6.38983419620688,14.4054170259918,-8.50246379968667e-07,-2.13450164210371e-07
16038,36,55,36.000000832099,55.000000219666,6.38983416121669,14.4054169767011,-8.32099040337653e-07,-2.19665977851946e-07
16056,36,55,36.0000008115446,55.0000002245208,6.38983412892697,14.4054169277546,-8.11544609291559e-07,-2.24520775304882e-07
16074,36,55,36.0000007888974,55.0000002281042,6.38983409925288,14.4054168793165,-7.88897438042113e-07,-2.28104227062431e-07
16092,36,55,36.0000007644539,55.0000002305044,6.38983407210458,14.4054168315352,-7.64453936596965e-07,-2.30504426212974e-07
16110,36,55,36.0000007384928,55.0000002318076,6.38983404738798,14.4054167845438,-7.3849275139537e-07,-2.31807590012068e-07
16128,36,55,36.000000711275,55.0000002320978,6.3898340250056,14.4054167384613,-7.1127500689272e-07,-2.32097818297916e-07
16146,36,55,36.0000006830446,55.0000002314568,6.38983400485735,14.4054166933927,-6.83044611093919e-07,-2.31456816379705e-07
16164,36,55,36.0000006540286,55.0000002299638,6.38983398684137,14.4054166494298,-6.54028582403043e-07,-2.29963774245334e-07
16182,36,55,36.0000006244375,55.0000002276951,6.38983397085443,14.4054166066523,-6.24437490159835e-07,-2.27695139187745e-07
16200,36,55,36.0000005944659,55.0000002247245,6.3898339567928,14.405416565128,-5.94465888070772e-07,-2.24724544750643e-07
