Tempo,Referencia_Temperatura,Referencia_Umidade,Saida_Temperatura,Saida_Umidade,Sinal_Controle_Temperatura,Sinal_Controle_Umidade,Erro_Temperatura,Erro_Umidade
18,30,55,22,50,0,0,8,5
36,30,55,22,50,0,0,8,5
54,30,55,22,50,0,0,8,5
72,30,55,22,50,0,0,8,5
90,30,55,22,50,0,0,8,5
108,30,55,22,50,0,0,8,5
126,30,55,22,50,0,0,8,5
126,30,55,22,50,2.61513080744547,2.16322185036275,8,5
144,30,55,22,50.0531070964264,5.23026161489094,4.06273878128019,8,4.94689290357359
162,30,55,22,50.5520977017598,7.84539242233641,4.799052020911,8,4.44790229824016
180,30,55,21.9923075831001,51.3766806058869,10.4717183591682,4.33027730925282,8.00769241689989,3.62331939411307
198,30,55,22.1712378611182,52.2488717428569,12.0567115378858,3.36117296734013,7.82876213888185,2.75112825714308
216,30,55,22.5542655280484,52.9266247783845,12.915642473432,2.81431499646923,7.44573447195165,2.07337522161551
234,30,55,23.1601924083613,53.006906833758,13.2947057751599,3.51841816671702,6.83980759163871,1.99309316624196
252,30,55,24.0054970438432,52.6154004451735,13.1184779228948,5.61604253787409,5.99450295615679,2.3845995548265
270,30,55,24.9974228069555,52.0432433473418,12.3776470829923,8.12384472098093,5.00257719304449,2.95675665265818
288,30,55,26.0495711476574,51.5556177721591,11.0952903979754,10.6590758691921,3.95042885234264,3.44438222784089
306,30,55,27.0873015549287,51.3359827651668,9.76622006393444,13.0291169598659,2.9126984450713,3.66401723483324
324,30,55,28.034984505725,51.4502706218771,8.53844419418358,14.2193047441463,1.96501549427498,3.5497293781229
342,30,55,28.8373194551205,51.8697672054821,7.17125515291644,14.6776809791672,1.16268054487946,3.13023279451788
360,30,55,29.4501816097184,52.4021582316218,5.9160473708926,14.6970776812627,0.549818390281629,2.59784176837818
378,30,55,29.8813153898407,52.9708805704381,4.86733256406552,14.3700420372544,0.118684610159342,2.02911942956193
396,30,55,30.16924915906,53.5654484404494,4.07843988843911,13.6547254010767,-0.16924915905998,1.43455155955058
414,30,55,30.3212432929838,54.1328097231202,3.59531817893152,12.6399462506775,-0.321243292983766,0.867190276879846
432,30,55,30.3593438555443,54.5966597404156,3.39542840268911,11.5729844743987,-0.359343855544278,0.40334025958439
450,30,55,30.3127506781142,54.9394208266954,3.43675768704123,10.5917982183337,-0.312750678114178,0.0605791733045891
468,30,55,30.2150796037018,55.1647425600185,3.58516111508193,9.86609120199163,-0.215079603701788,-0.164742560018546
486,30,55,30.1005537966926,55.2904935198997,3.78191371462089,9.39159108965732,-0.100553796692587,-0.290493519899698
504,30,55,29.9956868634795,55.3547280960104,3.98162716074599,9.07150960511074,0.00431313652049425,-0.354728096010426
522,30,55,29.9194073090484,55.3798314883545,4.17717028186249,8.85387813539587,0.0805926909516046,-0.37983148835454
540,30,55,29.8752726686072,55.3664214853489,4.34545998591937,8.83608505173968,0.124727331392755,-0.366421485348852
558,30,55,29.8615378013584,55.3107504641281,4.46613796900738,8.98232422511758,0.138462198641584,-0.310750464128105
576,30,55,29.8742819446049,55.2422694328712,4.47532579990108,9.18735921557473,0.125718055395051,-0.242269432871176
594,30,55,29.9095323524042,55.185978858767,4.4116213771564,9.36183268068312,0.0904676475957515,-0.185978858766987
612,30,55,29.9599373560984,55.1485472227519,4.28968291491821,9.4756861085791,0.0400626439015603,-0.148547222751944
630,30,55,30.0176153900912,55.1198389935939,4.1279156836326,9.562983897418,-0.0176153900912439,-0.119838993593916
648,30,55,30.071449725407,55.0890284162434,3.96131891770688,9.66387581263811,-0.0714497254069819,-0.0890284162433659
666,30,55,30.1154203051626,55.0567541411199,3.81022495819483,9.77795449422456,-0.11542030516263,-0.0567541411199031
684,30,55,30.1455499589327,55.0399479997514,3.68848264222721,9.83587824100386,-0.145549958932655,-0.0399479997513836
702,30,55,30.1589115156795,55.0485910939942,3.60850599910689,9.78978094657064,-0.158911515679517,-0.0485910939941903
720,30,55,30.1551405245901,55.0760350530989,3.59284396059076,9.67808671941943,-0.155140524590077,-0.0760350530989129
738,30,55,30.1361139175946,55.1062536477431,3.60906437031618,9.54671281666768,-0.136113917594624,-0.106253647743074
756,30,55,30.1063313840233,55.1286997337362,3.64902535333689,9.42953222879863,-0.106331384023349,-0.128699733736248
774,30,55,30.0719486644226,55.1403589628024,3.70324789723497,9.3403815169675,-0.0719486644226208,-0.140358962802431
792,30,55,30.0400786401867,55.1430564964227,3.75744570332807,9.29472229955453,-0.0400786401867066,-0.143056496422723
810,30,55,30.0139231708196,55.1394090971446,3.8048483131935,9.281283121716,-0.0139231708196341,-0.1394090971446
828,30,55,29.9950677940095,55.1309984913944,3.84465696767078,9.28871079958933,0.00493220599047106,-0.130998491394394
846,30,55,29.9839001981894,55.1203336837025,3.87852182170466,9.30741149112532,0.0160998018105722,-0.120333683702469
864,30,55,29.97929502657,55.1083302195152,3.90030471336514,9.33273863337944,0.0207049734299609,-0.10833021951521
882,30,55,29.9797646152611,55.0949942891263,3.90556928701153,9.36568959688641,0.0202353847388999,-0.0949942891262765
900,30,55,29.9840188258951,55.0812919941939,3.89985795096776,9.40318349436403,0.0159811741049261,-0.0812919941939327
918,30,55,29.9911470332215,55.0692004081688,3.88221671746323,9.43647657136243,0.00885296677847691,-0.0692004081688395
936,30,55,29.999820912789,55.0599425261672,3.85815551153954,9.46085962121004,0.000179087211009232,-0.0599425261672266
954,30,55,30.0083322824516,55.0527455105454,3.83336655126806,9.4784063632335,-0.00833228245158324,-0.0527455105454351
972,30,55,30.0155818086295,55.0469251897364,3.80843070126098,9.49322996240338,-0.015581808629527,-0.0469251897364202
990,30,55,30.0206184685472,55.0430805793585,3.7889719625008,9.50016134174787,-0.0206184685471626,-0.0430805793584881
1008,30,55,30.0230709360655,55.0418564151587,3.77546277530881,9.49697419656676,-0.0230709360655297,-0.0418564151586622
1026,30,55,30.0230518013937,55.042994489009,3.77162894985209,9.4807992677065,-0.0230518013937413,-0.0429944890089615
1044,30,55,30.0206934721749,55.0451680208758,3.77357940595632,9.45986520998831,-0.0206934721749121,-0.045168020875785
1062,30,55,30.0167162218643,55.0461161594199,3.77856187892199,9.44607555223163,-0.0167162218642645,-0.0461161594199311
1080,30,55,30.0119303216011,55.0455068471705,3.78593057091087,9.44028915027622,-0.0119303216011133,-0.045506847170536
1098,30,55,30.007463351882,55.0445471295423,3.79341268563943,9.43450274832082,-0.00746335188200931,-0.0445471295423232
1116,30,55,30.0038925902482,55.0441379097682,3.79937751491157,9.42710829416144,-0.00389259024821342,-0.0441379097682244
1134,30,55,30.0013071145672,55.0430165439525,3.80477822883288,9.42292481888876,-0.00130711456722565,-0.0430165439524828
1152,30,55,29.9997430785189,55.0402484757217,3.80866050608377,9.42610099754882,0.000256921481078365,-0.040248475721711
1170,30,55,29.9991815892258,55.0363230555244,3.81026436938039,9.43502455242868,0.000818410774158451,-0.0363230555243774
1188,30,55,29.9994605740898,55.0324960703244,3.80926128451162,9.44494617163693,0.000539425910204727,-0.0324960703244415
1206,30,55,30.0004014911569,55.0297652241506,3.8071587304882,9.45011156351137,-0.000401491156900136,-0.0297652241505517
1224,30,55,30.0016905947806,55.0282322215123,3.8039568538344,9.45050973193662,-0.00169059478062294,-0.0282322215123401
1242,30,55,30.0030028311794,55.0268163980537,3.798923693883,9.45190366831338,-0.00300283117944389,-0.0268163980536755
1260,30,55,30.0040966804827,55.0248025053108,3.7938905339316,9.45488829747321,-0.00409668048266809,-0.0248025053108378
1278,30,55,30.0049682070354,55.0227544229983,3.78995630774164,9.45787292663303,-0.00496820703542866,-0.0227544229983181
1296,30,55,30.0055975367387,55.0213227099168,3.78602208155169,9.4602631268123,-0.00559753673870134,-0.0213227099168307
1314,30,55,30.005797417488,55.0206138873543,3.7847939255222,9.45946512182477,-0.00579741748804707,-0.0206138873543296
1332,30,55,30.005540581725,55.0205478339275,3.78468556207329,9.45526582170812,-0.00554058172495075,-0.020547833927516
1350,30,55,30.0049373109981,55.0206653187981,3.7853367080657,9.45106652159147,-0.00493731099810901,-0.0206653187980663
1368,30,55,30.0040228436876,55.0203772432023,3.7859878540581,9.44866931832861,-0.0040228436876113,-0.0203772432022902
1386,30,55,30.0031084916201,55.0196738537862,3.7866390000505,9.44787131334108,-0.00310849162007187,-0.0196738537861876
1404,30,55,30.0023592738911,55.019001595709,3.78900243588534,9.44707330835355,-0.00235927389112334,-0.0190015957090282
1422,30,55,30.0018286412941,55.0183435084039,3.79060629918196,9.44627530336601,-0.00182864129412863,-0.0183435084038734
1440,30,55,30.0014701574301,55.0175471669617,3.79221016247857,9.44547729837848,-0.00147015743005596,-0.0175471669616911
1458,30,55,30.0012459021217,55.016522323248,3.79381402577519,9.44727182507207,-0.00124590212171682,-0.01652232324804
1476,30,55,30.0012985448129,55.0153451408878,3.79428537132459,9.44906635176565,-0.00129854481294345,-0.0153451408878169
1494,30,55,30.0015576938042,55.0145108732311,3.79328228645583,9.44926590277588,-0.00155769380419102,-0.0145108732310675
1512,30,55,30.0020004612513,55.0137224772872,3.79227920158706,9.44946545378611,-0.0020004612512956,-0.0137224772871747
1530,30,55,30.0025737727127,55.0127454910693,3.7912761167183,9.44966500479633,-0.00257377271274351,-0.0127454910693245
1548,30,55,30.0031785788656,55.0115920210907,3.78734189052835,9.45245820800186,-0.00317857886557604,-0.0115920210907419
1566,30,55,30.0037047740562,55.0103317407875,3.78450655562743,9.4552514112074,-0.00370477405623149,-0.0103317407875494
1584,30,55,30.0041454655049,55.0095956678993,3.7816712207265,9.45644901599782,-0.00414546550494066,-0.00959566789929056
1602,30,55,30.0044923925977,55.0094930839815,3.77883588582558,9.45424974908679,-0.00449239259767253,-0.00949308398151771
1620,30,55,30.0044448414481,55.0096047398342,3.7776077297961,9.45205048217576,-0.0044448414480911,-0.00960473983422361
1638,30,55,30.0041032127836,55.0092873140388,3.77749936634719,9.45165096160045,-0.00410321278359049,-0.00928731403882921
1656,30,55,30.0035221305315,55.0090166909916,3.77739100289829,9.45125144102514,-0.00352213053150763,-0.00901669099158653
1674,30,55,30.0027663579534,55.0090395378566,3.77975443873313,9.44905217411411,-0.00276635795340496,-0.00903953785662281
1692,30,55,30.0019732445333,55.009301828093,3.78211787456796,9.44465451952989,-0.00197324453333181,-0.00930182809301527
1710,30,55,30.00121694644,55.0094153751173,3.7844813104028,9.44245525261886,-0.00121694644002801,-0.00941537511731383
1728,30,55,30.0005068343052,55.0088536051052,3.78684474623764,9.44205573204355,-0.000506834305220139,-0.00885360510522304
1746,30,55,30.0000959151452,55.0079892400969,3.78844860953426,9.44325333683397,-9.59151451951357e-05,-0.00798924009686175
1764,30,55,30.0000141919036,55.0072183988391,3.78891995508366,9.44545033427081,-1.41919035598903e-05,-0.00721839883906483
1782,30,55,30.0002031553429,55.0065349462219,3.78939130063306,9.44764733170764,-0.000203155342909156,-0.00653494622191175
1800,30,55,30.0006155323063,55.006078356205,3.78838821576429,9.44824676224863,-0.000615532306341038,-0.00607835620498065
1818,30,55,30.0011457673759,55.005766821534,3.78738513089553,9.44884619278962,-0.00114576737588834,-0.00576682153396035
1836,30,55,30.0016699691263,55.0052676380849,3.78638204602677,9.4494456233306,-0.00166996912628292,-0.00526763808487374
1854,30,55,30.0021893625301,55.0046773071367,3.785378961158,9.45004505387159,-0.00218936253011748,-0.00467730713670989
1872,30,55,30.0026027003096,55.0041438967976,3.78437587628924,9.45064448441257,-0.00260270030964449,-0.00414389679761484
1890,30,55,30.0029057264463,55.0036675991265,3.78337279142048,9.45124391495356,-0.0029057264463006,-0.00366759912652981
1908,30,55,30.0031018379322,55.0034315275064,3.78214463539099,9.45184334549454,-0.00310183793218144,-0.00343152750639319
1926,30,55,30.0031943327486,55.0034336620365,3.7809164793615,9.4506438452863,-0.00319433274859193,-0.00343366203654938
1944,30,55,30.0031864123603,55.0036173503595,3.77968832333201,9.44944434507805,-0.00318641236030004,-0.00361735035949806
1962,30,55,30.0030811841759,55.0036389469038,3.77846016730252,9.4482448448698,-0.00308118417586911,-0.00363894690379141
1980,30,55,30.0028682637105,55.0035234218978,3.78006403059914,9.44704534466156,-0.00286826371053905,-0.00352342189782462
1998,30,55,30.0025805470268,55.0032930593377,3.78166789389576,9.44764477520254,-0.00258054702680965,-0.00329305933767188
2016,30,55,30.0022190606777,55.0030410106883,3.78327175719238,9.44824420574353,-0.00221906067771016,-0.00304101068829254
2034,30,55,30.0017848906094,55.0031177158885,3.78487562048899,9.44704470553528,-0.00178489060937892,-0.00311771588854981
2052,30,55,30.001521881486,55.0034579509794,3.78647948378561,9.44384646456781,-0.0015218814860134,-0.00345795097936019
2070,30,55,30.0014071305677,55.0036612441459,3.78695082933501,9.44064822360035,-0.0014071305676957,-0.003661244145853
2088,30,55,30.0014424929149,55.0030101888466,3.78742217488441,9.44284522103718,-0.00144249291493992,-0.00301018884657367
2106,30,55,30.0016611425149,55.0016836345954,3.78641909001565,9.4485326653901,-0.00166114251490512,-0.0016836345954232
2124,30,55,30.002090191679,55.0008253234833,3.78541600514689,9.45262410043076,-0.00209019167896685,-0.000825323483340412
2142,30,55,30.002601636655,55.000989709205,3.78441292027812,9.4535694059685,-0.00260163665504365,-0.00098970920504371
2160,30,55,30.0030803585129,55.0016902058705,3.7815775853772,9.45145123846456,-0.0030803585128929,-0.00169020587047441
2178,30,55,30.003345584547,55.0023458537857,3.77874225047628,9.44933307096063,-0.00334558454699163,-0.00234585378571239
2196,30,55,30.0034391862383,55.0023932189714,3.77751409444679,9.45027837649837,-0.00343918623828898,-0.0023932189714202
2214,30,55,30.0034339285751,55.0021532416902,3.7762859384173,9.4527725262806,-0.00343392857508107,-0.00215324169019482
2232,30,55,30.0032243479878,55.0022840103322,3.7761775749684,9.45371783181834,-0.00322434798780336,-0.00228401033223236
2250,30,55,30.0027948724724,55.0030111926893,3.77778143826502,9.44932032373958,-0.00279487247239985,-0.00301119268926442
2268,30,55,30.002234387821,55.0041036581495,3.77938530156164,9.44372349527571,-0.00223438782102647,-0.00410365814950353
2286,30,55,30.001534880161,55.0045361222298,3.78174873739647,9.44052525430824,-0.00153488016101733,-0.00453612222976574
2304,30,55,30.0008463058813,55.0040220621427,3.78411217323131,9.44112468484923,-0.000846305881339049,-0.00402206214273093
2322,30,55,30.0004203745887,55.0031911335617,3.78571603652793,9.44332168228607,-0.000420374588667727,-0.00319113356168543
2340,30,55,30.0002658064678,55.0026865727421,3.78618738207733,9.44392111282705,-0.000265806467837137,-0.00268657274214235
2358,30,55,30.0003821731817,55.0025063068268,3.78665872762673,9.44272161261881,-0.000382173181712631,-0.00250630682675279
2376,30,55,30.000692053797,55.0022490473397,3.78565564275797,9.44521576240104,-0.000692053796971237,-0.00224904733970277
2394,30,55,30.0011015724879,55.0015631200647,3.7846525578892,9.4493071974417,-0.00110157248790443,-0.00156312006471637
2412,30,55,30.001539507059,55.0011923501598,3.78364947302044,9.45180134722393,-0.00153950705902162,-0.00119235015977637
2430,30,55,30.0020172913526,55.0014438061038,3.78264638815168,9.45088284981072,-0.00201729135256556,-0.00144380610384331
2448,30,55,30.0023345172362,55.0020144735138,3.78164330328291,9.44996435239751,-0.00233451723618927,-0.0020144735137535
2466,30,55,30.0024692101397,55.0022409220952,3.78211464883231,9.44904585498429,-0.00246921013974699,-0.00224092209523974
2484,30,55,30.002469559252,55.0023436703304,3.78258599438172,9.44999116052204,-0.00246955925199899,-0.00234367033039007
2502,30,55,30.0023996983375,55.0024003247885,3.78305733993112,9.45093646605978,-0.00239969833747722,-0.00240032478849628
2520,30,55,30.0022609534893,55.0027730564332,3.78352868548052,9.44773822509231,-0.00226095348933697,-0.00277305643321313
2538,30,55,30.0021777338462,55.0033391829209,3.78400003102992,9.44453998412484,-0.00217773384620656,-0.00333918292092505
2556,30,55,30.0021231523991,55.0033147006065,3.78447137657932,9.44334048391659,-0.00212315239910055,-0.00331470060645245
2574,30,55,30.0021115877918,55.002622663324,3.78494272212872,9.44553748135343,-0.00211158779176657,-0.00262266332404693
2592,30,55,30.0022128581794,55.0017688262307,3.78541406767812,9.4496289163941,-0.0022128581794334,-0.00176882623065211
2610,30,55,30.0024137686144,55.0014456249837,3.78441098280936,9.45212306617633,-0.00241376861439946,-0.00144562498365275
2628,30,55,30.0026626510494,55.0019132572697,3.7834078979406,9.45120456876311,-0.00266265104943386,-0.00191325726971314
2646,30,55,30.0028925763552,55.0027101140444,3.78240481307183,9.44680706068436,-0.00289257635517615,-0.00271011404442589
2664,30,55,30.0030792708486,55.0030777409535,3.78117665704234,9.44360881971689,-0.0030792708485663,-0.00307774095348634
2682,30,55,30.0031367944308,55.0024324625542,3.77994850101285,9.44770025475755,-0.00313679443083004,-0.00243246255418228
2700,30,55,30.0031340247989,55.0012701805594,3.77872034498337,9.45338769911047,-0.00313402479891778,-0.00127018055935935
2718,30,55,30.003127085293,55.0012290136991,3.77749218895388,9.45433300464821,-0.00312708529297723,-0.00122901369905293
2736,30,55,30.0030466270019,55.0024037243138,3.77626403292439,9.45101516705355,-0.00304662700191827,-0.00240372431375135
2754,30,55,30.0027616250178,55.0036965917353,3.77786789622101,9.44541833858968,-0.00276162501776156,-0.00369659173530579
2772,30,55,30.0022714066251,55.004281466247,3.77947175951763,9.44222009762221,-0.00227140662514813,-0.00428146624703629
2790,30,55,30.001682652559,55.0038706275908,3.78107562281424,9.4428195281632,-0.00168265255902611,-0.00387062759075718
2808,30,55,30.0010797402511,55.0031104223525,3.78343905864908,9.44501652560003,-0.00107974025107183,-0.00311042235252756
2826,30,55,30.0007399001139,55.0027928163194,3.7850429219457,9.44561595614102,-0.00073990011391345,-0.00279281631935646
2844,30,55,30.0006105453134,55.0031444257357,3.7855142674951,9.44241771517355,-0.000610545313442401,-0.0031444257357407
2862,30,55,30.0006123086238,55.0033523424758,3.7859856130445,9.43921947420608,-0.000612308623811231,-0.00335234247578597
2880,30,55,30.0007869225982,55.0026850380161,3.7864569585939,9.44141647164292,-0.000786922598216222,-0.00268503801608233
2898,30,55,30.0011084287174,55.001343190617,3.78545387372514,9.44710391599583,-0.00110842871739436,-0.00134319061704957
2916,30,55,30.001533932709,55.0003721818162,3.78445078885638,9.4511953510365,-0.00153393270895208,-0.000372181816182149
2934,30,55,30.0020329410749,55.0004221875021,3.78344770398761,9.45214065657424,-0.00203294107486229,-0.000422187502081783
2952,30,55,30.0024966025325,55.0011588760128,3.78244461911885,9.4500224890703,-0.00249660253253836,-0.00115887601275233
2970,30,55,30.0027444311848,55.0018583079342,3.78144153425008,9.44790432156636,-0.00274443118475176,-0.00185830793424202
2988,30,55,30.0028185625502,55.0019482989996,3.78191287979948,9.4488496271041,-0.00281856255015356,-0.00194829899957227
3006,30,55,30.0027920045229,55.0017498021974,3.78238422534889,9.44979493264184,-0.00279200452288109,-0.00174980219738785
3024,30,55,30.0027206815456,55.0018828964661,3.78285557089829,9.45074023817958,-0.00272068154556848,-0.00188289646612105
3042,30,55,30.0025933633757,55.0023254309662,3.78332691644769,9.44982174076637,-0.00259336337569493,-0.00232543096619509
3060,30,55,30.0024876324849,55.0030113021567,3.78379826199709,9.44542423268762,-0.00248763248494299,-0.00301130215667911
3078,30,55,30.002410929584,55.0034924062192,3.78426960754649,9.44222599172015,-0.00241092958401623,-0.00349240621920899
3096,30,55,30.0023695364133,55.0029851912717,3.78474095309589,9.44282542226114,-0.00236953641329052,-0.0029851912716623
3114,30,55,30.0024070268859,55.0018863576129,3.78521229864529,9.44851286661405,-0.00240702688588712,-0.00188635761289646
3132,30,55,30.0025751233956,55.0010826231709,3.78568364419469,9.45260430165471,-0.00257512339558019,-0.0010826231709089
3150,30,55,30.002832427234,55.0014535018466,3.78468055932593,9.4516858042415,-0.00283242723396526,-0.00145350184659776
3168,30,55,30.0030910336357,55.0024618568797,3.78184522442501,9.44836796664684,-0.00309103363565555,-0.0024618568796555
3186,30,55,30.0032704738838,55.0030478451642,3.78061706839552,9.44516972567937,-0.00327047388377366,-0.00304784516418977
3204,30,55,30.0034225904126,55.0028024064562,3.77938891236603,9.44576915622036,-0.00342259041256554,-0.00280240645618335
3222,30,55,30.0035153922023,55.0019166311895,3.77816075633655,9.44986059126102,-0.00351539220233832,-0.00191663118954466
3240,30,55,30.0034217013106,55.0012434642174,3.77693260030706,9.45395202630169,-0.00342170131059305,-0.00124346421740995
3258,30,55,30.0032614568168,55.0016026977945,3.77570444427757,9.45303352888847,-0.00326145681680856,-0.0016026977945387
3276,30,55,30.0029654829986,55.0030298607592,3.77730830757419,9.44623738003949,-0.00296548299861854,-0.00302986075915612
3294,30,55,30.0024791377787,55.0041723582595,3.7789121708708,9.44064055157562,-0.002479137778721,-0.00417235825952389
3312,30,55,30.0018293626893,55.0039871741596,3.78127560670564,9.43944105136737,-0.0018293626892536,-0.00398717415961158
3330,30,55,30.0011305693523,55.0029427023495,3.78363904254048,9.44323434987334,-0.00113056935234823,-0.00294270234950744
3348,30,55,30.0007284738605,55.0020747516164,3.7852429058371,9.44732578491401,-0.000728473860458934,-0.00207475161641923
3366,30,55,30.0005867727549,55.0023162511313,3.7857142513865,9.4464072875008,-0.000586772754925136,-0.00231625113129041
3384,30,55,30.0006672562579,55.0031368064073,3.7861855969359,9.44200977942204,-0.000667256257852245,-0.00313680640728364
3402,30,55,30.000879923951,55.003423983966,3.78518251206714,9.43881153845457,-0.000879923950950712,-0.00342398396598753
3420,30,55,30.0011695299132,55.0024942774959,3.78417942719837,9.44290297349524,-0.0011695299131631,-0.0024942774958987
3438,30,55,30.0015310355307,55.0008400637049,3.78317634232961,9.45018515274248,-0.00153103553073208,-0.00084006370494194
3456,30,55,30.0020107634097,55.0000488075595,3.78217325746084,9.45427658778315,-0.00201076340966821,-4.8807559480224e-05
3474,30,55,30.0024257356192,55.0006948749758,3.78117017259208,9.45215842027921,-0.00242573561922299,-0.000694874975849302
3492,30,55,30.0026328068528,55.0018973879073,3.78016708772332,9.44884058268455,-0.00263280685275902,-0.00189738790728455
3510,30,55,30.0025988740263,55.0026010645845,3.78063843327272,9.44444307460579,-0.00259887402632941,-0.00260106458450338
3528,30,55,30.0024135317024,55.0026227144975,3.78110977882212,9.44324357439755,-0.00241353170239478,-0.00262271449749107
3546,30,55,30.0021945395811,55.0019133968863,3.78271364211874,9.44733500943821,-0.00219453958114357,-0.00191339688629455
3564,30,55,30.001965388675,55.0012794047315,3.78431750541536,9.45142644447887,-0.0019653886749893,-0.00127940473146992
3582,30,55,30.0018605196853,55.0017112525949,3.78478885096476,9.45050794706566,-0.00186051968525192,-0.00171125259488747
3600,30,55,30.0018068605194,55.0029930029766,3.78526019651416,9.44491111860179,-0.00180686051941947,-0.00299300297656657
3618,30,55,30.0018114094077,55.0038099925815,3.78573154206356,9.44051361052304,-0.0018114094076509,-0.00380999258151604
3636,30,55,30.0018989599856,55.0033464929573,3.78620288761296,9.44111304106402,-0.00189895998564538,-0.00334649295727729
3654,30,55,30.0020721934372,55.0019201224546,3.78667423316236,9.44839522031127,-0.00207219343715082,-0.00192012245464213
3672,30,55,30.0023972431757,55.0006984392244,3.7856711482936,9.45408266466418,-0.00239724317571088,-0.000698439224350977
3690,30,55,30.0028268514124,55.0010046491808,3.78466806342483,9.45316416725097,-0.00282685141242212,-0.0010046491808211
3708,30,55,30.003245643119,55.0022374787472,3.78183272852391,9.44984632965631,-0.00324564311900133,-0.00223747874715485
3726,30,55,30.0035463947265,55.0030117601975,3.77899739362299,9.44544882157755,-0.00354639472647378,-0.00301176019751637
3744,30,55,30.003659353675,55.0028929156356,3.7777692375935,9.44424932136931,-0.00365935367501535,-0.00289291563558436
3762,30,55,30.0037082163519,55.0018395088172,3.77654108156402,9.44993676572222,-0.00370821635192442,-0.00183950881722694
3780,30,55,30.0035776303872,55.0008950041187,3.77531292553453,9.45402820076288,-0.00357763038721615,-0.00089500411873189
3798,30,55,30.003268437128,55.0013170601394,3.77520456208562,9.45310970334967,-0.00326843712803537,-0.00131706013942789
3816,30,55,30.0028454735095,55.0028007889314,3.77680842538224,9.44631355450069,-0.00284547350953446,-0.00280078893143809
3834,30,55,30.0022080381977,55.0042021691587,3.77917186121708,9.4395174056517,-0.00220803819770055,-0.004202169158674
3852,30,55,30.0014122711565,55.0042466106887,3.78153529705192,9.43831790544345,-0.00141227115648235,-0.00424661068865362
3870,30,55,30.000670901213,55.0031988939673,3.78389873288675,9.44211120394943,-0.000670901212952657,-0.00319889396731554
3888,30,55,30.0002377675103,55.0023407242107,3.78550259618337,9.44620263899009,-0.000237767510263609,-0.00234072421066855
3906,30,55,30.0001534852885,55.0024584773353,3.78597394173277,9.44714794452783,-0.000153485288468147,-0.00245847733533822
3924,30,55,30.0002927286151,55.0032072480617,3.78644528728217,9.44275043644908,-0.000292728615107762,-0.00320724806171313
3942,30,55,30.0005616329203,55.0036817202172,3.78544220241341,9.43955219548161,-0.000561632920309307,-0.0036817202172017
3960,30,55,30.0008984480707,55.0029117382114,3.78443911754465,9.44174919291845,-0.00089844807074968,-0.0029117382113526
3978,30,55,30.0012733030638,55.0013512547017,3.78343603267588,9.44903137216569,-0.00127330306379747,-0.00135125470171005
3996,30,55,30.0017667634022,55.0002865940269,3.78243294780712,9.45471881651861,-0.00176676340217341,-0.000286594026910336
4014,30,55,30.0022025210547,55.0007204599322,3.78142986293835,9.45380031910539,-0.00220252105467011,-0.000720459932168183
4032,30,55,30.0024627289189,55.0020548416867,3.78042677806959,9.45048248151073,-0.002462728918875,-0.0020548416866788
4050,30,55,30.0024738592807,55.0030982999483,3.78089812361899,9.44488565304686,-0.00247385928071253,-0.00309829994834132
4068,30,55,30.002299999509,55.0033943108108,3.78136946916839,9.44168741207939,-0.00229999950902737,-0.0033943108108474
4086,30,55,30.0020721949335,55.0026565004242,3.78297333246501,9.44388440951623,-0.00207219493346145,-0.0026565004241732
4104,30,55,30.0018401345288,55.0015732562229,3.78457719576163,9.44957185386914,-0.00184013452884102,-0.00157325622294735
4122,30,55,30.0017612773863,55.0012804439008,3.78504854131103,9.45206600365137,-0.0017612773862723,-0.00128044390078941
4140,30,55,30.0017739470369,55.002285414351,3.78551988686043,9.44874816605671,-0.00177394703692002,-0.00228541435101448
4158,30,55,30.0018682089222,55.0035426675336,3.78599123240983,9.44315133759284,-0.00186820892221107,-0.00354266753360832
4176,30,55,30.0020008358261,55.0038710393026,3.78646257795923,9.43995309662538,-0.00200083582613786,-0.00387103930260935
4194,30,55,30.0021502869467,55.0028408855764,3.78693392350864,9.44374639513135,-0.00215028694667652,-0.00284088557637574
4212,30,55,30.0024191187637,55.0011794732112,3.78593083863987,9.45102857437859,-0.0024191187637399,-0.00117947321120226
4230,30,55,30.0028312128082,55.0004721963021,3.78492775377111,9.45512000941926,-0.00283121280819643,-0.000472196302141015
4248,30,55,30.0033121195328,55.0012064613142,3.78209241887019,9.45300184191532,-0.00331211953282562,-0.00120646131418312
4266,30,55,30.0037258798248,55.0024929230107,3.77925708396927,9.44968400432066,-0.00372587982475636,-0.00249292301071335
4284,30,55,30.0038998302284,55.0030857784334,3.77802892793978,9.44648576335319,-0.00389983022837015,-0.00308577843341595
4302,30,55,30.003915998942,55.002826673353,3.77680077191029,9.44708519389418,-0.0039159989419808,-0.00282667335299891
4320,30,55,30.0037311646193,55.0021000883939,3.7755726158808,9.45117662893484,-0.0037311646193281,-0.0021000883938882
4338,30,55,30.003360596222,55.0017661534936,3.7754642524319,9.45367077871707,-0.00336059622195606,-0.00176615349356268
4356,30,55,30.0029334579626,55.0026474990325,3.77706811572852,9.44927327063832,-0.00293345796262301,-0.00264749903254824
4374,30,55,30.0023801811743,55.0041984795661,3.77867197902513,9.44247712178933,-0.00238018117430272,-0.00419847956609232
4392,30,55,30.0016514282155,55.0048245788836,3.78103541485997,9.43807961371057,-0.00165142821546027,-0.00482457888355725
4410,30,55,30.0009060314037,55.0042226935171,3.78339885069481,9.44027661114741,-0.00090603140368728,-0.00422269351705751
4428,30,55,30.0004285133621,55.0031291364951,3.78500271399143,9.44406990965338,-0.000428513362088268,-0.00312913649514712
4446,30,55,30.0002479392761,55.0027264255546,3.78547405954083,9.44466934019437,-0.000247939276128761,-0.00272642555464842
4464,30,55,30.0003523112023,55.0029383085945,3.78594540509023,9.4414710992269,-0.000352311202341582,-0.00293830859449429
4482,30,55,30.0006153111175,55.0029883895643,3.78494232022146,9.44027159901866,-0.0006153111175351,-0.00298838956427261
4500,30,55,30.0009511778731,55.0021178417286,3.7839392353527,9.44436303405932,-0.000951177873147913,-0.00211784172859808
4518,30,55,30.0013250921997,55.0008911755601,3.78293615048394,9.45005047841223,-0.00132509219971766,-0.000891175560063573
4536,30,55,30.0017882864241,55.0004480552216,3.78193306561517,9.45254462819446,-0.0017882864241372,-0.000448055221561106
4554,30,55,30.0021531043462,55.0010722737678,3.78092998074641,9.45042646069053,-0.00215310434617066,-0.00107227376780372
4572,30,55,30.0023186716285,55.0019568985434,3.78140132629581,9.44830829318659,-0.0023186716285224,-0.00195689854341907
4590,30,55,30.0022787251971,55.0024028018432,3.78187267184521,9.44738979577338,-0.00227872519709393,-0.00240280184321051
4608,30,55,30.0021148608921,55.0025012334237,3.78234401739461,9.44619029556513,-0.00211486089214219,-0.00250123342374309
4626,30,55,30.0019113031725,55.0025119893886,3.78394788069123,9.44499079535689,-0.00191130317254107,-0.00251198938862984
4644,30,55,30.0017929335719,55.0023999896435,3.78441922624063,9.44593610089463,-0.00179293357193444,-0.00239998964345745
4662,30,55,30.0017433512177,55.0022383735217,3.78489057179003,9.44688140643237,-0.00174335121771918,-0.0022383735217204
4680,30,55,30.0017644015142,55.0022504503536,3.78536191733943,9.44782671197011,-0.00176440151419399,-0.00225045035361404
4698,30,55,30.0019449159594,55.0024049038985,3.78583326288884,9.44877201750785,-0.00194491595938118,-0.00240490389854386
4716,30,55,30.0021485005949,55.0026838635896,3.78483017802007,9.44557377654038,-0.00214850059492022,-0.00268386358960981
4734,30,55,30.0023694044026,55.0028230281229,3.78382709315131,9.44437427633213,-0.00236940440258593,-0.00282302812293977
4752,30,55,30.002607775462,55.0022351728025,3.78282400828254,9.44686842611436,-0.00260777546196778,-0.00223517280246455
4770,30,55,30.0028784443207,55.001458086198,3.78182092341378,9.45095986115503,-0.00287844432074635,-0.00145808619795673
4788,30,55,30.0031148618969,55.0012358619198,3.77898558851286,9.45345401093726,-0.00311486189689703,-0.00123586191979541
4806,30,55,30.0032610260135,55.0017716312709,3.77775743248337,9.45253551352405,-0.00326102601345113,-0.00177163127093394
4824,30,55,30.0032503683712,55.0027984554134,3.77652927645388,9.44693868506018,-0.00325036837116244,-0.00279845541337664
4842,30,55,30.0030682612436,55.0035367764064,3.77530112042439,9.44254117698142,-0.00306826124361592,-0.00353677640639205
4860,30,55,30.0026013370525,55.0031783610822,3.77690498372101,9.44314060752241,-0.00260133705254617,-0.00317836108223446
4878,30,55,30.0020672194349,55.0021833853376,3.77850884701763,9.44723204256307,-0.00206721943485633,-0.00218338533758811
4896,30,55,30.0015508189417,55.001877848577,3.78011271031425,9.4497261923453,-0.00155081894165221,-0.00187784857701701
4914,30,55,30.0010091112988,55.0026385623198,3.78171657361087,9.44532868426654,-0.00100911129875314,-0.00263856231981663
4932,30,55,30.0005912750314,55.0038945725886,3.78332043690748,9.43973185580267,-0.000591275031354144,-0.00389457258864212
4950,30,55,30.0002545233835,55.0042904492349,3.7849243002041,9.43653361483521,-0.000254523383528493,-0.00429044923491517
4968,30,55,30.0000511042277,55.0033852636656,3.78652816350072,9.43873061227204,-5.11042276549745e-05,-0.00338526366559222
4986,30,55,30.0001003010991,55.0018480432618,3.78699950905012,9.44601279151929,-0.000100301099053013,-0.00184804326175936
5004,30,55,30.0004026505578,55.0008569186943,3.78599642418136,9.45010422655995,-0.000402650557816742,-0.000856918694339015
5022,30,55,30.0008860124758,55.0012172331435,3.78499333931259,9.44918572914674,-0.000886012475806552,-0.00121723314354938
5040,30,55,30.0014325259129,55.0020667075759,3.78399025444383,9.4470675616428,-0.00143252591292509,-0.00206670757588512
5058,30,55,30.0018671928251,55.00237915019,3.78298716957507,9.44614906422959,-0.00186719282506687,-0.00237915019002344
5076,30,55,30.0021359196434,55.0019975521033,3.7819840847063,9.44864321401182,-0.00213591964340765,-0.00199755210327623
5094,30,55,30.0023291461275,55.001429597862,3.7824554302557,9.45113736379405,-0.0023291461275079,-0.00142959786200691
5112,30,55,30.0024646261775,55.0015268080585,3.7829267758051,9.45208266933179,-0.00246462617747056,-0.00152680805854288
5130,30,55,30.002509953199,55.0022081799244,3.78339812135451,9.44996450182785,-0.00250995319895253,-0.0022081799243665
5148,30,55,30.0024091185024,55.003063114376,3.78386946690391,9.4455669937491,-0.00240911850235292,-0.00306311437601892
5166,30,55,30.0023037980708,55.003455953401,3.78434081245331,9.44236875278163,-0.0023037980708267,-0.00345595340095883
5184,30,55,30.0022406054404,55.0030432036976,3.78481215800271,9.44296818332262,-0.00224060544042004,-0.00304320369760802
5202,30,55,30.0022789821721,55.0020369295796,3.78528350355211,9.44865562767553,-0.00227898217212541,-0.00203692957957458
5220,30,55,30.0024485027855,55.0013138152926,3.78575484910151,9.45274706271619,-0.00244850278546949,-0.00131381529259045
5238,30,55,30.0027077133625,55.0017546127052,3.78475176423275,9.45182856530298,-0.00270771336250419,-0.00175461270515598
5256,30,55,30.0029686582409,55.0028233018866,3.78374867936398,9.44623173683911,-0.00296865824093118,-0.00282330188662883
5274,30,55,30.0031508218112,55.0034050978358,3.7825205233345,9.44303349587164,-0.00315082181116466,-0.00340509783583798
5292,30,55,30.0033060033318,55.0027271808661,3.78129236730501,9.44523049330848,-0.00330600333178666,-0.00272718086608137
5310,30,55,30.0034102761486,55.0014866667214,3.78006421127552,9.45091793766139,-0.00341027614863521,-0.0014866667214477
5328,30,55,30.0035280973147,55.0008277324311,3.77883605524603,9.45500937270206,-0.00352809731474579,-0.0008277324310626
5346,30,55,30.0035749272095,55.0014956541826,3.77760789921654,9.45289120519812,-0.00357492720954156,-0.00149565418259812
5364,30,55,30.0034452484286,55.0029331699278,3.77637974318705,9.44609505634913,-0.0034452484285552,-0.00293316992775772
5382,30,55,30.0030926497053,55.0038298870822,3.77627137973815,9.44169754827038,-0.00309264970530876,-0.00382988708216203
5400,36,55,30.0025777424637,55.0034342459264,3.77627137973815,9.44229697881137,5.99742225753626,-0.00343424592639963
5418,36,55,30.0020310207574,55.0024507185811,5.77740106958036,9.44638841385203,5.9979689792426,-0.00245071858113732
5436,36,55,30.0015228893716,55.0019650482912,7.77853075942256,9.44888256363426,5.9984771106284,-0.00196504829124677
5454,36,55,30.0010868387403,55.002553073408,9.77966044926477,9.44568432266679,5.99891316125969,-0.00255307340800215
5472,36,55,30.0006350948539,55.0036837721134,11.780790139107,9.44008749420292,5.99936490514611,-0.00368377211343329
5490,36,55,30.176134921658,55.004046955377,12.899692495018,9.43688925323545,5.82386507834201,-0.00404695537702082
5508,36,55,30.5321570719917,55.0033036470903,13.4399322322208,9.43908625067229,5.46784292800827,-0.00330364709034114
5526,36,55,31.0629961588519,54.743191312825,13.5955508091615,10.4170884005494,4.93700384114812,0.256808687175038
5544,36,55,31.7630530988679,54.2421243677191,13.3545749688086,12.0644000590219,4.2369469011321,0.757875632280943
5562,36,55,32.5492143550764,53.7051740638567,12.8098055647212,13.9567408869269,3.45078564492357,1.29482593614334
5580,36,55,33.3597537388356,53.2507290918911,11.9698672580945,15.9157572803695,2.64024626116441,1.74927090810888
5598,36,55,34.1380876414353,53.0169140126862,10.9227846348551,17.6762409794959,1.86191235856465,1.98308598731381
5616,36,55,34.8368194054867,53.0638561297656,9.75729731539418,18.428635183507,1.16318059451334,1.93614387023445
5634,36,55,35.4264808826783,53.354509751257,8.56281968249331,18.5508619115694,0.573519117321688,1.64549024874296
5652,36,55,35.8838679595954,53.7169053437689,7.45005565556837,18.3168755846241,0.116132040404594,1.28309465623113
5670,36,55,36.201678082878,54.0642592339715,6.58209834322504,17.9212609676421,-0.201678082878033,0.935740766028459
5688,36,55,36.3933410024144,54.3747341928686,5.98450067692063,17.431639266054,-0.393341002414367,0.625265807131356
5706,36,55,36.4719684803302,54.6574658670477,5.65154256221266,16.8297842009059,-0.471968480330176,0.342534132952309
5724,36,55,36.454617282673,54.922295714311,5.61912695758186,16.0951064366529,-0.454617282673034,0.0777042856889736
5742,36,55,36.3689096106355,55.1626962794185,5.72330388059469,15.3247766587881,-0.368909610635477,-0.162696279418455
5760,36,55,36.2434864931493,55.3562274822987,5.91727473379639,14.6345770853088,-0.243486493149334,-0.356227482298749
5778,36,55,36.1060503084683,55.4806400996409,6.15495410342633,14.1033241480026,-0.106050308468312,-0.480640099640901
5796,36,55,35.9865074147554,55.5324896882262,6.38568429880598,13.7595809590373,0.0134925852446486,-0.532489688226228
5814,36,55,35.8974431442422,55.5220721348664,6.62020563483001,13.6991646285548,0.102556855757783,-0.522072134866384
5832,36,55,35.8438534280173,55.4593400645275,6.82569861530444,13.8407974389697,0.156146571982667,-0.459340064527545
5850,36,55,35.8249383089317,55.387497371516,6.97995970094943,14.0286479894638,0.175061691068329,-0.387497371515991
5868,36,55,35.8345572032988,55.3326425257126,7.01233176873787,14.1670913356328,0.165442796701242,-0.332642525712593
5886,36,55,35.8662709396262,55.2924699831685,6.97313789973415,14.261661289584,0.133729060373781,-0.292469983168516
5904,36,55,35.9131754260429,55.2537177463521,6.87616093995845,14.3587993524161,0.0868245739571165,-0.253717746352081
5922,36,55,35.9696137291854,55.2056549202629,6.73365928984351,14.4992339867591,0.0303862708146099,-0.20565492026293
5940,36,55,36.025420665664,55.1524563570081,6.57458260739171,14.6695815778503,-0.0254206656640292,-0.152456357008084
5958,36,55,36.0745220919146,55.1086001753913,6.42085085419577,14.8150613146012,-0.0745220919146092,-0.108600175391317
5976,36,55,36.1115342995797,55.0931336687441,6.28795624659337,14.8572723698776,-0.111534299579667,-0.0931336687440734
5994,36,55,36.1317470574581,55.1061980692706,6.19523995255456,14.7767910600838,-0.131747057458071,-0.106198069270633
6012,36,55,36.1336615547474,55.1312746221309,6.16519620002684,14.651352779781,-0.133661554747363,-0.131274622130917
6030,36,55,36.1191323245233,55.15049295563,6.17504078379447,14.5360473576808,-0.119132324523264,-0.150492955630043
6048,36,55,36.0928111877732,55.1600925240815,6.21166994944444,14.4478959786758,-0.0928111877732434,-0.160092524081549
6066,36,55,36.0609573823447,55.1644441705438,6.26319071922087,14.3888473182056,-0.0609573823446894,-0.16444417054381
6084,36,55,36.0300974492079,55.1684799494828,6.31692843606308,14.3311397034536,-0.0300974492079433,-0.16847994948283
6102,36,55,36.0036326832319,55.1735098072011,6.36597812260891,14.2654248977689,-0.00363268323189914,-0.173509807201135
6120,36,55,35.9833045892024,55.1718713377052,6.41716591363109,14.2379202472242,0.016695410797638,-0.171871337705156
6138,36,55,35.9697779020995,55.1582452153083,6.46391959698374,14.2595662449694,0.0302220979005199,-0.158245215308312
6156,36,55,35.9630535496005,55.1382300720585,6.50206583083665,14.3096352503293,0.0369464503994692,-0.138230072058462
6174,36,55,35.962460385575,55.1198321776784,6.51738790953711,14.3575903890705,0.0375396144249649,-0.119832177678447
6192,36,55,35.9670847055527,55.1072790610402,6.5148169597395,14.3854574844617,0.0329152944472639,-0.10727906104016
6210,36,55,35.9754167682992,55.0992261101766,6.50028183126549,14.3972118188725,0.024583231700781,-0.0992261101766303
6228,36,55,35.9860935498102,55.0904162514456,6.47491792940977,14.4140629994349,0.0139064501898147,-0.0904162514455678
6246,36,55,35.9971282684479,55.0781549006355,6.44428052185727,14.4469086444543,0.00287173155205522,-0.0781549006355107
6264,36,55,36.0072482500314,55.06487405472,6.41510780854111,14.4858607861696,-0.00724825003142371,-0.0648740547200219
6282,36,55,36.015608949209,55.056523708678,6.38688743887997,14.5081129112804,-0.0156089492089819,-0.0565237086780428
6300,36,55,36.0211102341569,55.0557471600428,6.36461489838007,14.5003299041792,-0.0211102341568861,-0.0557471600428059
6318,36,55,36.0230346998123,55.0597015771348,6.35220178579428,14.4645766019645,-0.0230346998122783,-0.0597015771348453
6336,36,55,36.0215698724903,55.0632856889832,6.35176915129168,14.4301835335925,-0.0215698724903035,-0.0632856889831572
6354,36,55,36.0173262238157,55.0623509826372,6.35750937644178,14.4214019748659,-0.0173262238157434,-0.0623509826371702
6372,36,55,36.0115383589379,55.0583475641524,6.36639390799405,14.4253588449816,-0.0115383589379334,-0.0583475641523563
6390,36,55,36.0056093801423,55.0568011595529,6.37690938166333,14.4207834757195,-0.00560938014230317,-0.056801159552947
6408,36,55,36.0004983710889,55.0591235719436,6.38762143889384,14.3944807956358,-0.000498371088880845,-0.059123571943573
6426,36,55,35.9962689436944,55.0616923031598,6.4002080028827,14.3681781155521,0.00373105630560389,-0.0616923031597594
6444,36,55,35.9930022667528,55.0589040117425,6.4105201692007,14.3673848582392,0.00699773324718933,-0.0589040117425412
6462,36,55,35.9910479218962,55.0510061206652,6.41855702913959,14.3890689926809,0.00895207810380327,-0.0510061206651855
6480,36,55,35.9907522089541,55.0432953559622,6.42539755270865,14.4101839408802,0.00924779104585127,-0.0432953559622433
6498,36,55,35.9921143166079,55.0396235797239,6.42422183248396,14.4165279025521,0.00788568339209661,-0.0396235797239086
6516,36,55,35.9943542505735,55.0390047816817,6.41975037833941,14.4117395541997,0.00564574942648477,-0.0390047816816619
6534,36,55,35.9968491579446,55.0377761545125,6.41527892419487,14.4085524090186,0.00315084205536209,-0.0377761545125281
6552,36,55,35.9995508301258,55.0341283002622,6.40768122167678,14.4158924652263,0.000449169874187305,-0.0341283002621964
6570,36,55,36.0020461389675,55.0290753237387,6.40118225598473,14.430558999762,-0.0020461389674864,-0.0290753237387236
6588,36,55,36.0041970285747,55.0250071910591,6.39395166770407,14.4414800044944,-0.00419702857467996,-0.0250071910591458
6606,36,55,36.0059268379617,55.0241035642968,6.38781972039885,14.4396848215686,-0.00592683796168814,-0.0241035642968086
6624,36,55,36.006763855344,55.0255545582536,6.3838854942089,14.4251238933925,-0.00676385534400481,-0.0255545582536172
6642,36,55,36.0067090412401,55.026517750561,6.38265733817941,14.4153344985703,-0.00670904124008587,-0.0265177505610126
6660,36,55,36.0058495846219,55.0252224856924,6.38330848417181,14.4151352060587,-0.00584958462192731,-0.0252224856923675
6678,36,55,36.0045715177309,55.0229632520192,6.38471903119267,14.4197094378861,-0.00457151773092335,-0.022963252019224
6696,36,55,36.0032835424347,55.0218891103414,6.38612957821354,14.4205068065694,-0.00328354243466578,-0.0218891103414478
6714,36,55,36.0021064656862,55.0226147085812,6.38925248535972,14.4107174117471,-0.00210646568621087,-0.0226147085811732
6732,36,55,36.0010262881362,55.0237643287038,6.39237539250591,14.3985403452224,-0.00102628813622374,-0.0237643287038196
6750,36,55,36.0000467266032,55.0229276051108,6.39473882834074,14.3967451622966,-4.67266032302405e-05,-0.0229276051108087
6768,36,55,35.9992724357065,55.0198485988406,6.39710226417558,14.4054947065912,0.000727564293455885,-0.0198485988405821
6786,36,55,35.9990356341667,55.016820606928,6.3987061274722,14.4152449801958,0.000964365833254988,-0.0168206069279933
6804,36,55,35.9993232097954,55.0158145587564,6.39770304260343,14.4170395068894,0.000676790204579447,-0.0158145587563538
6822,36,55,35.9998274281177,55.0163942948833,6.39669995773467,14.4116419357964,0.000172571882259831,-0.0163942948832556
6840,36,55,36.0003525799846,55.0167052551884,6.39569687286591,14.4062443647034,-0.00035257998460736,-0.0167052551883557
6858,36,55,36.0008485466547,55.0154998973069,6.39469378799714,14.4080388913969,-0.000848546654715676,-0.0154998973068814
6876,36,55,36.0012508140364,55.0130846761018,6.39369070312838,14.4146106329084,-0.00125081403643179,-0.0130846761017978
6894,36,55,36.0016721589879,55.0111154035082,6.39268761825961,14.4205912954329,-0.00167215898787987,-0.0111154035081995
6912,36,55,36.0020816089713,55.0107586533792,6.39168453339085,14.4201917748576,-0.00208160897127385,-0.0107586533791562
6930,36,55,36.0023354232965,55.011622915607,6.39068144852208,14.4137994456527,-0.00233542329646497,-0.0116229156070204
6948,36,55,36.0023601832957,55.0122628798569,6.39115279407149,14.4074071164477,-0.00236018329565013,-0.0122628798569053
6966,36,55,36.0022003196443,55.0115900125634,6.39162413962089,14.4086047212381,-0.00220031964433787,-0.0115900125633743
6984,36,55,36.0019954902013,55.0099254678868,6.39322800291751,14.4129922897939,-0.00199549020128131,-0.00992546788680215
7002,36,55,36.0018481606107,55.0088700466992,6.39369934846691,14.4157854929994,-0.00184816061066329,-0.00887004669923641
7020,36,55,36.0018537988756,55.0089320354364,6.39417069401631,14.4135862260884,-0.00185379887555825,-0.00893203543638776
7038,36,55,36.0018691606837,55.0095934185988,6.39464203956571,14.4071938968835,-0.00186916068366827,-0.00959341859876872
7056,36,55,36.0019455217792,55.0095789353355,6.39511338511511,14.4049946299724,-0.00194552177920571,-0.00957893533549736
7074,36,55,36.0020349481745,55.008257512346,6.39558473066451,14.407787833178,-0.0020349481744617,-0.0082575123459705
7092,36,55,36.0022329236811,55.0065090597094,6.39605607621392,14.4131761584731,-0.00223292368107053,-0.00650905970935867
7110,36,55,36.0025905074373,55.0054958264345,6.39505299134515,14.4169694569791,-0.00259050743729716,-0.00549582643449043
7128,36,55,36.0030083879381,55.0055979899782,6.39221765644423,14.4157699567709,-0.00300838793808822,-0.0055979899781704
7146,36,55,36.0033886515277,55.0062851715645,6.38938232154331,14.4113724486921,-0.00338865152773593,-0.00628517156452091
7164,36,55,36.003695985548,55.0064866167203,6.38654698664239,14.4081742077247,-0.00369598554799921,-0.00648661672032347
7182,36,55,36.0038517832183,55.0056770163246,6.3853188306129,14.4103712051615,-0.00385178321830892,-0.00567701632455453
7200,36,55,36.0037911753075,55.0043060389262,6.38409067458341,14.4141645036675,-0.00379117530752637,-0.00430603892624504
7218,36,55,36.0035607639409,55.003662402051,6.38398231113451,14.4163615011043,-0.00356076394092497,-0.00366240205099189
7236,36,55,36.00312286713,55.0041931568746,6.3838739476856,14.4131632601368,-0.00312286712996013,-0.00419315687459942
7254,36,55,36.0025254114444,55.0053937099232,6.38547781098222,14.407566431673,-0.00252541144438823,-0.00539370992322574
7272,36,55,36.0017617426922,55.0061574110955,6.38784124681706,14.4031689235942,-0.00176174269220297,-0.00615741109552914
7290,36,55,36.0009847311636,55.0059226075368,6.3902046826519,14.4037683541352,-0.000984731163569563,-0.00592260753678175
7308,36,55,36.0003023584831,55.0051289110095,6.39256811848673,14.405965351572,-0.000302358483146747,-0.00512891100947854
7326,36,55,35.9998962057197,55.00466645952,6.39417198178335,14.406564782113,0.000103794280263969,-0.0046664595200383
7344,36,55,35.9997905239737,55.00475400517,6.39464332733275,14.4053652819048,0.000209476026320488,-0.00475400517000679
7362,36,55,35.9998855672554,55.0047736765851,6.39511467288216,14.4041657816965,0.000114432744631188,-0.00477367658508854
7380,36,55,36.0001540354493,55.0042695348226,6.39411158801339,14.4047652122375,-0.000154035449284606,-0.00426953482261183
7398,36,55,36.0005589970904,55.0033083606149,6.39310850314463,14.4069622096743,-0.000558997090351454,-0.00330836061492334
7416,36,55,36.0010238190098,55.0022878808945,6.39210541827586,14.4126496540273,-0.00102381900977377,-0.00228788089448528
7434,36,55,36.0015336558793,55.0016757706011,6.3911023334071,14.4167410890679,-0.00153365587930665,-0.00167577060106794
7452,36,55,36.0019202969988,55.0021848711811,6.39009924853833,14.4158225916547,-0.00192029699880436,-0.00218487118110744
7470,36,55,36.0021411643677,55.0032919388347,6.38909616366957,14.4102257631908,-0.00214116436765721,-0.0032919388347068
7488,36,55,36.0021494519518,55.0040765875682,6.38956750921897,14.4058282551121,-0.00214945195184413,-0.00407658756815721
7506,36,55,36.0020011263774,55.0037446498304,6.39003885476837,14.4064276856531,-0.00200112637744354,-0.00374464983039502
7524,36,55,36.0018059944972,55.0027586915008,6.39051020031777,14.4086246830899,-0.00180599449724639,-0.00275869150078734
7542,36,55,36.0016400279957,55.0021632566348,6.39098154586718,14.4111188328721,-0.0016400279957054,-0.00216325663483019
7560,36,55,36.0015894298181,55.0022358850259,6.39145289141658,14.4120641384099,-0.0015894298180541,-0.00223588502586125
7578,36,55,36.0015638971025,55.0029390416551,6.39192423696598,14.4076666303311,-0.0015638971024714,-0.00293904165509673
7596,36,55,36.0015349029677,55.0036095377798,6.39239558251538,14.4032691222524,-0.001534902967677,-0.00360953777975226
7614,36,55,36.0015046812441,55.0032368988405,6.39286692806478,14.4038685527934,-0.00150468124414971,-0.00323689884048406
7632,36,55,36.0015204703869,55.0020385660259,6.39333827361418,14.4095559971463,-0.0015204703869216,-0.00203856602590236
7650,36,55,36.0016724800969,55.0011475909471,6.39380961916359,14.4136474321869,-0.00167248009687171,-0.00114759094706329
7668,36,55,36.0019352781493,55.001442230221,6.39280653429482,14.4127289347737,-0.00193527814927563,-0.00144223022101642
7686,36,55,36.0021989157749,55.0023842124218,6.39180344942606,14.4106107672698,-0.00219891577494735,-0.00238421242183762
7704,36,55,36.0023829583038,55.002942122529,6.39227479497546,14.4074125263023,-0.00238295830379087,-0.00294212252902071
7722,36,55,36.0025392798402,55.0028979393071,6.39274614052486,14.4062130260941,-0.00253927984017821,-0.00289793930706139
7740,36,55,36.0026316527932,55.0021524594054,6.39321748607426,14.4103044611347,-0.002631652793184,-0.0021524594053659
7758,36,55,36.0026780324174,55.0012722981074,6.39368883162366,14.4143958961754,-0.00267803241739983,-0.0012722981073523
7776,36,55,36.0028192104254,55.001446455718,6.39416017717307,14.4153412017131,-0.00281921042544298,-0.00144645571803892
7794,36,55,36.0030043829797,55.0025169659711,6.39293202114358,14.4097443732493,-0.00300438297972505,-0.00251696597112527
7812,36,55,36.0031411170539,55.0034681042914,6.39170386511409,14.4053468651705,-0.00314111705386466,-0.00346810429144284
7830,36,55,36.0032452039421,55.0031036637751,6.3904757090846,14.4059462957115,-0.00324520394208605,-0.00310366377505034
7848,36,55,36.0033974613053,55.0018918742241,6.38924755305511,14.4116337400644,-0.00339746130533314,-0.00189187422412829
7866,36,55,36.0035545842104,55.0009685251602,6.38801939702562,14.4157251751051,-0.00355458421039145,-0.000968525160196521
7884,36,55,36.0036652716526,55.0012143285483,6.38679124099614,14.4148066776919,-0.00366527165261488,-0.00121432854827219
7902,36,55,36.0036245652534,55.0023131288622,6.38556308496665,14.4114888400972,-0.00362456525336086,-0.00231312886219825
7920,36,55,36.0033568648738,55.0032116250891,6.38545472151774,14.4070913320184,-0.00335686487375852,-0.00321162508909367
7938,36,55,36.0029187279855,55.0034648477784,6.38705858481436,14.403893091051,-0.00291872798554493,-0.00346484777836054
7956,36,55,36.0024124206936,55.0029724294597,6.38866244811098,14.404492521592,-0.00241242069361647,-0.0029724294596889
7974,36,55,36.0018839451688,55.0021329400615,6.3902663114076,14.4085839566326,-0.00188394516881374,-0.00213294006151443
7992,36,55,36.0014440636772,55.0017848125388,6.39187017470422,14.4110781064149,-0.00144406367721928,-0.00178481253875162
8010,36,55,36.0012090772739,55.0025042697455,6.39347403800084,14.4066805983361,-0.00120907727391284,-0.00250426974545803
8028,36,55,36.0011017837986,55.0035863021707,6.39394538355024,14.4010837698722,-0.00110178379861736,-0.00358630217066036
8046,36,55,36.0010649064305,55.0034488037808,6.39441672909964,14.399884269664,-0.00106490643045731,-0.00344880378081314
8064,36,55,36.0011510813263,55.002064272826,6.39488807464904,14.4055717140169,-0.00115108132632713,-0.00206427282598298
8082,36,55,36.001479964809,55.0005274432079,6.39388498978028,14.4128538932641,-0.00147996480896495,-0.000527443207872125
8100,36,55,36.0019457276449,55.000164699068,6.39288190491151,14.4153480430464,-0.00194572764490886,-0.000164699068037066
8118,36,55,36.0024348493095,55.001030809632,6.39187882004275,14.4132298755424,-0.00243484930946636,-0.00103080963201307
8136,36,55,36.0028229694963,55.0021337055192,6.39087573517398,14.4099120379478,-0.00282296949629313,-0.00213370551918501
8154,36,55,36.0029779356264,55.0025639536389,6.39134708072339,14.4067137969803,-0.00297793562639725,-0.00256395363892636
8172,36,55,36.0030031158472,55.0021610916616,6.3901189246939,14.4092079467625,-0.00300311584721413,-0.00216109166161971
8190,36,55,36.0029871622901,55.0013542118162,6.3905902702433,14.4132993818032,-0.00298716229005436,-0.00135421181619222
8208,36,55,36.0029495895325,55.0013049044693,6.3910616157927,14.4142446873409,-0.00294958953251978,-0.00130490446926501
8226,36,55,36.0029959258671,55.0021717168455,6.3915329613421,14.412126519837,-0.00299592586708286,-0.00217171684550976
8244,36,55,36.0028763940524,55.0032132837861,6.3920043068915,14.4065296913731,-0.00287639405239304,-0.00321328378613828
8262,36,55,36.0027230009302,55.003572988583,6.39247565244091,14.4033314504057,-0.00272300093019595,-0.00357298858304489
8280,36,55,36.0026129381524,55.0029298569369,6.39294699799031,14.4055284478425,-0.00261293815242425,-0.00292985693685921
8298,36,55,36.0026098964485,55.0017626534101,6.39341834353971,14.4112158921954,-0.00260989644852572,-0.00176265341007564
8316,36,55,36.0027594879071,55.0011990221576,6.39388968908911,14.4137100419776,-0.0027594879070918,-0.0011990221575644
8334,36,55,36.0029925964323,55.0017512023599,6.39288660422035,14.4127915445644,-0.00299259643234961,-0.0017512023598556
8352,36,55,36.0031999728492,55.002628229981,6.39005126931943,14.4083940364857,-0.00319997284915985,-0.00262822998097079
8370,36,55,36.0033361220757,55.0030719483943,6.38882311328994,14.4051957955182,-0.00333612207570866,-0.00307194839434288
8388,36,55,36.0034741544622,55.002498955396,6.38759495726045,14.4076899453004,-0.0034741544622463,-0.00249895539595002
8406,36,55,36.0035565594033,55.0013661903016,6.38636680123096,14.4133773896534,-0.00355655940328603,-0.00136619030161
8424,36,55,36.0034706569417,55.0008656250687,6.38513864520147,14.4158715394356,-0.00347065694171533,-0.000865625068684039
8442,36,55,36.0033099173014,55.0016427927195,6.38391048917198,14.4137533719316,-0.00330991730142927,-0.0016427927195295
8460,36,55,36.0029742628694,55.0031227142145,6.3855143524686,14.4069572230827,-0.00297426286935121,-0.00312271421447718
8478,36,55,36.0024281922074,55.0040912414691,6.38711821576522,14.4025597150039,-0.00242819220741808,-0.00409124146911211
8496,36,55,36.0017534656389,55.0037805231878,6.38948165160006,14.4031591455449,-0.00175346563892731,-0.00378052318779254
8514,36,55,36.0010511012681,55.0028931368044,6.3918450874349,14.4053561429817,-0.00105110126807517,-0.00289313680438852
8532,36,55,36.0006405386724,55.0024666237497,6.39344895073151,14.407850292764,-0.000640538672442403,-0.00246662374971862
8550,36,55,36.0004630934218,55.0027721761352,6.39392029628092,14.4046520517965,-0.000463093421828376,-0.00277217613517422
8568,36,55,36.0004841798285,55.003298316864,6.39439164183032,14.401453810829,-0.000484179828539766,-0.00329831686399018
8586,36,55,36.0006737396838,55.0029245277765,6.39486298737972,14.40205324137,-0.000673739683762165,-0.00292452777649999
8604,36,55,36.0009765684447,55.0017161494433,6.39385990251095,14.4077406857229,-0.000976568444684744,-0.00171614944332532
8622,36,55,36.0013845748312,55.0005606904492,6.39285681764219,14.4134281300758,-0.00138457483124199,-0.000560690449198376
8640,36,55,36.0018728696141,55.0004817187671,6.39185373277343,14.4143734356136,-0.00187286961414657,-0.000481718767105122
8658,36,55,36.0023539150851,55.001398774945,6.39085064790466,14.4122552681096,-0.0023539150851235,-0.00139877494504503
8676,36,55,36.0026122261134,55.0022602155604,6.3898475630359,14.4101371006057,-0.00261222611337075,-0.00226021556036926
8694,36,55,36.0026686579425,55.0024956426107,6.3903189085853,14.4092186031925,-0.00266865794245064,-0.00249564261066126
8712,36,55,36.0026255252471,55.0023818676872,6.3907902541347,14.4101639087302,-0.00262552524711168,-0.00238186768718407
8730,36,55,36.0025386791235,55.0022421973387,6.3912615996841,14.411109214268,-0.00253867912353201,-0.00224219733871678
8748,36,55,36.0024034485115,55.0024368930805,6.3917329452335,14.4120545198057,-0.00240344851148677,-0.00243689308054229
8766,36,55,36.0023223009644,55.0029432685316,6.39220429078291,14.4088562788382,-0.0023223009643516,-0.00294326853160243
8784,36,55,36.0022684848189,55.0036387766808,6.39267563633231,14.4044587707595,-0.00226848481891295,-0.00363877668081614
8802,36,55,36.0022417693072,55.0035193122073,6.39314698188171,14.4032592705512,-0.00224176930718301,-0.00351931220732382
8820,36,55,36.0022566221049,55.0025020956102,6.39361832743111,14.4070525690572,-0.00225662210492317,-0.0025020956102253
8838,36,55,36.0023872094823,55.0013886036283,6.39408967298051,14.4127400134101,-0.00238720948231474,-0.00138860362833526
8856,36,55,36.00263646837,55.0011635252483,6.39308658811175,14.4152341631924,-0.00263646837001374,-0.00116352524833729
8874,36,55,36.0029251651229,55.0020139060523,6.39208350324298,14.4131159956884,-0.00292516512294583,-0.00201390605225527
8892,36,55,36.0031595059968,55.0031234347936,6.38924816834206,14.4075191672246,-0.00315950599675574,-0.00312343479357935
8910,36,55,36.0033232541633,55.0035162543095,6.38802001231257,14.4043209262571,-0.00332325416326285,-0.00351625430953106
8928,36,55,36.0033639741364,55.0026656971311,6.38679185628309,14.4065179236939,-0.00336397413640555,-0.00266569713105014
8946,36,55,36.003370730755,55.001267377394,6.3855637002536,14.4122053680468,-0.00337073075499461,-0.00126737739402927
8964,36,55,36.0032324397427,55.0006549030319,6.38433554422411,14.4162968030875,-0.00323243974273879,-0.000654903031922061
8982,36,55,36.003021545049,55.0013863808471,6.38422718077521,14.4141786355836,-0.00302154504900898,-0.00138638084710863
9000,36,55,36.002641943004,55.0031293317,6.38583104407182,14.4073824867346,-0.00264194300399367,-0.00312933170002339
9018,36,55,36.0020470044151,55.0043414957085,6.38743490736844,14.4017856582707,-0.00204700441508265,-0.00434149570845221
9036,36,55,36.0012971275711,55.0042272414488,6.38979834320328,14.4005861580625,-0.00129712757113509,-0.00422724144879538
9054,36,55,36.0006210951317,55.003254586725,6.39216177903812,14.4027831554993,-0.000621095131712934,-0.00325458672500645
9072,36,55,36.0002465086934,55.0024198191388,6.39376564233474,14.40687459054,-0.000246508693351188,-0.00241981913877964
9090,36,55,36.0001312267927,55.0022552456651,6.39423698788414,14.4078198960777,-0.000131226792717598,-0.00225524566506152
9108,36,55,36.0002427648431,55.0027435820045,6.39470833343354,14.4046216551102,-0.000242764843058296,-0.00274358200454117
9126,36,55,36.0005125369393,55.0031053200632,6.39370524856477,14.4014234141428,-0.000512536939268671,-0.00310532006321296
9144,36,55,36.0008494796542,55.0024646697318,6.39270216369601,14.4055148491834,-0.000849479654213781,-0.00246466973177917
9162,36,55,36.0012195288785,55.0010695273051,6.39169907882725,14.4112022935363,-0.00121952887846533,-0.0010695273051482
9180,36,55,36.0016872625982,55.0004711414773,6.39069599395848,14.4136964433186,-0.0016872625982387,-0.000471141477341064
9198,36,55,36.0020916597501,55.0009521392706,6.38969290908972,14.4127779459054,-0.00209165975012127,-0.000952139270609109
9216,36,55,36.0022951311094,55.0017339819353,6.38868982422095,14.4106597784014,-0.00229513110937773,-0.00173398193525998
9234,36,55,36.0022914943488,55.0023085442377,6.38916116977035,14.4097412809882,-0.00229149434878195,-0.00230854423773508
9252,36,55,36.0021581556352,55.0025209074121,6.38963251531976,14.4065430400207,-0.00215815563518618,-0.00252090741213351
9270,36,55,36.0019633527408,55.0025832808476,6.39010386086916,14.4053435398125,-0.00196335274080184,-0.00258328084764514
9288,36,55,36.0017243147044,55.0021420989116,6.39170772416578,14.4078376895947,-0.00172431470444678,-0.00214209891164785
9306,36,55,36.0015580648889,55.0017184170409,6.39217906971518,14.410331839377,-0.00155806488893973,-0.00171841704087683
9324,36,55,36.0015007746261,55.0020094981305,6.39265041526458,14.4094133419637,-0.00150077462614462,-0.00200949813054763
9342,36,55,36.0014993719188,55.002681032503,6.39312176081398,14.405015833885,-0.0014993719187899,-0.00268103250300555
9360,36,55,36.0015879131957,55.0029585881046,6.39359310636338,14.4018175929175,-0.0015879131957206,-0.00295858810458327
9378,36,55,36.0016837047908,55.0022543780073,6.39406445191278,14.4059090279582,-0.00168370479079272,-0.0022543780073363
9396,36,55,36.0018531187996,55.0009140605366,6.39453579746219,14.4115964723111,-0.00185311879959471,-0.000914060536572947
9414,36,55,36.0021481034831,55.0005244620929,6.39353271259342,14.4140906220933,-0.00214810348306571,-0.000524462092869271
9432,36,55,36.0025150573822,55.0012191312849,6.39252962772466,14.4119724545894,-0.00251505738216906,-0.00121913128491258
9450,36,55,36.0028195357736,55.0021811403666,6.39152654285589,14.4098542870855,-0.00281953577357541,-0.00218114036660211
9468,36,55,36.003050894962,55.0025194682979,6.38869120795497,14.406656046118,-0.00305089496202271,-0.00251946829794747
9486,36,55,36.0031567987483,55.0022635598523,6.38746305192548,14.4091501959002,-0.00315679874833563,-0.00226355985232374
9504,36,55,36.003214036743,55.0014045655361,6.386234895896,14.4132416309409,-0.00321403674303156,-0.00140456553614143
9522,36,55,36.0032262143818,55.0012906153709,6.38500673986651,14.4141869364786,-0.00322621438176895,-0.00129061537091957
9540,36,55,36.0030301163748,55.0020920014184,6.38377858383702,14.4120687689747,-0.00303011637482342,-0.00209200141837584
9558,36,55,36.0026593801855,55.0030676578851,6.38538244713364,14.4076712608959,-0.00265938018550571,-0.00306765788512564
9576,36,55,36.0021136208635,55.0038185594119,6.38698631043026,14.4032737528172,-0.00211362086352551,-0.00381855941192555
9594,36,55,36.0014659091163,55.0037694303927,6.38934974626509,14.4020742526089,-0.00146590911625566,-0.00376943039265143
9612,36,55,36.000780334166,55.0030735425907,6.39171318209993,14.4042712500458,-0.000780334165966678,-0.00307354259072667
9630,36,55,36.0003443369988,55.0024830868283,6.39331704539655,14.406765399828,-0.000344336998750805,-0.00248308682834875
9648,36,55,36.0001496601423,55.0026393454758,6.39378839094595,14.4055658996198,-0.000149660142298558,-0.00263934547578515
9666,36,55,36.0001856744015,55.0030785469914,6.39425973649535,14.4023676586523,-0.00018567440150008,-0.00307854699140364
9684,36,55,36.0003892612162,55.0029987626723,6.39325665162659,14.401168158444,-0.000389261216241721,-0.00299876267233401
9702,36,55,36.0006981656428,55.0020113678962,6.39225356675782,14.4052595934847,-0.000698165642759818,-0.00201136789620193
9720,36,55,36.0010775944513,55.0006796125613,6.39125048188906,14.4109470378376,-0.00107759445134548,-0.000679612561256704
9738,36,55,36.0015457091296,55.0001420209504,6.3902473970203,14.4134411876198,-0.0015457091296156,-0.000142020950448796
9756,36,55,36.0019149004664,55.0006813554206,6.38924431215153,14.4125226902066,-0.00191490046636744,-0.000681355420638852
9774,36,55,36.0020843377363,55.0015192032857,6.38971565770093,14.4104045227027,-0.00208433773631356,-0.00151920328571009
9792,36,55,36.0020477983339,55.0021475568702,6.39018700325033,14.4082863551988,-0.00204779833387647,-0.00214755687017032
9810,36,55,36.001882649615,55.0023821552565,6.39065834879974,14.4073678577855,-0.00188264961501972,-0.00238215525646979
9828,36,55,36.0016570919499,55.0022993154937,6.39226221209635,14.4083131633233,-0.00165709194986619,-0.00229931549366569
9846,36,55,36.0015222752544,55.0022083081487,6.39273355764576,14.409258468861,-0.00152227525441617,-0.0022083081486528
9864,36,55,36.0014767781858,55.0024670372451,6.39320490319516,14.4083399714478,-0.00147677818584668,-0.00246703724511121
9882,36,55,36.001489012653,55.0028141573865,6.39367624874456,14.4051417304803,-0.00148901265304602,-0.00281415738652413
9900,36,55,36.0016242856119,55.0028221453275,6.39414759429396,14.4039422302721,-0.00162428561188932,-0.00282214532749236
9918,36,55,36.0017921208256,55.0021419403891,6.39461893984336,14.4080336653128,-0.0017921208255558,-0.00214194038907323
9936,36,55,36.0020262643847,55.0011917770924,6.3936158549746,14.4121251003534,-0.00202626438472464,-0.00119177709236595
9954,36,55,36.0023556505224,55.0011110439983,6.39261277010583,14.4130704058912,-0.00235565052238229,-0.00111104399825734
9972,36,55,36.0027220241276,55.0017440530109,6.39160968523707,14.4109522383872,-0.00272202412762113,-0.00174405301090275
9990,36,55,36.0030332411414,55.0023561453182,6.38877435033615,14.4088340708833,-0.00303324114136672,-0.00235614531823103
10008,36,55,36.0031756773834,55.0023733714814,6.38754619430666,14.409779376421,-0.00317567738343172,-0.00237337148142558
10026,36,55,36.003214714195,55.001924302857,6.38631803827717,14.4122735262033,-0.00321471419504604,-0.00192430285704859
10044,36,55,36.0032063974426,55.0018515469677,6.38508988224768,14.413218831741,-0.00320639744259665,-0.00185154696767142
10062,36,55,36.0029784473993,55.0023906916918,6.3866937455443,14.4123003343278,-0.00297844739929332,-0.00239069169177242
10080,36,55,36.0026105881375,55.0031575746143,6.38829760884092,14.407902826249,-0.00261058813747184,-0.00315757461432042
10098,36,55,36.0020952536605,55.0039428774464,6.38990147213754,14.4035053181703,-0.00209525366049235,-0.00394287744637722
10116,36,55,36.0014719547039,55.0039239857631,6.39226490797238,14.402305817962,-0.00147195470392347,-0.00392398576312303
10134,36,55,36.0010379334926,55.0032545965403,6.39386877126899,14.4045028153989,-0.00103793349255454,-0.00325459654028748
10152,36,55,36.0008599910786,55.002687284399,6.3943401168184,14.4051022459399,-0.000859991078570488,-0.00268728439901622
10170,36,55,36.0009152332308,55.0024506994097,6.3948114623678,14.4075963957221,-0.000915233230806223,-0.00245069940970666
10188,36,55,36.00119328111,55.0022260212896,6.39380837749903,14.4100905455043,-0.00119328111003369,-0.00222602128955884
10206,36,55,36.0015711848488,55.0023512966066,6.39280529263027,14.4110358510421,-0.00157118484878538,-0.00235129660658373
10224,36,55,36.0019646346233,55.0026424382074,6.39180220776151,14.4078376100746,-0.00196463462326335,-0.00264243820743104
10242,36,55,36.0023356625594,55.0027648930131,6.39079912289274,14.4066381098663,-0.00233566255938911,-0.00276489301313632
10260,36,55,36.0025627286957,55.002147899371,6.38979603802398,14.410729544907,-0.00256272869567908,-0.00214789937096072
10278,36,55,36.0026859089621,55.0013700966332,6.39026738357338,14.4148209799477,-0.00268590896210696,-0.00137009663318111
10296,36,55,36.002772686935,55.001623422686,6.39073872912278,14.4139024825345,-0.002772686934982,-0.00162342268595239
10314,36,55,36.0027689141494,55.0027067982367,6.39121007467218,14.4083056540706,-0.00276891414942781,-0.00270679823665887
10332,36,55,36.0025864298105,55.0034994351788,6.39168142022158,14.4039081459918,-0.00258642981051338,-0.0034994351787816
10350,36,55,36.0023814824835,55.0031932111575,6.3932852835182,14.4045075765328,-0.00238148248347869,-0.00319321115745197
10368,36,55,36.0022671768683,55.0022484056378,6.3937566290676,14.4085990115735,-0.00226717686828692,-0.00224840563778628
10386,36,55,36.00231516392,55.0015632304806,6.394227974617,14.4126904466142,-0.00231516392001652,-0.00156323048057061
10404,36,55,36.0024777670514,55.0017508832324,6.39469932016641,14.4136357521519,-0.00247776705140978,-0.0017508832323756
10422,36,55,36.0027501739182,55.0026467550045,6.39369623529764,14.4092382440731,-0.00275017391820853,-0.00264675500453393
10440,36,55,36.0029761067009,55.0034601060889,6.39269315042888,14.4048407359944,-0.00297610670093462,-0.00346010608889458
10458,36,55,36.0031655952345,55.0030496673369,6.39146499439939,14.4054401665354,-0.00316559523450621,-0.00304966733687451
10476,36,55,36.0033953765355,55.0017796104037,6.38862965949847,14.4111276108883,-0.00339537653545818,-0.00177961040368757
10494,36,55,36.0036260627733,55.0007951021295,6.38579432459755,14.4152190459289,-0.00362606277325028,-0.000795102129501402
10512,36,55,36.0038289893525,55.0009774032012,6.38295898969663,14.4161643514667,-0.00382898935248477,-0.000977403201162019
10530,36,55,36.0038787924725,55.0020274778715,6.38173083366714,14.412846513872,-0.00387879247247724,-0.00202747787145796
10548,36,55,36.0035574082755,55.0031899491287,6.38162247021823,14.4072496854082,-0.00355740827549766,-0.00318994912866799
10566,36,55,36.0029112231127,55.0036397866972,6.38398590605307,14.4040514444407,-0.00291122311273284,-0.00363978669723508
10584,36,55,36.0020223056278,55.0032982336327,6.38634934188791,14.4046508749817,-0.00202230562780414,-0.00329823363269099
10602,36,55,36.0011210218135,55.0028178098619,6.38871277772275,14.4052503055227,-0.00112102181348916,-0.00281780986190938
10620,36,55,36.0003420969077,55.0029451317952,6.39107621355758,14.4040508053144,-0.000342096907687051,-0.00294513179515832
10638,36,55,35.999846160098,55.0033930554596,6.3926800768542,14.4008525643469,0.000153839901997799,-0.00339305545956137
10656,36,55,35.9995697540827,55.003597884884,6.39428394015082,14.3976543233795,0.000430245917335981,-0.00359788488398749
10674,36,55,35.99951290095,55.0028798626348,6.39475528570022,14.3998513208163,0.000487099050019424,-0.00287986263481343
10692,36,55,35.9997069698285,55.0014191157279,6.39522663124962,14.4071335000636,0.000293030171533815,-0.00141911572791287
10710,36,55,36.0001104854464,55.0003974232211,6.39422354638086,14.4128209444165,-0.000110485446441544,-0.000397423221087934
10728,36,55,36.0006916001153,55.0006628345964,6.39322046151209,14.4119024470033,-0.000691600115281688,-0.000662834596397488
10746,36,55,36.0012329569725,55.0017101462326,6.39221737664333,14.4085846094086,-0.00123295697248693,-0.00171014623263943
10764,36,55,36.0016510577203,55.002163168235,6.39121429177457,14.4076661119954,-0.0016510577203448,-0.00216316823496499
10782,36,55,36.0018764026783,55.0018224147088,6.3902112069058,14.4101602617776,-0.00187640267825628,-0.0018224147087551
10800,36,60,36.0020329272886,55.0013006968649,6.3906825524552,14.4101602617776,-0.00203292728863858,4.99869930313513
10818,36,60,36.0021542985886,55.001379820041,6.3911538980046,16.5733821121404,-0.00215429858862137,4.99862017995899
10836,36,60,36.0021860033883,55.0546638265832,6.39162524355401,18.4728990430578,-0.00218600338826036,4.94533617341683
10854,36,60,36.0020808843725,55.553929478957,6.39209658910341,19.208522918053,-0.0020808843724609,4.44607052104304
10872,36,60,35.9943249319743,56.3788686468522,6.41074377511213,18.7365127051474,0.00567506802570961,3.62113135314776
10890,36,60,35.9432123946309,57.2513072261003,6.54400817695916,17.7650977112864,0.0567876053690597,2.74869277389966
10908,36,60,35.8603146195564,57.9285740335521,6.79038363128164,17.2164695604945,0.139685380443595,2.07142596644791
10926,36,60,35.7720495566243,58.3462755345065,7.10410243524952,17.0452543117487,0.227950443375661,1.65372446549349
10944,36,60,35.7028995013904,58.6174025999644,7.42917038139689,17.0850136417755,0.297100498609566,1.38259740003556
10962,36,60,35.6688931194847,58.831623052236,7.71140869428785,17.1597060846578,0.331106880515257,1.16837694776402
10980,36,60,35.6700144760044,59.0322873709283,7.82423654213738,17.1630205737099,0.32998552399556,0.967712629071698
10998,36,60,35.7039390301657,59.2103438446734,7.83425823506412,17.1274504202354,0.296060969834286,0.789656155326625
11016,36,60,35.7670259971292,59.337068637156,7.74729617345803,17.1591637027514,0.232974002870826,0.662931362843963
11034,36,60,35.854245594653,59.4001476100044,7.56511549673041,17.327724481004,0.145754405347006,0.599852389995576
11052,36,60,35.9510454095712,59.4170429295833,7.32160268270601,17.5692752996633,0.0489545904287709,0.582957070416654
11070,36,60,36.0475740908191,59.4223770709224,7.04835149409332,17.8255003421466,-0.0475740908190545,0.577622929077563
11088,36,60,36.1330668891539,59.451321881852,6.7822092915148,18.0353437075528,-0.133066889153895,0.54867811814799
11106,36,60,36.1963846890095,59.5170987880797,6.55810253901789,18.13372597885,-0.19638468900952,0.482901211920293
11124,36,60,36.2311327134145,59.6183474768853,6.39947705820691,18.0715571228448,-0.231132713414475,0.381652523114667
11142,36,60,36.23533273437,59.7410255731351,6.3438653291877,17.8741899630531,-0.23533273436999,0.258974426864853
11160,36,60,36.2117476916566,59.8602618887536,6.35794537570052,17.6102228001381,-0.211747691656626,0.139738111246359
11178,36,60,36.1675549642747,59.9561169854398,6.41578828304609,17.3522567489172,-0.167554964274665,0.0438830145602296
11196,36,60,36.1126036121172,60.0203435359243,6.50160330704138,17.1515718401829,-0.112603612117212,-0.0203435359242548
11214,36,60,36.0590561819692,60.0553865660494,6.59336892785589,17.0248881852867,-0.0590561819691686,-0.0553865660493713
11232,36,60,36.0144273408828,60.0697350838965,6.6760386604617,16.9543395840382,-0.0144273408827971,-0.069735083896532
11250,36,60,35.982085409947,60.068108217057,6.74974238960118,16.9467783981259,0.0179145900530386,-0.068108217056988
11268,36,60,35.9628556941581,60.0547238258386,6.81116868399652,16.9877413877055,0.0371443058418635,-0.0547238258385505
11286,36,60,35.9553534791799,60.0372991990445,6.85499742628292,17.0497664977658,0.0446465208201445,-0.0372991990445186
11304,36,60,35.9571472024389,60.0212944438557,6.86542215742451,17.1086728040131,0.042852797561082,-0.0212944438556804
11322,36,60,35.9657997872086,60.008661723366,6.85403921960795,17.1571919190981,0.0342002127913759,-0.00866172336603199
11340,36,60,35.9790549085248,59.998545543012,6.8242534839975,17.1976718214349,0.0209450914751841,0.00145445698804991
11358,36,60,35.9948334857364,59.9890648281352,6.78361566729314,17.2447131927882,0.0051665142635926,0.0109351718647872
11376,36,60,36.0101573912134,59.9798432156954,6.7385087205157,17.2991694532827,-0.0101573912133972,0.0201567843046035
11394,36,60,36.0231946302965,59.9741276049883,6.69546050672581,17.3440522528865,-0.023194630296473,0.0258723950116817
11412,36,60,36.0324289621472,59.9768485708786,6.66163161236885,17.3512479902214,-0.0324289621471507,0.0231514291214481
11430,36,60,36.0368149269222,59.9875104917294,6.63920972740743,17.3251388944714,-0.036814926922176,0.0124895082706331
11448,36,60,36.0359898836525,60.0001852265622,6.63552286854598,17.2870306242457,-0.0359898836525119,-0.000185226562159357
11466,36,60,36.0306030854603,60.010003649617,6.6410391144371,17.2530725059249,-0.0306030854603065,-0.0100036496169906
11484,36,60,36.0224013545246,60.0161433246813,6.65347783575081,17.2291180194492,-0.0224013545245612,-0.0161433246813161
11502,36,60,36.0131256709526,60.0201585257635,6.66917865652007,17.2091692213643,-0.0131256709526326,-0.0201585257635486
11520,36,60,36.0046728593035,60.0233987853562,6.68424114108935,17.189632390451,-0.00467285930351125,-0.0233987853561928
11538,36,60,35.9977749874377,60.0254507880573,6.69798602909409,17.1736826321895,0.00222501256227758,-0.0254507880572916
11556,36,60,35.9928185412079,60.0242755032889,6.71133052379884,17.1734833396779,0.00718145879206844,-0.0242755032889406
11574,36,60,35.9899684816564,60.0199347899292,6.72511233481702,17.186989248513,0.0100315183435953,-0.0199347899291737
11592,36,60,35.9890772658758,60.0149896829334,6.73454318167328,17.2030814308911,0.0109227341241862,-0.0149896829334111
11610,36,60,35.9898267485065,60.0115341307269,6.73658601983595,17.2154217858421,0.0101732514934909,-0.0115341307269148
11628,36,60,35.9917898596941,60.0097350761274,6.73321299735682,17.2198093543979,0.00821014030586298,-0.00973507612739866
11646,36,60,35.9947182607218,60.0085811481476,6.72764325781576,17.2226025576034,0.00528173927819608,-0.00858114814759858
11664,36,60,35.99817681638,60.0064298964243,6.71784852075012,17.2295846369332,0.00182318362002576,-0.00642989642433633
11682,36,60,36.0015772947929,60.0030180044759,6.70805378368447,17.2429290352734,-0.00157729479286672,-0.00301800447591916
11700,36,60,36.0045542189372,59.999854985523,6.69862635247107,17.2565774403989,-0.004554218937173,0.000145014477013206
11718,36,60,36.0069120433696,59.9990316601634,6.6902972695641,17.2606688754396,-0.00691204336959572,0.000968339836568077
11736,36,60,36.0081920381605,60.0008973250118,6.68526410961269,17.2549516976635,-0.00819203816054426,-0.000897325011763428
11754,36,60,36.0082991217098,60.0035351975346,6.6840359535832,17.2445575876591,-0.0082991217098396,-0.00353519753456055
11772,36,60,36.0073379246213,60.0055473429591,6.6846870995756,17.236562118425,-0.00733792462133209,-0.00554734295909753
11790,36,60,36.0056448013216,60.006303600337,6.68685694645222,17.2321646103463,-0.00564480132160838,-0.00630360033697741
11808,36,60,36.0037211677481,60.0065054588227,6.6897859920321,17.2289663693788,-0.00372116774808973,-0.00650545882267295
11826,36,60,36.0019886981837,60.0068495523861,6.69366826928299,17.2257681284114,-0.00198869818372316,-0.00684955238608609
11844,36,60,36.0005609844823,60.0071866880359,6.69755054653388,17.2225698874439,-0.000560984482298466,-0.00718668803591527
11862,36,60,35.9994969704613,60.0070456816412,6.70067345368007,17.2213703872356,0.000503029538712951,-0.00704568164123032
11880,36,60,35.9988333840687,60.0062607160991,6.7030368895149,17.2235673846725,0.001166615931254,-0.00626071609907797
11898,36,60,35.998640655964,60.0051332902369,6.70350823506431,17.2273606831784,0.00135934403603244,-0.00513329023685571
11916,36,60,35.9988972762204,60.0042411998332,6.70250515019554,17.2295576806153,0.00110272377963838,-0.00424119983323834
11934,36,60,35.9994719930314,60.0036667148864,6.70150206532678,17.2301571111563,0.000528006968593786,-0.00366671488642822
11952,36,60,36.0002181444702,60.0030021623179,6.69939951130335,17.2323541085931,-0.000218144470238713,-0.0030021623179266
11970,36,60,36.0009387827409,60.0020628933888,6.69729695727993,17.2364455436338,-0.000938782740888655,-0.00206289338879628
11988,36,60,36.0015298410579,60.0012992051775,6.69629387241117,17.2405369786744,-0.00152984105785947,-0.00129920517754556
12006,36,60,36.0020098426297,60.0012814005351,6.6952907875424,17.2414822842122,-0.00200984262974657,-0.00128140053509895
12024,36,60,36.0022508003935,60.0020649161838,6.69428770267364,17.2393641167082,-0.00225080039348313,-0.00206491618384064
12042,36,60,36.002222828891,60.0029329236769,6.69475904822304,17.2349666086295,-0.00222282889096448,-0.00293292367690157
12060,36,60,36.0020441365481,60.0034030866765,6.69523039377244,17.231768367662,-0.00204413654812186,-0.00340308667653488
12078,36,60,36.0017912703221,60.0031454468937,6.69683425706906,17.232367798203,-0.00179127032209436,-0.00314544689372553
12096,36,60,36.0015261769314,60.0024247523182,6.69843812036568,17.2364592332437,-0.00152617693137103,-0.00242475231815575
12114,36,60,36.0014106292262,60.0020831321771,6.69890946591508,17.2389533830259,-0.00141062922624968,-0.00208313217711975
12132,36,60,36.0014090061756,60.0027078377779,6.69938081146448,17.2345558749471,-0.00140900617557804,-0.00270783777786221
12150,36,60,36.0015368562178,60.0035579370441,6.69985215701388,17.2301583668684,-0.0015368562178395,-0.00355793704414964
12168,36,60,36.0017416022804,60.0033101698151,6.69884907214512,17.2307577974094,-0.0017416022803971,-0.00331016981512278
12186,36,60,36.0019751155583,60.0020418592312,6.69784598727635,17.2364452417623,-0.00197511555826679,-0.00204185923124101
12204,36,60,36.0023491818956,60.0008881062873,6.69684290240759,17.2421326861152,-0.00234918189563871,-0.00088810628729874
12222,36,60,36.0028374707008,60.000922956212,6.69583981753882,17.2430779916529,-0.00283747070084672,-0.000922956212043857
12240,36,60,36.0031995236333,60.0019223746449,6.6930044826379,17.240959824149,-0.00319952363333442,-0.00192237464490574
12258,36,60,36.0033451568709,60.0028307114012,6.69177632660841,17.2365623160702,-0.00334515687090686,-0.00283071140118807
12276,36,60,36.0033018589733,60.0032166733949,6.69054817057893,17.2333640751028,-0.00330185897328761,-0.00321667339485998
12294,36,60,36.0031709041903,60.0027542797231,6.68932001454944,17.2339635056438,-0.00317090419031274,-0.00275427972310638
12312,36,60,36.0028541190292,60.0018518642689,6.69092387784606,17.2380549406844,-0.00285411902917332,-0.00185186426887896
12330,36,60,36.0025217862814,60.0013566948823,6.69252774114268,17.2405490904667,-0.00252178628142019,-0.00135669488234669
12348,36,60,36.0021448080247,60.0020900818389,6.69413160443929,17.2384309229627,-0.00214480802473815,-0.00209008183891513
12366,36,60,36.0016447182599,60.0033531718782,6.69573546773591,17.2328340944988,-0.00164471825994639,-0.00335317187823847
12384,36,60,36.001220875734,60.0041472083362,6.69733933103253,17.2284365864201,-0.00122087573399199,-0.00414720833621374
12402,36,60,36.0009315301738,60.0039061541925,6.69894319432915,17.2290360169611,-0.000931530173772899,-0.00390615419253493
12420,36,60,36.0008647225969,60.0027186172006,6.69941453987855,17.2328293154671,-0.00086472259687298,-0.00271861720059974
12438,36,60,36.0010663181413,60.0016522164956,6.69841145500979,17.23851675982,-0.00106631814134062,-0.00165221649558589
12456,36,60,36.0014850723285,60.0013243397101,6.69740837014102,17.2410109096022,-0.00148507232850648,-0.00132433971008084
12474,36,60,36.0020141738322,60.0019262547469,6.69640528527226,17.2388927420983,-0.00201417383217262,-0.0019262547468557
12492,36,60,36.0024897808399,60.0026457962437,6.69540220040349,17.2344952340195,-0.00248978083986628,-0.00264579624369787
12510,36,60,36.0027599835164,60.0025406165308,6.69439911553473,17.2332957338113,-0.00275998351638407,-0.00254061653079418
12528,36,60,36.0028986962045,60.0014755555356,6.69487046108413,17.2389831781642,-0.00289869620447547,-0.00147555553560608
12546,36,60,36.0029983309777,60.0005049360881,6.69534180663353,17.2430746132048,-0.00299833097768953,-0.000504936088063346
12564,36,60,36.0030856796425,60.0008882979036,6.69411365060404,17.2421561157916,-0.00308567964246009,-0.000888297903571811
12582,36,60,36.0030786391529,60.0020853455691,6.69288549457456,17.238838278197,-0.00307863915287498,-0.0020853455691352
12600,36,60,36.0029971919902,60.0030329271128,6.69335684012396,17.2344407701182,-0.00299719199021098,-0.00303292711284087
12618,36,60,36.0029002839517,60.0032891101137,6.69382818567336,17.2312425291507,-0.00290028395173181,-0.00328911011369826
12636,36,60,36.0027355131491,60.0025655369493,6.69429953122276,17.2334395265876,-0.00273551314910492,-0.00256553694926254
12654,36,60,36.0025400444507,60.0012977293312,6.69477087677216,17.2391269709405,-0.00254004445066869,-0.00129772933119909
12672,36,60,36.0024757408845,60.0008475775354,6.69524222232156,17.2416211207227,-0.00247574088449198,-0.000847577535353139
12690,36,60,36.002504040971,60.0017339707182,6.69571356787097,17.2395029532188,-0.00250404097101864,-0.00173397071816339
12708,36,60,36.0025152558228,60.0029102087891,6.69618491342037,17.2339061247549,-0.00251525582283563,-0.00291020878910331
12726,36,60,36.0024634746472,60.0033848968229,6.69665625896977,17.2307078837874,-0.00246347464717189,-0.0033848968229222
12744,36,60,36.0024256806802,60.0026292272746,6.69712760451917,17.2329048812243,-0.00242568068019722,-0.00262922727458204
12762,36,60,36.0024940059954,60.0013369005194,6.69759895006857,17.2385923255772,-0.00249400599538774,-0.00133690051942637
12780,36,60,36.0027139963689,60.0006490234729,6.69659586519981,17.2426837606178,-0.00271399636885405,-0.000649023472917065
12798,36,60,36.0030164779065,60.0011173226481,6.69376053029889,17.2417652632046,-0.00301647790652737,-0.0011173226481489
12816,36,60,36.0032921514483,60.0022066564729,6.69092519539797,17.23844742561,-0.00329215144830641,-0.00220665647289309
12834,36,60,36.0034897991445,60.0028589793116,6.68969703936848,17.2340499175312,-0.0034897991444609,-0.00285897931162538
12852,36,60,36.0035314227595,60.00263740774,6.68846888333899,17.2346493480722,-0.00353142275946539,-0.00263740773998222
12870,36,60,36.0033500912721,60.0015425914902,6.6872407273095,17.2403367924251,-0.00335009127211094,-0.00154259149019254
12888,36,60,36.0029874055325,60.0009039749876,6.68884459060612,17.2444282274658,-0.00298740553253651,-0.000903974987636502
12906,36,60,36.0025885643024,60.0018467959111,6.69044845390274,17.2423100599618,-0.00258856430242105,-0.00184679591113479
12924,36,60,36.0020563434815,60.0038075451439,6.69205231719936,17.2343145907277,-0.00205634348154859,-0.00380754514391413
12942,36,60,36.0013144553353,60.0052006351306,6.69441575303419,17.2287177622639,-0.00131445533527597,-0.00520063513062041
12960,36,60,36.0006721695211,60.0050388039434,6.69677918886903,17.2275182620556,-0.000672169521138244,-0.00503880394342104
12978,36,60,36.0002702081743,60.0040355587179,6.69838305216565,17.2313115605616,-0.000270208174278252,-0.00403555871791639
12996,36,60,36.0001906526062,60.0028578922284,6.69885439771505,17.2351048590676,-0.000190652606178787,-0.00285789222837707
13014,36,60,36.0004274327916,60.0024199825031,6.69785131284629,17.2375990088498,-0.000427432791568094,-0.00241998250307773
13032,36,60,36.0008776243006,60.0026042621111,6.69684822797752,17.2363995086416,-0.000877624300613888,-0.00260426211111309
13050,36,60,36.00138192143,60.0029049655029,6.69584514310876,17.2332012676741,-0.00138192142996019,-0.00290496550292119
13068,36,60,36.0018428397959,60.0025454625443,6.69484205823999,17.2338006982151,-0.0018428397958985,-0.00254546254429755
13086,36,60,36.0021645262343,60.0013864183351,6.69383897337123,17.239488142568,-0.00216452623425312,-0.00138641833509467
13104,36,60,36.0024158607251,60.0004775597008,6.69283588850247,17.2435795776086,-0.0024158607250726,-0.000477559700797769
13122,36,60,36.0026187415413,60.0009027784323,6.6918328036337,17.2426610801954,-0.00261874154132613,-0.000902778432276818
13140,36,60,36.0026895484178,60.0021341138277,6.6923041491831,17.2393432426008,-0.00268954841775582,-0.00213411382768669
13158,36,60,36.0025519690902,60.0031092506364,6.6927754947325,17.234945734522,-0.00255196909020583,-0.00310925063642742
13176,36,60,36.0022618778582,60.0033870097402,6.69437935802912,17.2317474935546,-0.00226187785821708,-0.00338700974020867
13194,36,60,36.0019208852723,60.0028705027601,6.69598322132574,17.2323469240955,-0.00192088527234091,-0.0028705027601319
13212,36,60,36.0017040552013,60.0019614954982,6.69758708462236,17.2364383591362,-0.00170405520129435,-0.00196149549818614
13230,36,60,36.0016263777111,60.0015013589725,6.69805843017176,17.2389325089184,-0.00162637771112628,-0.00150135897247594
13248,36,60,36.0017457712442,60.0018782280327,6.69852977572116,17.2380140115052,-0.00174577124423081,-0.00187822803273718
13266,36,60,36.0019822754368,60.0026150389809,6.6975266908524,17.2336165034265,-0.00198227543681639,-0.0026150389809203
13284,36,60,36.0022788987727,60.0028031500834,6.69652360598363,17.2324170032182,-0.00227889877265852,-0.00280315008343734
13302,36,60,36.0025765696128,60.0019009563172,6.69552052111487,17.2365084382589,-0.00257656961275643,-0.00190095631723608
13320,36,60,36.0029418265053,60.000726116342,6.69451743624611,17.2421958826118,-0.00294182650532804,-0.000726116341951411
13338,36,60,36.0032899826088,60.0004658983318,6.69168210134518,17.244690032394,-0.00328998260875579,-0.000465898331839298
13356,36,60,36.0035375124469,60.0012579464687,6.68884676644426,17.2425718648901,-0.00353751244693967,-0.00125794646865529
13374,36,60,36.003591015243,60.002479808621,6.68761861041477,17.2392540272954,-0.00359101524301764,-0.00247980862103248
13392,36,60,36.003443962924,60.0032191792294,6.68639045438529,17.2348565192167,-0.00344396292403104,-0.00321917922944692
13410,36,60,36.0030165366273,60.0032807370427,6.68628209093638,17.2336570190084,-0.00301653662734225,-0.00328073704272924
13428,36,60,36.002392854292,60.0026148935012,6.68864552677122,17.2358540164453,-0.00239285429199754,-0.00261489350124577
13446,36,60,36.001743004316,60.0022179481582,6.69100896260606,17.2383481662275,-0.00174300431600471,-0.00221794815820431
13464,36,60,36.0010804269385,60.0027435850868,6.69337239844089,17.23514992526,-0.00108042693847921,-0.00274358508683292
13482,36,60,36.0004341852772,60.0038353642708,6.69573583427573,17.2295530967962,-0.000434185277221388,-0.00383536427079179
13500,36,60,35.9999671545949,60.0043143111696,6.69733969757235,17.2263548558287,3.28454051299332e-05,-0.00431431116955139
13518,36,60,35.9997030555634,60.0037131294586,6.69894356086897,17.2285518532655,0.000296944436598778,-0.00371312945863167
13536,36,60,35.9997428073241,60.0023864570682,6.69941490641837,17.2342392976184,0.000257192675867657,-0.00238645706816243
13554,36,60,36.0001066681398,60.0014576227837,6.69841182154961,17.2383307326591,-0.000106668139778776,-0.00145762278367556
13572,36,60,36.0006534028155,60.0014801660135,6.69740873668084,17.2392760381968,-0.000653402815501636,-0.00148016601345091
13590,36,60,36.0012668967433,60.0019669204068,6.69530618265742,17.2383575407836,-0.00126689674330294,-0.00196692040682933
13608,36,60,36.0017935671069,60.0023178326498,6.69430309778865,17.2374390433704,-0.00179356710687273,-0.00231783264976571
13626,36,60,36.0021435532461,60.0021896272909,6.69330001291989,17.2383843489082,-0.00214355324611404,-0.00218962729090322
13644,36,60,36.0023782895823,60.0018074682384,6.69229692805113,17.2408784986904,-0.00237828958229613,-0.00180746823836841
13662,36,60,36.0024370922488,60.0017780331009,6.69276827360053,17.2418238042281,-0.00243709224881883,-0.0017780331009476
13680,36,60,36.0024092751125,60.0023397133093,6.69323961914993,17.2409053068149,-0.00240927511247691,-0.00233971330928995
13698,36,60,36.0022651452252,60.0032531363352,6.69371096469933,17.2365077987362,-0.00226514522518784,-0.00325313633515378
13716,36,60,36.0019881348739,60.0039355006824,6.69531482799595,17.2321102906574,-0.00198813487386929,-0.00393550068237403
13734,36,60,36.0017469184786,60.0037598106045,6.69691869129257,17.2309107904492,-0.00174691847860231,-0.00375981060447117
13752,36,60,36.0015924562403,60.0028949046125,6.69739003684197,17.233107787886,-0.00159245624032422,-0.00289490461253905
13770,36,60,36.001580385634,60.0019050571337,6.69786138239137,17.2371992229267,-0.00158038563395024,-0.00190505713366917
13788,36,60,36.0017910428932,60.0014685484393,6.69685829752261,17.2396933727089,-0.00179104289316001,-0.00146854843933397
13806,36,60,36.0021532949888,60.0018430988426,6.69585521265384,17.2387748752957,-0.00215329498884387,-0.00184309884259903
13824,36,60,36.002497356485,60.0024183202151,6.69485212778508,17.2378563778825,-0.00249735648500149,-0.00241832021508515
13842,36,60,36.0027932546476,60.0025154302071,6.69384904291631,17.2366568776742,-0.00279325464758529,-0.00251543020705469
13860,36,60,36.0029552923208,60.0023061174747,6.69432038846571,17.2391510274565,-0.0029552923207774,-0.0023061174747383
13878,36,60,36.0030402053324,60.0018623531641,6.69309223243623,17.2416451772387,-0.00304020533242522,-0.00186235316414241
13896,36,60,36.0030506559557,60.0020844113312,6.69186407640674,17.2407266798255,-0.00305065595566845,-0.00208441133118242
13914,36,60,36.0029799347112,60.0028450658176,6.69233542195614,17.2363291717467,-0.00297993471119185,-0.002845065817624
13932,36,60,36.0028964309334,60.0033791178612,6.69280676750554,17.2331309307792,-0.00289643093344694,-0.00337911786122902
13950,36,60,36.0026724825141,60.0030963623946,6.69441063080216,17.2337303613202,-0.00267248251408603,-0.00309636239460076
13968,36,60,36.0023761963836,60.0022098596792,6.69601449409878,17.2378217963609,-0.00237619638357955,-0.00220985967919773
13986,36,60,36.0022135829139,60.0017779309055,6.69648583964818,17.2403159461431,-0.00221358291387475,-0.00177793090546174
14004,36,60,36.0021517302561,60.0023931478315,6.69695718519758,17.2381977786392,-0.00215173025610937,-0.00239314783151201
14022,36,60,36.0022075927737,60.0033343109166,6.69742853074698,17.2338002705604,-0.00220759277367932,-0.00333431091657843
14040,36,60,36.002329888349,60.0036356984664,6.69789987629639,17.230602029593,-0.00232988834902415,-0.00363569846644651
14058,36,60,36.0024635747957,60.0028104614252,6.69837122184579,17.2327990270298,-0.00246357479571202,-0.00281046142516317
14076,36,60,36.0026910228391,60.0013002797113,6.69736813697702,17.240081206277,-0.00269102283905909,-0.00130027971130176
14094,36,60,36.0030421566352,60.000436336488,6.6945328020761,17.2441726413177,-0.00304215663517482,-0.000436336488007782
14112,36,60,36.0034701731252,60.0010335415781,6.69169746717518,17.2432541439045,-0.00347017312516584,-0.00103354157806024
14130,36,60,36.0038603755645,60.0022299831041,6.68886213227426,17.2399363063098,-0.00386037556448571,-0.00222998310405842
14148,36,60,36.0040107662086,60.0029699992748,6.68763397624477,17.2355387982311,-0.00401076620855179,-0.00296999927478936
14166,36,60,36.0038379934528,60.0028188535678,6.68640582021528,17.2343392980228,-0.00383799345282654,-0.00281885356784528
14184,36,60,36.003439851,60.0019257561022,6.68629745676638,17.2384307330635,-0.00343985099995336,-0.00192575610219592
14202,36,60,36.0028673430679,60.0013460130594,6.687901320063,17.2409248828457,-0.0028673430678694,-0.00134601305937565
14220,36,60,36.0022718398784,60.0020374056771,6.68950518335962,17.2388067153418,-0.00227183987841784,-0.00203740567708621
14238,36,60,36.001585655172,60.0034914686044,6.69186861919445,17.2320105664928,-0.00158565517201481,-0.00349146860435212
14256,36,60,36.000824886692,60.0044742642057,6.69423205502929,17.2276130584141,-0.000824886692001314,-0.00447426420572583
14274,36,60,36.0001949489916,60.0042129007515,6.69659549086413,17.228212488955,-0.000194948991634192,-0.00421290075152569
14292,36,60,35.999797369175,60.0032605334704,6.69819935416075,17.2304094863919,0.000202630825022254,-0.00326053347036748
14310,36,60,35.9997610617921,60.0024254024188,6.69867069971015,17.2345009214325,0.000238938207886008,-0.00242540241882239
14328,36,60,36.0000146866405,60.0020134603312,6.69766761484138,17.2369950712148,-1.46866405259516e-05,-0.00201346033123428
14346,36,60,36.000455137837,60.0021855103809,6.69666452997262,17.2379403767525,-0.000455137836958386,-0.00218551038094006
14364,36,60,36.0009764890455,60.0025225657334,6.69566144510385,17.234742135785,-0.000976489045505957,-0.00252256573337206
14382,36,60,36.0014479842059,60.0025968943589,6.69465836023509,17.2335426355768,-0.00144798420589609,-0.00259689435893051
14400,36,60,36.0017717054438,60.0017862908866,6.69365527536633,17.2376340706175,-0.0017717054438009,-0.00178629088664195
14418,36,60,36.0019878900461,60.000817370528,6.69265219049756,17.2417255056581,-0.0019878900460526,-0.000817370528039874
14436,36,60,36.0021641751674,60.0008900202439,6.69312353604696,17.2426708111959,-0.00216417516737266,-0.000890020243915046
14454,36,60,36.0022465585661,60.0018481742947,6.69359488159636,17.2405526436919,-0.00224655856606404,-0.00184817429473583
14472,36,60,36.0021470187133,60.0029539978711,6.69406622714577,17.2349558152281,-0.00214701871325218,-0.00295399787111705
14490,36,60,36.0018856182746,60.0035448398705,6.69567009044238,17.2317575742606,-0.00188561827464184,-0.00354483987048582
14508,36,60,36.0016646313212,60.0030875177736,6.697273953739,17.2323570048016,-0.00166463132119077,-0.0030875177735723
14526,36,60,36.0015552730866,60.0022321194943,6.69774529928841,17.2364484398422,-0.00155527308660197,-0.00223211949428048
14544,36,60,36.0016029379925,60.0016297536849,6.69821664483781,17.2405398748829,-0.00160293799249445,-0.00162975368489526
14562,36,60,36.0018436011301,60.0018941840083,6.69721355996904,17.2396213774697,-0.00184360113013327,-0.00189418400826469
14580,36,60,36.0021974357393,60.0028155594441,6.69621047510028,17.2352238693909,-0.00219743573930486,-0.00281555944412304
14598,36,60,36.0025022832333,60.0031588273044,6.69520739023151,17.2320256284235,-0.00250228323331214,-0.00315882730437522
14616,36,60,36.0027748747617,60.0023364966212,6.69420430536275,17.2361170634641,-0.00277487476174798,-0.00233649662122559
14634,36,60,36.002987277249,60.0009958173451,6.69320122049399,17.241804507817,-0.00298727724896253,-0.000995817345128103
14652,36,60,36.0031881376402,60.0005925045408,6.69036588559306,17.2442986575993,-0.00318813764020831,-0.000592504540811944
14670,36,60,36.0033281713514,60.0014449331202,6.68913772956358,17.2421804900953,-0.00332817135139862,-0.00144493312021154
14688,36,60,36.0032771180974,60.0027435370317,6.68790957353409,17.2365836616315,-0.00327711809741515,-0.00274353703171215
14706,36,60,36.0030283900097,60.0035078020699,6.68780121008518,17.2321861535527,-0.00302839000967481,-0.00350780206986911
14724,36,60,36.0025021080222,60.0031769790718,6.6894050733818,17.2327855840937,-0.00250210802221318,-0.00317697907178172
14742,36,60,36.0019318011773,60.0022109535896,6.69100893667842,17.2368770191344,-0.00193180117733505,-0.00221095358962486
14760,36,60,36.0013802652088,60.0019354666473,6.69261279997504,17.2393711689166,-0.00138026520884438,-0.00193546664726085
14778,36,60,36.0009029463292,60.0027271001642,6.69421666327166,17.2349736608378,-0.000902946329247811,-0.00272710016418642
14796,36,60,36.000553028135,60.0040146964686,6.69582052656828,17.229376832374,-0.00055302813500191,-0.00401469646862296
14814,36,60,36.0002819169792,60.0042977438657,6.69742438986489,17.2261785914065,-0.000281916979218977,-0.00429774386566351
14832,36,60,36.0001419401348,60.0032763686482,6.6978957354143,17.2299718899125,-0.000141940134845697,-0.00327636864816583
14850,36,60,36.0002524575754,60.0016671479095,6.6983670809637,17.2372540691597,-0.000252457575427911,-0.00166714790953648
14868,36,60,36.0006140794596,60.0009033613574,6.69736399609493,17.2413455042004,-0.000614079459580807,-0.000903361357359245
14886,36,60,36.0011490600881,60.001463696509,6.69636091122617,17.2404270067872,-0.0011490600880677,-0.00146369650903466
14904,36,60,36.0016186222721,60.0024886588006,6.6953578263574,17.2371091691925,-0.001618622272062,-0.00248865880060123
14922,36,60,36.0019741268577,60.002925117961,6.69435474148864,17.233910928225,-0.00197412685772491,-0.00292511796097727
14940,36,60,36.0021672440297,60.0025169509696,6.69482608703804,17.234510358766,-0.00216724402969248,-0.00251695096963545
14958,36,60,36.0022924980337,60.0014650635877,6.69529743258744,17.2401978031189,-0.00229249803368248,-0.0014650635876734
14976,36,60,36.0023916372429,60.000853307702,6.69576877813684,17.2442892381596,-0.00239163724288005,-0.000853307702044503
14994,36,60,36.0024473779987,60.001571745733,6.69624012368625,17.2421710706557,-0.00244737799867778,-0.00157174573302399
15012,36,60,36.002505617819,60.0030525587248,6.69671146923565,17.2353749218067,-0.00250561781902547,-0.00305255872481069
15030,36,60,36.0024932063932,60.003956995217,6.69718281478505,17.2309774137279,-0.00249320639323258,-0.00395699521695292
15048,36,60,36.0024658399808,60.0033426531034,6.69765416033445,17.2331744111648,-0.00246583998075778,-0.00334265310335269
15066,36,60,36.0025492565493,60.0019499597444,6.69812550588385,17.2388618555177,-0.00254925654931526,-0.00194995974443657
15084,36,60,36.0028092587004,60.0011673070825,6.69712242101509,17.2429532905583,-0.00280925870042381,-0.00116730708252533
15102,36,60,36.0031707056769,60.0015460177994,6.69428708611417,17.2420347931451,-0.00317070567687239,-0.00154601779935604
15120,36,60,36.0035023938389,60.002550580775,6.69145175121325,17.2364379646813,-0.00350239383894291,-0.00255058077496528
15138,36,60,36.0037532707409,60.0030666627548,6.68861641631232,17.2332397237138,-0.00375327074086584,-0.00306666275484702
15156,36,60,36.0038454935161,60.0023218444469,6.68738826028284,17.2373311587545,-0.00384549351611696,-0.00232184444691796
15174,36,60,36.0037203812072,60.0010601042401,6.68616010425335,17.2430186031074,-0.00372038120722351,-0.00106010424012482
15192,36,60,36.0034459140504,60.0009198574689,6.68605174080444,17.2439639086451,-0.00344591405035288,-0.000919857468886676
15210,36,60,36.0029558450689,60.0022332181335,6.68765560410106,17.2406460710504,-0.00295584506888247,-0.00223321813346899
15228,36,60,36.0022662377503,60.0039087224925,6.6900190399359,17.2338499222015,-0.00226623775025558,-0.00390872249252538
15246,36,60,36.0013844389858,60.0050539697939,6.69238247577074,17.2282530937376,-0.0013844389857951,-0.0050539697938774
15264,36,60,36.0005152072848,60.0049142821478,6.69474591160558,17.2270535935293,-0.000515207284763619,-0.00491428214779432
15282,36,60,35.9998999147706,60.0039417059866,6.69710934744041,17.2292505909662,0.000100085229419733,-0.00394170598656274
15300,36,60,35.9996583030573,60.002984450876,6.69871321073703,17.231447588403,0.000341696942662395,-0.00298445087601351
15318,36,60,35.9997411451304,60.0024451173195,6.69918455628643,17.2339417381852,0.000258854869620961,-0.00244511731946773
15336,36,60,36.0000471300337,60.0021648925501,6.69818147141767,17.2364358879675,-4.71300337068215e-05,-0.00216489255009122
15354,36,60,36.0005107385165,60.002147260419,6.6971783865489,17.2373811935052,-0.000510738516460663,-0.00214726041902935
15372,36,60,36.0010610678222,60.0023078426968,6.69617530168014,17.238326499043,-0.00106106782215676,-0.00230784269675866
15390,36,60,36.0015886794718,60.0023195310093,6.69517221681138,17.2392718045807,-0.00158867947182983,-0.00231953100933424
15408,36,60,36.0019663460035,60.002274794869,6.69416913194261,17.2402171101184,-0.00196634600354173,-0.00227479486902382
15426,36,60,36.0022196645332,60.0023180655322,6.69316604707385,17.2411624156562,-0.00221966453320022,-0.00231806553222214
15444,36,60,36.0023532689579,60.002637046462,6.69363739262325,17.2379641746887,-0.00235326895790422,-0.00263704646199159
15462,36,60,36.0023716018236,60.0031242328896,6.69410873817265,17.2347659337212,-0.00237160182356888,-0.00312423288961838
15480,36,60,36.0022789233055,60.0029990011233,6.69458008372205,17.233566433513,-0.00227892330551072,-0.00299900112334228
15498,36,60,36.0020940541627,60.002378222661,6.69505142927145,17.2376578685537,-0.00209405416272546,-0.00237822266095122
15516,36,60,36.002020806182,60.0018217230498,6.69552277482086,17.2401520183359,-0.00202080618201705,-0.0018217230498152
15534,36,60,36.002053480812,60.0022819399483,6.69599412037026,17.2392335209227,-0.00205348081200896,-0.00228193994829695
15552,36,60,36.0021334267273,60.0030975839214,6.69646546591966,17.2348360128439,-0.00213342672728345,-0.00309758392143067
15570,36,60,36.0021737998588,60.0034968945637,6.69693681146906,17.2316377718765,-0.00217379985880939,-0.00349689456369617
15588,36,60,36.0022183115794,60.0028944928858,6.69740815701846,17.2338347693133,-0.00221831157936947,-0.00289449288581523
15606,36,60,36.002339124989,60.0017382462043,6.69787950256786,17.2395222136662,-0.00233912498899258,-0.00173824620431873
15624,36,60,36.0025880332985,60.0011709818459,6.6968764176991,17.2420163634484,-0.00258803329852242,-0.00117098184587405
15642,36,60,36.0029180262128,60.0017067668726,6.69587333283033,17.2410978660352,-0.00291802621278237,-0.00170676687260851
15660,36,60,36.0032198816672,60.0025562768949,6.69303799792941,17.2367003579565,-0.00321988166723486,-0.00255627689487881
15678,36,60,36.003448134244,60.0029628250779,6.69020266302849,17.233502116989,-0.00344813424398183,-0.00296282507792966
15696,36,60,36.0035462352994,60.002344325771,6.688974506999,17.2375935520297,-0.00354623529943154,-0.00234432577098431
15714,36,60,36.0035830701854,60.0011981099774,6.68774635096952,17.2432809963826,-0.00358307018542803,-0.00119810997737346
15732,36,60,36.003453606538,60.0011635807925,6.68651819494003,17.2442263019203,-0.00345360653796689,-0.00116358079247902
15750,36,60,36.0031041662682,60.0023366540808,6.68640983149112,17.2409084643257,-0.00310416626820853,-0.00233665408077854
15768,36,60,36.0025509340424,60.0038577377448,6.68801369478774,17.2341123154767,-0.00255093404236106,-0.00385773774476661
15786,36,60,36.0018013753458,60.0048490759388,6.69037713062258,17.2297148073979,-0.00180137534582059,-0.00484907593877892
15804,36,60,36.0009618677369,60.0045858451175,6.69274056645742,17.2303142379389,-0.000961867736947397,-0.00458584511747517
15822,36,60,36.0002192581037,60.0037565191276,6.69510400229225,17.2325112353757,-0.000219258103747677,-0.00375651912760588
15840,36,60,35.9997748450519,60.0033971438196,6.69670786558887,17.2331106659167,0.000225154948083173,-0.00339714381956924
15858,36,60,35.9996308906906,60.0035861574311,6.69717921113827,17.2319111657085,0.000369109309360738,-0.00358615743107293
15876,36,60,35.9996877326714,60.0036979921456,6.69765055668768,17.2307116655002,0.000312267328581584,-0.00369799214561795
15894,36,60,35.9999181462576,60.0032775833195,6.69664747181891,17.2313110960412,8.18537424152055e-05,-0.003277583319516
15912,36,60,36.0002852677393,60.0023925031236,6.69564438695015,17.2354025310819,-0.000285267739265294,-0.00239250312360184
15930,36,60,36.0007125246723,60.0014877033877,6.69464130208138,17.2394939661225,-0.0007125246723092,-0.00148770338769566
15948,36,60,36.0011851259733,60.0012954599609,6.69363821721262,17.2404392716603,-0.00118512597331488,-0.00129545996094294
15966,36,60,36.0015281725985,60.0018092256346,6.69263513234385,17.2395207742471,-0.00152817259847637,-0.00180922563456676
15984,36,60,36.0016794456009,60.0023327940751,6.69310647789326,17.2386022768339,-0.00167944560087108,-0.00233279407512299
16002,36,60,36.0016594223025,60.0027046277205,6.69357782344266,17.2354040358664,-0.00165942230248106,-0.00270462772047608
16020,36,60,36.0015368146312,60.0029032698086,6.69404916899206,17.2342045356582,-0.00153681463115163,-0.00290326980861266
16038,36,60,36.0013471899499,60.0025776233754,6.69452051454146,17.2348039661991,-0.001347189949918,-0.00257762337542999
16056,36,60,36.0012296204627,60.0022044537323,6.69499186009086,17.2372981159814,-0.0012296204626665,-0.00220445373228273
16074,36,60,36.001220243699,60.002179849611,6.69546320564026,17.2382434215191,-0.00122024369898099,-0.00217984961095397
16092,36,60,36.0012726964098,60.0026044781256,6.69593455118967,17.2350451805516,-0.0012726964097709,-0.0026044781255905
16110,36,60,36.0013467573107,60.0030296176246,6.69640589673907,17.2318469395842,-0.00134675731072065,-0.0030296176245912
16128,36,60,36.0014154454077,60.0026765023991,6.69687724228847,17.2324463701252,-0.00141544540772287,-0.00267650239905493
16146,36,60,36.0015219233537,60.0017083058513,6.69734858783787,17.2365378051658,-0.0015219233536925,-0.00170830585125259
16164,36,60,36.0017362617539,60.0009750823922,6.69634550296911,17.2406292402065,-0.00173626175386943,-0.00097508239223032
16182,36,60,36.0020391073549,60.0011032334597,6.69534241810034,17.2415745457442,-0.00203910735488932,-0.00110323345971608
