Tempo,Referencia_Temperatura,Referencia_Umidade,Saida_Temperatura,Saida_Umidade,Sinal_Controle_Temperatura,Sinal_Controle_Umidade,Erro_Temperatura,Erro_Umidade
18,30,55,22,50,0,0,8,5
36,30,55,22,50,0,0,8,5
54,30,55,22,50,0,0,8,5
72,30,55,22,50,0,0,8,5
90,30,55,22,50,0,0,8,5
108,30,55,22,50,0,0,8,5
126,30,55,22,50,0,0,8,5
126,30,55,22,50,2.2995149794042,0.536561614644541,8,5
144,30,55,22,50.1317258763952,4.5990299588084,1.01806212660582,8,4.86827412360476
162,30,55,22,51.3719534828148,6.89854493821259,1.17474737981564,8,3.62804651718522
180,30,55,21.9809198689832,53.4325021076218,9.19854493821259,0.998461026348081,8.01908013101676,1.56749789237817
198,30,55,22.0560780927186,55.5464529418201,11.2776616897705,0.412361079783019,7.94392190728138,-0.546452941820121
216,30,55,22.2589031917749,56.9857889250901,12.972640787876,0,7.74109680822511,-1.98578892509015
234,30,55,22.6556967392763,56.7938874392011,14.0453764476311,0,7.34430326072374,-1.79388743920112
252,30,55,23.3122693572068,55.5160964141311,14.115803395415,0.109451077496384,6.68773064279324,-0.516096414131098
270,30,55,24.2627873249662,54.0342035773343,13.7190616424525,0.408501542833654,5.7372126750338,0.965796422665711
288,30,55,25.4140136005576,52.6001461694219,12.9923444284164,0.84410909902513,4.58598639944239,2.39985383057814
306,30,55,26.6255501896598,51.6078905310259,11.948378928035,1.34135722544515,3.37444981034025,3.3921094689741
324,30,55,27.7788286385605,51.3215275486324,10.6265572961565,1.80976653268154,2.22117136143954,3.67847245136758
342,30,55,28.7932212225697,51.8535377023961,9.0772990119985,2.03763694696467,1.20677877743026,3.14646229760385
360,30,55,29.6184884100844,53.1411983326719,7.35480869010213,2.03997357104358,0.381511589915572,1.85880166732805
378,30,55,30.2246476553827,54.6780109891203,5.81383065903309,1.74018017553866,-0.224647655382725,0.321989010879747
396,30,55,30.6094100316275,55.9973667638382,4.79227909450801,1.31605817923552,-0.609410031627529,-0.99736676383818
414,30,55,30.8103492164041,56.5775829317776,4.14684587837883,0.99814950082322,-0.810349216404088,-1.57758293177759
432,30,55,30.8671185455196,56.3327891856909,3.78385118977229,0.937759600932651,-0.867118545519581,-1.33278918569095
450,30,55,30.8546502812361,55.6485263241365,3.65813199323317,0.976425665531036,-0.85465028123609,-0.648526324136469
468,30,55,30.8363685472922,55.1116606088938,3.54387177703407,1.03931617562105,-0.836368547292182,-0.111660608893828
486,30,55,30.8173729137282,54.8933601302122,3.43445064512101,1.09391883597431,-0.817372913728207,0.106639869787813
504,30,55,30.7744489686186,54.9523525449713,3.36699827229752,1.0886681603359,-0.774448968618579,0.0476474550286525
522,30,55,30.712372022166,55.1891121388888,3.33358736148532,1.00579480944126,-0.712372022166001,-0.189112138888817
540,30,55,30.6303319073612,55.4224324912516,3.33720158005949,0.890203213422092,-0.630331907361214,-0.422432491251598
558,30,55,30.5333513017902,55.4700500153917,3.37439438197682,0.831124917540924,-0.533351301790219,-0.470050015391706
576,30,55,30.4388679588852,55.3002750315485,3.42293561632755,0.831502380254973,-0.438867958885211,-0.300275031548523
594,30,55,30.3642400118512,55.0542352499969,3.45866598133743,0.861992711746685,-0.364240011851152,-0.054235249996907
612,30,55,30.3151159399494,54.8530891157781,3.47036014666018,0.923076211266209,-0.315115939949401,0.146910884221931
630,30,55,30.2811648550094,54.7521138692252,3.46879710824582,0.993853536277815,-0.281164855009365,0.247886130774816
648,30,55,30.2514192254976,54.7964526297794,3.46682159465379,1.01149036580905,-0.251419225497642,0.203547370220562
666,30,55,30.218466369547,54.9725655622054,3.4735483330909,0.975975240030968,-0.218466369546977,0.0274344377945965
684,30,55,30.1748963222308,55.1533788074149,3.50132368243311,0.910936459959981,-0.174896322230815,-0.153378807414924
702,30,55,30.1204300902575,55.2328941487436,3.55296179484669,0.857601188923794,-0.12043009025745,-0.232894148743569
720,30,55,30.0667402557283,55.1712364406607,3.61223293060957,0.852870529256029,-0.0667402557283481,-0.171236440660721
738,30,55,30.0247428678985,55.0173435631462,3.66319066852383,0.873973484635592,-0.0247428678984676,-0.0173435631461842
756,30,55,30.0002564308615,54.8772552253825,3.69588633464258,0.922717588595,-0.000256430861476531,0.122744774617473
774,30,55,29.9906897403909,54.8035374311497,3.71290254745342,0.978231530811907,0.00931025960908016,0.196462568850286
792,30,55,29.9867547335529,54.8402720384382,3.72509661358509,0.991845475742063,0.0132452664471394,0.159727961561771
810,30,55,29.9821687627215,54.9757600328312,3.74030549324854,0.965473074248444,0.0178312372785143,0.024239967168846
828,30,55,29.9705141741712,55.1108071584671,3.77081101393944,0.917736122678671,0.0294858258287931,-0.110807158467111
846,30,55,29.9512326688953,55.1659385815483,3.8203884680231,0.880549341022628,0.0487673311046919,-0.165938581548332
864,30,55,29.9330101265595,55.1133733729912,3.87713296643636,0.878993411670231,0.0669898734404661,-0.113373372991198
882,30,55,29.923685591855,54.9936892100079,3.9272225689399,0.897573066596302,0.0763144081450307,0.00631078999214907
900,30,55,29.9273668312285,54.8853941401534,3.93816670963451,0.939803648348978,0.0726331687715067,0.114605859846641
918,30,55,29.9419522824332,54.8303809885423,3.92056124073104,0.987208459665737,0.0580477175667724,0.169619011457669
936,30,55,29.9607531204483,54.8669218878843,3.889000989795,0.997835526327319,0.0392468795516692,0.13307811211574
954,30,55,29.9788091055946,54.9841112577428,3.85417804433769,0.973934344658254,0.0211908944054287,0.0158887422572391
972,30,55,29.9885921582151,55.0955838654417,3.83597175137981,0.93356023696459,0.0114078417849157,-0.0955838654416965
990,30,55,29.9883851996862,55.1336568577464,3.83954702714037,0.905970977596045,0.0116148003137724,-0.133656857746431
1008,30,55,29.9849563436126,55.0823922302628,3.8509589669704,0.907048100928293,0.015043656387391,-0.0823922302627835
1026,30,55,29.984561906753,54.9851569888219,3.85761314304335,0.924780375164897,0.01543809324696,0.0148430111781153
1044,30,55,29.9906917642996,54.9062078245909,3.84637084731968,0.95848807191982,0.00930823570036665,0.0937921754091491
1062,30,55,30.0016208256209,54.8796960457719,3.82195327790019,0.990810454182322,-0.00162082562088628,0.120303954228092
1080,30,55,30.0123095527579,54.9283597304232,3.79334390423898,0.990810454182322,-0.0123095527578876,0.0716402695767755
1098,30,55,30.0189922830986,55.0317684396783,3.77277342893795,0.962741137884978,-0.0189922830985694,-0.0317684396783235
1116,30,55,30.0176556310419,55.1162341884165,3.77145525554964,0.925420343461724,-0.0176556310419151,-0.11623418841652
1134,30,55,30.0089299429423,55.1293129445498,3.78173949697586,0.909076899072532,-0.00892994294232707,-0.129312944549781
1152,30,55,29.99933938844,55.0679767823718,3.79465039122004,0.912401233067262,0.00066061156003272,-0.0679767823717654
1170,30,55,29.9946810018406,54.9852984154001,3.8031493034292,0.928128672012019,0.00531899815935333,0.0147015845999192
1188,30,55,29.9971316872203,54.9239809389783,3.79887566761798,0.954904964375984,0.00286831277968247,0.0760190610216895
1206,30,55,30.0030226276447,54.9071350030664,3.78393011641325,0.977832678962236,-0.00302262764471806,0.0928649969336135
1224,30,55,30.008624406368,54.9478683937411,3.76890816388782,0.976598641566496,-0.00862440636797857,0.0521316062588539
1242,30,55,30.0110976081973,55.0259505143893,3.7592063201953,0.954990064863277,-0.011097608197332,-0.0259505143893293
1260,30,55,30.007769685168,55.0871558636242,3.76244645905839,0.927414553940867,-0.00776968516795051,-0.0871558636241829
1278,30,55,29.9995302320471,55.0939904455659,3.77378559647242,0.916419882340907,0.00046976795293574,-0.0939904455659359
1296,30,55,29.9914727928056,55.0461656123652,3.78844517746828,0.919751250265435,0.00852720719444733,-0.0461656123651935
1314,30,55,29.9877152599003,54.9849072889274,3.79985711729831,0.932449246526872,0.0122847400997159,0.0150927110725974
1332,30,55,29.989538737182,54.9407896112502,3.79805876508785,0.953358485568749,0.010461262818044,0.0592103887498325
1350,30,55,29.9939993802535,54.9311470600503,3.78973427321737,0.968596601727259,0.00600061974646593,0.0688529399496929
1368,30,55,29.9984957534353,54.9650221989378,3.78020151826675,0.966585529781713,0.00150424656472126,0.0349778010622259
1386,30,55,30.000901924109,55.0222674043329,3.77472216841668,0.950490023851497,-0.000901924108951846,-0.0222674043328865
1404,30,55,29.9990057703584,55.0643741835406,3.7774455534811,0.930484733196117,0.00099422964163054,-0.0643741835405507
1422,30,55,29.9940350559724,55.0657708819179,3.78594446569026,0.924448996303161,0.0059649440276246,-0.0657708819178708
1440,30,55,29.9894917187276,55.0280932590159,3.79668440850413,0.927578315158047,0.0105082812724184,-0.0280932590158685
1458,30,55,29.9882238631691,54.9843799488367,3.80436329821158,0.937629013077457,0.0117761368309175,0.0156200511633457
1476,30,55,29.990910221231,54.954314429533,3.8012166772786,0.952793350806251,0.00908977876896699,0.0456855704670431
1494,30,55,29.995117289673,54.9503588728004,3.79289218540812,0.961795052576534,0.00488271032701704,0.0496411271996493
1512,30,55,29.9991751625731,54.9770306143942,3.7833594304575,0.959780418808173,0.000824837426876002,0.0229693856058191
1530,30,55,30.0014980589584,55.0163628265025,3.77788008060743,0.948568311065262,-0.00149805895843613,-0.0163628265025437
1548,30,55,30.0005978810281,55.0438994754351,3.77982263275518,0.934922806899793,-0.000597881028109981,-0.0438994754350901
1566,30,55,29.997618868593,55.0432666632515,3.78597403102399,0.931071313338848,0.00238113140702723,-0.0432666632515435
1584,30,55,29.9947584603375,55.0163642784122,3.79212542929281,0.9337892976658,0.00524153966248164,-0.0163642784121976
1602,30,55,29.9939934176817,54.986391472214,3.79515243951345,0.941789693888477,0.00600658231828533,0.0136085277859976
1620,30,55,29.9959076565504,54.9674864826876,3.79222851068338,0.953150310563745,0.0040923434495852,0.0325135173123954
1638,30,55,29.9988185357422,54.9688633927178,3.78539831538412,0.956594530621001,0.00118146425781163,0.0311366072822352
1656,30,55,30.0013831624044,54.9919877124218,3.77991896553405,0.952863477375762,-0.0013831624043803,0.00801228757816119
1674,30,55,30.00234184687,55.0176180921135,3.77578097541497,0.943944711360254,-0.00234184687000294,-0.0176180921134517
1692,30,55,30.0009757278523,55.0307494862589,3.77772352756271,0.936176560777642,-0.000975727852253527,-0.0307494862588555
1710,30,55,29.9986714669886,55.023511606287,3.78122814738993,0.935148862655678,0.0013285330113888,-0.0235116062869736
1728,30,55,29.9969851322716,55.0024182435929,3.78581654830602,0.938483955908368,0.00301486772842452,-0.00241824359290632
1746,30,55,29.9968319291063,54.9830339504892,3.78714291535973,0.945041875373676,0.00316807089374294,0.0169660495108133
1764,30,55,29.9981998797243,54.9740559306577,3.78436438812042,0.952359890221502,0.00180012027565368,0.0259440693422874
1782,30,55,29.99984793842,54.980569004709,3.78023559425932,0.953711076940001,0.000152061579964169,0.0194309952910459
1800,30,55,30.0010076996174,55.00029330884,3.77745706702001,0.949337878833849,-0.00100769961743907,-0.000293308839999895
1818,30,55,30.0008641161175,55.0191509309197,3.77751676085213,0.941975398653779,-0.000864116117487157,-0.0191509309196931
1836,30,55,29.9992124867888,55.025609422451,3.78024014591655,0.936796548303168,0.000787513211221835,-0.0256094224509695
1854,30,55,29.9972336363388,55.0161734490117,3.78482854683264,0.93701556273821,0.00276636366120186,-0.0161734490116743
1872,30,55,29.9961374856734,54.9983065509063,3.78863605172372,0.93993444099059,0.00386251432664864,0.00169344909365066
1890,30,55,29.9965481199911,54.9837919115859,3.7884106698553,0.945665384774338,0.00345188000887475,0.0162080884141247
1908,30,55,29.9980462913738,54.9779180046353,3.78563214261599,0.951363063047795,0.00195370862615718,0.0220819953647293
1926,30,55,29.9997220295395,54.9847567638654,3.7815033487549,0.952105519359228,0.000277970460484056,0.0152432361346371
1944,30,55,30.0009548560884,55.0014531708109,3.77872482151559,0.948355745207375,-0.000954856088362988,-0.00145317081089047
1962,30,55,30.0009456748721,55.0164202127839,3.77878451534771,0.94244193373924,-0.000945674872109947,-0.0164202127839346
1980,30,55,29.9997134766718,55.0209435642923,3.78072706749545,0.938914831619652,0.000286523328171029,-0.0209435642922955
1998,30,55,29.998209971613,55.0130544434273,3.78345045255987,0.938924789795314,0.00179002838702758,-0.0130544434273148
2016,30,55,29.9974002597768,54.9996262943733,3.78647746278051,0.941218412223813,0.0025997402232143,0.000373705626728338
2034,30,55,29.9977720169372,54.9885763533911,3.78625208091209,0.945324288981144,0.00222798306276673,0.0114236466088613
2052,30,55,29.9988903107505,54.9842627281309,3.78347355367278,0.949603482275193,0.00110968924948907,0.015737271869142
2070,30,55,30.0001007020622,54.9891209490801,3.78069502643347,0.950171418293651,-0.000100702062244551,0.0108790509198897
2088,30,55,30.0009795649752,55.001425838878,3.77926647654174,0.947356364285186,-0.000979564975164493,-0.00142583887802772
2106,30,55,30.0009564534633,55.0125698946117,3.77932617037386,0.942375886869267,-0.000956453463277995,-0.0125698946117296
2124,30,55,29.9999520182846,55.0157407980266,3.7812687225216,0.939884293914537,4.79817153831164e-05,-0.0157407980265631
2142,30,55,29.9987677063277,55.0086546684485,3.78321127466935,0.940100298168159,0.00123229367225264,-0.00865466844853557
2160,30,55,29.9981832363365,54.9979608891003,3.78437339543658,0.941976459862106,0.00181676366345584,0.00203911089967335
2178,30,55,29.9985749305951,54.9895140584239,3.78294484554485,0.945666431418114,0.00142506940485987,0.0104859415761496
2196,30,55,29.9995268987248,54.9864980999023,3.78016631830554,0.949447978928374,0.000473101275165533,0.0135019000976939
2214,30,55,30.0004931445374,54.9916184384439,3.77738779106623,0.949758541379156,-0.000493144537440315,0.00838156155610648
2232,30,55,30.0010605908152,55.0031642426734,3.7759592411745,0.946436392982453,-0.00106059081517174,-0.00316424267344217
2250,30,55,30.0007128563828,55.0131141263549,3.77712136194173,0.941766916496207,-0.000712856382786953,-0.013114126354921
2268,30,55,29.9994824248483,55.0145838653364,3.77906391408948,0.939895671479715,0.000517575151683047,-0.0145838653364478
2286,30,55,29.9981380318884,55.0068807029293,3.78100646623722,0.940736873767253,0.00186196811157657,-0.00688070292925858
2304,30,55,29.9974691658594,54.9969795694714,3.78403347645786,0.943420746164241,0.00253083414061095,0.00302043052860768
2322,30,55,29.9977928629464,54.9906453534376,3.78380809458945,0.946902578637726,0.00220713705358122,0.00935464656235041
2340,30,55,29.9985511695367,54.9910271143888,3.78237954469772,0.948314391676593,0.00144883046333888,0.00897288561117193
2358,30,55,29.9991939822967,54.9981350884029,3.78095099480598,0.946744855675882,0.00080601770333999,0.00186491159705326
2376,30,55,29.9994859217404,55.0065974428723,3.7810106886381,0.944045395567904,0.000514078259580941,-0.00659744287231945
2394,30,55,29.9991159746223,55.0104123058158,3.78217280940534,0.941448771179609,0.000884025377672515,-0.0104123058158478
2412,30,55,29.9984671923527,55.0077778538123,3.78333493017257,0.941036317746932,0.00153280764734731,-0.00777785381227147
2430,30,55,29.9980997601609,55.0004236137976,3.78449705093981,0.942285350820662,0.00190023983907395,-0.000423613797579492
2448,30,55,29.9983114446808,54.9934701997914,3.78455674477193,0.94455188153243,0.00168855531918055,0.00652980020855409
2466,30,55,29.9990726266411,54.990255987494,3.7831281948802,0.947408644458784,0.00092737335886639,0.00974401250603307
2484,30,55,29.9999213787109,54.992291609255,3.78169964498846,0.948412285990003,7.86212890986349e-05,0.00770839074500884
2502,30,55,30.0005338431186,54.9995717665534,3.78027109509673,0.946842749989292,-0.000533843118642352,0.000428233446577053
2520,30,55,30.0006365727848,55.007484144779,3.78033078892885,0.944143289881314,-0.000636572784820544,-0.00748414477897086
2538,30,55,30.0000916784492,55.0108720994571,3.78149290969609,0.942067887286505,-9.16784491522549e-05,-0.0108720994570817
2556,30,55,29.9993400729312,55.0083409131076,3.78265503046332,0.941655433853829,0.000659927068834776,-0.00834091310760954
2574,30,55,29.9988730193875,55.0022293269124,3.78381715123056,0.942695173599953,0.00112698061246874,-0.00222932691240629
2592,30,55,29.9989696539968,54.9963663098112,3.78387684506268,0.944752846079693,0.00103034600320484,0.0036336901887708
2610,30,55,29.9995304929875,54.9937049570025,3.78244829517094,0.946392426755271,0.000469507012521575,0.00629504299750749
2628,30,55,30.0001964144057,54.9955600617667,3.78101974527921,0.946785500223367,-0.000196414405714052,0.00443993823325428
2646,30,55,30.0006784373534,55.0002602360838,3.77959119538748,0.945838391128065,-0.000678437353354155,-0.000260236083839516
2664,30,55,30.0007354950365,55.0048577924037,3.7796508892196,0.944072548521281,-0.000735495036490619,-0.00485779240366924
2682,30,55,30.000375786508,55.0066466520845,3.78081300998684,0.943034201880083,-0.000375786507966325,-0.00664665208450543
2700,30,55,29.9998768158709,55.0046755223732,3.78197513075407,0.942827745111131,0.000123184129051879,-0.00467552237316227
2718,30,55,29.9995025336215,55.0010666552097,3.78313725152131,0.943658066114951,0.000497466378469369,-0.00106665520968363
2736,30,55,29.9994857211203,54.9978086121181,3.78319694535343,0.944278842849005,0.000514278879691688,0.00219138788190776
2754,30,55,29.999752560539,54.9967667724696,3.78325663918555,0.945709213535838,0.000247439461048771,0.00323322753036592
2772,30,55,30.000113642391,54.9973567708593,3.78182808929381,0.946510443977042,-0.00011364239104239,0.00264322914070902
2790,30,55,30.0003958110247,55.0006277334503,3.78188778312593,0.945874465361476,-0.000395811024688442,-0.000627733450343726
2808,30,55,30.0005182801182,55.0047774313042,3.78194747695805,0.944108622754693,-0.000518280118185999,-0.00477743130423391
2826,30,55,30.0003696157509,55.0067484394138,3.78200717079017,0.943070276113494,-0.000369615750912544,-0.00674843941379777
2844,30,55,29.9999962523676,55.0049477953828,3.78316929155741,0.942863819344543,3.74763244792575e-06,-0.00494779538281875
2862,30,55,29.9998191089593,55.001306098747,3.78322898538953,0.943694140348363,0.000180891040727715,-0.00130609874697996
2880,30,55,30.0000007654293,54.9980004339219,3.78328867922165,0.944314917082417,-7.65429284399488e-07,0.00199956607812624
2898,30,55,30.0003628096053,54.9967156693187,3.78186012932992,0.94574528776925,-0.000362809605285008,0.00328433068127509
2916,30,55,30.0008105088089,54.9970556128496,3.78043157943818,0.946546518210454,-0.000810508808921639,0.00294438715043555
2934,30,55,30.0010796197924,55.0002237828195,3.7804912732703,0.945910539594888,-0.00107961979240656,-0.000223782819467999
2952,30,55,30.0011839182997,55.0042791092029,3.78055096710242,0.944144696988104,-0.00118391829967734,-0.00427910920290486
2970,30,55,30.0008868352663,55.006298597454,3.78061066093454,0.943106350346906,-0.00088683526625033,-0.00629859745401262
2988,30,55,30.0003623250157,55.0045505266831,3.78177278170178,0.942899893577954,-0.000362325015711207,-0.00455052668313982
3006,30,55,30.0000389650068,55.0011499372388,3.78293490246901,0.943520670312008,-3.89650067909031e-05,-0.00114993723882151
3024,30,55,30.0000791721509,54.9980351455899,3.78299459630113,0.944141447046062,-7.91721508548449e-05,0.00196485441013294
3042,30,55,30.0003043768155,54.9965447454151,3.78305429013325,0.945571817732895,-0.000304376815542184,0.00345525458492091
3060,30,55,30.0006271455914,54.9967114995594,3.78162574024152,0.9463730481741,-0.000627145591415967,0.0032885004405685
3078,30,55,30.0009081075369,54.9997354204736,3.78168543407364,0.945737069558533,-0.000908107536865543,0.000264579526415787
3096,30,55,30.0010280411054,55.003672279545,3.78174512790576,0.94397122695175,-0.00102804110535715,-0.00367227954499327
3114,30,55,30.0008756466634,55.0054535833652,3.78180482173788,0.942932880310551,-0.000875646663430985,-0.00545358336522384
3132,30,55,30.0004974824976,55.0034840740737,3.78296694250512,0.9427264235416,-0.000497482497610946,-0.0034840740737252
3150,30,55,30.0003145817415,54.9996922772852,3.78302663633724,0.94355674454542,-0.000314581741463371,0.000307722714829595
3168,30,55,30.0004896294356,54.9962534038489,3.78308633016936,0.945196325220998,-0.000489629435577399,0.00374659615107475
3186,30,55,30.0008443101865,54.9951007461641,3.78165778027762,0.946626695907831,-0.000844310186540298,0.00489925383594425
3204,30,55,30.0012839803382,54.9974668007297,3.78022923038589,0.946782121941692,-0.00128398033821142,0.00253319927027462
3222,30,55,30.0015082498004,55.0023120081798,3.78028892421801,0.945835012846389,-0.0015082498004233,-0.00231200817984245
3240,30,55,30.0013945913167,55.00660360793,3.78034861805013,0.944069170239606,-0.00139459131672837,-0.00660360792996073
3258,30,55,30.0009160475016,55.0082575803826,3.78151073881737,0.942614374410761,-0.000916047501629436,-0.00825758038257618
3276,30,55,30.000343213082,55.0060786880632,3.7826728595846,0.942617703305568,-0.000343213081990257,-0.00607868806323353
3294,30,55,30.0000272306153,55.0015635163645,3.78383498035184,0.943448024309388,-2.723061530574e-05,-0.00156351636451291
3312,30,55,30.0000881789504,54.9978857825035,3.78389467418396,0.944278345313208,-8.81789503601738e-05,0.00211421749651919
3330,30,55,30.0004928716046,54.9963310480846,3.78246612429223,0.945708716000041,-0.000492871604642175,0.00366895191536543
3348,30,55,30.0009477128238,54.996833102678,3.78103757440049,0.946509946441246,-0.000947712823794689,0.00316689732200359
3366,30,55,30.0013110489545,55.0000195605785,3.77960902450876,0.945873967825679,-0.00131104895453404,-1.95605784654163e-05
3384,30,55,30.0014743513087,55.0040880252785,3.77966871834088,0.944108125218896,-0.00147435130869411,-0.00408802527849161
3402,30,55,30.0012339428362,55.0059809149758,3.779728412173,0.943069778577697,-0.00123394283617984,-0.00598091497582942
3420,30,55,30.0007638815879,55.0041051203953,3.78089053294024,0.942863321808746,-0.000763881587904081,-0.00410512039528754
3438,30,55,30.0003619375703,55.0005836820658,3.78205265370747,0.943693642812566,-0.000361937570310999,-0.000583682065823155
3456,30,55,30.0003181671247,54.9974058762956,3.78211234753959,0.945333223488144,-0.000318167124675028,0.00259412370439804
3474,30,55,30.0004617727889,54.9966878467881,3.78217204137171,0.946763594174977,-0.000461772788938219,0.00331215321192957
3492,30,55,30.0006978149441,54.9994760327254,3.78223173520383,0.946127615559411,-0.000697814944075503,0.000523967274624226
3510,30,55,30.0008225896602,55.004526759867,3.78229142903595,0.944050622423485,-0.000822589660209871,-0.00452675986701934
3528,30,55,30.0006188178648,55.007265078252,3.78235112286807,0.942595875060908,-0.00061881786479745,-0.00726507825198297
3546,30,55,30.0002126391155,55.0053523344561,3.78351324363531,0.942389418291957,-0.000212639115474644,-0.0053523344560773
3564,30,55,30.0000239792482,55.0008331554238,3.78357293746743,0.943219739295777,-2.39792482332746e-05,-0.00083315542379836
3582,30,55,30.0002638643876,54.9965505590859,3.78363263129955,0.945068428467582,-0.000263864387555657,0.00344944091408195
3600,30,55,30.0007524682653,54.994669368379,3.78220408140781,0.946498799154415,-0.000752468265254436,0.00533063162097847
3618,30,55,30.0013189270308,54.9967612139779,3.78077553151608,0.946891872622511,-0.0013189270308267,0.00323878602208083
3636,30,55,30.0016558332317,55.0014109932687,3.77934698162435,0.945944763527209,-0.0016558332316805,-0.00141099326873473
3654,30,55,30.0016130605593,55.0059644499328,3.77940667545647,0.944178920920425,-0.00161306055926858,-0.00596444993275469
3672,30,55,30.0011938638222,55.0078500454198,3.7805687962237,0.94272412509158,-0.00119386382223396,-0.0078500454197723
3690,30,55,30.0006371793347,55.0058755924059,3.78173091699094,0.942517668322629,-0.00063717933474905,-0.00587559240592128
3708,30,55,30.0002069099023,55.0014889281105,3.78289303775817,0.943347989326449,-0.000206909902331631,-0.00148892811054679
3726,30,55,30.000150599032,54.9975305723702,3.78295273159029,0.944178310330269,-0.000150599031972121,0.00246942762975522
3744,30,55,30.0004501293453,54.9959098597541,3.78301242542241,0.945608681017102,-0.000450129345317407,0.00409014024587151
3762,30,55,30.0008397802963,54.9963709511332,3.78158387553068,0.946409911458306,-0.000839780296317372,0.00362904886676318
3780,30,55,30.0011392828867,54.9995283933756,3.7816435693628,0.94577393284274,-0.00113928288674714,0.000471606624415699
3798,30,55,30.0012401144083,55.0035783918157,3.78170326319492,0.944008090235957,-0.00124011440827942,-0.00357839181568664
3816,30,55,30.0010695061934,55.0054621080463,3.78176295702704,0.942969743594758,-0.00106950619337454,-0.00546210804630931
3834,30,55,30.0006739696498,55.0035853039906,3.78292507779428,0.942763286825807,-0.000673969649842121,-0.00358530399064705
3852,30,55,30.0004744937647,54.9998774280098,3.7829847716264,0.943593607829627,-0.000474493764727413,0.000122571990161191
3870,30,55,30.0006337219945,54.9965145258988,3.78304446545852,0.945233188505205,-0.000633721994507397,0.00348547410119693
3888,30,55,30.0009732997652,54.9954306455585,3.78161591556679,0.946663559192038,-0.000973299765199442,0.00456935444145046
3906,30,55,30.0013985464951,54.9978589671081,3.78018736567505,0.946027580576472,-0.00139854649507498,0.00214103289188472
3924,30,55,30.0016090372843,55.0025662599197,3.78024705950717,0.944261737969688,-0.0016090372842541,-0.00256625991966075
3942,30,55,30.0014822120523,55.0050529750062,3.78030675333929,0.942806990607112,-0.00148221205234478,-0.00505297500622248
3960,30,55,30.0010192248032,55.0036200825033,3.78146887410653,0.94260053383816,-0.00101922480316574,-0.00362008250330348
3978,30,55,30.0006256934634,54.9995361316682,3.78263099487376,0.943430854841981,-0.000625693463447874,0.000463868331777917
3996,30,55,30.0006063336824,54.9958334668779,3.78269068870588,0.945279544013786,-0.000606333682398486,0.00416653312213811
4014,30,55,30.0008459517015,54.9946865774688,3.782750382538,0.946709914700619,-0.000845951701474945,0.00531342253123057
4032,30,55,30.0011732254574,54.9974724229872,3.78132183264627,0.946865340734479,-0.00117322545738929,0.00252757701284168
4050,30,55,30.001377282067,55.0027103568688,3.78138152647839,0.944788347598553,-0.00137728206697574,-0.00271035686875365
4068,30,55,30.0012131017669,55.0070923905933,3.78144122031051,0.943022504991769,-0.00121310176693967,-0.0070923905932645
4086,30,55,30.0008172123564,55.0065858576149,3.78260334107775,0.942502993460335,-0.000817212356388097,-0.00658585761489405
4104,30,55,30.0003727251568,55.0026762278611,3.78376546184498,0.942715978917422,-0.00037272515679021,-0.00267622786111588
4122,30,55,30.0003742372879,54.9982041439144,3.7838251556771,0.943546299921242,-0.000374237287918078,0.0017958560856286
4140,30,55,30.0007016842959,54.9949360624897,3.78239660578537,0.94518588059682,-0.000701684295929539,0.0050639375102719
4158,30,55,30.0011903000035,54.9939402386715,3.78096805589364,0.946616251283653,-0.00119030000347209,0.00605976132845853
4176,30,55,30.0016907120274,54.9964504232137,3.77953950600191,0.946771677317514,-0.00169071202743964,0.0035495767862983
4194,30,55,30.0019739990756,55.0012855399702,3.77959919983403,0.945824568222211,-0.00197399907555251,-0.00128553997017633
4212,30,55,30.0017867680013,55.0055528840627,3.77965889366615,0.944058725615428,-0.0017867680012813,-0.00555288406267351
4230,30,55,30.0012296471226,55.0071777405747,3.78082101443338,0.943020378974229,-0.00122964712258522,-0.00717774057469001
4248,30,55,30.0005809539805,55.0052603840334,3.78198313520061,0.942813922205278,-0.000580953980524157,-0.00526038403339157
4266,30,55,30.0001917310141,55.0017252121377,3.78314525596785,0.943644243209098,-0.000191731014123064,-0.00172521213767141
4284,30,55,30.0001671520865,54.9985479994661,3.78320494979997,0.944265019943152,-0.000167152086525846,0.00145200053385963
4302,30,55,30.0004256521999,54.9974004088952,3.78326464363209,0.945695390629985,-0.000425652199872673,0.00259959110480423
4320,30,55,30.0007778953703,54.997884739217,3.78183609374036,0.945816986028238,-0.000777895370337234,0.00211526078296487
4338,30,55,30.0010507933986,55.0008936608297,3.78189578757248,0.945181007412672,-0.0010507933985906,-0.000893660829717646
4356,30,55,30.0011636218067,55.0035364304638,3.7819554814046,0.943726260050095,-0.00116362180667196,-0.00353643046383922
4374,30,55,30.0010291711416,55.0042207350543,3.78201517523672,0.943206748518661,-0.00102917114158174,-0.00422073505428955
4392,30,55,30.0007849043281,55.0019650712852,3.78207486906884,0.943827525252715,-0.000784904328078539,-0.00196507128524104
4410,30,55,30.0007162607129,54.9990848277448,3.78213456290096,0.944448301986769,-0.000716260712881223,0.000915172255162133
4428,30,55,30.000926393636,54.9979631364203,3.78219425673308,0.944859408810698,-0.000926393635953815,0.00203686357973965
4446,30,55,30.0011956161049,54.9982116617943,3.7822539505652,0.94498100420895,-0.00119561610488361,0.00178833820574198
4464,30,55,30.0013242528621,54.9992260805462,3.78231364439732,0.94465610077747,-0.00132425286210491,0.000773919453756378
4482,30,55,30.0013293385355,55.0002822699095,3.78237333822944,0.94433119734599,-0.00132933853549133,-0.000282269909547495
4500,30,55,30.0012656230018,55.0005412657252,3.78243303206156,0.944452792744243,-0.00126562300184929,-0.000541265725161111
4518,30,55,30.0012034872063,55.0001881105911,3.78249272589368,0.944574388142496,-0.00120348720630759,-0.000188110591082591
4536,30,55,30.0012196913112,55.0001151369884,3.7825524197258,0.944695983540748,-0.00121969131124189,-0.000115136988426912
4554,30,55,30.0012932691602,55.0002952356328,3.78261211355792,0.944817578939001,-0.00129326916022166,-0.000295235632833624
4572,30,55,30.0013438213287,55.0007038921703,3.78267180739004,0.944939174337254,-0.00134382132865341,-0.000703892170307086
4590,30,55,30.0013730308669,55.0013189396821,3.78273150122216,0.945060769735507,-0.00137303086685137,-0.00131893968212893
4608,30,55,30.0013824636363,55.0021203347662,3.78279119505428,0.944735866304027,-0.00138246363627914,-0.00212033476616824
4626,30,55,30.0013735762974,55.0029803394869,3.7828508888864,0.943697519662828,-0.00137357629741786,-0.00298033948686083
4644,30,55,30.0013477237584,55.0028833477848,3.78291058271852,0.943178008131394,-0.00134772375839631,-0.0028833477848309
4662,30,55,30.0013220436192,55.0007140565603,3.78297027655064,0.943798784865448,-0.00132204361916166,-0.000714056560326526
4680,30,55,30.0013987239861,54.9979190460909,3.78302997038276,0.944419561599501,-0.00139872398613505,0.00208095390907204
4698,30,55,30.0016751539094,54.9966887486084,3.78308966421488,0.945849932286335,-0.00167515390943151,0.00331125139162936
4716,30,55,30.0020083990483,54.9970726345974,3.78166111432315,0.946651162727539,-0.00200839904833572,0.00292736540258431
4734,30,55,30.0021988667157,55.0002753973073,3.78172080815527,0.946015184111973,-0.00219886671573022,-0.000275397307319736
4752,30,55,30.0022274258036,55.0044996782424,3.78052122372559,0.944249341505189,-0.00222742580357504,-0.00449967824235387
4770,30,55,30.001988294801,55.0066844098742,3.78058091755771,0.942794594142613,-0.00198829480103058,-0.00668440987421093
4788,30,55,30.0015277692138,55.0049881312376,3.78174303832494,0.942588137373661,-0.00152776921381914,-0.00498813123756747
4806,30,55,30.0012666354454,55.0006679319265,3.78180273215706,0.943418458377481,-0.00126663544537564,-0.000667931926471965
4824,30,55,30.001271387926,54.996753505962,3.78186242598918,0.945267147549286,-0.00127138792602466,0.00324649403803789
4842,30,55,30.0015271565173,54.9952243680667,3.7819221198213,0.94669751823612,-0.00152715651729807,0.00477563193331321
4860,30,55,30.0018693371328,54.9978059414858,3.78049356992957,0.946061539620553,-0.00186933713284532,0.00219405851419197
4878,30,55,30.001990175877,55.0026738260764,3.78055326376169,0.94429569701377,-0.00199017587696559,-0.00267382607643185
4896,30,55,30.0017392158969,55.0053185352055,3.78061295759381,0.942840949651194,-0.00173921589691517,-0.00531853520546122
4914,30,55,30.0012868955368,55.0040408751374,3.78177507836104,0.942634492882242,-0.00128689553680061,-0.00404087513743434
4932,30,55,30.0009111681382,55.0001092601814,3.78293719912828,0.943464813886062,-0.000911168138213014,-0.000109260181368143
4950,30,55,30.0009089507078,54.9963633467655,3.7829968929604,0.945313503057867,-0.000908950707778189,0.00363665323453688
4968,30,55,30.0011650766977,54.9951652166698,3.78305658679252,0.9467438737447,-0.00116507669769206,0.00483478333018894
4986,30,55,30.001508249984,54.9979030616506,3.78162803690079,0.946107895129134,-0.00150824998398491,0.00209693834939628
5004,30,55,30.0017276224188,55.00290168991,3.78168773073291,0.944030901993208,-0.0017276224188052,-0.00290168990999717
5022,30,55,30.0015781978336,55.005586531074,3.78174742456503,0.942576154630631,-0.00157819783358093,-0.00558653107398044
5040,30,55,30.0012246688907,55.0036192682923,3.78290954533226,0.94236969786168,-0.00122466889066075,-0.00361926829234704
5058,30,55,30.0009561066471,54.9990448263882,3.78296923916438,0.9432000188655,-0.000956106647119981,0.00095517361180697
5076,30,55,30.0011111328831,54.9947064863749,3.7830289329965,0.945048708037305,-0.00111113288307152,0.00529351362511932
5094,30,55,30.0015176530286,54.9929618817346,3.78160038310477,0.946479078724138,-0.00151765302857143,0.0070381182653847
5112,30,55,30.002004711015,54.9951951680696,3.78017183321304,0.946634504757999,-0.00200471101501876,0.00480483193035752
5130,30,55,30.0022648103323,54.9999217805447,3.77897224878336,0.945687395662696,-0.0022648103322922,7.82194553323734e-05
5148,30,55,30.0021477386604,55.0041075595888,3.77903194261548,0.943921553055913,-0.00214773866037632,-0.00410755958880316
5166,30,55,30.0016651184752,55.0056672214116,3.78019406338271,0.942883206414714,-0.00166511847520567,-0.00566722141161335
5184,30,55,30.0010876175776,55.0035066245304,3.78135618414995,0.942886535309521,-0.00108761757759979,-0.00350662453035966
5202,30,55,30.0006556796701,54.9997876944789,3.78251830491718,0.943716856313341,-0.000655679670064302,0.000212305521124279
5220,30,55,30.0005825595933,54.9968317009048,3.7825779987493,0.945356436988919,-0.000582559593333087,0.0031682990952433
5238,30,55,30.0007858826799,54.9962928796511,3.78263769258142,0.946157667430124,-0.000785882679892325,0.00370712034888498
5256,30,55,30.0010482537176,54.9990930617838,3.78269738641354,0.945521688814557,-0.00104825371762018,0.00090693821617549
5274,30,55,30.0011987936364,55.0028418396673,3.78275708024566,0.943755846207774,-0.00119879363641928,-0.0028418396673402
5292,30,55,30.0010425947344,55.0044668601021,3.78281677407778,0.942717499566575,-0.00104259473439328,-0.00446686010208452
5310,30,55,30.0007900143769,55.0022267339152,3.7828764679099,0.943338276300629,-0.000790014376931936,-0.00222673391517958
5328,30,55,30.0007346983642,54.9983889652698,3.78293616174202,0.944168597304449,-0.00073469836421225,0.00161103473019608
5346,30,55,30.0010317945317,54.9962654159628,3.78299585557414,0.945808177980028,-0.00103179453171975,0.00373458403717564
5364,30,55,30.0014738448665,54.9962829187665,3.78156730568241,0.946609408421232,-0.00147384486652413,0.00371708123346792
5382,30,55,30.0017587605016,54.9995440610628,3.78162699951453,0.945973429805666,-0.00175876050156987,0.000455938937186318
5400,36,55,30.0018323709908,55.0038200700953,3.78162699951453,0.944207587198882,5.99816762900925,-0.00382007009531549
5418,36,55,30.0015996847591,55.006050546995,5.67355930209188,0.942752839836306,5.99840031524094,-0.00605054699504137
5436,36,55,30.0011455111152,55.0043946346515,7.5666809724231,0.942546383067354,5.99885448888476,-0.00439463465146162
5454,36,55,30.0008906317787,55.0001099679154,9.45861327500044,0.943376704071174,5.99910936822126,-0.000109967915427944
5472,36,55,30.0010070526065,54.9962267330814,11.3505455775778,0.945225393242979,5.99899294739352,0.00377326691862834
5490,36,55,30.1677862075547,54.9947248892408,12.3495780193156,0.946655763929813,5.83221379244528,0.0052751107592286
5508,36,55,30.5053362019916,54.997175034472,12.9361875795929,0.946811189963673,5.4946637980084,0.00282496552797795
5526,36,55,31.0078460328547,54.7572903814713,13.0306843343237,1.03345648481434,4.99215396714533,0.242709618528671
5544,36,55,31.6698459613936,54.2873020330765,12.4529483335786,1.22823255813632,4.33015403860638,0.712697966923542
5562,36,55,32.4077912537152,53.7816811421913,11.463496432674,1.49940576859565,3.5922087462848,1.21831885780867
5580,36,55,33.1755665184124,53.4494255886071,10.2841789440396,1.80615444310748,2.82443348158761,1.55057441139285
5598,36,55,33.9082284115616,53.5263319234851,8.93193176353569,1.96269882938879,2.09177158843841,1.47366807651495
5616,36,55,34.5247282230268,54.0560880893596,7.98470727708061,1.98769245346428,1.47527177697323,0.943911910640381
5634,36,55,34.9762175238578,54.7462943672916,7.32812014955278,1.87541229065037,1.02378247614221,0.253705632708417
5652,36,55,35.2502834517313,55.394040942141,6.9469793721123,1.67056910321272,0.749716548268658,-0.394040942141004
5670,36,55,35.3686889830237,55.7893056437293,6.85297523576172,1.47228622928593,0.631311016976312,-0.78930564372935
5688,36,55,35.3992436074005,55.8227398236614,6.93355958349381,1.38982605520151,0.60075639259945,-0.822739823661379
5706,36,55,35.3988553551217,55.6050391578362,7.09263768583816,1.37425235615743,0.601144644878325,-0.60503915783616
5724,36,55,35.4085709219301,55.354758499526,7.22104775113468,1.38144763519167,0.591429078069865,-0.354758499525957
5742,36,55,35.4476965103217,55.1742021026049,7.27099218528915,1.39316055624184,0.552303489678273,-0.174202102604923
5760,36,55,35.5083465201857,55.0689688014942,7.26151437716142,1.40275052465136,0.491653479814275,-0.0689688014941652
5778,36,55,35.5847119914756,55.0044013569892,7.2005312754866,1.41186144592879,0.415288008524385,-0.00440135698922717
5796,36,55,35.6697759396434,54.9490242030546,7.09905232110645,1.4320198019801,0.330224060356613,0.0509757969453872
5814,36,55,35.7555098506136,54.8919442072886,6.97389419559721,1.46626383722201,0.244490149386436,0.108055792711383
5832,36,55,35.8366815250164,54.859731044804,6.83622417004628,1.50397925733147,0.163318474983555,0.140268955195964
5850,36,55,35.9083127340238,54.8867469945629,6.70023237368168,1.51375126926457,0.0916872659761623,0.113253005437087
5868,36,55,35.9645154990317,54.975105150896,6.58205029514798,1.4980378884429,0.035484500968316,0.0248948491039869
5886,36,55,36.0010635193041,55.0679643601603,6.49910788743164,1.46602038819432,-0.00106351930406845,-0.0679643601603033
5904,36,55,36.0179560454333,55.1196933289243,6.45555224299608,1.43502415889217,-0.0179560454332588,-0.119693328924328
5922,36,55,36.0217805044323,55.1084867276203,6.44030191549138,1.4276196819199,-0.0217805044323214,-0.108486727620296
5940,36,55,36.0194456095614,55.051141116922,6.44054141937619,1.43197361450417,-0.0194456095614228,-0.0511411169219613
5958,36,55,36.0168904119641,55.0002837970777,6.440780923261,1.43964914406653,-0.0168904119640558,-0.000283797077699433
5976,36,55,36.0164555171221,54.977098139981,6.43868131318859,1.44922913307148,-0.0164555171221465,0.0229018600189903
5994,36,55,36.0160507299935,54.9820698827419,6.43658170311617,1.45079784741259,-0.0160507299935233,0.0179301172581319
6012,36,55,36.0149737559759,55.0095568757518,6.43598267012657,1.44290729273993,-0.0149737559759089,-0.00955687575182651
6030,36,55,36.0126958928792,55.0366062560586,6.43694145110504,1.43121015671231,-0.0126958928792078,-0.0366062560586471
6048,36,55,36.0090384759442,55.04261007585,6.44018158996813,1.42498613631659,-0.00903847594415197,-0.0426100758499857
6066,36,55,36.0057768623927,55.0237205812271,6.44336345363114,1.42562769192359,-0.00577686239273589,-0.0237205812271242
6084,36,55,36.0047594487592,54.9945521185412,6.4442032976601,1.43121903521376,-0.00475944875923062,0.00544788145883501
6102,36,55,36.0064276747159,54.9701928890315,6.43871537523074,1.44199662994193,-0.00642767471590133,0.0298071109685054
6120,36,55,36.0096190342134,54.9605600927334,6.42909465235637,1.45312912455329,-0.00961903421339372,0.0394399072666474
6138,36,55,36.0128830464667,54.9738503810678,6.41804414860228,1.45421296755089,-0.0128830464666976,0.0261496189321946
6156,36,55,36.0149744152935,55.0057877861162,6.40969067654342,1.44621359058998,-0.0149744152934872,-0.00578778611620123
6174,36,55,36.0144929427284,55.0335737045508,6.40831124802095,1.43420553357108,-0.0144929427283884,-0.0335737045508324
6192,36,55,36.0114853448492,55.0399426785402,6.41004948495206,1.42778043580989,-0.0114853448492482,-0.0399426785402426
6210,36,55,36.0079842483445,55.0216640067486,6.41328962381516,1.42883623775601,-0.00798424834449207,-0.021664006748594
6228,36,55,36.0059128977638,54.9940050882433,6.41490973953771,1.4342207088531,-0.0059128977638494,0.00599491175670153
6246,36,55,36.0062595559494,54.9732214096696,6.41212139262909,1.44339052930724,-0.00625955594938432,0.0267785903304301
6264,36,55,36.0079364380559,54.9674520448797,6.40519955051444,1.45153559043936,-0.00793643805592126,0.0325479551203074
6282,36,55,36.0095638957245,54.9812556634579,6.39827770839979,1.45153559043936,-0.00956389572448302,0.0187443365420705
6300,36,55,36.0101377422083,55.0084250507999,6.39414160815145,1.44395688637553,-0.0101377422083431,-0.00842505079992861
6318,36,55,36.0087193381989,55.0303835837604,6.39426148998222,1.43401368882922,-0.0087193381988584,-0.0303835837603543
6336,36,55,36.0055086404171,55.0330642361109,6.39744335364522,1.4298573344348,-0.00550864041709787,-0.0330642361109454
6354,36,55,36.0022473620127,55.0158828573773,6.40062521730823,1.43111975988212,-0.00224736201273856,-0.0158828573773278
6372,36,55,36.0005441576274,54.9934773843262,6.40334860237264,1.43567550814499,-0.000544157627416553,0.00652261567380208
6390,36,55,36.0008672373075,54.9773801637892,6.40192005248091,1.44402352770705,-0.000867237307488722,0.0226198362107652
6408,36,55,36.0021826502654,54.9737840058444,6.3991415252416,1.44999047506499,-0.00218265026535391,0.0262159941556277
6426,36,55,36.0033992006969,54.987473215253,6.39500353512251,1.44921451647901,-0.00339920069690436,0.012526784746953
6444,36,55,36.0037904855174,55.0102740396699,6.3922151882139,1.44257103164904,-0.00379048551742045,-0.0102740396699375
6462,36,55,36.0024836370934,55.0272316026178,6.39305503224286,1.4346946607617,-0.00248363709339117,-0.0272316026178032
6480,36,55,36.0000945738928,55.0276701260784,6.39655965207008,1.43209266046183,-9.45738927526918e-05,-0.027670126078398
6498,36,55,35.9979250321433,55.0126756534601,6.40006427189729,1.43314665270603,0.00207496785674977,-0.0126756534601142
6516,36,55,35.9971086844544,54.9946951938763,6.40309128211793,1.43707955998363,0.00289131554558253,0.00530480612370354
6534,36,55,35.9978943144659,54.9817679164614,6.4016627322262,1.44381102941011,0.0021056855341044,0.0182320835386207
6552,36,55,35.9993921856907,54.97935583006,6.39888420498689,1.44820118147063,0.000607814309304899,0.0206441699400202
6570,36,55,36.000847208918,54.9906622004245,6.39610567774758,1.44726916331846,-0.000847208918017373,0.00933779957548353
6588,36,55,36.001635761155,55.0083236878399,6.39467712785584,1.44156039914373,-0.0016357611549509,-0.00832368783989068
6606,36,55,36.00101841894,55.0205693953672,6.39583924862308,1.43544195402685,-0.0010184189399709,-0.0205693953671684
6624,36,55,35.9995332389578,55.0189218698555,6.39778180077082,1.43398717856828,0.000466761042204666,-0.0189218698555038
6642,36,55,35.9983048366274,55.0056413261618,6.39972435291857,1.43545547076507,0.00169516337263076,-0.00564132616176494
6660,36,55,35.9982593180046,54.9914926312843,6.39978404675069,1.43997675618089,0.00174068199542177,0.00850736871565516
6678,36,55,35.9994506293699,54.9828091833266,6.39700551951138,1.44487874948127,0.000549370630068324,0.0171908166733772
6696,36,55,36.0009748342861,54.984723163959,6.39287672565028,1.44649278963247,-0.000974834286068926,0.0152768360409965
6714,36,55,36.002207794876,54.995800497011,6.3887387355312,1.44478219170073,-0.0022077948760284,0.00419950298898186
6732,36,55,36.0024702245403,55.0080806564653,6.38753915110152,1.44031894685512,-0.00247022454027501,-0.00808065646525336
6750,36,55,36.00161831544,55.0145400035075,6.38870127186875,1.43627130668478,-0.00161831543998403,-0.0145400035075056
6768,36,55,36.0002665159682,55.0109199695257,6.3906438240165,1.43606847367288,-0.000266515968249337,-0.0109199695257303
6786,36,55,35.9990953633637,55.00028419433,6.39258637616425,1.43794463536683,0.000904636636263945,-0.000284194330049559
6804,36,55,35.9987952262087,54.9912188239408,6.39374849693148,1.44163460692283,0.00120477379134343,0.00878117605923734
6822,36,55,35.9993177367074,54.9879539914157,6.39231994703975,1.44449136984919,0.000682263292617336,0.012046008584278
6840,36,55,35.9999572716067,54.9927796874639,6.39089139714802,1.44433593000996,4.27283933461808e-05,0.00722031253606303
6858,36,55,36.0002942107535,55.002313167481,6.38946284725628,1.44214374574423,-0.000294210753473578,-0.00231316748102017
6876,36,55,36.0000040218215,55.0098486359175,6.3895225410884,1.43892513551793,-4.0218215460186e-06,-0.00984863591746432
6894,36,55,35.9991503549093,55.0114955208008,6.39068466185564,1.43747033968908,0.00084964509074581,-0.0114955208008425
6912,36,55,35.9983427762327,55.0064139117477,6.39184678262287,1.43789285615724,0.00165722376732447,-0.00641391174769979
6930,36,55,35.9979594470202,54.9993336315458,6.39300890339011,1.43914188923097,0.00204055297976424,0.000666368454176336
6948,36,55,35.9982115081779,54.9941884172211,6.39306859722223,1.44119956171071,0.0017884918221327,0.00581158277890381
6966,36,55,35.9987909182044,54.9925506107367,6.39164004733049,1.44262993239755,0.00120908179560786,0.00744938926327876
6984,36,55,35.9993328149438,54.9952639220497,6.39021149743876,1.44278535843141,0.000667185056229869,0.00473607795026965
7002,36,55,35.9996723837662,55.0002752444272,6.38878294754703,1.44152706354597,0.000327616233796846,-0.000275244427228927
7020,36,55,35.999612889706,55.0046182854777,6.38884264137915,1.43976122093919,0.000387110294049364,-0.00461828547770438
7038,36,55,35.9991974648254,55.0055802722776,6.39000476214639,1.43872287429799,0.000802535174585728,-0.00558027227764768
7056,36,55,35.9987067655462,55.0028464921519,6.39116688291362,1.4387262031928,0.00129323445381857,-0.00284649215188892
7074,36,55,35.998401760302,54.9985850551071,6.39232900368085,1.43955652419662,0.00159823969800499,0.00141494489292882
7092,36,55,35.9984574267244,54.9951150844734,6.39238869751297,1.4411961048722,0.00154257327560003,0.00488491552663106
7110,36,55,35.9987920204616,54.9941184771571,6.39096014762124,1.44262647555903,0.00120797953841389,0.00588152284286991
7128,36,55,35.9991876226927,54.996640839809,6.38953159772951,1.44278190159289,0.000812377307255474,0.00335916019098192
7146,36,55,35.9994728772774,55.001489365775,6.38959129156163,1.44183479249759,0.000527122722644435,-0.00148936577504344
7164,36,55,35.9994300702703,55.0057711555254,6.38965098539375,1.4400689498908,0.00056992972967862,-0.00577115552543717
7182,36,55,35.9990258992039,55.0072686664871,6.39081310616098,1.4390306032496,0.000974100796092614,-0.00726866648706448
7200,36,55,35.9985304572201,55.0050284641647,6.39197522692822,1.43903393214441,0.00146954277990119,-0.00502846416470959
7218,36,55,35.9982944274131,55.0012223591068,6.39203492076034,1.43986425314823,0.00170557258689996,-0.00122235910676238
7236,36,55,35.9984226592632,54.9981728323787,6.39209461459246,1.44048502988229,0.00157734073684423,0.00182716762126489
7254,36,55,35.9988258356826,54.9971221330382,6.39066606470073,1.44191540056912,0.00117416431738349,0.00287786696179637
7272,36,55,35.9992862762217,54.997676095438,6.389237514809,1.44203699596737,0.000713723778289932,0.00232390456196185
7290,36,55,35.9995721072629,55.0007305693851,6.38929720864112,1.4414010173518,0.000427892737057789,-0.000730569385090973
7308,36,55,35.9996966828117,55.0033976694065,6.38935690247324,1.43994626998923,0.000303317188254937,-0.00339766940646768
7326,36,55,35.9994472131106,55.0042303038977,6.38941659630536,1.43890792334803,0.000552786889358003,-0.0042303038976641
7344,36,55,35.9990882714585,55.0019828764242,6.39057871707259,1.43952870008208,0.000911728541467483,-0.00198287642422201
7362,36,55,35.9989125792462,54.9983268509096,6.39063841090471,1.4403590210859,0.00108742075379098,0.00167314909042204
7380,36,55,35.9990412308598,54.9965719964967,6.39069810473683,1.44178939177274,0.000958769140162019,0.00342800350330208
7398,36,55,35.9993235163689,54.9968961845163,6.39075779856895,1.44259062221394,0.000676483631096403,0.00310381548365513
7416,36,55,35.9995538190784,55.0000573820151,6.39081749240107,1.44195464359837,0.000446180921606754,-5.73820150577831e-05
7434,36,55,35.9995904607959,55.0042561008944,6.39087718623319,1.44018880099159,0.000409539204056841,-0.00425610089435224
7452,36,55,35.9993603254244,55.0062867057849,6.39093688006531,1.43915045435039,0.000639674575630522,-0.0062867057849445
7470,36,55,35.9990405064975,55.0045472675128,6.39209900083254,1.43894399758144,0.000959493502513453,-0.00454726751279111
7488,36,55,35.998924145326,55.0009679964829,6.39215869466466,1.43977431858526,0.00107585467397797,-0.000967996482934552
7506,36,55,35.9991659208224,54.9975330539327,6.39221838849678,1.44039509531932,0.000834079177550962,0.00246694606734366
7524,36,55,35.9995873556027,54.9961146828054,6.39078983860505,1.44182546600615,0.000412644397265183,0.00388531719455187
7542,36,55,36.000093659668,54.9963277211461,6.38936128871332,1.44262669644735,-9.36596679537161e-05,0.00367227885388388
7560,36,55,36.0004205396994,54.9993752442762,6.38793273882159,1.44199071783179,-0.000420539699376832,0.000624755723826809
7578,36,55,36.0005817280246,55.0033157750411,6.38799243265371,1.440224875225,-0.000581728024641848,-0.00331577504110925
7596,36,55,36.000340618266,55.005225944412,6.38805212648583,1.4391865285838,-0.00034061826602283,-0.00522594441198265
7614,36,55,35.9998711330256,55.0033736867521,6.38921424725306,1.43898007181485,0.000128866974357322,-0.00337368675212701
7632,36,55,35.9994709172408,54.9998737247599,6.3903763680203,1.43960084854891,0.000529082759214816,0.0001262752400919
7650,36,55,35.9994299118264,54.9966640819566,6.39043606185242,1.44124042922449,0.000570088173574845,0.00333591804343314
7668,36,55,35.9995772128509,54.9955257767093,6.39049575568454,1.44267079991132,0.000422787149148007,0.00447422329074243
7686,36,55,35.9998252339373,54.997933860341,6.39055544951666,1.44203482129575,0.000174766062706055,0.00206613965897873
7704,36,55,35.9999982305397,55.0026408288132,6.39061514334878,1.44026897868897,1.76946028318525e-06,-0.00264082881324157
7722,36,55,35.9998404655889,55.0051446545898,6.3906748371809,1.43881423132639,0.000159534411068307,-0.00514465458980595
7740,36,55,35.9994781942746,55.0036014300515,6.39183695794813,1.43860777455744,0.0005218057254055,-0.00360143005148217
7758,36,55,35.9993203868643,54.9994167350845,6.39189665178025,1.43943809556126,0.000679613135659451,0.000583264915547943
7776,36,55,35.999536521221,54.9954369183353,6.39195634561237,1.44128678473307,0.000463478778954141,0.00456308166474173
7794,36,55,36.0000038501845,54.9938298165223,6.39052779572064,1.4427171554199,-3.8501844557004e-06,0.00617018347772103
7812,36,55,36.000551315709,54.9961697873354,6.38909924582891,1.44287258145376,-0.000551315708975153,0.00383021266458172
7830,36,55,36.0008713300582,55.0009858532595,6.38767069593718,1.44192547235846,-0.000871330058188846,-0.000985853259479086
7848,36,55,36.0008135995907,55.0052457243367,6.3877303897693,1.44015962975167,-0.00081359959071392,-0.00524572433673143
7866,36,55,36.000389674581,55.0068658009761,6.38889251053653,1.43912128311048,-0.000389674581043664,-0.00686580097606537
7884,36,55,35.9998701590198,55.0047534583722,6.39005463130376,1.43912461200528,0.000129840980179097,-0.00475345837216423
7902,36,55,35.9994753007126,55.0010719873954,6.391216752071,1.4399549330091,0.000524699287410613,-0.00107198739536329
7920,36,55,35.9994379283628,54.9981438863218,6.39127644590312,1.44057570974316,0.00056207163723343,0.00185611367821537
7938,36,55,35.999676806882,54.9974040079108,6.39133613973524,1.44200608042999,0.00032319311799256,0.00259599208924044
7956,36,55,35.9999744831075,54.9982705394053,6.39139583356736,1.44168117699851,2.55168924852001e-05,0.00172946059467449
7974,36,55,36.0001962548438,55.0015184543393,6.39145552739948,1.44104519838294,-0.000196254843814359,-0.00151845433933318
7992,36,55,36.0002611741913,55.0035456614823,6.3915152212316,1.44000685174174,-0.000261174191251712,-0.00354566148226354
8010,36,55,36.0000977005028,55.0037778466059,6.39157491506372,1.43948734021031,-9.77005028204303e-05,-0.00377784660592795
8028,36,55,36.0000337764757,55.0018938884605,6.39163460889584,1.43989844703424,-3.3776475703462e-05,-0.00189388846051486
8046,36,55,36.0001305369793,54.9993009385905,6.39169430272796,1.44051922376829,-0.000130536979256135,0.000699061409548563
8064,36,55,36.0004279516758,54.9978571078362,6.39175399656008,1.44093033059222,-0.00042795167583165,0.00214289216377495
8082,36,55,36.000790409181,54.9977932203051,6.39032544666835,1.44105192599048,-0.00079040918100759,0.00220677969488037
8100,36,55,36.0010462617555,54.9985147842281,6.39038514050047,1.44072702255899,-0.00104626175552625,0.00148521577187921
8118,36,55,36.0011741142818,54.9992961448594,6.39044483433259,1.44040211912751,-0.00117411428180958,0.000703855140585574
8136,36,55,36.0012288834833,54.9992969412149,6.39050452816471,1.44052371452577,-0.00122888348326455,0.000703058785127553
8154,36,55,36.0011502042831,54.9987009417011,6.39056422199683,1.44064530992402,-0.00115020428305712,0.00129905829888344
8172,36,55,36.0011425360462,54.9983993159021,6.39062391582895,1.44076690532227,-0.00114253604623826,0.00160068409792302
8190,36,55,36.0011927429338,54.9985564713973,6.39068360966107,1.44088850072053,-0.00119274293383143,0.00144352860269237
8208,36,55,36.0012204272598,54.9989592448938,6.39074330349319,1.44101009611878,-0.00122042725978133,0.00104075510624568
8226,36,55,36.0012272725606,54.9995732843471,6.39080299732531,1.44113169151703,-0.00122727256055555,0.000426715652878329
8244,36,55,36.0012148440518,55.0003779424536,6.39086269115743,1.44080678808555,-0.00121484405180894,-0.00037794245363898
8262,36,55,36.0011845967274,55.0012449393971,6.39092238498955,1.44048188465407,-0.00118459672736293,-0.00124493939714654
8280,36,55,36.0011378829104,55.0013333335156,6.39098207882167,1.44060348005232,-0.00113788291038475,-0.00133333351555365
8298,36,55,36.0010918367921,55.0008263787909,6.39104177265379,1.44072507545058,-0.00109183679213487,-0.000826378790883098
8316,36,55,36.0011232722933,55.000614789973,6.39110146648591,1.44084667084883,-0.0011232722933272,-0.000614789972971153
8334,36,55,36.0012112736531,55.0006699946429,6.39116116031803,1.44096826624708,-0.00121127365312645,-0.000669994642933602
8352,36,55,36.0012754886972,55.0009661551723,6.39122085415015,1.44108986164533,-0.00127548869721039,-0.000966155172307026
8370,36,55,36.001317644784,55.0014799078948,6.39128054798227,1.44121145704359,-0.00131764478399532,-0.00147990789483288
8388,36,55,36.0013393493307,55.0021901271245,6.39134024181439,1.44088655361211,-0.00133934933068502,-0.00219012712453548
8406,36,55,36.0013420979784,55.0029680961915,6.39139993564651,1.43984820697091,-0.00134209797838025,-0.00296809619152327
8424,36,55,36.0013272822065,55.0027973239769,6.39145962947863,1.43932869543947,-0.00132728220646783,-0.00279732397689969
8442,36,55,36.0013120739315,55.0005617070623,6.39151932331075,1.43994947217353,-0.00131207393152266,-0.000561707062253447
8460,36,55,36.0013986934667,54.9977071020643,6.39157901714287,1.44057024890758,-0.00139869346665478,0.00229289793567489
8478,36,55,36.0016845600939,54.9964232868989,6.39163871097499,1.44200061959442,-0.00168456009388507,0.0035767131011113
8496,36,55,36.0020267678559,54.9967591404634,6.39021016108325,1.44280185003562,-0.00202676785594491,0.00324085953664621
8514,36,55,36.0022257507188,54.9999188211622,6.38901057665358,1.44216587142005,-0.00222575071876463,8.11788377887979e-05
8532,36,55,36.0022624026073,55.004104486982,6.3878109922239,1.44040002881327,-0.00226240260728616,-0.00410448698204391
8550,36,55,36.0020309655267,55.0062546333042,6.38787068605602,1.43894528145069,-0.00203096552673543,-0.00625463330422349
8568,36,55,36.0015777570784,55.0045274040678,6.38903280682325,1.43873882468174,-0.00157775707835128,-0.00452740406780094
8586,36,55,36.0012128183148,55.0001795317555,6.39019492759048,1.43956914568556,-0.0012128183147837,-0.000179531755534867
8604,36,55,36.0011105862438,54.9962403876334,6.3902546214226,1.44141783485737,-0.00111058624379723,0.00375961236662903
8622,36,55,36.0012627103513,54.9948521453498,6.39031431525472,1.4428482055442,-0.00126271035128411,0.00514785465016132
8640,36,55,36.0015044860141,54.9975811600643,6.39037400908684,1.44221222692863,-0.00150448601414155,0.00241883993571435
8658,36,55,36.0016250310412,55.0025932334435,6.39043370291896,1.44013523379271,-0.00162503104122891,-0.00259323344354812
8676,36,55,36.0013793129843,55.0053024516397,6.39049339675108,1.43868048643013,-0.00137931298433358,-0.00530245163973575
8694,36,55,36.0009319862848,55.0033690614194,6.39165551751832,1.43847402966118,-0.000931986284768982,-0.00336906141941995
8712,36,55,36.0007029880257,54.9988367007857,6.39171521135044,1.439304350665,-0.000702988025658158,0.00116329921426228
8730,36,55,36.0009033527444,54.9945474988415,6.39177490518256,1.44115303983681,-0.000903352744352048,0.00545250115848717
8748,36,55,36.0013532600079,54.9926654800847,6.39034635529083,1.44258341052364,-0.00135326000786051,0.00733451991526124
8766,36,55,36.0018818494606,54.9947615583489,6.3889178053991,1.44297648399173,-0.00188184946058101,0.00523844165108756
8784,36,55,36.0021817150238,54.999419987827,6.38897749923122,1.44202937489643,-0.00218171502380926,0.000580012173031719
8802,36,55,36.0021027298446,55.0039859354688,6.38903719306334,1.44026353228965,-0.00210272984460858,-0.0039859354688403
8820,36,55,36.0016481464561,55.0058873459581,6.39019931383057,1.43922518564845,-0.0016481464560627,-0.00588734595810081
8838,36,55,36.0010568973383,55.0040338075728,6.3913614345978,1.4390187288795,-0.00105689733834424,-0.00403380757279592
8856,36,55,36.0007237859818,55.0005391158151,6.39252355536504,1.43963950561355,-0.000723785981818992,-0.000539115815143987
8874,36,55,36.0007539945471,54.9973404622543,6.39258324919716,1.44127908628913,-0.000753994547139314,0.00265953774574967
8892,36,55,36.0010659683819,54.9960255405181,6.39115469930543,1.44270945697596,-0.00106596838194406,0.00397445948192399
8910,36,55,36.0014778350692,54.9982564122626,6.38972614941369,1.4420734783604,-0.00147783506924526,0.00174358773737993
8928,36,55,36.001808341351,55.0026536191702,6.38829759952196,1.44030763575361,-0.0018083413510297,-0.00265361917018936
8946,36,55,36.001802025095,55.0048534153647,6.38835729335408,1.43885288839104,-0.00180202509501015,-0.00485341536472106
8964,36,55,36.0014544969122,55.0030195833864,6.38951941412132,1.43864643162209,-0.00145449691224542,-0.00301958338637576
8982,36,55,36.0011716155775,54.9985569282292,6.38957910795344,1.43947675262591,-0.00117161557750478,0.00144307177082226
9000,36,55,36.0011274186804,54.9945036598613,6.38963880178556,1.44132544179771,-0.00112741868038313,0.00549634013869849
9018,36,55,36.0013344740275,54.9930318500702,6.38969849561768,1.44275581248454,-0.00133447402751585,0.00696814992983263
9036,36,55,36.0016293470441,54.9957088413938,6.3897581894498,1.4429112385184,-0.00162934704411555,0.0042911586061507
9054,36,55,36.0017042494722,55.0008643136952,6.38981788328192,1.44165294363297,-0.00170424947215508,-0.000864313695245755
9072,36,55,36.0014086904738,55.005378157912,6.38987757711404,1.43988710102619,-0.00140869047383774,-0.00537815791204821
9090,36,55,36.0008849324728,55.0066689434778,6.39103969788127,1.43884875438499,-0.00088493247280752,-0.00666894347781977
9108,36,55,36.0004178149604,55.0042804489253,6.39220181864851,1.4388520832798,-0.000417814960371743,-0.00428044892527879
9126,36,55,36.0002647313581,55.0001776215263,6.39226151248063,1.43968240428362,-0.000264731358136316,-0.000177621526297855
9144,36,55,36.0004662484828,54.9966728664329,6.39232120631275,1.44153109345542,-0.000466248482844378,0.00332713356714009
9162,36,55,36.0009338279639,54.99550421057,6.39089265642101,1.44296146414225,-0.000933827963940814,0.00449578942995288
9180,36,55,36.0014505117093,54.9982492184736,6.38946410652928,1.44232548552669,-0.0014505117093222,0.00175078152639685
9198,36,55,36.0017414314411,55.0031028793342,6.3895238003614,1.4405596429199,-0.00174143144106154,-0.00310287933424291
9216,36,55,36.0016561926296,55.0057072216827,6.38958349419352,1.43910489555733,-0.00165619262956085,-0.00570722168266258
9234,36,55,36.001234393374,55.0043738976165,6.39074561496076,1.43889843878838,-0.00123439337399134,-0.0043738976165244
9252,36,55,36.0008816015005,55.0003733978803,6.39190773572799,1.4397287597922,-0.000881601500537954,-0.000373397880309767
9270,36,55,36.0009024883811,54.9967398163064,6.39196742956011,1.441577448964,-0.000902488381115063,0.00326018369362657
9288,36,55,36.001181821334,54.9956492181698,6.39202712339223,1.44300781965083,-0.00118182133397937,0.00435078183021176
9306,36,55,36.0015482442915,54.998479982183,6.3905985735005,1.44237184103527,-0.0015482442915129,0.00152001781697209
9324,36,55,36.0017908548815,55.0035584494775,6.39065826733262,1.44029484789934,-0.00179085488149155,-0.0035584494775307
9342,36,55,36.0016646079926,55.00631143208,6.39071796116474,1.43884010053677,-0.00166460799262325,-0.00631143208001106
9360,36,55,36.0013341522195,55.0044018594917,6.39188008193197,1.43863364376781,-0.00133415221954181,-0.00440185949169347
9378,36,55,36.001088519049,54.9998757799337,6.39193977576409,1.43946396477163,-0.00108851904898444,0.00012422006632562
9396,36,55,36.0012662948373,54.9955774867083,6.39199946959621,1.44131265394344,-0.00126629483728635,0.0044225132916651
9414,36,55,36.0016953534117,54.9938655251904,6.39057091970448,1.44274302463027,-0.00169535341166238,0.00613447480955642
9432,36,55,36.0022047106192,54.9961248721664,6.38778257279586,1.44289845066413,-0.00220471061920335,0.00387512783355248
9450,36,55,36.0024868451034,55.0008717020386,6.38658298836618,1.44195134156883,-0.00248684510344788,-0.000871702038622857
9468,36,55,36.0023915226756,55.0050725204505,6.3853834039365,1.44018549896205,-0.00239152267561593,-0.00507252045045448
9486,36,55,36.0019303466789,55.0066426419679,6.38654552470374,1.43914715232085,-0.0019303466788898,-0.00664264196794306
9504,36,55,36.0012543605477,55.0044884630859,6.38770764547097,1.43915048121566,-0.00125436054769068,-0.00448846308594852
9522,36,55,36.0007205314162,55.000772392796,6.38886976623821,1.43998080221948,-0.000720531416227743,-0.00077239279596597
9540,36,55,36.0004383560253,54.9979920927145,6.38892946007033,1.44060157895353,-0.000438356025263431,0.0020079072855026
9558,36,55,36.0004332452971,54.997380591435,6.38898915390245,1.44140280939473,-0.000433245297067231,0.00261940856499621
9576,36,55,36.0004941736874,54.9983824800716,6.38904884773457,1.44107790596325,-0.000494173687364707,0.00161751992843051
9594,36,55,36.0004862469735,55.0006085706765,6.38910854156669,1.44044192734769,-0.000486246973487425,-0.000608570676490672
9612,36,55,36.0003507008863,55.0017332476512,6.38916823539881,1.44011702391621,-0.000350700886308175,-0.00173324765123795
9630,36,55,36.0001000270516,55.0013452769374,6.38922792923093,1.44023861931446,-0.000100027051573193,-0.00134527693737141
9648,36,55,35.9999467694995,55.000411631829,6.38928762306305,1.44064972613839,5.32305005336298e-05,-0.000411631828960424
9666,36,55,35.9999270923215,54.999896699116,6.38934731689517,1.44077132153664,7.29076785290772e-05,0.000103300883957047
9684,36,55,35.9999630294617,55.0002298081171,6.38940701072729,1.44089291693489,3.69705382610164e-05,-0.000229808117104824
9702,36,55,35.9999641381232,55.0007883242717,6.38946670455941,1.44101451233315,3.58618767819507e-05,-0.000788324271688623
9720,36,55,35.9998935775619,55.0015500107381,6.38952639839153,1.44068960890167,0.000106422438108211,-0.00155001073807171
9738,36,55,35.9998061440121,55.002385157369,6.38958609222365,1.44036470547019,0.000193855987902225,-0.0023851573689555
9756,36,55,35.9997032212924,55.002451535966,6.38964578605577,1.44048630086844,0.000296778707586043,-0.00245153596603842
9774,36,55,35.9996019699309,55.0019312438336,6.38970547988789,1.44060789626669,0.000398030069142408,-0.00193124383362431
9792,36,55,35.9995792254696,55.0017139563007,6.38976517372001,1.44072949166495,0.000420774530404344,-0.00171395630068361
9810,36,55,35.9996140894645,55.0017701673901,6.38982486755213,1.4408510870632,0.00038591053551329,-0.00177016739011293
9828,36,55,35.9996262231332,55.0020732014759,6.38988456138425,1.44097268246145,0.000373776866815945,-0.00207320147585932
9846,36,55,35.999617363653,55.0025989431407,6.38994425521637,1.44045317093002,0.000382636346998311,-0.00259894314071119
9864,36,55,35.9995891250122,55.0031682010229,6.39000394904849,1.43993365939858,0.000410874987835541,-0.00316820102287352
9882,36,55,35.9995430064757,55.0025780250481,6.39006364288061,1.43941414786715,0.000456993524309723,-0.00257802504813753
9900,36,55,35.9995031982401,55.0009382335837,6.39012333671273,1.43982525469108,0.000496801759922505,-0.000938233583681836
9918,36,55,35.9995796102659,54.9985766752298,6.39018303054485,1.44044603142513,0.000420389734102855,0.00142332477020801
9936,36,55,35.9997646512505,54.9973523378108,6.39024272437697,1.44187640211196,0.000235348749519915,0.00264766218924706
9954,36,55,36.0000181390412,54.9977470791976,6.39030241820909,1.44199799751022,-1.8139041152665e-05,0.00225292080241957
9972,36,55,36.0001683306357,55.0007980992082,6.39036211204121,1.44136201889465,-0.000168330635737846,-0.000798099208154213
9990,36,55,36.0001574927385,55.0036199599354,6.39042180587333,1.43990727153207,-0.000157492738466658,-0.00361995993537789
10008,36,55,35.999904011305,55.0046171044183,6.39048149970545,1.43886892489088,9.59886950440136e-05,-0.00461710441827279
10026,36,55,35.9996760621957,55.0025347487502,6.39054119353757,1.43866246812192,0.000323937804324714,-0.00253474875015769
10044,36,55,35.9996313549859,54.9986481131764,6.39060088736969,1.43949278912574,0.000368645014063418,0.00135188682358489
10062,36,55,35.9998836342453,54.9949378801123,6.39066058120181,1.44134147829755,0.000116365754678327,0.00506211988774652
10080,36,55,36.0003120534155,54.9935746004182,6.38923203131008,1.44277184898438,-0.000312053415463254,0.00642539958180066
10098,36,55,36.0007251791671,54.9961350874345,6.38780348141834,1.44292727501824,-0.000725179167105239,0.00386491256549704
10116,36,55,36.0009098355559,55.0011505854164,6.38786317525046,1.44166898013281,-0.000909835555859217,-0.0011505854163687
10134,36,55,36.0007213551884,55.0056570724991,6.38792286908258,1.43990313752603,-0.000721355188375128,-0.00565707249911895
10152,36,55,36.0001711232658,55.0069358061968,6.38908498984982,1.43886479088483,-0.000171123265751305,-0.00693580619677192
10170,36,55,35.9995406509041,55.004523720676,6.39024711061705,1.43886811977963,0.000459349095869754,-0.00452372067600493
10188,36,55,35.9992225949884,55.0005798515095,6.39140923138429,1.43969844078345,0.000777405011575638,-0.000579851509471041
10206,36,55,35.9992651029041,54.9974228563371,6.39146892521641,1.44133802145903,0.000734897095853171,0.00257714366287587
10224,36,55,35.9995794007172,54.9965416597881,6.39004037532467,1.44276839214586,0.000420599282833223,0.00345834021194946
10242,36,55,35.9999483052705,54.9991692181391,6.38861182543294,1.4421324135303,5.16947294855186e-05,0.000830781860898355
10260,36,55,36.0002011385585,55.0039294613788,6.38867151926506,1.44036657092352,-0.00020113855853765,-0.00392946137879591
10278,36,55,36.0001208113584,55.0064617138342,6.38873121309718,1.43891182356094,-0.000120811358357287,-0.00646171383417027
10296,36,55,35.9997027386935,55.0049325402842,6.38989333386442,1.43870536679199,0.000297261306471341,-0.00493254028417311
10314,36,55,35.9993525952453,55.0007492672716,6.39105545463165,1.43953568779581,0.000647404754687386,-0.000749267271586973
10332,36,55,35.9993751512041,54.9969523903055,6.39111514846377,1.44138437696761,0.000624848795936828,0.00304760969446249
10350,36,55,35.9996552652361,54.9957160530436,6.39117484229589,1.44281474765445,0.000344734763856991,0.00428394695639867
10368,36,55,36.0000216656791,54.9984168977,6.38974629240416,1.44217876903888,-2.16656791351966e-05,0.00158310230002456
10386,36,55,36.0002635281144,55.003379696333,6.38980598623628,1.44010177590295,-0.000263528114381018,-0.00337969633304169
10404,36,55,36.00013587939,55.0060298433145,6.3898656800684,1.43864702854038,-0.000135879390029459,-0.00602984331446521
10422,36,55,35.9998034344921,55.0040289874272,6.39102780083563,1.43844057177143,0.000196565507863511,-0.00402898742716928
10440,36,55,35.9995552861276,54.9994220200104,6.39108749466775,1.43927089277525,0.000444713872390423,0.00057797998962883
10458,36,55,35.9997300770712,54.9950521894698,6.39114718849987,1.44111958194705,0.000269922928822552,0.00494781053018301
10476,36,55,36.0001557331106,54.9932770975479,6.38971863860814,1.44254995263388,-0.000155733110624112,0.00672290245213247
10494,36,55,36.000661317916,54.9954808689645,6.38829008871641,1.44270537866774,-0.000661317916033966,0.00451913103546531
10512,36,55,36.0009393541145,55.0001789088484,6.38834978254853,1.44175826957244,-0.000939354114464663,-0.00017890884838323
10530,36,55,36.0008396479386,55.0043370284257,6.38840947638065,1.43999242696566,-0.000839647938619237,-0.0043370284257378
10548,36,55,36.0003738398495,55.0058699155231,6.38957159714788,1.43895408032446,-0.00037383984945194,-0.00586991552309257
10566,36,55,35.9998126150813,55.0036834010798,6.39073371791512,1.43895740921927,0.000187384918703515,-0.00368340107976906
10584,36,55,35.9995072003506,54.9999393838417,6.39189583868235,1.43978773022309,0.000492799649414621,6.0616158322091e-05
10602,36,55,35.9995629438175,54.9969591074427,6.39195553251447,1.44142731089866,0.000437056182462925,0.00304089255730844
10620,36,55,35.9998909854149,54.9962338318632,6.39052698262274,1.4428576815855,0.00010901458506396,0.0037661681367851
10638,36,55,36.0002740631081,54.9989986220943,6.38909843273101,1.44222170296993,-0.000274063108136602,0.00100137790567345
10656,36,55,36.0005414267358,55.0038793119173,6.38915812656313,1.44045586036315,-0.000541426735793493,-0.00387931191728086
10674,36,55,36.000475921145,55.006516944174,6.38921782039525,1.43900111300057,-0.000475921145010716,-0.00651694417396698
10692,36,55,36.0000729011936,55.0050796346497,6.39037994116248,1.43879465623162,-7.29011935760582e-05,-0.00507963464966821
10710,36,55,35.9997379867319,55.0009761094582,6.39154206192972,1.43962497723544,0.000262013268098826,-0.00097610945821458
10728,36,55,35.9997758980554,54.9972481267837,6.39160175576184,1.44147366640725,0.000224101944581889,0.00275187321629744
10746,36,55,36.0000714485004,54.9960709692135,6.39166144959396,1.44290403709408,-7.14485004422727e-05,0.00392903078648033
10764,36,55,36.0004533252945,54.9988223060417,6.39023289970223,1.44226805847851,-0.000453325294458296,0.00117769395827594
10782,36,55,36.0007106668081,55.0038278353157,6.39029259353435,1.44019106534259,-0.000710666808132032,-0.00382783531566844
10800,36,65,36.0005984662805,55.0065137860363,6.39035228736647,1.44019106534259,-0.000598466280479215,9.99348621396372
10818,36,65,36.0002814084132,55.0048996995348,6.3915144081337,2.37210524722712,-0.000281408413215445,9.99510030046515
10836,36,65,36.0000485586966,55.2321945439822,6.39157410196582,3.18494432909774,-4.85586966050278e-05,9.76780545601783
10854,36,65,36.0001868047015,57.3791285072908,6.39163379579794,3.31268735777795,-0.000186804701456822,7.62087149270918
10872,36,65,35.9671831065355,60.8724020164061,6.45071311117728,2.85076506617028,0.0328168934645205,4.12759798359389
10890,36,65,35.7474832566784,64.1584667791382,6.88093513089806,2.17934673311109,0.252516743321564,0.841533220861791
10908,36,65,35.3983085195005,66.1035224139927,7.65522796448272,1.59826055547579,0.601691480499504,-1.10352241399271
10926,36,65,35.0669834025855,66.4657183181619,8.50697903175237,1.35431108420922,0.933016597414479,-1.46571831816189
10944,36,65,34.8662593590488,65.6474655961112,9.22867384317907,1.40802229581066,1.13374064095117,-0.647465596111175
10962,36,65,34.8533046921743,64.464334751558,9.5731729700246,1.63263081685417,1.14669530782571,0.535665248442001
10980,36,65,35.0215211832049,63.5417080290297,9.46502053665102,1.95803451363627,0.978478816795104,1.45829197097033
10998,36,65,35.3012390435539,63.1499903673758,9.05765866331487,2.30481963404029,0.698760956446051,1.85000963262422
11016,36,65,35.6193492496548,63.3814658287421,8.4569148624275,2.44604599706931,0.380650750345239,1.61853417125791
11034,36,65,35.908642561799,64.1473403858962,7.80962663852533,2.41347042388136,0.0913574382010012,0.8526596141038
11052,36,65,36.1121352182657,64.9791813097297,7.30773485850921,2.22252938066507,-0.112135218265678,0.0208186902703318
11070,36,65,36.2100044395216,65.5510725468632,7.02446694776381,2.01538449295541,-0.210004439521576,-0.551072546863168
11088,36,65,36.2307276201428,65.6468016753677,6.90647427650116,1.92321400073268,-0.23072762014278,-0.646801675367655
11106,36,65,36.2077336270297,65.3532866355286,6.90238759435885,1.93615143760512,-0.207733627029661,-0.353286635528619
11124,36,65,36.1820310385943,64.9796724374241,6.90632243320384,1.99236352776905,-0.182031038594346,0.0203275625758863
11142,36,65,36.1707230205345,64.7538382668069,6.89324274603411,2.07734004885976,-0.17072302053451,0.246161733193134
11160,36,65,36.1640122592702,64.7371883732802,6.87526620852967,2.12045162531733,-0.164012259270152,0.262811626719767
11178,36,65,36.1524358393604,64.9285559416651,6.86503658401011,2.08882196697523,-0.152435839360407,0.0714440583349045
11196,36,65,36.1291181484493,65.1911676295237,6.8744534915755,1.99998611731956,-0.129118148449322,-0.191167629523733
11214,36,65,36.0899524033992,65.349644854897,6.91078307423567,1.91079523781311,-0.089952403399181,-0.349644854896994
11232,36,65,36.0452971630951,65.3050815027279,6.96187161673,1.8928985529594,-0.0452971630951424,-0.305081502727916
11250,36,65,36.0109995845611,65.0957430324332,7.00546518351585,1.91513159927956,-0.0109995845610911,-0.0957430324331909
11268,36,65,35.9979479842555,64.8812688710308,7.02310110004382,1.9724418497924,0.00205201574452474,0.118731128969173
11286,36,65,36.0047492746044,64.7449320292437,7.00680330038255,2.04861931371625,-0.00474927460436447,0.255067970756329
11304,36,65,36.0179548589921,64.7469556947318,6.97136962254323,2.07933459582069,-0.0179548589920842,0.253044305268233
11322,36,65,36.0285762014567,64.8945455677864,6.93852066109354,2.0632251833211,-0.0285762014567226,0.105454432213591
11340,36,65,36.0279076967527,65.0749486647824,6.93497969997552,2.01064092862549,-0.0279076967527345,-0.0749486647823829
11358,36,65,36.0120179621084,65.1889888351818,6.95317951918261,1.95512695251016,-0.0120179621084233,-0.18898883518176
11376,36,65,35.9894899559495,65.1771346228361,6.9875896834512,1.9423652738104,0.0105100440504629,-0.177134622836093
11394,36,65,35.970121708297,65.0608295932711,7.02835240272504,1.95437725680228,0.0298782917029641,-0.0608295932710803
11412,36,65,35.9625542240283,64.9388794018629,7.05857051995417,1.98606744281896,0.037445775971733,0.0611205981370517
11430,36,65,35.9670267580273,64.8630757252775,7.05700103923029,2.02845344798099,0.0329732419726625,0.136924274722531
11448,36,65,35.976100777752,64.8649083787339,7.04241965571166,2.04466640484859,0.0238992222480121,0.135091621266128
11466,36,65,35.9852615785893,64.9475603496289,7.02556365770921,2.03414927584805,0.0147384214107262,0.0524396503710989
11484,36,65,35.9899736366567,65.0454474214164,7.01702107562053,2.00490594022112,0.0100263633433286,-0.0454474214164406
11502,36,65,35.9868694087009,65.1013327542241,7.02765129076376,1.97616873211767,0.0131305912991309,-0.10133275422406
11520,36,65,35.9806020759695,65.0853195868191,7.04442605094202,1.9714644729892,0.0193979240304714,-0.0853195868191108
11538,36,65,35.9763196302742,65.0150473445056,7.0610807164418,1.98055627562337,0.0236803697257812,-0.0150473445056178
11556,36,65,35.9777452150521,64.9459352468893,7.06399651926954,2.00367073879994,0.0222547849478616,0.0540647531107368
11574,36,65,35.9852482489349,64.907639338101,7.0498402443798,2.0305870812124,0.0147517510650843,0.092360661898951
11592,36,65,35.9944660053196,64.9234760846346,7.03070072913019,2.0372989415123,0.0055339946804267,0.0765239153653852
11610,36,65,36.002482239966,64.9879896630019,7.01169756265056,2.02451825059795,-0.00248223996595698,0.0120103369981024
11628,36,65,36.005669752071,65.0529923080306,7.00350890792954,2.00115676112333,-0.00566975207100029,-0.0529923080306105
11646,36,65,36.0028476584063,65.0792535675429,7.00669077159255,1.98286521766443,-0.00284765840632417,-0.0792535675429349
11664,36,65,35.9980048114077,65.0535873255319,7.01332435514279,1.98207334015901,0.00199518859228931,-0.0535873255319217
11682,36,65,35.9949193061798,64.9970144375204,7.01947575341161,1.9915719745932,0.00508069382024701,0.00298556247955162
11700,36,65,35.9959959648268,64.9486219282919,7.01790124253152,2.01073204246651,0.00400403517319603,0.0513780717081289
11718,36,65,36.000486377373,64.9294384503801,7.0083684875809,2.03040113607073,-0.000486377373029256,0.0705615496199101
11736,36,65,36.005157067651,64.9536432981678,6.99612656385003,2.0320980122759,-0.00515706765099821,0.0463567018321669
11754,36,65,36.0078778060605,65.0121773078597,6.98650584097566,2.01733268740534,-0.00787780606045629,-0.0121773078596732
11772,36,65,36.006435782781,65.0635933225281,6.98734568500463,1.99515335576312,-0.0064357827809971,-0.0635933225281065
11790,36,65,36.0009142909024,65.075968940918,6.99476251720902,1.98336817426138,-0.000914290902443327,-0.0759689409179742
11808,36,65,35.9949475455159,65.04267440574,7.00482845428022,1.9846396112809,0.00505245448408687,-0.0426744057399588
11826,36,65,35.9918324206362,64.9917969363847,7.01322144938301,1.99451642533923,0.00816757936378565,0.00820306361534051
11844,36,65,35.9931830331005,64.9520233949013,7.01277107745376,2.01227395419576,0.00681696689949263,0.0479766050986683
11862,36,65,35.997083142304,64.9401062648858,7.00579716021527,2.02820164523931,0.00291685769597194,0.0598937351142013
11880,36,65,36.0011022113502,64.9663869457772,6.99626440526465,2.02773775674927,-0.00110221135021504,0.0336130542228403
11898,36,65,36.0033711557847,65.0188532151662,6.98942626133229,2.01289248756765,-0.00337115578466296,-0.0188532151662173
11916,36,65,36.0019573849148,65.0603930712024,6.99136881348004,1.99369799440155,-0.00195738491478181,-0.0603930712024123
11934,36,65,35.9973831311448,65.0642135488272,6.9998677256892,1.98642750559843,0.00261686885521328,-0.0642135488271975
11952,36,65,35.9929050671705,65.029792802955,7.00982495028783,1.98914382325944,0.00709493282954554,-0.0297928029550292
11970,36,65,35.9913339814882,64.9864260965159,7.01665532307416,1.99919452117885,0.00866601851180349,0.0135739034840867
11988,36,65,35.9935613002067,64.9558745472461,7.01238168726294,2.01456097469582,0.00643869979334966,0.044125452753903
12006,36,65,35.9975553128116,64.9516869855557,7.00405719539246,2.0235626764661,0.00244468718841517,0.0483130144442612
12024,36,65,36.0014090263266,64.9786316966304,6.99587586509072,2.02077009232842,-0.00140902632662687,0.021368303369556
12042,36,65,36.0034460033505,65.0180268529605,6.99038794266135,2.0087346076337,-0.00344600335054679,-0.0180268529605314
12060,36,65,36.0021288293623,65.044067044273,6.9923304948091,1.99539965392488,-0.00212882936232006,-0.0440670442730493
12078,36,65,35.9987674128964,65.0407409917024,6.99739879094177,1.99249416541053,0.00123258710358698,-0.0407409917024495
12096,36,65,35.9958170449184,65.0123813741672,7.00355018921058,1.99583554894181,0.00418295508159616,-0.0123813741672478
12114,36,65,35.995094263482,64.9830434678284,7.00657719943123,2.00383594516449,0.00490573651801185,0.0169565321715908
12132,36,65,35.9969511104114,64.9657267921522,7.00365327060115,2.01478798603687,0.00304888958861937,0.034273207847761
12150,36,65,35.9995189997527,64.9684433480925,6.99817392075109,2.01801271934211,0.000481000247262386,0.0315566519075361
12168,36,65,36.0016384928578,64.9919732328707,6.99269457090102,2.01428166609688,-0.00163849285775797,0.00802676712925177
12186,36,65,36.0021840858529,65.0177110528029,6.99126602100929,2.00536290008137,-0.00218408585291741,-0.0177110528028805
12204,36,65,36.0004986381271,65.0309667779224,6.99398940607371,1.99759474949876,-0.000498638127076845,-0.0309667779224014
12222,36,65,35.9980414507636,65.0238602977721,6.99749402590092,1.99656705137679,0.00195854923642003,-0.023860297772103
12240,36,65,35.9962123000756,65.0029041182658,7.00208242681701,1.99928615473588,0.00378769992437356,-0.00290411826577497
12258,36,65,35.9961576254964,64.9833356235383,7.00340879387072,2.00584407420119,0.00384237450357716,0.0166643764617191
12276,36,65,35.9977019341811,64.9730356909556,7.00048486504065,2.01336833533926,0.00229806581887715,0.0269643090444447
12294,36,65,35.9995451786515,64.9780580451101,6.99635607117956,2.01493704968036,0.000454821348519374,0.0219419548899396
12312,36,65,36.0009976268404,64.9967342281688,6.99357754394024,2.01166991109368,-0.000997626840430144,0.00326577183119525
12330,36,65,36.0011243951626,65.0152918152502,6.99363723777236,2.00513360072436,-0.00112439516264828,-0.0152918152501513
12348,36,65,35.9996735054422,65.0237253466433,6.99557978992011,1.9993361622287,0.000326494557796764,-0.0237253466432605
12366,36,65,35.9978083680317,65.0174458614998,6.99830317498453,1.99892763293416,0.00219163196830152,-0.0174458614997803
12384,36,65,35.996602619593,65.0011215279184,7.0021106798756,2.00163821713326,0.00339738040703708,-0.0011215279183574
12402,36,65,35.9967946264448,64.9867595316714,7.00343704692931,2.00736916091701,0.00320537355515427,0.0132404683286325
12420,36,65,35.9981521653839,64.9806150133251,7.00065851969,2.01306683919046,0.00184783461614302,0.0193849866748508
12438,36,65,35.9996448443972,64.9871901313505,6.99787999245069,2.0138092955019,0.000355155602846935,0.0128098686495264
12456,36,65,36.0007282562212,65.0037308523606,6.99510146521138,2.00924110610543,-0.000728256221222523,-0.00373085236057591
12474,36,65,36.0007110819322,65.0185920376219,6.9951611590435,2.00250075378899,-0.000711081932237789,-0.0185920376218576
12492,36,65,35.9994791571624,65.0213056742411,6.99710371119124,1.99959297047434,0.000520842837644864,-0.0213056742410629
12510,36,65,35.9981238923443,65.010190929824,6.99904626333899,2.00043629196576,0.00187610765569701,-0.0101909298239775
12528,36,65,35.9976336023379,64.9951873003187,7.00207327355963,2.00395335175245,0.00236639766205826,0.00481269968129538
12546,36,65,35.9984277214882,64.9843871420333,7.0006447236679,2.00927006758659,0.00157227851180153,0.0156128579667296
12564,36,65,35.9998082811291,64.9828546543489,6.99786619642858,2.01207857964089,0.000191718870880209,0.0171453456510591
12582,36,65,36.0010120915745,64.9921125988183,6.99508766918927,2.0114572893541,-0.00101209157448068,0.00788740118166231
12600,36,65,36.0016291397273,65.0053396488598,6.99365911929754,2.0078237137824,-0.00162913972728518,-0.00533964885977412
12618,36,65,36.0011015300982,65.0149780375126,6.99482124006478,2.00315423729615,-0.00110153009818248,-0.014978037512634
12636,36,65,35.9999128161416,65.0153284365842,6.99676379221252,2.00180173025734,8.71838583549334e-05,-0.0153284365841984
12654,36,65,35.9987874734443,65.0066970647452,6.99870634436027,2.00264293254488,0.00121252655567616,-0.00669706474521092
12672,36,65,35.9983851749304,64.9968968437482,6.9998684651275,2.00532680494186,0.00161482506955224,0.00310315625179669
12690,36,65,35.9989475492433,64.9906261003671,6.99843991523577,2.00860037386289,0.00105245075668137,0.00937389963290514
12708,36,65,35.9998475656297,64.9909872315176,6.99701136534404,2.01001218690176,0.000152434370320975,0.00901276848239263
12726,36,65,36.0006304656215,64.9976612365233,6.99558281545231,2.00844265090105,-0.000630465621469511,0.00233876347665785
12744,36,65,36.000904095436,65.0057057215469,6.99564250928443,2.00574319079307,-0.000904095436020214,-0.00570572154686033
12762,36,65,36.0004391882213,65.0091180988716,6.99680463005166,2.00366778819826,-0.000439188221271536,-0.00911809887161041
12780,36,65,35.9996932870347,65.0064651476555,6.99796675081889,2.00367111709307,0.000306712965333134,-0.00646514765554684
12798,36,65,35.9992327100272,65.0003323689674,6.99912887158613,2.00471085683919,0.000767289972770868,-0.000332368967434604
12816,36,65,35.9993365045638,64.995222070225,6.99918856541825,2.00676852931893,0.000663495436150185,0.00477792977504521
12834,36,65,35.9998903199778,64.9932367417479,6.99776001552652,2.00819890000577,0.000109680022212899,0.00676325825207869
12852,36,65,36.0004793022083,64.9956472801778,6.99633146563478,2.00835432603963,-0.000479302208304944,0.00435271982222218
12870,36,65,36.000890545437,65.0003959407199,6.99490291574305,2.00740721694432,-0.000890545436995183,-0.000395940719897681
12888,36,65,36.0008899777147,65.0045886428214,6.99496260957517,2.00564137433754,-0.000889977714663814,-0.00458864282143168
12906,36,65,36.0005218400377,65.0060067766981,6.99612473034241,2.00460302769634,-0.000521840037698951,-0.00600677669805805
12924,36,65,36.0000567495613,65.0036959435757,6.99728685110964,2.00460635659115,-5.67495612742164e-05,-0.00369594357566427
12942,36,65,35.9997149689138,64.9998270828137,6.99844897187688,2.00543667759497,0.000285031086242782,0.000172917186262111
12960,36,65,35.9997293430869,64.9967218884748,6.998508665709,2.00707625827055,0.000270656913052392,0.00327811152519075
12978,36,65,36.0000186545693,64.99606459385,6.99856835954112,2.00787748871175,-1.86545693168227e-05,0.0039354061499921
12996,36,65,36.0003654689005,64.9987484756703,6.99713980964938,2.00724151009619,-0.000365468900540122,0.00125152432968889
13014,36,65,36.0005988748957,65.0023816637945,6.9971995034815,2.00629440100088,-0.000598874895658241,-0.00238166379448046
13032,36,65,36.000523939249,65.0040930721594,6.99725919731362,2.00525605435968,-0.000523939248957106,-0.004093072159435
13050,36,65,36.0003509996569,65.0034516219994,6.99731889114574,2.00473654282825,-0.00035099965693064,-0.00345162199940319
13068,36,65,36.0002136675712,65.0007710082515,6.99737858497786,2.0053573195623,-0.000213667571216547,-0.000771008251490457
13086,36,65,36.0002850308813,64.9975027285263,6.99743827880998,2.00597809629636,-0.000285030881251203,0.0024972714737288
13104,36,65,36.0005557968341,64.9960265153605,6.9974979726421,2.00740846698319,-0.000555796834092348,0.00397348463950209
13122,36,65,36.0008830769221,64.9962011829749,6.99606942275037,2.0082096974244,-0.000883076922065129,0.00379881702512819
13140,36,65,36.0010673204963,64.9992174215406,6.99612911658249,2.00757371880883,-0.00106732049632541,0.000782578459364913
13158,36,65,36.0010894349697,65.0032756221081,6.99618881041461,2.00580787620205,-0.00108943496971392,-0.00327562210810584
13176,36,65,36.0008436740929,65.0053126838531,6.99624850424673,2.00476952956085,-0.000843674092863012,-0.00531268385311989
13194,36,65,36.0003763656136,65.0035875352817,6.99741062501397,2.0045630727919,-0.000376365613625751,-0.00358753528165323
13212,36,65,36.0001083253814,65.0000219013045,6.99747031884609,2.00539339379572,-0.000108325381418695,-2.19013044784333e-05
13230,36,65,36.0002020335904,64.9967925610983,6.99753001267821,2.00703297447129,-0.0002020335903552,0.00320743890165431
13248,36,65,36.0004789816737,64.9958342314022,6.99758970651033,2.00846334515813,-0.000478981673680323,0.00416576859777251
13266,36,65,36.0008443437595,64.998380702603,6.99616115661859,2.00782736654256,-0.000844343759524691,0.00161929739698508
13284,36,65,36.0009975578298,65.0031993011811,6.99622085045071,2.00606152393578,-0.000997557829833795,-0.00319930118112666
13302,36,65,36.0008159343611,65.005790986999,6.99628054428283,2.0046067765732,-0.000815934361142467,-0.00579098699901692
13320,36,65,36.000431411042,65.0044571952223,6.99744266505007,2.00440031980425,-0.000431411042001173,-0.00445719522228671
13338,36,65,36.0001219444122,65.0004669003408,6.9986047858173,2.00523064080807,-0.000121944412200037,-0.000466900340796883
13356,36,65,36.0001844576759,64.9966602570724,6.99866447964942,2.00707932997988,-0.000184457675899807,0.00333974292763628
13374,36,65,36.0005037931781,64.9953997897648,6.99723592975769,2.00850970066671,-0.000503793178076251,0.0046002102351963
13392,36,65,36.0009086661023,64.9980740825934,6.99580737986596,2.00787372205114,-0.000908666102311884,0.00192591740662351
13410,36,65,36.0011882417646,65.0030082910645,6.99586707369808,2.00579672891522,-0.00118824176463761,-0.00300829106453193
13428,36,65,36.0010975393786,65.00562815154,6.9959267675302,2.00434198155264,-0.00109753937863388,-0.00562815153995189
13446,36,65,36.00067036277,65.0035956174418,6.99708888829743,2.00413552478369,-0.000670362769994881,-0.00359561744184589
13464,36,65,36.0003233475027,64.9989558511091,6.99825100906467,2.00496584578751,-0.000323347502735771,0.00104414889092652
13482,36,65,36.0004028186006,64.994744920398,6.99831070289679,2.00681453495931,-0.000402818600569788,0.00525507960195171
13500,36,65,36.000736563315,64.9931329617211,6.99688215300506,2.00824490564615,-0.000736563315030025,0.00686703827894064
13518,36,65,36.0011535128679,64.9954929904675,6.99545360311332,2.00840033168001,-0.00115351286790855,0.00450700953251726
13536,36,65,36.0014430326942,65.0003407859514,6.99551329694544,2.0074532225847,-0.00144303269422608,-0.000340785951436828
13554,36,65,36.0013603273196,65.0046425070474,6.99557299077756,2.00568737997792,-0.00136032731958835,-0.00464250704735036
13572,36,65,36.0009112297617,65.0061705108789,6.9967351115448,2.00464903333672,-0.00091122976167668,-0.00617051087894538
13590,36,65,36.0003664173978,65.0039699538227,6.99789723231203,2.00465236223153,-0.000366417397792418,-0.00396995382271825
13608,36,65,36.0000771104913,65.0002113845266,6.99795692614415,2.00548268323535,-7.71104912686837e-05,-0.000211384526608072
13626,36,65,36.0001486520309,64.9972161549439,6.99801661997627,2.00712226391093,-0.000148652030937058,0.00278384505612905
13644,36,65,36.0004921779468,64.9964756211241,6.99658807008454,2.00855263459776,-0.000492177946782135,0.00352437887590895
13662,36,65,36.0008904232653,64.9992249331064,6.99515952019281,2.00791665598219,-0.000890423265346385,0.000775066893638154
13680,36,65,36.0010756663803,65.0040899998087,6.99521921402493,2.00615081337541,-0.00107566638030931,-0.00408999980874114
13698,36,65,36.0009252315819,65.0067119303011,6.99527890785705,2.00469606601283,-0.00092523158185287,-0.00671193030110828
13716,36,65,36.0004401649254,65.0054015526383,6.99644102862428,2.00448960924388,-0.000440164925350928,-0.005401552638304
13734,36,65,36.000025983558,65.0014286196006,6.99760314939152,2.0053199302477,-2.59835580180834e-05,-0.00142861960060259
13752,36,65,35.9999873090405,64.997826564693,6.99766284322364,2.00615025125152,1.26909594513336e-05,0.00217343530701442
13770,36,65,36.0002088597709,64.9965208534845,6.99772253705576,2.00758062193836,-0.000208859770907566,0.00347914651553083
13788,36,65,36.0005192316712,64.9972598176499,6.99629398716403,2.00797369540645,-0.000519231671169962,0.00274018235006679
13806,36,65,36.000743688456,65.0007042215624,6.99635368099615,2.00733771679089,-0.000743688455997926,-0.000704221562443763
13824,36,65,36.0007734586838,65.0042615425992,6.99641337482827,2.0055718741841,-0.000773458683823947,-0.004261542599167
13842,36,65,36.0005500545461,65.0057022022564,6.99647306866039,2.0045335275429,-0.00055005454610324,-0.0057022022564297
13860,36,65,36.00017440509,65.0034271504931,6.99763518942762,2.00453685643771,-0.000174405090028529,-0.00342715049310982
13878,36,65,35.9999925466883,64.9994129870387,6.99769488325974,2.00536717744153,7.45331168161556e-06,0.000587012961347
13896,36,65,36.0001673048748,64.9961675076515,6.99775457709186,2.00700675811711,-0.00016730487483585,0.0038324923485078
13914,36,65,36.0005130340201,64.9951922538401,6.99632602720013,2.00843712880394,-0.000513034020066527,0.00480774615985524
13932,36,65,36.0009071280953,64.9977211659301,6.9948974773084,2.00780115018838,-0.000907128095327892,0.00227883406989804
13950,36,65,36.00108772643,65.0025217036293,6.99495717114052,2.00603530758159,-0.00108772642998645,-0.00252170362932702
13968,36,65,36.0009322111663,65.0050949449866,6.99501686497264,2.00458056021901,-0.000932211166251307,-0.00509494498659535
13986,36,65,36.0004416815416,65.003742429821,6.99617898573987,2.00437410345006,-0.000441681541573757,-0.00374242982096007
14004,36,65,36.0000217035535,64.9997332251051,6.9973411065071,2.00520442445388,-2.17035534575416e-05,0.000266774894910782
14022,36,65,35.9999769435958,64.996100145837,6.99740080033922,2.00705311362569,2.30564042453807e-05,0.00389985416298089
14040,36,65,36.0001921611754,64.9950181092925,6.99746049417134,2.00848348431252,-0.000192161175448291,0.00498189070745525
14058,36,65,36.0004959898718,64.9978644642698,6.99603194427961,2.00784750569696,-0.000495989871808433,0.00213553573016156
14076,36,65,36.0006775146865,65.0029646285444,6.99609163811173,2.00577051256103,-0.000677514686479697,-0.00296462854440449
14094,36,65,36.0004916758565,65.0057445869253,6.99615133194385,2.00431576519845,-0.000491675856522988,-0.00574458692531721
14112,36,65,36.0001031055274,65.0038665284152,6.99731345271109,2.0041093084295,-0.000103105527358593,-0.00386652841524437
14130,36,65,35.9998008171486,64.999375838942,6.99847557347832,2.00493962943332,0.000199182851368107,0.00062416105804175
14148,36,65,35.9999233776445,64.9951162200249,6.99853526731044,2.00678831860513,7.66223554791168e-05,0.00488377997511691
14166,36,65,36.0002986401921,64.9934456888118,6.99710671741871,2.00821868929196,-0.000298640192099242,0.00655431118818228
14184,36,65,36.0007555989329,64.995748751134,6.99567816752698,2.00837411532582,-0.000755598932926205,0.00425124886604067
14202,36,65,36.0010836793719,65.0005411620313,6.99424961763525,2.00742700623052,-0.0010836793718596,-0.000541162031339582
14220,36,65,36.0010381434013,65.0047890542477,6.99430931146737,2.00566116362373,-0.00103814340133823,-0.00478905424770915
14238,36,65,36.0006248788413,65.0062647572312,6.9954714322346,2.00462281698253,-0.000624878841293253,-0.00626475723123576
14256,36,65,36.0001146154373,65.0040133984157,6.99663355300183,2.00462614587734,-0.000114615437325938,-0.00401339841566539
14274,36,65,35.9997277175922,65.0002054964862,6.99779567376907,2.00545646688116,0.00027228240777788,-0.000205496486174184
14292,36,65,35.9996971220856,64.9971623726325,6.99785536760119,2.00709604755674,0.000302877914421629,0.0028376273674553
14310,36,65,35.9999416939774,64.9965679302727,6.99791506143331,2.00789727799794,5.83060225878285e-05,0.00343206972732446
14328,36,65,36.0002440728783,64.9993151549273,6.99648651154158,2.00726129938238,-0.000244072878324175,0.000684845072726148
14346,36,65,36.0004334138382,65.003011919992,6.9965462053737,2.00549545677559,-0.000433413838223373,-0.00301191999196249
14364,36,65,36.0003148425671,65.0045859150749,6.99660589920582,2.0044571101344,-0.000314842567149753,-0.00458591507489814
14382,36,65,36.000098749131,65.0022957854349,6.99666559303794,2.00507788686845,-9.87491309984989e-05,-0.00229578543491016
14400,36,65,35.9999479053997,64.9984090622276,6.99672528687006,2.00590820787227,5.20946003490508e-05,0.00159093777241992
14418,36,65,36.0001450364115,64.9962376276459,6.99678498070218,2.00754778854785,-0.000145036411481669,0.00376237235406052
14436,36,65,36.0004903980698,64.9964009077584,6.99535643081045,2.00834901898905,-0.000490398069786124,0.00359909224158628
14454,36,65,36.0006817921514,64.9998138205647,6.99541612464257,2.00771304037349,-0.000681792151382865,0.000186179435317513
14472,36,65,36.0006649426331,65.0042362999053,6.99547581847469,2.0059471977667,-0.000664942633072485,-0.00423629990527274
14490,36,65,36.0003447560029,65.0066081550839,6.99663793924192,2.00449245040413,-0.000344756002888857,-0.00660815508385326
14508,36,65,35.9998059431395,65.005088726948,6.99780006000915,2.00428599363517,0.000194056860507885,-0.00508872694804552
14526,36,65,35.9994691907111,65.0009358387537,6.99896218077639,2.00511631463899,0.000530809288925127,-0.000935838753747475
14544,36,65,35.9995116634489,64.9971798562555,6.99902187460851,2.0069650038108,0.000488336551093482,0.00282014374445794
14562,36,65,35.9999074455608,64.9958009096205,6.99759332471678,2.00839537449763,9.25544391563449e-05,0.00419909037951527
14580,36,65,36.0003908626639,64.9983620357525,6.99616477482504,2.00775939588207,-0.000390862663884661,0.0016379642475215
14598,36,65,36.0007454715716,65.0030555026914,6.99473622493331,2.00599355327528,-0.000745471571619305,-0.00305550269141008
14616,36,65,36.0007264702328,65.005520883578,6.99479591876543,2.00453880591271,-0.000726470232834231,-0.00552088357797231
14634,36,65,36.000367831059,65.0039249613175,6.99595803953267,2.00433234914376,-0.000367831058959212,-0.00392496131749454
14652,36,65,36.0000752841582,64.9996752530401,6.99601773336479,2.00516267014758,-7.52841581999064e-05,0.000324746959933009
14670,36,65,36.0000227478136,64.9958124201442,6.99607742719691,2.00701135931938,-2.27478136309855e-05,0.00418757985579532
14688,36,65,36.0002226792349,64.9945107500426,6.99613712102903,2.00844173000621,-0.00022267923489494,0.00548924995743505
14706,36,65,36.0005115413537,64.9973395876207,6.99619681486115,2.00859715604007,-0.000511541353681366,0.00266041237931347
14724,36,65,36.0005814509571,65.0026304221913,6.99625650869327,2.00652016290415,-0.000581450957106711,-0.00263042219128806
14742,36,65,36.0002818292649,65.0070637892614,6.99631620252539,2.00475432029736,-0.000281829264878297,-0.00706378926136608
14760,36,65,35.9997548572801,65.0067497131524,6.99747832329262,2.00423480876593,0.000245142719876412,-0.00674971315244477
14778,36,65,35.9993144120485,65.003034676379,6.99864044405986,2.00444779422302,0.000685587951451794,-0.0030346763789737
14796,36,65,35.9993274090718,64.9987509892193,6.99870013789198,2.00527811522684,0.000672590928246564,0.00124901078071105
14814,36,65,35.9996659692127,64.9954727200667,6.99727158800024,2.00691769590241,0.000334030787307427,0.00452727993332758
14832,36,65,36.0001653383948,64.9944559880212,6.99584303810851,2.00834806658925,-0.000165338394815251,0.00554401197879884
14850,36,65,36.0006761559375,64.9969460222198,6.99441448821678,2.00850349262311,-0.000676155937469503,0.00305397778018346
14868,36,65,36.0009695118659,65.0017617143015,6.9944741820489,2.00755638352781,-0.000969511865896777,-0.00176171430150873
14886,36,65,36.000792023979,65.006010328946,6.99453387588102,2.00579054092102,-0.000792023979045098,-0.0060103289459903
14904,36,65,36.0002443311809,65.0076171224408,6.99569599664825,2.00433574509218,-0.000244331180887514,-0.00761712244084833
14922,36,65,35.999604761251,65.0055801037717,6.99685811741549,2.00412928832323,0.000395238749028692,-0.00558010377170604
14940,36,65,35.999224366531,65.0011572726227,6.99802023818272,2.00495960932705,0.000775633468990122,-0.00115727262273424
14958,36,65,35.9992231393953,64.9971758943025,6.99807993201484,2.00680829849885,0.000776860604680962,0.00282410569752756
14976,36,65,35.99957527043,64.995601168374,6.99665138212311,2.00823866918568,0.000424729569971305,0.0043988316259771
14994,36,65,36.0000151664954,64.9979930479011,6.99522283223138,2.00760269057012,-1.51664954159969e-05,0.00200695209886703
15012,36,65,36.0003264655504,65.00254101923,6.99379428233965,2.00583684796333,-0.000326465550436694,-0.00254101922995176
15030,36,65,36.0002644383676,65.004882146912,6.99385397617177,2.00438210060076,-0.000264438367594266,-0.00488214691202415
15048,36,65,35.9998631225103,65.0031809521,6.995016096939,2.00417564383181,0.00013687748972302,-0.00318095210002411
15066,36,65,35.9995283061703,64.9988429132492,6.99617821770624,2.00500596483563,0.000471693829695141,0.00115708675076576
15084,36,65,35.9994339592061,64.9949068546728,6.99623791153836,2.00685465400743,0.000566040793927414,0.00509314532718008
15102,36,65,35.9995925844142,64.993545408853,6.99629760537048,2.00828502469426,0.000407415585797821,0.00645459114697644
15120,36,65,35.9998406848073,64.9963264303233,6.9963572992026,2.00844045072812,0.000159315192675535,0.0036735696766641
15138,36,65,35.999967381668,65.0015800667272,6.99641699303472,2.00718215584269,3.26183319643292e-05,-0.00158006672720035
15156,36,65,35.9997276460576,65.0061866366306,6.99647668686684,2.00541631323591,0.000272353942406767,-0.00618663663063046
15174,36,65,35.9992579936021,65.0074224465785,6.99763880763407,2.00437796659471,0.000742006397942419,-0.00742244657845958
15192,36,65,35.9988433137773,65.004970657494,6.9988009284013,2.00438129548952,0.00115668622268572,-0.00497065749399894
15210,36,65,35.9987410487366,65.0008049138208,6.99886062223342,2.00521161649334,0.00125895126343778,-0.000804913820786624
15228,36,65,35.9989918127918,64.9972377676758,6.99892031606554,2.00706030566514,0.00100818720824236,0.00276223232415873
15246,36,65,35.9995071138486,64.9960073730298,6.99749176617381,2.00849067635197,0.000492886151363336,0.00399262697018798
15264,36,65,36.000070038891,64.998691403633,6.99606321628208,2.00785469773641,-7.00388909962157e-05,0.00130859636702496
15282,36,65,36.0004057635357,65.0034849419429,6.99463466639035,2.00608885512962,-0.000405763535681558,-0.00348494194287241
15300,36,65,36.0003639359867,65.0060300955074,6.99469436022247,2.00463410776705,-0.000363935986676722,-0.00603009550739841
15318,36,65,35.9999841959361,65.0046385827224,6.9958564809897,2.0044276509981,1.58040639490764e-05,-0.00463858272237871
15336,36,65,35.9996721516832,65.0005809492906,6.99701860175694,2.00525797200192,0.000327848316771906,-0.000580949290608146
15354,36,65,35.9996016080571,64.9968913339054,6.99707829558906,2.00710666117372,0.000398391942923126,0.00310866609459026
15372,36,65,35.9997849166021,64.9957458377244,6.99713798942118,2.00853703186055,0.000215083397947069,0.00425416227562891
15390,36,65,36.0000584418462,64.9987154461092,6.9971976832533,2.00790105324499,-5.84418462210579e-05,0.00128455389084081
15408,36,65,36.0002111784158,65.0039388422531,6.99725737708542,2.00582406010906,-0.000211178415803204,-0.00393884225306351
15426,36,65,35.9999979816699,65.0068315545173,6.99731707091754,2.00436931274648,2.01833009327856e-06,-0.00683155451733342
15444,36,65,35.9995834040234,65.0050567287893,6.99847919168477,2.00416285597753,0.000416595976574285,-0.00505672878934149
15462,36,65,35.9993872899335,65.0006606181023,6.99853888551689,2.00499317698135,0.000612710066526745,-0.000660618102330091
15480,36,65,35.99962059,64.9964877098061,6.99859857934901,2.00684186615316,0.000379409999958114,0.00351229019386778
15498,36,65,36.0001034078799,64.9947041545622,6.99717002945728,2.00827223683999,-0.000103407879926465,0.00529584543778583
15516,36,65,36.0006648147197,64.9968827826239,6.99574147956555,2.00842766287385,-0.000664814719726792,0.00311721737611492
15534,36,65,36.0009973427844,65.0015512326203,6.99431292967382,2.00748055377855,-0.000997342784387456,-0.00155123262034351
15552,36,65,36.0009508098756,65.0056759607096,6.99437262350594,2.00571471117176,-0.000950809875568837,-0.00567596070960974
15570,36,65,36.0005368697421,65.0071722310718,6.99553474427317,2.00467636453057,-0.000536869742106205,-0.0071722310718485
15588,36,65,36.0000262224299,65.0049463891833,6.9966968650404,2.00467969342537,-2.62224299163449e-05,-0.0049463891832886
15606,36,65,35.9996392048931,65.00116079262,6.99785898580764,2.00551001442919,0.000360795106914225,-0.001160792620027
15624,36,65,35.9996087285543,64.9981370936605,6.99791867963976,2.00613079116325,0.000391271445657537,0.00186290633948261
15642,36,65,35.9998536350606,64.9973093781029,6.99797837347188,2.00756116185008,0.000146364939432431,0.00269062189714475
15660,36,65,36.0001565424149,64.9980951377895,6.99654982358015,2.0072362584186,-0.000156542414899263,0.00190486221052311
15678,36,65,36.0003828144051,65.0012687156489,6.99660951741227,2.00660027980303,-0.00038281440514254,-0.0012687156489477
15696,36,65,36.0004515642926,65.0032274485178,6.99666921124439,2.00556193316184,-0.000451564292553996,-0.00322744851779078
15714,36,65,36.0002913081044,65.0033965033657,6.99672890507651,2.0050424216304,-0.000291308104422683,-0.00339650336567843
15732,36,65,36.0000991351205,65.0014542882562,6.99678859890863,2.00545352845433,-9.91351205286151e-05,-0.00145428825619831
15750,36,65,36.0000637747565,64.9988075276232,6.99684829274075,2.00607430518838,-6.37747565406244e-05,0.001192472376772
15768,36,65,36.0002329250348,64.9975065234023,6.99690798657287,2.00648541201231,-0.000232925034829634,0.00249347659769228
15786,36,65,36.000470877009,64.9975940690222,6.99696768040499,2.00660700741057,-0.000470877008964976,0.00240593097780106
15804,36,65,36.0006058867386,64.9984640549404,6.99702737423711,2.00628210397909,-0.000605886738625827,0.00153594505957244
15822,36,65,36.0006164643413,64.9993907435421,6.99708706806923,2.00595720054761,-0.000616464341348433,0.000609256457892116
15840,36,65,36.0005574332768,64.999533710836,6.99714676190135,2.00607879594586,-0.000557433276775043,0.00046628916398106
15858,36,65,36.0004992426788,64.9990766798048,6.99720645573347,2.00620039134411,-0.000499242678756673,0.000923320195155952
15876,36,65,36.0005187158803,64.9989107901425,6.99726614956559,2.00632198674236,-0.000518715880289733,0.00108920985753969
15894,36,65,36.0005949452279,64.9990078544924,6.99732584339771,2.00644358214062,-0.000594945227859967,0.000992145507609621
15912,36,65,36.0006475854586,64.9993423841851,6.99738553722983,2.00656517753887,-0.000647585458636968,0.000657615814887436
15930,36,65,36.0006783697476,64.9998913318289,6.99744523106195,2.00668677293712,-0.000678369747646457,0.000108668171066029
15948,36,65,36.0006889103275,65.0006338584223,6.99750492489407,2.00636186950564,-0.000688910327468761,-0.000633858422290245
15966,36,65,36.0006807067401,65.0014415071896,6.99756461872619,2.00603696607416,-0.000680706740084247,-0.00144150718958258
15984,36,65,36.0006551535314,65.0014731729583,6.99762431255831,2.00615856147241,-0.000655153531440078,-0.00147317295831328
16002,36,65,36.0006294249247,65.0009119584789,6.99768400639043,2.00628015687067,-0.000629424924682098,-0.000911958478937436
16020,36,65,36.0006803728077,65.000648438486,6.99774370022255,2.00640175226892,-0.000680372807664753,-0.000648438486024361
16038,36,65,36.0007871174403,65.000653910797,6.99780339405467,2.00652334766717,-0.000787117440317786,-0.000653910797041135
16056,36,65,36.0008693408338,65.0009024173953,6.99786308788679,2.00664494306542,-0.00086934083384449,-0.000902417395252542
16074,36,65,36.0009288028012,65.0013704828055,6.99792278171891,2.00676653846368,-0.000928802801183792,-0.00137048280551255
16092,36,65,36.000967141581,65.0020368773888,6.99798247555103,2.00688813386193,-0.000967141580979103,-0.00203687738883218
16110,36,65,36.0009858820946,65.0028824031835,6.99804216938315,2.00584978722073,-0.000985882094610702,-0.00288240318349153
16128,36,65,36.0009864436469,65.0036049343746,6.99810186321527,2.00481144057953,-0.000986443646922908,-0.00360493437455034
16146,36,65,36.0009701471078,65.0020479515624,6.99816155704739,2.00522254740346,-0.000970147107821617,-0.00204795156244586
16164,36,65,36.0009794691487,64.9987840181086,6.99822125087951,2.00584332413751,-0.00097946914870306,0.00121598189139149
16182,36,65,36.0012120719924,64.9967358603113,6.99828094471163,2.00727369482435,-0.00121207199238427,0.00326413968871009
