Tempo,Referencia_Temperatura,Referencia_Umidade,Saida_Temperatura,Saida_Umidade,Sinal_Controle_Temperatura,Sinal_Controle_Umidade,Erro_Temperatura,Erro_Umidade
18,30,55,22,50,0,0,8,5
36,30,55,22,50,0,0,8,5
54,30,55,22,50,0,0,8,5
72,30,55,22,50,0,0,8,5
90,30,55,22,50,0,0,8,5
108,30,55,22,50,0,0,8,5
126,30,55,22,50,0,0,8,5
144,30,55,22,50,4.01759999999999,0.603,8,5
162,30,55,22,50.1480365,8.03519999999999,1.132252327825,8,4.8519635
180,30,55,22,51.538918371681,12.0528,1.05231235928606,8,3.46108162831896
198,30,55,21.97855732,53.7669356276067,16.226279706528,0.621090564208718,8.02144268,1.23306437239334
216,30,55,22.1895216385145,55.5275728888774,18.6277785165706,0.311280103565076,7.81047836148546,-0.52757288887738
234,30,55,22.6843898064126,56.2385854797876,19.8700854554176,0.224222925526931,7.31561019358743,-1.23858547978757
252,30,55,23.5738967872782,55.7616239438918,19.2295591746412,0.446038020398557,6.42610321272182,-0.761623943891784
270,30,55,24.9135575776242,54.639217407019,16.5859712328647,0.823730107812621,5.08644242237579,0.360782592981032
288,30,55,26.5016634541284,53.5148833097716,13.4210030843668,1.21648349395304,3.49833654587163,1.48511669022842
306,30,55,28.1678396037386,52.6312716862482,9.97131196447515,1.62454818749652,1.83216039626137,2.36872831375179
324,30,55,29.6791624147282,52.1928903815251,7.15007759528824,1.96260013159687,0.320837585271821,2.80710961847492
342,30,55,30.8292947352962,52.3148164626874,5.52218755659848,2.15803769488644,-0.829294735296202,2.68518353731258
360,30,55,31.5732732315661,53.0237408604571,4.69864006003929,2.15161091067666,-1.57327323156608,1.97625913954285
378,30,55,31.898866797033,54.230602542634,4.77679775065796,1.9219099987772,-1.89886679703301,0.769397457366026
396,30,55,31.8928420821838,55.5648454827571,5.28282773168881,1.57675234781552,-1.89284208218379,-0.564845482757065
414,30,55,31.7073357447213,56.6402513456496,5.65460083631167,1.22356184023227,-1.70733574472129,-1.6402513456496
432,30,55,31.4679775658361,57.2168769020927,5.73054073408086,0.940527582355983,-1.46797756583608,-2.21687690209268
450,30,55,31.3012741574922,57.2116386708079,5.16434045693257,0.784113693962365,-1.30127415749217,-2.21163867080786
468,30,55,31.2647328931516,56.7446222457194,4.05157117910684,0.749060562411519,-1.26473289315158,-1.74462224571944
486,30,55,31.3403859097843,56.0114347777835,2.70755546246792,0.816173336189258,-1.34038590978429,-1.01143477778348
504,30,55,31.478571090827,55.2271427066781,1.35883980929347,0.947161267015809,-1.47857109082701,-0.227142706678066
522,30,55,31.5911894195732,54.6134498750944,0.398509464590723,1.07814588399249,-1.59118941957325,0.386550124905625
540,30,55,31.6022488472649,54.3098400853622,0.00873732508675307,1.16071795666392,-1.60224884726491,0.690159914637775
558,30,55,31.4720014303951,54.3598289625736,0.199026496983953,1.16200832643707,-1.47200143039515,0.640171037426441
576,30,55,31.1930537037297,54.6998380271571,0.921244880148341,1.07922140371951,-1.19305370372972,0.300161972842922
594,30,55,30.8070141960231,55.1732863885695,1.91544192595502,0.94344037387109,-0.807014196023054,-0.173286388569473
612,30,55,30.3815379375148,55.6110563117287,2.92450880630158,0.79340501573335,-0.381537937514778,-0.611056311728689
630,30,55,29.9891661290137,55.874951852648,3.73510304303807,0.670491004770523,0.0108338709863283,-0.874951852648024
648,30,55,29.6946793177701,55.8924642836111,4.17511632679643,0.605826246398817,0.305320682229876,-0.892464283611133
666,30,55,29.530392530866,55.6753002334192,4.24217170079786,0.609670250587742,0.46960746913399,-0.675300233419236
684,30,55,29.4952333414368,55.2958398629081,4.01920072241908,0.676466565763873,0.504766658563213,-0.295839862908061
702,30,55,29.5598935040652,54.8668664076051,3.64975128487288,0.783200874746585,0.440106495934778,0.133133592394913
720,30,55,29.6743743089265,54.5073729654175,3.31971782530118,0.897754236636199,0.325625691073451,0.49262703458249
738,30,55,29.7881178308044,54.3037066601955,3.15419692065416,0.991087121012999,0.211882169195551,0.696293339804519
756,30,55,29.8617527203042,54.2926056198372,3.21992165820252,1.04232708638383,0.138247279695758,0.707394380162796
774,30,55,29.8757278735618,54.4528475474521,3.50795698493464,1.04572519433732,0.124272126438228,0.547152452547948
792,30,55,29.8349581110133,54.7174272930924,3.92751726659497,1.01001050730811,0.165041888986742,0.282572706907565
810,30,55,29.7618437338544,55.0004724923614,4.36462626699609,0.952790704620454,0.238156266145623,-0.000472492361417665
828,30,55,29.6881270940845,55.221057285308,4.70218095925018,0.896020836127049,0.311872905915507,-0.221057285307971
846,30,55,29.644409986365,55.3263240568519,4.85605261083953,0.858362101252017,0.355590013635041,-0.326324056851881
864,30,55,29.6498024797145,55.3030428112733,4.80532480311474,0.850382192137797,0.350197520285487,-0.303042811273258
882,30,55,29.7082536990671,55.1753695907399,4.57972627092744,0.873064581746639,0.29174630093295,-0.175369590739933
900,30,55,29.808166132168,54.9950715902361,4.25409296693993,0.917748213016771,0.191833867832017,0.00492840976392728
918,30,55,29.9267952573821,54.8230348432375,3.9225148620478,0.970173521773603,0.0732047426178681,0.176965156762549
936,30,55,30.0381882021837,54.7105785251959,3.66535488325461,1.01521720757833,-0.0381882021837185,0.289421474804072
954,30,55,30.1201053963197,54.6864546516391,3.53506375409691,1.04101186276474,-0.120105396319673,0.31354534836094
972,30,55,30.1599622122227,54.7504638932739,3.54122063387673,1.04240559989534,-0.159962212222698,0.24953610672609
990,30,55,30.1573505228911,54.8770757977095,3.65319091161799,1.02145067904273,-0.157350522891072,0.122924202290477
1008,30,55,30.1224576606578,55.0256546907563,3.8164696992546,0.986044320360624,-0.122457660657787,-0.0256546907563262
1026,30,55,30.0722962792397,55.1532975122766,3.96789302900743,0.947276103419969,-0.0722962792397439,-0.153297512276588
1044,30,55,30.0250906191808,55.2275632751809,4.05662533684126,0.915771823828055,-0.0250906191808156,-0.227563275180927
1062,30,55,29.995019231958,55.2343470878837,4.05735797167771,0.898900659703809,0.00498076804204572,-0.234347087883727
1080,30,55,29.9889572435779,55.1797833808335,3.97316211677772,0.899095014066551,0.0110427564221354,-0.179783380833477
1098,30,55,30.0053669212572,55.086479522351,3.83305543972435,0.913643523963966,-0.00536692125720606,-0.086479522350956
1116,30,55,30.0358886286202,54.9851312880258,3.67983705141132,0.936173765445478,-0.0358886286202349,0.0148687119741879
1134,30,55,30.0686754551687,54.905026710279,3.55619031230961,0.958832289614881,-0.0686754551687052,0.0949732897209543
1152,30,55,30.0922042946847,54.8659965012743,3.49322976222429,0.974680409277478,-0.0922042946847199,0.134003498725733
1170,30,55,30.0987089720106,54.8738144385969,3.50195352178109,0.979613859915079,-0.0987089720105594,0.126185561403126
1188,30,55,30.0860527696554,54.9202892197709,3.57267299402975,0.973148166863525,-0.0860527696554172,0.0797107802290853
1206,30,55,30.0577751335437,54.9871722718246,3.6799889006451,0.958173328705031,-0.0577751335437142,0.0128277281754166
1224,30,55,30.0215747725678,55.0524705737209,3.79117107209832,0.939756020178268,-0.0215747725677851,-0.0524705737209388
1242,30,55,29.986686564844,55.0971795594689,3.87654226648009,0.92342303128877,0.0133134351560429,-0.0971795594688913
1260,30,55,29.9611474397457,55.110307664412,3.91717612614287,0.913562695709503,0.0388525602543268,-0.110307664412026
1278,30,55,29.9496969602635,55.0911196726029,3.90887140205645,0.912284922150194,0.0503030397365194,-0.091119672602872
1296,30,55,29.9527971211051,55.0482141422973,3.86180424932928,0.919065342351057,0.0472028788948577,-0.0482141422973257
1314,30,55,29.967003095373,54.9960114316486,3.7957188339924,0.931195899835764,0.0329969046269696,0.00398856835138162
1332,30,55,29.9863658196203,54.9500343579607,3.73330529841239,0.944773982893721,0.0136341803797499,0.0499656420392824
1350,30,55,30.0043744649933,54.9223762948822,3.69343554178443,0.955940503064825,-0.0043744649932691,0.0776237051178015
1368,30,55,30.0158524928593,54.918648818081,3.68610860849439,0.961962665530435,-0.0158524928593131,0.0813511819189827
1386,30,55,30.0182363242013,54.9371307092632,3.710730190432,0.961866163918847,-0.0182363242013324,0.0628692907367991
1404,30,55,30.0119781523614,54.970062224547,3.75743240501648,0.956514868198871,-0.0119781523613938,0.0299377754529502
1422,30,55,30.0000504683265,55.0065174901082,3.81091280851432,0.948151280219739,-5.04683265489803e-05,-0.00651749010815905
1440,30,55,29.986782660937,55.0358510093748,3.85547158189414,0.939601058186689,0.0132173390629831,-0.0358510093748237
1458,30,55,29.9764572162642,55.0506640086249,3.87947612173175,0.933408955152137,0.023542783735806,-0.050664008624878
1476,30,55,29.9720749011019,55.048530297822,3.87825678986767,0.931144782251111,0.0279250988980664,-0.0485302978219977
1494,30,55,29.9746241268142,55.0321121497547,3.85469242581302,0.933070228651108,0.0253758731857623,-0.0321121497547239
1512,30,55,29.9830120485261,55.0078212589189,3.81754466166037,0.938214036495973,0.016987951473908,-0.00782125891886665
1530,30,55,29.994591204468,54.9835763071788,3.77837505641944,0.944785370515304,0.00540879553202345,0.0164236928212347
1548,30,55,30.0060734356772,54.9663810709572,3.74797208515043,0.950777303948596,-0.00607343567718743,0.0336189290428024
1566,30,55,30.0145266432197,54.9604398226759,3.73340105061539,0.954561004409668,-0.0145266432197211,0.0395601773241481
1584,30,55,30.0181584375437,54.9662805201133,3.73646285137174,0.955306093055825,-0.0181584375436756,0.0337194798866918
1602,30,55,30.0166941840103,54.9810160511512,3.75378107914106,0.953129134894277,-0.0166941840103263,0.0189839488487706
1620,30,55,30.0112836077735,54.9995480423436,3.77836267845269,0.948954872852652,-0.0112836077734784,0.000451957656402158
1638,30,55,30.0040158457801,55.0162604818086,3.80200188245004,0.944165352206489,-0.00401584578009206,-0.0162604818086081
1656,30,55,29.9972262298557,55.0266690730962,3.81773905359501,0.940158870189463,0.00277377014430158,-0.0266690730962225
1674,30,55,29.9928112363946,55.0285662548025,3.82170263257922,0.937952941922866,0.00718876360542353,-0.0285662548025485
1692,30,55,29.9917464077859,55.0223905843852,3.81385510865004,0.937940826792335,0.0082535922141318,-0.0223905843851853
1710,30,55,29.9939203116636,55.010805862251,3.79756624382526,0.939851472159879,0.00607968833637429,-0.0108058622509901
1728,30,55,29.998294429142,54.9976978163516,3.77827459989928,0.942901902035912,0.00170557085797896,0.00230218364838208
1746,30,55,30.0033082073933,54.9869368974887,3.7617038250638,0.946077698534892,-0.00330820739325333,0.0130631025112962
1764,30,55,30.007385630334,54.9812858947194,3.75220362422665,0.948446603565216,-0.00738563033395678,0.0187141052806439
1782,30,55,30.0093882603542,54.9817441150675,3.75166691513558,0.949413585564919,-0.00938826035417861,0.0182558849325432
1800,30,55,30.0088929751226,54.9874647961491,3.7592610929484,0.948851447755791,-0.00889297512256348,0.0125352038509163
1818,30,55,30.0062346225025,54.9962051475669,3.77196645321893,0.947083750118822,-0.00623462250250739,0.00379485243309574
1836,30,55,30.0023285214722,55.005120404567,3.78567137147951,0.94474214517468,-0.00232852147223639,-0.00512040456704455
1854,30,55,29.9983479355321,55.0116387567598,3.79645357521647,0.94255229153109,0.00165206446790478,-0.0116387567598224
1872,30,55,29.9953639511217,55.0141600849603,3.80166603710154,0.941117219104938,0.00463604887832503,-0.0141600849603378
1890,30,55,29.9940545082287,55.0124000504724,3.80053753069427,0.940760000682764,0.00594549177129622,-0.0124000504723654
1908,30,55,29.9945570368867,55.0073226074184,3.79417606190984,0.941463334094736,0.00544296311333881,-0.0073226074184376
1926,30,55,29.9964903208575,55.0007262014531,3.78504056270026,0.942912463348764,0.00350967914252465,-0.000726201453083775
1944,30,55,29.9991205710764,54.9946400134397,3.77608914192086,0.944617571813611,0.000879428923550307,0.00535998656027914
1962,30,55,30.0016082556622,54.990722973656,3.76988396233861,0.946071920939413,-0.00160825566224077,0.00927702634395189
1980,30,55,30.0032568516406,54.9898352616045,3.76790935944214,0.946897060833216,-0.00325685164058953,0.0101647383955026
1998,30,55,30.0036929153235,54.991884415102,3.77027267961103,0.946935320496363,-0.00369291532346949,0.00811558489798614
2016,30,55,30.0029341755795,54.9959586845549,3.77583005490313,0.946269351189023,-0.00293417557952935,0.0040413154450718
2034,30,55,30.0013391659905,55.0006773469704,3.78265221385897,0.945171469346308,-0.0013391659905011,-0.00067734697041999
2052,30,55,29.9994660219723,55.0046344079062,3.78866079325503,0.944004989055725,0.000533978027654314,-0.00463440790623793
2070,30,55,29.9978907272972,55.0067993864424,3.79223535242798,0.943110969125271,0.00210927270279626,-0.00679938644243805
2088,30,55,29.9970409601742,55.0067664911819,3.79262192736163,0.942714089953991,0.00295903982576817,-0.00676649118194916
2106,30,55,29.9970908128312,55.0047987747527,3.79005033595305,0.942872132678025,0.00290918716883581,-0.00479877475269319
2124,30,55,29.9979393819697,55.0016778299372,3.78555935581871,0.943478489198728,0.00206061803034174,-0.0016778299372433
2142,30,55,29.9992698401625,54.9984235967824,3.78061230221342,0.944310972632783,0.000730159837473821,0.00157640321764063
2160,30,55,30.0006631389207,54.99597832437,3.77663576128286,0.945107873637989,-0.000663138920728557,0.00402167562998557
2178,30,55,30.001727986504,54.9949482342758,3.77462047657555,0.945646651228221,-0.00172798650400097,0.00505176572415422
2196,30,55,30.002208413587,54.9954695967068,3.77489065874628,0.945802640578659,-0.00220841358703439,0.00453040329319521
2214,30,55,30.0020409626429,54.9972230982865,3.77708803199684,0.945573410955695,-0.00204096264291209,0.00277690171353129
2232,30,55,30.0013509821976,54.9995756886597,3.78035078197224,0.945065744366554,-0.00135098219760721,0.00042431134025378
2250,30,55,30.0003959152353,55.0017953464311,3.78361489353521,0.944453130851062,-0.00039591523532323,-0.00179534643110912
2268,30,55,29.9994776198432,55.0032696665797,3.78593859640095,0.943919158764853,0.000522380156777302,-0.00326966657971184
2286,30,55,29.9988520431319,55.0036659142762,3.78675542066374,0.943604421182426,0.00114795686809543,-0.00366591427617635
2304,30,55,29.9986621140584,55.002993802662,3.78599231266644,0.943571583192432,0.00133788594159512,-0.00299380266197602
2322,30,55,29.9989102413078,55.0015641717672,3.78403450655827,0.943796461888647,0.00108975869223826,-0.00156417176723522
2340,30,55,29.9994737237911,54.9998670271535,3.78156447245671,0.944184705143999,0.000526276208933751,0.000132972846451196
2358,30,55,30.0001538544151,54.9984125821848,3.77933479436322,0.944606459421457,-0.000153854415071208,0.00158741781520177
2376,30,55,30.0007410005052,54.9975845078918,3.77794675947781,0.94493717581232,-0.000741000505179557,0.00241549210824132
2394,30,55,30.0010754110171,54.997545590622,3.77769680313947,0.945092299505743,-0.0010754110171014,0.00245440937801789
2412,30,55,30.0010870037751,54.9982166045234,3.77852664112389,0.945046709316369,-0.00108700377514737,0.00178339547660755
2430,30,55,30.0008052319086,54.999326123341,3.78007952769763,0.944835120228694,-0.000805231908572068,0.000673876659021744
2448,30,55,30.0003396081113,55.0005091544824,3.78183475402791,0.944535484266934,-0.000339608111310952,-0.000509154482429608
2466,30,55,29.9998397183528,55.0014211393655,3.78327343634057,0.944242013390014,0.000160281647211491,-0.0014211393655188
2484,30,55,29.9994483690566,55.0018332916272,3.78402511201233,0.944036637801045,0.000551630943384396,-0.00183329162722146
2502,30,55,29.9992619183456,55.0016843686641,3.78395578074628,0.943967164075572,0.00073808165437228,-0.00168436866411525
2520,30,55,29.9993082233224,55.0010791258503,3.78317904577712,0.944037565884227,0.000691776677584244,-0.0010791258502536
2538,30,55,29.9995464654839,55.0002399104144,3.78199588799889,0.944211788812843,0.000453534516079657,-0.000239910414443045
2556,30,55,29.9998864386348,54.9994303966219,3.7807881802548,0.944428467632954,0.000113561365235881,0.000569603378082206
2574,30,55,30.0002196423035,54.9988762140253,3.77990132662889,0.944621155020882,-0.000219642303463274,0.00112378597465579
2592,30,55,30.0004520420249,54.9987053074499,3.77955050540244,0.944737709001981,-0.000452042024903676,0.00129469255011827
2610,30,55,30.0005290305794,54.9989226988675,3.77977440409047,0.944753441959771,-0.000529030579397016,0.00107730113245452
2628,30,55,30.0004464009755,54.9994229208444,3.78044419383145,0.944675009591247,-0.000446400975466332,0.000577079155576143
2646,30,55,30.0002458029592,55.0000323486575,3.7813189637676,0.944534983143898,-0.000245802959245367,-3.23486574771437e-05
2664,30,55,29.9999977233134,55.0005660647266,3.78212666084153,0.944379693933124,2.27668662233782e-06,-0.000566064726626792
2682,30,55,29.9997782207361,55.0008815063687,3.78264472578942,0.944254552687217,0.000221779263920752,-0.000881506368720864
2700,30,55,29.9996467122866,55.0009140612342,3.78275761020237,0.94419128781173,0.000353287713352302,-0.000914061234240648
2718,30,55,29.9996309867006,55.0006865635801,3.78247748551998,0.944200501193733,0.000369013299398091,-0.000686563580082122
2736,30,55,29.9997228750044,55.0002929465402,3.78192643007482,0.944271050211576,0.00027712499561261,-0.000292946540248806
2754,30,55,29.9998846024853,54.9998635981296,3.78128948444152,0.944375660602688,0.000115397514719007,0.000136401870406644
2772,30,55,30.0000628168623,54.9995243007206,3.78075516178857,0.944480476572456,-6.28168623464376e-05,0.000475699279363084
2790,30,55,30.0002054516974,54.999361110706,3.7804616821818,0.944555398079559,-0.000205451697436132,0.000638889293981038
2808,30,55,30.0002763271366,54.9994004576818,3.78046351582708,0.944582187687344,-0.000276327136614185,0.000599542318170165
2826,30,55,30.0002636061381,54.9996083836722,3.78072542275679,0.944558301742038,-0.00026360613814802,0.000391616327839017
2844,30,55,30.0001804032096,54.9999069777663,3.7811425745019,0.944495842905638,-0.000180403209579794,9.30222337416353e-05
2862,30,55,30.0000582581047,55.0002014094862,3.78157811412947,0.944416481218796,-5.82581047190445e-05,-0.000201409486230375
2880,30,55,29.9999361278814,55.0004087059203,3.78190554679199,0.944344237451044,6.38721185666213e-05,-0.000408705920335706
2898,30,55,29.9998485210954,55.000479922796,3.78204340638587,0.944298414489571,0.000151478904619751,-0.000479922796010612
2916,30,55,29.9998162320349,55.0004101735644,3.78197324953661,0.944288662602787,0.000183767965090453,-0.000410173564375782
2934,30,55,29.9998420061407,55.000235045154,3.7817377613899,0.944313335837163,0.00015799385931814,-0.000235045153971214
2952,30,55,29.9999118077721,55.0000159518543,3.78142175466527,0.944361233823938,8.81922279027947e-05,-1.59518542801607e-05
2970,30,55,30.0000006985999,54.9998198248486,3.78112337643424,0.944415853511461,-6.98599940562872e-07,0.000180175151356821
2988,30,55,30.0000811406912,54.9996995305562,3.78092478553586,0.944460663093322,-8.11406911651602e-05,0.000300469443814677
3006,30,55,30.0001310981759,54.9996804830762,3.78087066818327,0.944483788677614,-0.000131098175920386,0.000319516923759977
3024,30,55,30.0001396648438,54.9997565444913,3.78095979455286,0.944480852242048,-0.000139664843814558,0.000243455508659451
3042,30,55,30.0001089024804,54.9998953263492,3.78115053710054,0.944455365536926,-0.000108902480423723,0.0001046736507746
3060,30,55,30.0000517967374,55.0000503294826,3.78137721204708,0.944416844179844,-5.17967374094042e-05,-5.0329482611744e-05
3078,30,55,29.9999873478169,55.0001757111877,3.78157139327486,0.944377433544704,1.26521831376181e-05,-0.000175711187715422
3096,30,55,29.9999345102278,55.0002391996362,3.78168159920797,0.944348170333571,6.54897722398573e-05,-0.000239199636183685
3114,30,55,29.9999068285053,55.0002297058866,3.78168595896478,0.944335980095689,9.31714946723616e-05,-0.000229705886567899
3132,30,55,29.9999092102191,55.0001580753421,3.78159506161321,0.944342178301434,9.07897809341307e-05,-0.000158075342127972
3150,30,55,29.9999375094489,55.000051539989,3.78144528904225,0.944362729979244,6.24905511088514e-05,-5.15399889593482e-05
3168,30,55,29.9999807217131,54.9999441540237,3.78128559512237,0.944389995927964,1.92782869490316e-05,5.58459762700636e-05
3186,30,55,30.0000248739478,54.9998663758257,3.78116221612309,0.944415303050545,-2.48739477939353e-05,0.000133624174324609
3204,30,55,30.00005731632,54.9998368441532,3.78110587735059,0.944431517621951,-5.7316319960421e-05,0.00016315584677784
3222,30,55,30.0000701547325,54.9998584308599,3.78112483862621,0.944434892138484,-7.01547325085983e-05,0.000141569140055253
3240,30,55,30.0000619486343,54.9999192058723,3.78120508980781,0.944425744496372,-6.19486343325093e-05,8.07941276903534e-05
3258,30,55,30.0000373889634,54.9999974867507,3.78131683396965,0.944407908845654,-3.73889633848989e-05,2.51324929934071e-06
3276,30,55,30.0000052754601,55.0000690813552,3.78142471182688,0.944387252302889,-5.27546006168222e-06,-6.90813551784686e-05
3294,30,55,29.9999755583492,55.0001144242567,3.78149844843082,0.944369783154898,2.44416508081713e-05,-0.000114424256672407
3312,30,55,29.9999563881166,55.0001235971057,3.78152085809431,0.944359932602621,4.36118834308274e-05,-0.000123597105705642
3330,30,55,29.999952008305,55.00009804945,3.78149123770363,0.944359477247612,4.79916949771564e-05,-9.80494500169016e-05
3348,30,55,29.9999619931915,55.0000489048299,3.78142370739167,0.944367335273699,3.80068085092944e-05,-4.89048299172623e-05
3366,30,55,29.9999818945485,54.9999927173874,3.78134153878507,0.944380195465312,1.81054515380197e-05,7.28261257876284e-06
3384,30,55,30.0000049552372,54.9999461688704,3.78126953041101,0.944393706866881,-4.95523716637081e-06,5.38311296196525e-05
3402,30,55,30.0000242837536,54.9999213279777,3.78122681071249,0.944403828770476,-2.4283753624843e-05,7.86720222833992e-05
3420,30,55,30.0000348216241,54.9999227516434,3.78122205936213,0.944407940471937,-3.48216240873001e-05,7.72483565540938e-05
3438,30,55,30.0000345696238,54.9999470416241,3.78125222781366,0.944405423497361,-3.45696237786797e-05,5.2958375938772e-05
3456,30,55,30.0000248090346,54.9999847049323,3.78130472670462,0.944397610876172,-2.48090345635887e-05,1.52950676977071e-05
3474,30,55,30.0000093686369,55.0000235310544,3.78136206920017,0.944387189255214,-9.3686368920487e-06,-2.35310544240974e-05
3492,30,55,29.9999932527621,55.0000523579896,3.78140737766474,0.944377284981529,6.74723788662845e-06,-5.23579896167803e-05
3510,30,55,29.9999810911657,55.0000641162799,3.78142909618767,0.944370528734755,1.89088343347521e-05,-6.41162799013273e-05
3528,30,55,29.999975869969,55.0000573701028,3.78142366351361,0.944368366125544,2.41300310293013e-05,-5.73701028372398e-05
3546,30,55,29.9999782714675,55.0000360884175,3.78139561930734,0.944370781816327,2.17285324559668e-05,-3.60884175307774e-05
3564,30,55,29.9999867411191,55.0000079107247,3.78135540331371,0.944376468659521,1.3258880869671e-05,-7.91072469041865e-06
3582,30,55,29.9999981806625,54.9999815686347,3.78131573129927,0.944383343717863,1.81933751974839e-06,1.84313653051049e-05
3600,30,55,30.000009000336,54.9999642889914,3.78128773512624,0.944389225831837,-9.00033599648964e-06,3.57110086071089e-05
3618,30,55,30.0000161915662,54.9999599163433,3.78127798714078,0.94439246454632,-1.61915661891499e-05,4.00836567280294e-05
3636,30,55,30.0000181139124,54.9999682055018,3.78128715211287,0.944392347707663,-1.81139123789364e-05,3.17944981702567e-05
3654,30,55,30.0000148055643,54.9999853525697,3.78131046499543,0.944389197233878,-1.4805564333642e-05,1.46474303051036e-05
3672,30,55,30.0000077831927,55.0000054742376,3.78133969312229,0.944384161115711,-7.78319271077521e-06,-5.474237582348e-06
3690,30,55,29.9999994454828,55.0000225092467,3.78136585943609,0.94437879485678,5.54517228579243e-07,-2.25092466834553e-05
3708,30,55,29.9999922940609,55.0000319556798,3.78138186935923,0.94437457469608,7.70593907617467e-06,-3.19556797734322e-05
3726,30,55,29.999988213142,55.0000319704211,3.78138430797235,0.944372488219761,1.17868580282732e-05,-3.19704210909322e-05
3744,30,55,29.9999880053567,55.0000235912784,3.78137399197226,0.944372809612594,1.19946433088103e-05,-2.3591278406343e-05
3762,30,55,29.9999912863593,55.0000101178441,3.78135526055135,0.944375102386978,8.71364071031167e-06,-1.01178440843341e-05
3780,30,55,29.9999967275915,54.9999959214362,3.78133434839983,0.944378423146993,3.27240849884447e-06,4.07856379069926e-06
3798,30,55,30.0000025391432,54.9999850856998,3.78131740534513,0.944381645973989,-2.5391432387778e-06,1.49143002232677e-05
3816,30,55,30.0000070288225,54.9999802821063,3.78130876354755,0.944383801921529,-7.02882253023063e-06,1.97178936574005e-05
3834,30,55,30.0000090704503,54.9999821724254,3.78130991522591,0.944384335733297,-9.07045031794951e-06,1.78275746236523e-05
3852,30,55,30.0000083589557,54.9999894479863,3.78131941034537,0.944383216394895,-8.35895571427159e-06,1.05520137267945e-05
3870,30,55,30.000005404063,54.9999994227497,3.78133359943142,0.944380886693462,-5.4040630246277e-06,5.77250261812878e-07
3888,30,55,30.00000129386,55.0000089496732,3.78134791569215,0.944378084242168,-1.29385998093312e-06,-8.94967324427398e-06
3906,30,55,29.9999973211995,55.0000153642759,3.78135827235015,0.944375599178996,2.67880047033486e-06,-1.53642759173067e-05
3924,30,55,29.9999945942579,55.0000171850154,3.7813621663046,0.944374044331166,5.40574209395572e-06,-1.7185015359189e-05
3942,30,55,29.9999937433691,55.000014399498,3.78135920858369,0.944373701552059,6.25663087205908e-06,-1.43994979850959e-05
3960,30,55,29.9999947963274,55.0000083021745,3.78135099598862,0.944374479168464,5.20367262879518e-06,-8.3021744785583e-06
3978,30,55,29.9999972384739,55.0000009801156,3.78134043463372,0.94437598005484,2.7615261259939e-06,-9.80115615334398e-07
3996,30,55,30.0000002196925,54.9999946322645,3.78133076887932,0.944377648564536,-2.19692495306845e-07,5.36773552539671e-06
4014,30,55,30.0000028330917,54.999990933817,3.78132462401179,0.944378945792336,-2.83309173809698e-06,9.0661829972305e-06
4032,30,55,30.0000043783303,54.9999906207138,3.78132333233366,0.94437950031777,-4.37833027433499e-06,9.37928618327533e-06
4050,30,55,30.0000045367157,54.9999933871206,3.78132670160712,0.944379194489286,-4.53671572131498e-06,6.61287941738919e-06
4068,30,55,30.000003418425,54.9999980896218,3.78133324153397,0.94437816907805,-3.41842498130518e-06,1.91037820229667e-06
4086,30,55,30.0000014828978,55.0000031656667,3.78134073242213,0.944376754194465,-1.48289779033917e-06,-3.16566666214158e-06
4104,30,55,29.9999993692674,55.0000071235406,3.78134693631825,0.944375354360061,6.30732586159866e-07,-7.12354055565356e-06
4122,30,55,29.9999976950198,55.0000089569779,3.7813502330612,0.944374325468088,2.30498023867654e-06,-8.95697787939298e-06
4140,30,55,29.9999968835067,55.0000083754572,3.78135000953179,0.944373879405928,3.11649331052877e-06,-8.37545724152733e-06
4158,30,55,29.9999970659235,55.0000058057338,3.78134671967282,0.944374040239038,2.93407649110122e-06,-5.80573382080729e-06
4176,30,55,29.9999980771176,55.0000021899894,3.78134163542935,0.944374658551321,1.92288244704741e-06,-2.18998940226811e-06
4194,30,55,29.9999995358264,54.9999986607365,3.78133639404809,0.944375473316421,4.64173560033032e-07,1.33926349832336e-06
4212,30,55,30.0000009770861,54.9999961984861,3.78133249297046,0.944376198407781,-9.7708609558822e-07,3.80151392675998e-06
4230,30,55,30.000001993409,54.9999953711089,3.78133088133447,0.944376606458228,-1.99340899698086e-06,4.62889110508513e-06
4248,30,55,30.0000023437461,54.9999962195126,3.78133175291395,0.944376586610128,-2.34374610741384e-06,3.78048736138226e-06
4266,30,55,30.0000020029982,54.9999983055119,3.78133457642664,0.944376162741494,-2.00299819042016e-06,1.69448806275341e-06
4284,30,55,30.0000011447585,55.0000008900266,3.7813383278382,0.944375471464656,-1.14475845691686e-06,-8.90026619515538e-07
4302,30,55,30.0000000697103,55.0000031764164,3.78134183605497,0.944374710670071,-6.97103175184566e-08,-3.17641642766375e-06
4320,30,55,29.9999991060984,55.0000045426632,3.78134413127263,0.94437407651719,8.93901574983147e-07,-4.54266320559782e-06
4338,30,55,29.9999985136218,55.0000046978804,3.7813446969915,0.944373708026925,1.48637816366204e-06,-4.69788041357333e-06
4356,30,55,29.9999984175911,55.000003727349,3.78134356517104,0.944373654115331,1.58240887770944e-06,-3.72734901787908e-06
4374,30,55,29.9999987885882,55.0000020259002,3.78134124526719,0.944373869875684,1.21141184550311e-06,-2.02590020847992e-06
4392,30,55,29.9999994682565,55.0000001511178,3.78133852600181,0.944374239861688,5.31743499010418e-07,-1.51117760083253e-07
4410,30,55,30.0000002287104,54.9999986469969,3.78133622038529,0.944374618728587,-2.28710433702872e-07,1.35300312820164e-06
4428,30,55,30.0000008449379,54.9999978913523,3.78133493263379,0.944374875759387,-8.44937879662666e-07,2.10864774174979e-06
4446,30,55,30.0000011582189,54.9999980075258,3.78133491054312,0.944374930223245,-1.15821892876511e-06,1.99247421051041e-06
4464,30,55,30.000001113607,54.9999988581517,3.78133601549916,0.944374768583205,-1.11360699150964e-06,1.14184827992858e-06
4482,30,55,30.0000007637808,55.0000001134861,3.78133780534702,0.94437444072639,-7.63780825252525e-07,-1.134860667662e-07
4500,30,55,30.0000002419713,55.0000013665276,3.78133969390399,0.944374038651953,-2.41971264358654e-07,-1.36652757021238e-06
4518,30,55,29.9999997151224,55.0000022570356,3.7813411332776,0.944373665634068,2.84877593514921e-07,-2.25703557532597e-06
4536,30,55,29.9999993327876,55.0000025683057,3.78134176476227,0.944373405671182,6.6721243996426e-07,-2.56830566769395e-06
4554,30,55,29.9999991867195,55.00000227236,3.7813414991096,0.944373301844448,8.1328049361673e-07,-2.27235997130038e-06
4572,30,55,29.9999992913965,55.0000015165707,3.78134051140258,0.944373348711099,7.08603543841946e-07,-1.51657066282951e-06
4590,30,55,29.9999995886385,55.0000005621152,3.78133916162057,0.944373499304057,4.11361547492106e-07,-5.62115204161273e-07
4608,30,55,29.9999999722878,54.9999996971352,3.78133787178574,0.944373683106302,2.7712182770756e-08,3.02864791024149e-07
4626,30,55,30.0000003236972,54.999999152056,3.78133699939657,0.944373828669389,-3.23697179283045e-07,8.47943972814846e-07
4644,30,55,30.0000005467516,54.9999990408138,3.78133674342301,0.944373883943991,-5.46751603991424e-07,9.59186216675789e-07
4662,30,55,30.0000005925552,54.9999993417172,3.78133710582234,0.944373828820784,-5.92555249312454e-07,6.58282772292296e-07
4680,30,55,30.0000004679549,54.9999999188937,3.78133791321296,0.94437367720782,-4.67954897942491e-07,8.11063429750902e-08
4698,30,55,30.0000002273095,55.0000005736633,3.78133888577681,0.944373469236608,-2.2730954896133e-07,-5.73663314185069e-07
4716,30,55,29.9999999517284,55.0000011079103,3.78133972854067,0.944373256918835,4.82716409067052e-08,-1.10791030039081e-06
4734,30,55,29.999999723073,55.0000013801428,3.78134021665086,0.944373088056374,2.76926996889415e-07,-1.38014275563592e-06
4752,30,55,29.9999996006807,55.000001339185,3.78134025115888,0.944372993160102,3.99319301180867e-07,-1.33918497624563e-06
4770,30,55,29.9999996070953,55.0000010284804,3.78133987284279,0.944372978743938,3.92904738077959e-07,-1.02848043326276e-06
4788,30,55,29.9999997258322,55.0000005631031,3.7813392348833,0.944373028174512,2.74167810232484e-07,-5.63103085937655e-07
4806,30,55,29.999999910453,55.0000000890695,3.78133854677876,0.94437310898316,8.95470400053e-08,-8.90695162070188e-08
4824,30,55,30.0000001011015,54.9999997384764,3.78133800863419,0.944373183839411,-1.01101484517585e-07,2.61523645406214e-07
4842,30,55,30.0000002429757,54.9999995936439,3.78133775552706,0.944373221663938,-2.42975737307916e-07,4.06356072346625e-07
4860,30,55,30.0000003012831,54.9999996694083,3.78133782657388,0.94437320571679,-3.01283066050928e-07,3.30591710451245e-07
4878,30,55,30.000000268839,54.9999999165304,3.7813381646743,0.94437313671082,-2.68839002615096e-07,8.34696436413651e-08
4896,30,55,30.000000164987,55.0000002428733,3.78133864354302,0.944373030629639,-1.64986978745674e-07,-2.42873305467128e-07
4914,30,55,30.0000000271243,55.0000005443436,3.78133911129245,0.944372912465788,-2.71243152383249e-08,-5.44343556896365e-07
4932,30,55,29.9999998980697,55.0000007357277,3.78133943635024,0.944372808113572,1.01930297091712e-07,-7.35727709866296e-07
4950,30,55,29.9999998133202,55.0000007727008,3.78133954244029,0.944372736921631,1.8667975254516e-07,-7.72700758489009e-07
4968,30,55,29.9999997918207,55.000000659767,3.78133942395072,0.944372706940605,2.08179265825947e-07,-6.59766968169606e-07
4986,30,55,29.999999832464,55.000000443471,3.78133913954769,0.944372713908254,1.67536036599358e-07,-4.43470952404823e-07
5004,30,55,29.9999999166668,55.0000001944647,3.78133878830013,0.944372743837654,8.33331590399666e-08,-1.94464675473682e-07
5022,30,55,30.0000000156068,54.9999999847684,3.78133847705212,0.944372778068732,-1.56068296064404e-08,1.5231641725677e-08
5040,30,55,30.0000000995427,54.9999998672098,3.78133828927443,0.944372799073959,-9.95427384964387e-08,1.32790191287313e-07
5058,30,55,30.0000001463439,54.9999998626214,3.78133826405348,0.944372795288266,-1.46343921869629e-07,1.37378556530621e-07
5076,30,55,30.0000001469009,54.9999999575466,3.78133839002525,0.944372763705021,-1.4690093408376e-07,4.24534079002115e-08
5094,30,55,30.0000001062366,55.0000001119191,3.78133861428699,0.944372709754627,-1.06236630159628e-07,-1.11919057133036e-07
5112,30,55,30.0000000404881,55.0000002734149,3.78133886207185,0.944372644806766,-4.04880857729495e-08,-2.73414855200826e-07
5130,30,55,29.9999999710804,55.0000003936572,3.7813390603971,0.944372582272136,2.89195725144964e-08,-3.93657153097138e-07
5148,30,55,29.99999991806,55.0000004414744,3.7813391585388,0.944372533566041,8.19400263196712e-08,-4.41474412582465e-07
5166,30,55,29.9999998945704,55.000000409788,3.78133913988964,0.944372505093041,1.05429627694775e-07,-4.09788022182056e-07
5184,30,55,29.9999999039076,55.0000003148971,3.78133902281362,0.944372496991638,9.60923536297287e-08,-3.14897093289801e-07
5202,30,55,29.9999999396975,55.000000189221,3.78133885149609,0.944372503796026,6.03024545853259e-08,-1.8922098377061e-07
5220,30,55,29.9999999887925,55.0000000702938,3.78133868051161,0.944372516611144,1.12074900471271e-08,-7.02938010022081e-08
5238,30,55,30.0000000357607,54.9999999895519,3.78133855818967,0.944372526013972,-3.57606779743946e-08,1.04481046037108e-08
5256,30,55,30.0000000675156,54.9999999641142,3.78133851362651,0.944372524777193,-6.75155504836766e-08,3.58857761284526e-08
5274,30,55,30.0000000767587,54.9999999935465,3.7813385506124,0.944372509663632,-7.67586811889487e-08,6.45347597583168e-09
5292,30,55,30.0000000633942,55.0000000619636,3.78133864941251,0.944372481887923,-6.339418234802e-08,-6.19636466581142e-08
5310,30,55,30.000000033743,55.0000001442721,3.78133877501241,0.944372446265005,-3.3743035032785e-08,-1.44272085833563e-07
5328,30,55,29.9999999980281,55.0000002143169,3.781338888762,0.944372409434903,1.97190885842247e-09,-2.14316855817742e-07
5346,30,55,29.9999999670376,55.0000002524098,3.78133895973462,0.944372377770914,3.29624398887063e-08,-2.52409790846286e-07
5364,30,55,29.9999999490047,55.0000002501763,3.78133897261743,0.944372355599561,5.09952613469977e-08,-2.50176299232407e-07
5382,30,55,29.9999999475637,55.00000021165,3.78133893028716,0.944372344201426,5.24362810949697e-08,-2.11649989978469e-07
5400,30,55,29.9999999612388,55.0000001507285,3.78133885094184,0.944372341787831,3.87611756025308e-08,-1.5072845371833e-07
5418,36,55,29.9999999844392,55.0000000861217,47.3989387612164,0.944372344349804,6.00000001556079,-8.61217017700255e-08
5436,36,55,30.0000000095071,55.0000000355072,24.3211386876841,0.944372347040427,5.99999999049287,-3.55072486968311e-08
5454,36,55,30.0000000291207,55.0000000106374,27.3343386493348,0.944372345638681,5.99999997087932,-1.06373789776626e-08
5472,36,55,30.0000000383301,55.0000000146772,30.3475386530509,0.944372337670944,5.99999996166986,-1.46771697018266e-08
5490,36,55,33.8366041316926,55.0000000422757,5.47016155674129,0.944372322911003,2.16339586830743,-4.22757366891346e-08
5508,36,55,35.7417598593937,55.0000000820422,9.390371783696,0.944372303186981,0.258240140606347,-8.20422485503514e-08
5526,36,55,37.7331446371041,49.3558826804536,3.32805888417258,3.75611480919625,-1.73314463710413,5.64411731954641
5544,36,55,39.9407850848005,47.2447070454992,0,4.42815153678063,-3.94078508480045,7.75529295450085
5562,36,55,39.9044626098297,50.361544781731,7.88491208126841,3.41408662768841,-3.90446260982965,4.63845521826895
5580,36,55,39.9875199984838,53.5924116840675,5.16234868364134,2.94952341438246,-3.98751999848378,1.40758831593255
5598,36,55,39.0511302750603,57.4991263320244,10.3281699283648,1.78005199216929,-3.05113027506027,-2.49912633202436
5616,36,55,37.7627320327328,59.5610136465096,14.0901414543465,1.18544553359799,-1.76273203273276,-4.56101364650961
5634,36,55,37.4053637969235,59.8332680789404,10.2002217977857,0.887129043959198,-1.40536379692353,-4.83326807894039
5652,36,55,36.995645946076,59.4022952660601,10.9189172140758,0.570084642779561,-0.995645946075953,-4.40229526606007
5670,36,55,37.2706404734902,57.4416693290071,6.6381455290549,0.934929393627724,-1.27064047349024,-2.44166932900711
5688,36,55,38.0073679946356,55.4536345201333,1.84012919801107,1.26250063940061,-2.00736799463557,-0.453634520133278
5706,36,55,38.4565631899284,53.7832994822499,0.770219225104516,1.66641031655229,-2.45656318992843,1.21670051775013
5724,36,55,38.9709326074164,52.4309501270886,0,2.17303772705167,-2.97093260741642,2.56904987291145
5742,36,55,39.0151721475111,52.5027446188178,0.423129295829776,2.19303024166178,-3.01517214751109,2.49725538118222
5760,36,55,38.5401695447288,53.4282912753527,2.55436440463737,2.04660579668049,-2.54016954472883,1.57170872464729
5778,36,55,37.8738439349594,54.7852459234015,4.05706309385535,1.73404126353325,-1.87384393495945,0.214754076598453
5796,36,55,37.0704291061433,56.320506012286,6.05900619519831,1.25005076018607,-1.07042910614332,-1.32050601228602
5814,36,55,36.3332377742265,57.2267915057802,7.38687342148854,0.927744201430423,-0.333237774226518,-2.22679150578021
5832,36,55,35.850540098856,57.2260592290092,7.52286392530561,0.829823815410167,0.149459901144041,-2.22605922900915
5850,36,55,35.600604070383,56.6102394439145,7.31584679889819,0.868007808756441,0.399395929616986,-1.61023944391445
5868,36,55,35.6376702919247,55.6556898635997,6.1601200108177,1.03364758595291,0.362329708075286,-0.655689863599676
5886,36,55,35.8566668639185,54.7295669701481,4.91124697482102,1.23660673740942,0.14333313608148,0.270433029851937
5904,36,55,36.0982173815975,54.0022665052245,4.17955982575713,1.45754908360015,-0.0982173815974932,0.99773349477546
5922,36,55,36.2972127030116,53.5948410090295,3.73400109429403,1.64420425333109,-0.297212703011581,1.40515899097048
5940,36,55,36.3473585287281,53.6494485414273,4.08553193538197,1.70991853851732,-0.347358528728101,1.35055145857272
5958,36,55,36.2348840419362,54.0801655856108,4.94679213456553,1.66848301583295,-0.234884041936184,0.919834414389229
5976,36,55,36.0098258672639,54.7260978197973,5.9758209694879,1.53854931793835,-0.00982586726393464,0.273902180202683
5994,36,55,35.7154079965691,55.3736547267642,7.13252109918866,1.37033978175333,0.284592003430873,-0.373654726764244
6012,36,55,35.4511662053456,55.7922757553926,7.91609921807371,1.23838960873202,0.548833794654385,-0.792275755392637
6030,36,55,35.2867933713402,55.9063410185357,8.23759287469971,1.16466426993072,0.713206628659833,-0.906341018535663
6048,36,55,35.2524440400592,55.7249730652044,8.13069587361998,1.16714171391129,0.747555959940783,-0.724973065204409
6066,36,55,35.3602173019443,55.3285324241816,7.57328190502751,1.24313167693294,0.63978269805574,-0.328532424181589
6084,36,55,35.5638716549759,54.8646625068569,6.88274712049927,1.36011758990418,0.43612834502408,0.13533749314314
6102,36,55,35.8042354080888,54.4603373619663,6.24001338989903,1.49071457531784,0.195764591911185,0.539662638033676
6120,36,55,36.0240566269924,54.2272288312535,5.78553581542656,1.59596462075797,-0.0240566269924258,0.772771168746509
6138,36,55,36.1683377636883,54.2241856856218,5.68048099642868,1.64688221664672,-0.168337763688342,0.775814314378223
6156,36,55,36.2186909109787,54.4249777677846,5.8573010548846,1.63984466265265,-0.218690910978701,0.57502223221536
6174,36,55,36.1811534969719,54.7571994037023,6.23931712524725,1.58141200790299,-0.181153496971874,0.242800596297698
6192,36,55,36.0825556959724,55.1130933789284,6.70187696840479,1.49581248431276,-0.0825556959724381,-0.113093378928397
6210,36,55,35.9685843142017,55.3887112796978,7.06019131716189,1.41173083270468,0.0314156857982937,-0.388711279697844
6228,36,55,35.8782852788629,55.5222687227328,7.23680158823857,1.35009859168386,0.121714721137074,-0.522268722732804
6246,36,55,35.8399482590276,55.492970631663,7.18395616541785,1.3268002124747,0.160051740972406,-0.492970631662985
6264,36,55,35.8640901648101,55.3295004460426,6.9221236207041,1.34327996245759,0.135909835189949,-0.329500446042566
6282,36,55,35.938205220507,55.0957973522948,6.5565718083368,1.38925509117779,0.0617947794929776,-0.0957973522948237
6300,36,55,36.038357547794,54.8648437013498,6.18182710785104,1.44885030445004,-0.0383575477939999,0.135156298650166
6318,36,55,36.1342280369827,54.7037598106391,5.9011362343499,1.50200789823343,-0.134228036982734,0.296240189360866
6336,36,55,36.1984512823096,54.6510254033878,5.78374243218605,1.53374209340631,-0.19845128230962,0.348974596612237
6354,36,55,36.2165159126631,54.7086728966948,5.83203234369627,1.53720271963358,-0.216515912663127,0.29132710330525
6372,36,55,36.1868475231758,54.8485556935455,6.01752942166593,1.51348140720753,-0.186847523175828,0.151444306454529
6390,36,55,36.1215113058178,55.02068418182,6.26964976954735,1.47227605094949,-0.121511305817812,-0.0206841818199877
6408,36,55,36.0415244027762,55.1720935076251,6.50598504093569,1.42669177992036,-0.0415244027761901,-0.172093507625149
6426,36,55,35.9687422507969,55.2621547543005,6.666405570014,1.3895168980126,0.0312577492031494,-0.262154754300468
6444,36,55,35.9210790330643,55.2711416253902,6.7121025514105,1.37034403165137,0.0789209669357405,-0.271141625390193
6462,36,55,35.9072067018282,55.2051864043513,6.64531945784901,1.37218979410384,0.0927932981717845,-0.205186404351345
6480,36,55,35.9251100879034,55.0907201946277,6.50144596439853,1.39207704586271,0.074889912096566,-0.0907201946277354
6498,36,55,35.9645987193489,54.9647355229005,6.32984199744566,1.42239323308076,0.035401280651115,0.0352644770994885
6516,36,55,36.0104293523099,54.8639109126435,6.18616646505612,1.45320512892207,-0.0104293523098562,0.136089087356524
6534,36,55,36.0475856643906,54.8133338187364,6.11011182545475,1.47587143253881,-0.0475856643905956,0.186666181263583
6552,36,55,36.0655943692351,54.8211801267732,6.11687244714313,1.48497253026241,-0.0655943692351215,0.178819873226793
6570,36,55,36.0606179756842,54.8783791505845,6.19841819848717,1.47951734549965,-0.060617975684238,0.121620849415478
6588,36,55,36.0361536563596,54.9627348498923,6.32418181950511,1.46290726147025,-0.0361536563595735,0.0372651501076788
6606,36,55,36.0010149649888,55.0471544077019,6.45508659148692,1.44119405254628,-0.00101496498881204,-0.0471544077019104
6624,36,55,35.966156896873,55.1076158084544,6.55518048861831,1.42124713053062,0.0338431031269764,-0.107615808454362
6642,36,55,35.9414941888386,55.1295660747145,6.59988420813435,1.40869266882785,0.0585058111614174,-0.129566074714546
6660,36,55,35.9329908672025,55.1111921062461,6.58383578757757,1.40634424622094,0.0670091327975086,-0.111192106246051
6678,36,55,35.9414744327014,55.0622597457469,6.51883895218293,1.41385926268891,0.0585255672985809,-0.0622597457468572
6696,36,55,35.9629856163263,55.0001516279709,6.42874357617257,1.42809824509676,0.0370143836736503,-0.000151627970907953
6714,36,55,35.9903115087847,54.9440993676431,6.34222527383117,1.44433524774692,0.00968849121528592,0.0559006323568525
6732,36,55,36.0154689817979,54.9093939808348,6.28303271165816,1.45783546097021,-0.0154689817978806,0.0906060191652216
6750,36,55,36.0319908585028,54.9036101036778,6.26455402550314,1.4651237356751,-0.0319908585027733,0.0963898963221794
6768,36,55,36.0365498736329,54.925268832641,6.28719138082404,1.46487195017892,-0.0365498736329357,0.0747311673589977
6786,36,55,36.0295872412981,54.9652551180698,6.33927646360039,1.45803354583278,-0.0295872412981026,0.034744881930223
6804,36,55,36.0147027131708,55.0103197674063,6.40234530998645,1.44728613439183,-0.0147027131708342,-0.0103197674063153
6822,36,55,35.9972911547188,55.0472329298827,6.45681130219327,1.43611885407704,0.00270884528116255,-0.0472329298826892
6840,36,55,35.9828195370218,55.0665544142581,6.48766039437547,1.42773209378896,0.0171804629782173,-0.0665544142580714
6858,36,55,35.9752402484897,55.0648912286269,6.48845698924002,1.42416415451751,0.0247597515102598,-0.0648912286269194
6876,36,55,35.9760682928316,55.0451429378616,6.46191324911931,1.42586385586024,0.0239317071684013,-0.045142937861641
6894,36,55,35.9842203963431,55.0150016793147,6.41826997159292,1.43172500003388,0.015779603656938,-0.0150016793146648
6912,36,55,35.9966121420959,54.9842193485856,6.37156087574442,1.43958799438922,0.00338785790412999,0.0157806514144028
6930,36,55,36.009277561674,54.9616063985505,6.33507523022471,1.44697313964055,-0.00927756167401128,0.0383936014495418
6948,36,55,36.0185850391395,54.9526614967932,6.31782997760428,1.45181116438725,-0.0185850391395235,0.0473385032068165
6966,36,55,36.0222386637801,54.9583735511936,6.32240974701974,1.45299410246918,-0.0222386637801435,0.0416264488063902
6984,36,55,36.0197877652467,54.9754587139691,6.34494632879798,1.450576035042,-0.0197877652466758,0.0245412860309102
7002,36,55,36.0125440747315,54.9977788768277,6.37700991338759,1.44562625650335,-0.0125440747314798,0.00222112317231193
7020,36,55,36.0030228299966,55.0183951978279,6.40842673157656,1.43981698410781,-0.00302282999663106,-0.0183951978279282
7038,36,55,35.9940969765688,55.0316342041353,6.43039291770174,1.43487645209798,0.00590302343120186,-0.0316342041352584
7056,36,55,35.9881445748064,55.0345511038129,6.43781492228969,1.43209549021982,0.0118554251935734,-0.0345511038129303
7074,36,55,35.9864383113282,55.0274551991645,6.43028855073924,1.43201161411182,0.0135616886717571,-0.0274551991644785
7092,36,55,35.9889089747754,55.0134610998733,6.41171880905987,1.43433886525949,0.0110910252246015,-0.0134610998732825
7110,36,55,35.9943192788131,54.9972865280487,6.38870165569524,1.43814407647229,0.00568072118691276,0.00271347195130289
7128,36,55,36.0007487241128,54.9837368803634,6.36834172543264,1.44218262653517,-0.000748724112767718,0.0162631196366476
7146,36,55,36.0062133060594,54.9763357794001,6.35619883414942,1.44528537925612,-0.00621330605942916,0.0236642205998692
7164,36,55,36.009236579892,54.976469156077,6.35486325498819,1.44668237842011,-0.00923657989199711,0.0235308439230195
7182,36,55,36.0092100230699,54.9832360084006,6.36356440830103,1.44617419811041,-0.00921002306993302,0.0167639915994329
7200,36,55,36.006466199569,54.9939610480307,6.37877015169676,1.4441243222548,-0.00646619956902583,0.00603895196925919
7218,36,55,36.0020786301485,55.0051519015069,6.39548718443919,1.44129258454625,-0.00207863014846765,-0.00515190150690614
7236,36,55,35.9974722012327,55.0135818175011,6.40885084639917,1.43857416575168,0.00252779876726805,-0.0135818175010769
7254,36,55,35.9939788857285,55.0171724767499,6.4154842571894,1.43673117891481,0.00602111427147634,-0.0171724767498773
7272,36,55,35.9924700999474,55.0154531016913,6.41428564742097,1.43619130824487,0.00752990005260301,-0.0154531016912713
7290,36,55,35.9931600615933,55.0095124593775,6.40649046307709,1.4369641043507,0.00683993840669928,-0.00951245937747558
7308,36,55,35.9956185838029,55.0015133176182,6.3950533053075,1.43868577030295,0.00438141619713406,-0.00151331761818341
7326,36,55,35.9989645961044,54.9939586756441,6.3836203653226,1.44076396044035,0.00103540389557821,0.00604132435594096
7344,36,55,36.0021655354069,54.9889437883841,6.37542093129932,1.4425715143124,-0.00216553540685283,0.0110562116159088
7362,36,55,36.0043465201179,54.9876080316766,6.37239779751936,1.44362817230686,-0.00434652011787762,0.0123919683233851
7380,36,55,36.0050195884104,54.9899200769878,6.37480604987258,1.44371989535511,-0.00501958841041983,0.0100799230121638
7398,36,55,36.0041778224553,54.9948183895199,6.38133135182999,1.44292969992165,-0.00417782245534681,0.005181610480129
7416,36,55,36.0022427920632,55.0006281006166,6.38963972707614,1.44158062231854,-0.00224279206318556,-0.000628100616644645
7434,36,55,35.9998963838228,55.005604726825,6.39715636658568,1.44011713978103,0.000103616177156596,-0.00560472682495572
7452,36,55,35.997858230422,55.0084359746333,6.40182160635952,1.43896573053851,0.00214176957800305,-0.00843597463331491
7470,36,55,35.9966775466445,55.0085648387497,6.40261739176686,1.43841606829195,0.0033224533554943,-0.00856483874966329
7488,36,55,35.9965967613282,55.0062621420156,6.39973900137084,1.43855449827576,0.00340323867177972,-0.00626214201557929
7506,36,55,35.9975176617636,55.0024563365786,6.39440223507924,1.43926261774805,0.00248233823644739,-0.00245633657856104
7524,36,55,35.9990677788969,54.9983963945869,6.3883846693722,1.44027392875594,0.000932221103120412,0.00160360541305948
7542,36,55,36.0007370652635,54.9952617858821,6.38345847099352,1.441266148229,-0.000737065263521686,0.00473821411794262
7560,36,55,36.0020381771646,54.9938362438963,6.38088864550759,1.44195883636738,-0.00203817716457877,0.00616375610374575
7578,36,55,36.0026421667183,54.9943304996361,6.3811321955779,1.4421881411325,-0.00264216671825324,0.00566950036393621
7596,36,55,36.0024540505054,54.996387267221,6.38379927764685,1.44194011532221,-0.00245405050543468,0.0036127327790183
7614,36,55,36.0016135293206,54.9992466740568,6.387859082937,1.44133774333448,-0.00161352932057923,0.000753325943186667
7632,36,55,36.0004291012394,55.0020070397572,6.39200408051887,1.44059066004459,-0.000429101239390661,-0.00200703975724537
7650,36,55,35.9992718055019,55.0038963771701,6.39505117745893,1.43992599167069,0.000728194498137213,-0.00389637717005087
7668,36,55,35.9984631782525,55.0044765528617,6.39626277287318,1.43952201518864,0.00153682174749292,-0.00447655286173898
7686,36,55,35.9981898610335,55.0037297739946,6.39550515601617,1.43946316629774,0.00181013896649063,-0.00372977399459984
7704,36,55,35.9984660457031,55.0020162374625,6.39321793580429,1.43972669285076,0.00153395429690306,-0.00201623746253432
7722,36,55,35.9991489662888,54.9999294729406,6.39022471719782,1.4402011768158,0.000851033711164462,7.05270594423268e-05
7740,36,55,35.9999971033359,54.9981018707936,6.38745616941705,1.44072809791406,2.896664064167e-06,0.00189812920639554
7758,36,55,36.0007497709825,54.9970211594016,6.38567415534748,1.44115203701539,-0.00074977098251594,0.00297884059837372
7776,36,55,36.0012031284204,54.9969085607782,6.38527486839077,1.4413643430472,-0.00120312842039993,0.00309143922177668
7794,36,55,36.0012615051576,54.997686186038,6.38621770658793,1.44132862516003,-0.0012615051576006,0.00231381396201158
7812,36,55,36.0009522683413,54.999032858324,6.38808605789932,1.44108289058412,-0.000952268341293916,0.000967141675971561
7830,36,55,36.0004041486095,55.0005025461978,6.39024772364514,1.4407203725112,-0.00040414860946214,-0.00050254619775103
7848,36,55,35.9997992924716,55.0016648049096,6.3920583237396,1.44035687396127,0.000200707528428268,-0.00166480490962329
7866,36,55,35.9993155833691,55.0022249551572,6.39304527383643,1.44009540332255,0.000684416630946316,-0.00222495515721022
7884,36,55,35.9990766829908,55.0020922286318,6.39302228902592,1.43999843107051,0.000923317009196012,-0.00209222863175995
7902,36,55,35.9991230717617,55.0013824593688,6.39210989272441,1.44007476000123,0.000876928238326968,-0.00138245936879855
7920,36,55,35.9994099239704,55.0003619380973,6.39066670683953,1.44028308482232,0.000590076029638453,-0.000361938097270809
7938,36,55,35.9998293974887,54.9993549756777,6.38916101516242,1.44054934819493,0.000170602511332163,0.00064502432229574
7956,36,55,36.000248263708,54.998645465014,6.38802578246979,1.44079141636475,-0.000248263708016339,0.00135453498596405
7974,36,55,36.0005484889399,54.9984010007231,6.38754002684472,1.44094326125804,-0.000548488939905667,0.00159899927686524
7992,36,55,36.0006589380159,54.9986385122023,6.38776718451679,1.44097185089985,-0.000658938015945409,0.00136148779768064
8010,36,55,36.000570217347,54.9992364623922,6.38856151742707,1.44088278596278,-0.000570217347032553,0.000763537607809894
8028,36,55,36.000330357373,54.9999848984121,6.38963303851373,1.44071435679402,-0.000330357373016454,1.51015879197303e-05
8046,36,55,36.0000247180717,55.0006549061918,6.39064597740869,1.44052300911924,-2.47180717209972e-05,-0.000654906191790872
8064,36,55,35.9997475898698,55.0010656005688,6.39131910266809,1.44036530675255,0.000252410130201497,-0.00106560056877925
8082,36,55,35.999574473561,55.001129949687,6.39149925736787,1.440281896446,0.00042552643900251,-0.00112994968698388
8100,36,55,35.9995428138852,55.0008688412188,6.39119031365559,1.44028779091143,0.000457186114758201,-0.000868841218782279
8118,36,55,35.9996456911055,55.0003929872028,6.39053436418181,1.4403710108849,0.00035430889447241,-0.000392987202758377
8136,36,55,35.9998387951764,54.9998614238956,6.38975587034751,1.44049902695077,0.000161204823612593,0.000138576104376398
8154,36,55,36.0000572064648,54.9994310050946,6.3890887777599,1.4406302959398,-5.72064647883508e-05,0.000568994905421505
8172,36,55,36.0002361224842,54.9992122131107,6.3887091622659,1.44072704907756,-0.000236122484238876,0.000787786889290487
8190,36,55,36.0003292125719,54.999243094236,6.38869187016343,1.4407655671214,-0.000329212571926973,0.000756905764021099
8208,36,55,36.0003196676522,54.9994866571306,6.38900072960463,1.44074131539371,-0.000319667652192379,0.000513342869403743
8226,36,55,36.0002216390386,54.9998498232181,6.38951131523545,1.44066806398915,-0.000221639038620935,0.000150176781858136
8244,36,55,36.0000727426314,55.0002161286087,6.39005614800636,1.44057192095853,-7.27426313602564e-05,-0.000216128608684585
8262,36,55,35.9999207603518,55.0004813605307,6.39047699100952,1.44048254328006,7.92396482154345e-05,-0.000481360530699249
8280,36,55,35.9998089612165,55.0005817012105,6.39066862521208,1.4404243339712,0.000191038783512454,-0.000581701210521146
8298,36,55,35.999764356228,55.0005072513955,6.39060266677343,1.44041012086152,0.000235643771972605,-0.000507251395475805
8316,36,55,35.9997918836893,55.0002987517985,6.39032692865099,1.44043882799858,0.000208116310709272,-0.000298751798510466
8334,36,55,35.9998755030513,55.0000303275803,6.38994326851348,1.44049734873834,0.000124496948700425,-3.03275803190672e-05
8352,36,55,35.9999851078358,54.9997847216468,6.38957262673516,1.44056561583149,1.48921641667243e-05,0.00021527835322388
8370,36,55,36.0000866427118,54.9996288809282,6.38931860405097,1.44062307138543,-8.66427118353386e-05,0.000371119071772341
8388,36,55,36.0001521969384,54.9995967725552,6.38924006348409,1.44065454570291,-0.0001521969383802,0.000403227444763843
8406,36,55,36.0001672174544,54.9996834822915,6.38933949959217,1.44065394627936,-0.0001672174544467,0.000316517708512265
8424,36,55,36.0001331232875,54.999850994111,6.38956869065681,1.44062495893049,-0.000133123287483272,0.000149005889035436
8442,36,55,36.0000650996058,55.0000426954287,6.38984808261333,1.44057889958703,-6.50996057771636e-05,-4.26954286822934e-05
8460,36,55,35.9999862404913,55.0002015138681,6.39009286282994,1.44053064693598,1.37595086897591e-05,-0.000201513868134384
8478,36,55,35.9999201119441,55.0002861375831,6.39023758208259,1.44049402475247,7.98880558789961e-05,-0.000286137583145774
8496,36,55,35.9998840204116,55.0002809400778,6.39025251288183,1.44047800425815,0.000115979588429127,-0.000280940077757919
8514,36,55,35.9998848144008,55.0001975081855,6.39014804181748,1.44048470986904,0.000115185599163681,-0.000197508185522111
8532,36,55,35.9999181227914,55.0000682879308,6.38996720201161,1.44050958978834,8.18772085935393e-05,-6.82879307518647e-05
8550,36,55,35.9999708578684,54.9999350378991,6.38976979936662,1.44054345883184,2.91421316234164e-05,6.49621008648182e-05
8568,36,55,36.0000259055748,54.9998359473364,6.38961357822049,1.4405756234475,-2.59055748301762e-05,0.000164052663613745
8586,36,55,36.0000674273811,54.9997952192096,6.38953809646954,1.44059708145593,-6.74273810901127e-05,0.000204780790390657
8604,36,55,36.0000852027101,54.9998177912507,6.38955557248184,1.44060288157168,-8.52027100535224e-05,0.000182208749279766
8622,36,55,36.0000768899393,54.9998901107648,6.38965051021742,1.44059306903331,-7.68899392582512e-05,0.000109889235162086
8640,36,55,36.0000478002835,54.9999860605466,6.3897872181676,1.44057210898691,-4.78002835038183e-05,1.39394534244275e-05
8658,36,55,36.0000085292698,55.000075775759,6.38992220105835,1.44054712275699,-8.52926980599022e-06,-7.57757589582297e-05
8676,36,55,35.9999713585585,55.0001345276605,6.39001736385892,1.44052557063142,2.86414415029412e-05,-0.000134527660506478
8694,36,55,35.9999465862386,55.0001491497988,6.3900501956098,1.44051310010276,5.34137614494057e-05,-0.000149149798765791
8712,36,55,35.9999398332998,55.0001204634,6.39001838873081,1.44051215049766,6.01667001660644e-05,-0.000120463399987614
8730,36,55,35.9999509791911,55.0000614662936,6.38993821312238,1.44052162395373,4.90208088876898e-05,-6.14662936158084e-05
8748,36,55,35.9999748441717,54.9999922765163,6.38983781041819,1.44053759562637,2.51558283324016e-05,7.72348371924636e-06
8766,36,55,36.0000032280007,54.9999336293253,6.38974788145984,1.44055474464272,-3.22800066498985e-06,6.63706746664161e-05
8784,36,55,36.0000275743111,54.9999009331981,6.38969269950024,1.44056801907038,-2.75743110620397e-05,9.90668019369423e-05
8802,36,55,36.0000414352118,54.9999005057067,6.38968395840763,1.44057403679693,-4.14352118482952e-05,9.94942933090215e-05
8820,36,55,36.0000420604076,54.9999288096797,6.38971887884837,1.44057185524181,-4.20604075870301e-05,7.11903202983422e-05
8838,36,55,36.0000307594108,54.9999745674738,6.38978262850129,1.44056296306276,-3.07594108406306e-05,2.54325261579424e-05
8856,36,55,36.0000120726748,55.0000228295819,6.38985388383678,1.44055058400226,-1.20726748491506e-05,-2.28295819084678e-05
8874,36,55,35.999992120873,55.0000596243702,6.38991160328687,1.44053856772271,7.87912701838422e-06,-5.96243702162269e-05
8892,36,55,35.9999766927271,55.0000758060604,6.38994095622358,1.44053022847376,2.3307272932982e-05,-7.58060603800459e-05
8910,36,55,35.9999696426197,55.0000691012696,6.38993682330387,1.44052746649352,3.03573802753476e-05,-6.91012695526183e-05
8928,36,55,35.9999720170017,55.0000439775945,6.38990415058108,1.44053038915351,2.79829982758883e-05,-4.39775944585108e-05
8946,36,55,35.9999820748511,55.0000096172436,6.38985541210078,1.44053748278727,1.79251488532373e-05,-9.61724364856309e-06
8964,36,55,35.9999960955015,54.9999767836415,6.38980622614867,1.44054622438076,3.90449846321417e-06,2.32163584783507e-05
8982,36,55,36.0000096561285,54.9999545936418,6.38977057545196,1.44055391019325,-9.65612854031406e-06,4.54063581756259e-05
9000,36,55,36.00001896398,54.999948120459,6.38975703017368,1.44055844207536,-1.89639800112218e-05,5.18795409831796e-05
9018,36,55,36.0000218597464,54.9999574126828,6.38976693059192,1.44055885348898,-2.1859746368591e-05,4.25873171749913e-05
9036,36,55,36.0000182449246,54.9999780474983,6.38979482317565,1.44055545557826,-1.82449245968996e-05,2.19525016547095e-05
9054,36,55,36.0000098771053,55.0000028882536,6.38983077222096,1.44054960478437,-9.87710533451036e-06,-2.88825359007205e-06
9072,36,55,35.9999996625108,55.0000244125389,6.38986368049326,1.44054320054783,3.37489233004362e-07,-2.44125389059491e-05
9090,36,55,35.9999907029496,55.0000368868381,6.38988456424161,1.4405380858616,9.29705038288375e-06,-3.68868380959952e-05
9108,36,55,35.9999853949097,55.0000377889722,6.38988885989589,1.44053553146508,1.46050903353512e-05,-3.77889722074087e-05
9126,36,55,35.9999848301402,55.000028160232,6.38987721820837,1.44053594037189,1.51698597647965e-05,-2.8160231977381e-05
9144,36,55,35.9999886335242,55.0000119082184,6.38985473153235,1.44053883157682,1.13664758458754e-05,-1.19082183829278e-05
9162,36,55,35.9999952348261,54.9999943763107,6.38982898996664,1.44054307605317,4.76517386971409e-06,5.62368926892987e-06
9180,36,55,36.0000024483689,54.9999806678006,6.38980764922832,1.44054728971058,-2.44836886764688e-06,1.93321993720019e-05
9198,36,55,36.0000081616627,54.9999742271619,6.38979625438692,1.44055025427288,-8.16166274120178e-06,2.57728381001243e-05
9216,36,55,36.0000109256001,54.9999760513765,6.38979690713907,1.44055124368701,-1.09256001294966e-05,2.39486235216191e-05
9234,36,55,36.0000102901159,54.9999846836538,6.3898080590006,1.44055017424948,-1.02901158953728e-05,1.53163462002226e-05
9252,36,55,36.0000068189415,54.9999969030333,6.38982536195064,1.44054755581053,-6.81894149323625e-06,3.09696673639337e-06
9270,36,55,36.000001815485,55.0000088359726,6.38984321620397,1.44054428032777,-1.8154849570351e-06,-8.83597263623415e-06
9288,36,55,35.9999968700942,55.0000171273818,6.38985649794927,1.44054132602759,3.12990579232064e-06,-1.71273817741735e-05
9306,36,55,35.9999933771225,55.0000198326309,6.38986195726346,1.44053947051084,6.62287750685664e-06,-1.98326309046593e-05
9324,36,55,35.9999921620214,55.0000168093079,6.3898589273838,1.44053909307227,7.83797857906166e-06,-1.68093078798393e-05
9342,36,55,35.9999933116918,55.0000095541875,6.38984922210618,1.44054011217074,6.68830824679389e-06,-9.55418754244874e-06
9360,36,55,35.999996233217,55.0000005942062,6.38983634199585,1.44054206051398,3.76678296731825e-06,-5.94206156279142e-07
9378,36,55,35.9999998985675,54.9999926543107,6.38982429229542,1.44054426095648,1.01432533483603e-07,7.34568931903823e-06
9396,36,55,36.0000031849611,54.9999878631155,6.38981639124377,1.44054604200114,-3.18496113749234e-06,1.21368844645531e-05
9414,36,55,36.0000052036605,54.9999872171433,6.38981440750223,1.44054692738233,-5.2036605069361e-06,1.27828566647281e-05
9432,36,55,36.0000055253584,54.9999904262537,6.38981823392289,1.44054674894498,-5.52535843212354e-06,9.5737463112755e-06
9450,36,55,36.0000042499693,54.9999961410355,6.38982612956009,1.44054565949592,-4.24996930803445e-06,3.8589645043885e-06
9468,36,55,36.0000019186109,55.0000024546377,6.38983539723883,1.44054405327455,-1.91861091991541e-06,-2.45463772330368e-06
9486,36,55,35.9999993105213,55.000007505897,6.38984325556886,1.44054242699865,6.89478710569347e-07,-7.50589702391835e-06
9504,36,55,35.9999971954298,55.0000100014609,6.38984763641656,1.44054122755816,2.8045702222812e-06,-1.00014609358823e-05
9522,36,55,35.9999961165645,55.0000095181263,6.38984769031498,1.44054073101302,3.88343545409953e-06,-9.51812626226456e-06
9540,36,55,35.9999962623146,55.0000065245399,6.38984388958644,1.44054098364339,3.73768543227015e-06,-6.52453991989432e-06
9558,36,55,35.9999974529012,55.0000021477831,6.38983774535737,1.44054181475085,2.54709878788617e-06,-2.14778305007712e-06
9576,36,55,35.9999992328573,54.9999977797556,6.38983126220789,1.4405429094871,7.67142736890492e-07,2.22024435458934e-06
9594,36,55,36.0000010311735,54.9999946529537,6.38982631456638,1.4405439143034,-1.03117346839099e-06,5.34704625465565e-06
9612,36,55,36.0000023361064,54.9999935092783,6.38982413034886,1.44054454146528,-2.33610636968251e-06,6.4907216597021e-06
9630,36,55,36.0000028334687,54.9999944452069,6.38982501603193,1.44054464312788,-2.83346867746559e-06,5.55479313391061e-06
9648,36,55,36.0000024733446,54.9999969572894,6.38982837380189,1.44054423742114,-2.47334460823367e-06,3.04271055995287e-06
9666,36,55,36.0000014544064,55.0000001524746,6.38983297296211,1.44054348457007,-1.45440637311367e-06,-1.5247461249146e-07
9684,36,55,36.0000001395737,55.0000030450777,6.38983737001422,1.44054262545368,-1.39573657520486e-07,-3.04507767623363e-06
9702,36,55,35.999998934658,55.000004846481,6.38984034162521,1.44054190424797,1.06534201194108e-06,-4.84648101917173e-06
9720,36,55,35.9999981685502,55.0000051663126,6.38984120636111,1.44054149886481,1.83144976517724e-06,-5.166312575966e-06
9738,36,55,35.9999980087208,55.0000040780964,6.38983995659161,1.44054147801405,1.9912791913157e-06,-4.07809639568768e-06
9756,36,55,35.9999984319871,55.0000020460699,6.38983718461706,1.44054179404919,1.56801289108444e-06,-2.04606988774003e-06
9774,36,55,35.9999992525935,54.9999997495678,6.3898338471666,1.44054230958539,7.47406524226335e-07,2.50432222514974e-07
9792,36,55,36.0000001931809,54.9999978662851,6.38983095322685,1.44054284653766,-1.93180866858711e-07,2.13371485813241e-06
9810,36,55,36.0000009737001,54.9999968804631,6.38982927229304,1.44054324115635,-9.73700103656938e-07,3.11953694165368e-06
9828,36,55,36.0000013910541,54.9999969675268,6.38982914339184,1.44054338879118,-1.39105414120877e-06,3.03247318811373e-06
9846,36,55,36.0000013679522,54.9999979792322,6.38983042761014,1.4405432668608,-1.36795222971386e-06,2.02076783750726e-06
9864,36,55,36.0000009606095,54.9999995221859,6.38983260138423,1.44054293198006,-9.60609547462354e-07,4.77814126043086e-07
9882,36,55,36.0000003277551,55.0000010969581,6.38983494823539,1.44054249497481,-3.27755067530688e-07,-1.09695808703236e-06
9900,36,55,35.9999996740941,55.0000022515377,6.38983678352317,1.44054208335815,3.25905944009719e-07,-2.2515376656429e-06
9918,36,55,35.9999991871254,55.0000027040367,6.38983764481591,1.44054180331367,8.12874645816919e-07,-2.70403673852115e-06
9936,36,55,35.9999989859635,55.0000024033515,6.38983739782447,1.44054171201187,1.0140365134248e-06,-2.40335151602267e-06
9954,36,55,35.9999990953097,55.0000015175952,6.38983623741786,1.44054180693647,9.04690281799958e-07,-1.5175951944002e-06
9972,36,55,35.9999994491086,55.0000003617305,6.38983459526926,1.44054203332518,5.50891428474642e-07,-3.61730457143494e-07
9990,36,55,35.9999999195036,54.999999291765,6.38983299083739,1.44054230557269,8.0496377563577e-08,7.08235020852044e-07
10008,36,55,36.0000003600345,54.9999985992582,6.38983187429214,1.44054253495667,-3.60034519530927e-07,1.40074176613325e-06
10026,36,55,36.00000064923,54.9999984359915,6.38983150679582,1.44054265511829,-6.49230017302216e-07,1.56400848538851e-06
10044,36,55,36.000000722202,54.9999987867388,6.38983190784208,1.44054263833186,-7.22201988878624e-07,1.2132611573179e-06
10062,36,55,36.0000005826439,54.9999994924249,6.3898328770024,1.44054249899363,-5.8264389224405e-07,5.07575073527278e-07
10080,36,55,36.0000002940454,55.0000003114235,6.38983407552565,1.44054228478366,-2.94045428006484e-07,-3.114234914392e-07
10098,36,55,35.9999999549579,55.0000009973256,6.38983513791651,1.44054205939567,4.50421282494062e-08,-9.97325635410107e-07
10116,36,55,35.9999996671174,55.0000013692873,6.38983577849942,1.44054188267917,3.32882585496463e-07,-1.36928733240893e-06
10134,36,55,35.9999995062632,55.0000013558636,6.38983586334466,1.44054179411174,4.93736806106426e-07,-1.35586356719841e-06
10152,36,55,35.9999995036135,55.0000010029024,6.3898354310866,1.44054180390809,4.96386455495212e-07,-1.00290240823142e-06
10170,36,55,35.9999996420456,55.0000004473184,6.38983466250399,1.44054189342298,3.57954370144853e-07,-4.47318392104989e-07
10188,36,55,35.9999998664014,54.9999998680257,6.38983381326361,1.44054202368508,1.33598561546933e-07,1.31974253747558e-07
10206,36,55,36.0000001034065,54.9999994305097,6.38983313303605,1.44054214872652,-1.03406499363246e-07,5.69490282487095e-07
10224,36,55,36.0000002844733,54.9999992414574,6.38983279543849,1.44054222939053,-2.84473316014555e-07,7.58542554990527e-07
10242,36,55,36.0000003646036,54.9999993251665,6.38983285742997,1.44054224365158,-3.64603593538959e-07,6.74833536606911e-07
10260,36,55,36.0000003324745,54.999999625957,6.38983325633791,1.44054219091761,-3.32474542119598e-07,3.74042983253275e-07
10278,36,55,36.0000002098464,55.0000000329704,6.38983384111378,1.44054208977463,-2.09846369614297e-07,-3.29703766510647e-08
10296,36,55,36.000000041664,55.0000004178013,6.38983442509887,1.44054197055281,-4.16640020262093e-08,-4.17801345520274e-07
10314,36,55,35.9999998807074,55.0000006728552,6.38983484292409,1.44054186540428,1.1929257226484e-07,-6.72855172467735e-07
10332,36,55,35.9999997717544,55.0000007394803,6.38983499495775,1.44054179898466,2.28245554012574e-07,-7.39480348954658e-07
10350,36,55,35.9999997397977,55.0000006190608,6.38983486811359,1.44054178231002,2.60202327240222e-07,-6.19060820383766e-07
10368,36,55,35.9999997851965,55.000000365848,6.38983452979211,1.44054181117137,2.14803534959174e-07,-3.65848038086369e-07
10386,36,55,35.9999998863548,55.0000000656242,6.3898340997022,1.44054186904164,1.13645164390164e-07,-6.56241780916389e-08
10404,36,55,36.0000000083172,54.9999998078403,6.38983371004467,1.44054193314443,-8.31715851745685e-09,1.9215974589315e-07
10422,36,55,36.0000001141789,54.999999659859,6.38983346664853,1.44054198160861,-1.1417888856613e-07,3.40140999810501e-07
10440,36,55,36.0000001757617,54.9999996503622,6.38983342196492,1.44054199955911,-1.75761741161296e-07,3.49637844010431e-07
10458,36,55,36.000000180612,54.9999997655888,6.38983356623103,1.44054198253854,-1.80611991140722e-07,2.34411224653286e-07
10476,36,55,36.0000001337543,54.9999999580224,6.38983383725599,1.44054193659135,-1.33754255671192e-07,4.19776426952012e-08
10494,36,55,36.0000000542956,55.0000001636609,6.38983414395656,1.44054187536335,-5.42955760352015e-08,-1.63660942575916e-07
10512,36,55,35.9999999684231,55.0000003220088,6.38983439542203,1.44054181537511,3.15769312919656e-08,-3.22008794739759e-07
10530,36,55,35.999999901186,55.0000003928188,6.38983452664985,1.44054177101442,9.88139845503611e-08,-3.92818833461206e-07
10548,36,55,35.9999998695275,55.0000003652092,6.38983451403829,1.44054175069808,1.30472450621255e-07,-3.65209153585511e-07
10566,36,55,35.9999998783993,55.0000002574314,6.38983437740048,1.44054175515865,1.21600677971401e-07,-2.57431409522724e-07
10584,36,55,35.9999999207119,55.0000001084117,6.38983416945193,1.44054177810144,7.92881280631264e-08,-1.08411718713342e-07
10602,36,55,35.9999999807019,54.9999999643889,6.38983395716329,1.44054180877851,1.9298134645851e-08,3.56111229393719e-08
10620,36,55,36.0000000393768,54.9999998649887,6.38983380117794,1.44054183553375,-3.93768075923617e-08,1.35011347879299e-07
10638,36,55,36.0000000802602,54.9999998327432,6.38983373934524,1.44054184920538,-8.02601647365009e-08,1.67256835936769e-07
10656,36,55,36.0000000937753,54.9999998686357,6.38983377857004,1.44054184543788,-9.37753270591202e-08,1.31364330968609e-07
10674,36,55,36.0000000791801,54.9999999542531,6.38983389634788,1.44054182537142,-7.91801468835729e-08,4.57469440107161e-08
10692,36,55,36.0000000437803,55.0000000591907,6.38983405045953,1.44054179469663,-4.37802540886878e-08,-5.91906612612547e-08
10710,36,55,35.9999999999511,55.0000001510187,6.38983419315686,1.4405417615269,4.88711293655797e-11,-1.51018724636742e-07
10728,36,55,35.99999996106,55.0000002046979,6.38983428531362,1.44054173382451,3.89400298672626e-08,-2.04697904848672e-07
10746,36,55,35.9999999375667,55.0000002088386,6.38983430653763,1.44054171715997,6.24332798793148e-08,-2.08838649484733e-07
10764,36,55,35.9999999343888,55.000000167387,6.38983425883366,1.44054171340199,6.56112320029933e-08,-1.67387049998524e-07
10782,36,55,35.9999999501333,55.0000000967758,6.38983416350805,1.44054172060407,4.9866727636072e-08,-9.67757998182606e-08
10800,36,55,35.9999999782038,55.0000000198592,6.38983405295446,1.44054173398475,2.17961826365354e-08,-1.98591720845798e-08
10818,36,65,36.0000000092565,54.9999999587131,6.38983396022503,6.42226396982273,-9.25645338156755e-09,10.0000000412869
10836,36,65,36.0000000341569,56.2230127340238,6.38983390959256,5.14027074900936,-3.41568977546558e-08,8.7769872659762
10854,36,65,36.0000000465447,66.3257042213514,6.38983391066413,1.39566527252234,-4.65447058672908e-08,-1.32570422135144
10872,36,65,35.8228500021,72.1512735190188,7.67764390425312,0.231663640848629,0.177149997900017,-7.1512735190188
10890,36,65,34.8472790846066,70.1378186043227,14.0882820067404,1.46673001331571,1.15272091539339,-5.13781860432266
10908,36,65,34.290378461263,66.4437343661106,14.4733530871896,2.30912699449236,1.70962153873697,-1.44373436611062
10926,36,65,34.4554496068296,65.6164744786262,11.710241463523,1.85311471153387,1.5445503931704,-0.616474478626159
10944,36,65,34.8788097784481,66.3304586919331,10.1260674438719,1.26766163381984,1.12119022155194,-1.3304586919331
10962,36,65,35.6060724632026,65.9804559309836,7.24320206632616,1.41570776956438,0.393927536797356,-0.980455930983638
10980,36,65,36.2462724535455,64.439264353504,5.94953641016498,1.99948782082746,-0.246272453545458,0.560735646495999
10998,36,65,36.7268673063705,62.6151694695335,5.1160356999032,2.68627885515537,-0.726867306370508,2.38483053046647
11016,36,65,37.1331891153268,62.0637823912913,3.88707263376489,2.90587838380647,-1.13318911532681,2.93621760870873
11034,36,65,37.2146272667706,63.1901425496031,4.49285266055853,2.59527456863397,-1.2146272667706,1.8098574503969
11052,36,65,37.0381647849193,64.7266337474396,5.5198123068056,2.25971792866535,-1.03816478491933,0.273366252560379
11070,36,65,36.6640552399631,65.8119109164018,6.95072559750287,2.04069497549765,-0.664055239963076,-0.811910916401757
11088,36,65,36.1695444658639,66.3000247673123,8.58531722314287,1.90350719063401,-0.169544465863851,-1.30002476731231
11106,36,65,35.8103426280568,66.426206089453,8.96104557133749,1.77556720791041,0.18965737194317,-1.42620608945296
11124,36,65,35.6258833455884,66.4349159950323,8.83524751165613,1.62293368589808,0.374116654411615,-1.4349159950323
11142,36,65,35.622724961197,66.1239290198204,8.24396789685905,1.60644423873721,0.377275038802978,-1.12392901982037
11160,36,65,35.7990201065599,65.437500704149,7.13810599809014,1.75443210424591,0.200979893440106,-0.437500704148988
11178,36,65,36.0375996416857,64.641448291882,6.27127975163594,1.96927990548851,-0.0375996416856594,0.358551708118
11196,36,65,36.2844407262929,64.0281392990937,5.49542437141526,2.1684986096358,-0.284440726292864,0.971860700906305
11214,36,65,36.4657267304375,63.8487221950559,5.10808995935591,2.25986190420427,-0.465726730437453,1.15127780494408
11232,36,65,36.505555254176,64.0771564836459,5.37298674818295,2.25119890026167,-0.505555254176038,0.922843516354135
11250,36,65,36.4172563124485,64.5138752450204,5.93418922179533,2.18784912992304,-0.417256312448522,0.486124754979613
11268,36,65,36.2222863750986,65.014130298027,6.75802861014074,2.07930992812495,-0.222286375098577,-0.0141302980269842
11286,36,65,35.9820631942718,65.4411000439173,7.54489605533863,1.95888537553732,0.0179368057282403,-0.441100043917288
11304,36,65,35.7769294020234,65.7084217570729,8.00053403347846,1.85273221333199,0.22307059797658,-0.70842175707287
11322,36,65,35.6458575083284,65.768128730302,8.17337603059547,1.78777451819208,0.354142491671567,-0.768128730301996
11340,36,65,35.6186131421061,65.5925556093318,7.97931590486995,1.79382112689661,0.381386857893872,-0.592555609331754
11358,36,65,35.6905858586058,65.2528098645812,7.52916339852075,1.85862550066496,0.309414141394228,-0.252809864581195
11376,36,65,35.8244606749629,64.8703228847846,7.02430817303811,1.95485223163595,0.175539325037136,0.129677115215358
11394,36,65,35.9813958353242,64.5622801214573,6.55376281923755,2.05209096081173,0.0186041646757644,0.43771987854268
11412,36,65,36.1123422283433,64.4168862291057,6.29361047687769,2.11943849812853,-0.112342228343309,0.583113770894286
11430,36,65,36.1827411457982,64.4483904275289,6.29484062951712,2.14675202870695,-0.18274114579819,0.551609572471122
11448,36,65,36.1835775587354,64.6225380119551,6.50311733116173,2.1324394177858,-0.183577558735365,0.377461988044871
11466,36,65,36.1214542054205,64.8784353212202,6.86617375207968,2.08319789600753,-0.121454205420527,0.121564678779791
11484,36,65,36.0242924344,65.134958811322,7.24136325883846,2.01814171530448,-0.0242924344000386,-0.134958811322008
11502,36,65,35.9260236083658,65.3233260221098,7.52103069473901,1.95622000880472,0.0739763916342469,-0.323326022109782
11520,36,65,35.854686377509,65.3978297217428,7.6494527820437,1.91550018341284,0.145313622490974,-0.397829721742767
11538,36,65,35.8304165447373,65.3471916161415,7.5886513111954,1.90674559218101,0.169583455262682,-0.347191616141473
11556,36,65,35.8557181859891,65.2019721272898,7.38434594337635,1.92770510531711,0.144281814010867,-0.201972127289835
11574,36,65,35.9188604747884,65.014753566594,7.10780927470085,1.96933164510852,0.081139525211583,-0.0147535665939813
11592,36,65,35.9996326271207,64.8442395268374,6.83595054851137,2.01732455604374,0.000367372879345851,0.155760473162601
11610,36,65,36.0732755200967,64.7380550431759,6.65201837280923,2.05697257772913,-0.073275520096729,0.261944956824053
11628,36,65,36.1206064857153,64.717843745748,6.5913783390622,2.07868273156478,-0.120606485715321,0.282156254251973
11646,36,65,36.1318269576079,64.7800205435451,6.65506012345828,2.07793888093653,-0.131826957607878,0.219979456454851
11664,36,65,36.1076782557784,64.8983135591402,6.8132002501923,2.05721940210542,-0.107678255778353,0.101686440859766
11682,36,65,36.0594658282295,65.032789779376,7.00459866354414,2.02471444111545,-0.0594658282294631,-0.0327897793759604
11700,36,65,36.0033798068757,65.1440692485695,7.17280612424432,1.9905879995986,-0.00337980687569228,-0.14406924856948
11718,36,65,35.9558964400703,65.2028920491641,7.27240380470303,1.96481568409668,0.0441035599297095,-0.202892049164063
11736,36,65,35.9294582098521,65.1982364215683,7.28026655034049,1.95371737757773,0.0705417901478853,-0.198236421568339
11754,36,65,35.928674531345,65.1388335581678,7.20642302252453,1.95852825850096,0.0713254686550258,-0.138833558167775
11772,36,65,35.9505699279007,65.0474713223918,7.07966407209295,1.97613891145621,0.0494300720992555,-0.0474713223918002
11790,36,65,35.9860618787914,64.9536496444801,6.94168770002944,1.99998879749123,0.0139381212086249,0.0463503555199196
11808,36,65,36.0230494872082,64.8841315350088,6.83413905480123,2.02258415432506,-0.023049487208219,0.115868464991237
11826,36,65,36.0506019749047,64.8555576970309,6.78310865296751,2.03773206185478,-0.0506019749047084,0.144442302969082
11844,36,65,36.0616048559657,64.8714062299576,6.79752178975774,2.04188827428748,-0.0616048559656761,0.128593770042386
11862,36,65,36.0544597386298,64.9220595927076,6.86637200437021,2.03514008377031,-0.0544597386298094,0.0779404072924166
11880,36,65,36.0330281745627,64.9891205393549,6.96375067903775,2.02064815589701,-0.0330281745626735,0.0108794606450715
11898,36,65,36.0047157029056,65.0517175651834,7.05978911738449,2.00337500846029,-0.00471570290562795,-0.0517175651834094
11916,36,65,35.978145145539,65.0924703251985,7.12746143221715,1.98859621942764,0.0218548544610115,-0.0924703251985477
11934,36,65,35.9605271780398,65.1022543573347,7.1509704479505,1.98022647676287,0.0394728219601674,-0.102254357334701
11952,36,65,35.9557115419908,65.0817812482859,7.1291897152908,1.97993188335864,0.0442884580091913,-0.081781248285921
11970,36,65,35.9635803345935,65.0402058807529,7.07328761083966,1.9869344295562,0.0364196654065481,-0.0402058807528931
11988,36,65,35.9804393367515,64.9917013033219,7.00323680935116,1.99843837677601,0.0195606632484839,0.00829869667808225
12006,36,65,36.00048571583,64.9507724639184,6.94064238796966,2.01071614772408,-0.000485715830038203,0.0492275360815597
12024,36,65,36.0177200326748,64.9281490828257,6.90228355116818,2.02023393659696,-0.0177200326747879,0.071850917174288
12042,36,65,36.0276056676671,64.9282095868806,6.89646336541785,2.02461871088863,-0.0276056676671459,0.0717904131194018
12060,36,65,36.0282264100515,64.9483831559046,6.92107493404257,2.02323809003125,-0.0282264100514737,0.0516168440954345
12078,36,65,36.0205192143408,64.9807112618523,6.96562715911101,2.01714817029161,-0.0205192143408368,0.0192887381476652
12096,36,65,36.0076634414686,65.0146940568579,7.01526399559345,2.0086186607116,-0.007663441468587,-0.0146940568579339
12114,36,65,35.9939535354019,65.0405318726239,7.05517762009554,2.00035929857206,0.00604646459812841,-0.0405318726239017
12132,36,65,35.9834322042395,65.0518584066214,7.07508249710365,1.99468279798732,0.0165677957605084,-0.0518584066214061
12150,36,65,35.9787751371102,65.0471276302104,7.07150585077782,1.9929133566585,0.0212248628897669,-0.0471276302103547
12168,36,65,35.9806961108899,65.0295123791573,7.04794900952085,1.99511641174007,0.0193038891101054,-0.0295123791572678
12186,36,65,35.987949545208,65.0054838853563,7.01326721099414,2.00021813060685,0.0120504547920319,-0.00548388535626998
12204,36,65,35.9979146891833,64.9825878286218,6.97841789787964,2.00644866696936,0.00208531081668184,0.0174121713781688
12222,36,65,36.007491563511,64.9671994485306,6.95317852393636,2.01191310528522,-0.00749156351096048,0.0328005514694496
12240,36,65,36.0140276458093,64.9628464165772,6.94354659487905,2.0151463622299,-0.0140276458092785,0.0371535834228212
12258,36,65,36.0160273990703,64.969523881789,6.95038665872168,2.01548274292081,-0.0160273990702819,0.0304761182109701
12276,36,65,36.0134407804458,64.9841042118232,6.96983730871676,2.01314915759136,-0.0134407804457766,0.0158957881768202
12294,36,65,36.0075157800806,65.001568997446,6.99491182034316,2.00910495758536,-0.00751578008056697,-0.00156899744604289
12312,36,65,36.0003025591075,65.0166458684757,7.01780976268473,2.00468600623397,-0.000302559107453249,-0.0166458684756918
12330,36,65,35.9939789441587,65.0253347782138,7.0322612773309,2.00118246628738,0.00602105584130896,-0.0253347782138036
12348,36,65,35.9902226949067,65.0258928209694,7.03509324153174,1.99948149541635,0.00977730509326591,-0.0258928209693607
12366,36,65,35.989793407169,65.0190770109599,7.02679010441596,1.99985910915869,0.0102065928310395,-0.0190770109598901
12384,36,65,35.992420082483,65.0076476346275,7.01095421874542,2.00197171807031,0.00757991751704878,-0.00764763462753137
12402,36,65,35.9969971451364,64.9953586203311,6.99290953625987,2.00502419656503,0.00300285486360252,0.00464137966889666
12420,36,65,36.0019911762263,64.9857848298249,6.9780163185098,2.00804457901987,-0.00199117622629075,0.0142151701751061
12438,36,65,36.0059241732039,64.9813279677358,6.97014157917492,2.01018056413656,-0.00592417320390126,0.0186720322641918
12456,36,65,36.0077873707315,64.9826688549426,6.97072439600212,2.01092709788326,-0.0077873707315419,0.0173311450574261
12474,36,65,36.0072732617387,64.9887699579989,6.97865305960403,2.01022974936891,-0.00727326173870324,0.0112300420011309
12492,36,65,36.0047844255278,64.9973620149237,6.99085766832247,2.00844999613175,-0.00478442552777381,0.00263798507631918
12510,36,65,36.0012394612228,65.0057268728062,7.0034026980703,2.00621520611997,-0.0012394612228448,-0.00572687280619277
12528,36,65,35.9977540138777,65.0115182171847,7.01270277138476,2.00421098279979,0.00224598612233962,-0.0115182171847437
12546,36,65,35.9953029775573,65.0133837636221,7.01649229146924,2.00298055513102,0.00469702244268433,-0.0133837636220591
12564,36,65,35.994459741593,65.0112368849659,7.01432279286745,2.002786472904,0.00554025840704497,-0.011236884965939
12582,36,65,35.9952788599226,65.0061378795703,7.00748363643932,2.00356814856221,0.00472114007740743,-0.00613787957030354
12600,36,65,35.9973392236849,64.9998641074326,6.99843850863602,2.00499537781876,0.0026607763150821,0.000135892567357132
12618,36,65,35.999916539815,64.9943257835198,6.9899981849825,2.00659213808024,8.34601849746264e-05,0.00567421648024435
12636,36,65,36.0022226891412,64.9910093747379,6.98448277473792,2.00788809409952,-0.00222268914115631,0.0089906252621148
12654,36,65,36.0036360292486,64.9906044296096,6.98312041335076,2.00855103483292,-0.00363602924861084,0.00939557039041006
12672,36,65,36.0038583868774,64.9928981013509,6.98582385790141,2.00846541913247,-0.0038583868773614,0.00710189864912536
12690,36,65,36.0029630062882,64.9969370523426,6.9913621568912,2.00774073212562,-0.00296300628819779,0.00306294765735515
12708,36,65,36.001331653901,65.0013812317129,6.99783985195513,2.00665496359854,-0.00133165390101908,-0.00138123171288385
12726,36,65,35.999511496075,65.0049270049307,7.00330897884241,2.00555691918481,0.00048850392499844,-0.00492700493066422
12744,36,65,35.9980413880456,65.0066723151556,7.00632644653769,2.00475940961089,0.00195861195440727,-0.006672315155555
12762,36,65,35.9972999900676,65.0063269793566,7.0063069634358,2.00445466041591,0.00270000993235442,-0.00632697935662918
12780,36,65,35.9974165458881,65.0042257286261,7.00359162512465,2.00467353244744,0.00258345411194227,-0.00422572862605364
12798,36,65,35.998262387021,65.0011628879927,6.9992469520649,2.00529496505558,0.00173761297902786,-0.00116288799269171
12816,36,65,35.999516430722,64.9981154721925,6.99468132538058,2.0060974359888,0.000483569278017626,0.00188452780754744
12834,36,65,36.0007778961335,64.9959457207977,6.99120703395033,2.00683309513794,-0.000777896133492106,0.00405427920227908
12852,36,65,36.0016888357507,64.9951698205891,6.98967969021244,2.00730093712471,-0.0016888357507483,0.00483017941094488
12870,36,65,36.0020307259796,64.995850697194,6.99030737261643,2.00739849285388,-0.00203072597959419,0.00414930280595627
12888,36,65,36.0017706947768,64.9976313382649,6.99266457452154,2.00713975065387,-0.00177069477678771,0.00236866173510464
12906,36,65,36.0010498995183,64.9998833621811,6.99588447913018,2.00663804849526,-0.00104989951832124,0.000116637818919685
12924,36,65,36.0001239442853,65.0019156534485,6.99895416557256,2.00606277669695,-0.000123944285306266,-0.00191565344852052
12942,36,65,35.9992775938029,65.0031772655484,7.00101803388866,2.00558505986428,0.00072240619710584,-0.00317726554844455
12960,36,65,35.9987408332865,65.0033977090073,7.00160250545771,2.00532908470014,0.00125916671345294,-0.00339770900733072
12978,36,65,35.99862993937,65.0026319351135,7.00070691029152,2.00534222347876,0.00137006062998779,-0.0026319351135129
12996,36,65,35.998927397512,65.0012080691962,6.99875033083502,2.0055902749091,0.00107260248802277,-0.00120806919618133
13014,36,65,35.9995019869295,64.999603630066,6.99640545330504,2.00597636391691,0.000498013070476588,0.000396369933994833
13032,36,65,36.0001588168578,64.998293395006,6.99437926670475,2.00637545929764,-0.000158816857783961,0.00170660499404107
13050,36,65,36.0007017385519,64.9976152174021,6.99320891027429,2.00667296833155,-0.000701738551896369,0.00238478259794306
13068,36,65,36.0009890732239,64.9976897624846,6.993128584029,2.00679602608994,-0.000989073223870207,0.00231023751543091
13086,36,65,36.0009676147229,64.9984108391305,6.99403734099542,2.0067294253295,-0.000967614722938492,0.00158916086945737
13104,36,65,36.0006777214641,64.9995010899614,6.99556550062461,2.00651341572304,-0.000677721464114711,0.000498910038601252
13122,36,65,36.0002313284769,65.0006098829235,6.99720964652908,2.00622604226613,-0.000231328476914427,-0.00060988292354125
13140,36,65,35.9997721559207,65.0014209212665,6.99849033427793,2.00595676500973,0.000227844079319084,-0.00142092126647242
13158,36,65,35.9994314004833,65.0017379770114,6.99908520144124,2.00577982511576,0.000568599516682866,-0.00173797701141609
13176,36,65,35.9992919754188,65.0015269328598,6.99890254154827,2.00573492738956,0.000708024581214772,-0.00152693285977534
13194,36,65,35.9993704606078,65.0009071548768,6.99808126566993,2.005819886128,0.000629539392221545,-0.000907154876756522
13212,36,65,35.9996198830938,65.0001003515852,6.99692551149261,2.00599597117155,0.000380116906192995,-0.000100351585217595
13230,36,65,35.9999501884973,64.9993562116949,6.99579983172231,2.00620300266591,4.98115027198764e-05,0.000643788305126236
13248,36,65,36.0002586062181,64.9988785060535,6.99501910664252,2.0063788200016,-0.000258606218125124,0.00112149394649919
13266,36,65,36.0004601925118,64.9987725359386,6.99476493733866,2.00647711591879,-0.000460192511759772,0.00122746406144358
13284,36,65,36.0005098761353,64.9990264106909,6.99504924658757,2.00647876589406,-0.000509876135282639,0.000973589309083422
13302,36,65,36.0004107207377,64.9995276384261,6.99573005610771,2.00639417904397,-0.000410720737683334,0.000472361573926605
13320,36,65,36.0002076195313,65.0001063458081,6.99656907943674,2.0062570166757,-0.000207619531295222,-0.000106345808106312
13338,36,65,35.9999698510396,65.0005898783423,6.99731010913905,2.00611203193603,3.01489603558025e-05,-0.000589878342339034
13356,36,65,35.999768696227,65.0008520264962,6.99775362868709,2.00600114001131,0.000231303773013281,-0.000852026496190206
13374,36,65,35.9996570151672,65.0008435395401,6.99780694437101,2.00595186393784,0.000342984832762738,-0.000843539540142046
13392,36,65,35.9996563476853,65.0005973934009,6.99749839859227,2.00597116177517,0.000343652314683141,-0.000597393400937563
13410,36,65,35.9997543441203,65.0002101685058,6.99695568335558,2.00604577679534,0.000245655879666629,-0.000210168505844877
13428,36,65,35.9999120876667,64.9998075102283,6.99635845675155,2.00614827484092,8.79123333277221e-05,0.000192489771720261
13446,36,65,36.0000781176435,64.9995052526391,6.99588158261672,2.00624641713686,-7.81176435467046e-05,0.000494747360875181
13464,36,65,36.0002044247706,64.9993777090629,6.99564613099947,2.00631283653042,-0.000204424770636535,0.000622290937087655
13482,36,65,36.0002596638098,64.999441304447,6.99569114970297,2.00633224146854,-0.000259663809764277,0.000558695553024791
13500,36,65,36.0002361545464,64.9996564548111,6.9959718564401,2.00630438602337,-0.000236154546428224,0.000343545188940197
13518,36,65,36.0001493884757,64.9999451025647,6.99638178422278,2.00624244205728,-0.000149388475733758,5.48974352625464e-05
13536,36,65,36.0000310264208,65.0002171729701,6.99678990386672,2.00616775366448,-3.10264207570299e-05,-0.000217172970053525
13554,36,65,35.9999181055709,65.0003974495428,6.99708051441202,2.00610286829508,8.18944290656987e-05,-0.000397449542788308
13572,36,65,35.9998419411965,65.0004452073588,6.99718429001533,2.00606501322325,0.000158058803513939,-0.000445207358751532
13590,36,65,35.9998199016959,65.0003618590293,6.99709268471778,2.00606181540532,0.00018009830412069,-0.000361859029268885
13608,36,65,35.9998520629627,65.0001857999375,6.99685349177263,2.0060902241195,0.000147937037326074,-0.000185799937497677
13626,36,65,35.9999231391652,64.9999773577016,6.99655094345936,2.00613858016611,7.68608347740951e-05,2.264229844684e-05
13644,36,65,36.0000085475789,64.9997992263415,6.99627773283307,2.0061908904167,-8.54757893620217e-06,0.00020077365847726
13662,36,65,36.0000824227357,64.9996984379187,6.99610779588633,2.00623184777805,-8.24227357014706e-05,0.000301562081347129
13680,36,65,36.0001250894141,64.9996948056913,6.99607747962238,2.00625109029483,-0.000125089414098056,0.000305194308651835
13698,36,65,36.0001279384562,64.9997783825942,6.99617948437335,2.00624557864242,-0.000127938456174093,0.000221617405799179
13716,36,65,36.000094617115,64.9999156378039,6.99636985556226,2.00621963074721,-9.46171149536212e-05,8.43621961337249e-05
13734,36,65,36.0000386126117,65.0000616176814,6.99658457133135,2.00618286814935,-3.86126117462027e-05,-6.16176813537095e-05
13752,36,65,35.9999783205551,65.0001739705115,6.99675994363021,2.00614689156191,2.16794448562041e-05,-0.000173970511468724
13770,36,65,35.9999312791886,65.000224651442,6.99685062295776,2.00612177086233,6.87208114342752e-05,-0.000224651441953938
13788,36,65,35.9999092971193,65.0002062532802,6.99684037601773,2.00611336489058,9.07028807404231e-05,-0.00020625328022561
13806,36,65,35.9999157540719,65.0001317760699,6.99674339851299,2.00612213671883,8.42459280789853e-05,-0.000131776069906664
13824,36,65,35.9999455941722,65.0000286411391,6.99659685928401,2.00614363128346,5.44058278393322e-05,-2.86411390959529e-05
13842,36,65,35.9999877098541,64.9999292949636,6.99644777740499,2.00617029247848,1.22901458681213e-05,7.070503643547e-05
13860,36,65,36.0000287712466,64.9998614496881,6.99633858966037,2.00619395375074,-2.87712466331413e-05,0.000138550311874042
13878,36,65,36.0000572530406,64.9998407662307,6.99629564495612,2.00620822059962,-5.72530406088845e-05,0.000159233769267075
13896,36,65,36.0000664957282,64.9998677772681,6.99632355491858,2.00621008219656,-6.64957281912848e-05,0.000132222731863862
13914,36,65,36.0000560429079,64.9999294434012,6.99640634041311,2.00620038252709,-5.60429079143887e-05,7.05565987857426e-05
13932,36,65,36.0000310703354,65.0000043787844,6.99651428218866,2.00618314627998,-3.10703354386987e-05,-4.37878443904083e-06
13950,36,65,36.0000002838145,65.0000698516848,6.9966138911274,2.00616407969526,-2.83814500789958e-07,-6.98516848416375e-05
13968,36,65,35.9999730542522,65.0001083763695,6.99667782143555,2.00614876419361,2.69457477983792e-05,-0.000108376369468033
13986,36,65,35.9999566876234,65.0001120749052,6.9966919246832,2.00614108921377,4.33123766043764e-05,-0.000112074905246118
14004,36,65,35.9999545880539,65.0000838248033,6.9966577689036,2.00614234124842,4.54119460755464e-05,-8.38248032550837e-05
14022,36,65,35.9999657336458,65.0000352300719,6.99659042081072,2.00615113311302,3.42663542483024e-05,-3.52300719015375e-05
14040,36,65,35.9999854654067,64.9999823489585,6.99651265397053,2.00616409866797,1.45345933049157e-05,1.76510415315079e-05
14058,36,65,36.0000072175902,64.9999406418898,6.99644762713227,2.00617706979437,-7.21759023747381e-06,5.9358110206631e-05
14076,36,65,36.0000245929901,64.9999206588901,6.99641227962195,2.00618634775816,-2.4592990072847e-05,7.93411099238028e-05
14094,36,65,36.0000331563126,64.9999256048141,6.99641323401899,2.0061896981235,-3.31563126110268e-05,7.43951859192293e-05
14112,36,65,36.0000314693605,64.9999512602776,6.99644608399397,2.00618681854539,-3.14693604934746e-05,4.87397224020469e-05
14130,36,65,36.0000211603083,64.9999880148528,6.99649788705583,2.00617920639644,-2.11603082789225e-05,1.19851471822585e-05
14148,36,65,36.0000061164386,65.0000241981494,6.99655179435074,2.00616953145563,-6.11643856274213e-06,-2.41981494184529e-05
14166,36,65,35.9999911279532,65.0000496185992,6.99659226470107,2.0061607472332,8.87204680566356e-06,-4.96185991920584e-05
14184,36,65,35.9999804290198,65.0000582839418,6.99660931978081,2.00615522219356,1.95709802355282e-05,-5.82839417688774e-05
14202,36,65,35.9999765609794,65.0000496250202,6.99660074312095,2.00615413476157,2.34390205520185e-05,-4.96250201535986e-05
14220,36,65,35.9999798434221,65.0000280450695,6.99657183197858,2.00615727374525,2.01565778894519e-05,-2.80450695413492e-05
14238,36,65,35.9999885343807,65.0000011111507,6.99653304852152,2.0061632549668,1.14656193233031e-05,-1.11115068079926e-06
14256,36,65,35.9999995564957,64.9999770533358,6.99649647282143,2.00617004576191,4.43504291069985e-07,2.29466641599174e-05
14274,36,65,36.0000095195553,64.9999623582626,6.99647219775846,2.00617561401177,-9.51955530581472e-06,3.7641737407057e-05
14292,36,65,36.0000157162729,64.9999601281702,6.99646569374454,2.00617850377931,-1.57162728555704e-05,3.9871829784488e-05
14310,36,65,36.0000168122121,64.9999695839339,6.99647678041837,2.00617818275078,-1.68122121380065e-05,3.04160661386277e-05
14328,36,65,36.0000130689141,64.999986723795,6.99650031529713,2.00617508880095,-1.30689140576123e-05,1.32762049531721e-05
14346,36,65,36.0000060896884,65.0000058207504,6.99652821053564,2.0061703964424,-6.08968839799218e-06,-5.82075038835228e-06
14364,36,65,35.999998213956,65.0000212397384,6.9965520565554,2.0061656009358,1.78604397405024e-06,-2.12397384302676e-05
14382,36,65,35.9999917713889,65.0000290237151,6.99656554077009,2.00616205846196,8.22861105120865e-06,-2.9023715072185e-05
14400,36,65,35.9999884229779,65.0000278253515,6.99656599928474,2.00616061758637,1.15770221214007e-05,-2.78253514665039e-05
14418,36,65,35.9999887658989,65.0000189942415,6.99655475980127,2.0061614361234,1.12341011302419e-05,-1.89942415431688e-05
14436,36,65,35.9999922843552,65.0000058902105,6.99653631498854,2.00616401436188,7.71564478441178e-06,-5.8902105308789e-06
14454,36,65,35.9999976212801,64.9999927046004,6.99651669248387,2.00616741082376,2.37871993391536e-06,7.29539959820613e-06
14472,36,65,36.0000030577173,64.9999831789936,6.99650157397072,2.00617055883177,-3.05771728648097e-06,1.68210063691276e-05
14490,36,65,36.0000070406331,64.999979595944,6.9964947245275,2.00617258282404,-7.04063310763559e-06,2.04040560447538e-05
14508,36,65,36.000008604161,64.9999822969524,6.99649714220877,2.00617302483031,-8.60416098191763e-06,1.77030475754236e-05
14526,36,65,36.0000075769637,64.9999898047523,6.99650708751357,2.00617192708497,-7.57696368225425e-06,1.01952477109535e-05
14544,36,65,36.0000045411013,64.999999447065,6.99652088509978,2.00616976360652,-4.54110134739949e-06,5.52934977804398e-07
14562,36,65,36.0000005821002,65.0000082485238,6.99653418346628,2.00616725717095,-5.82100170731792e-07,-8.24852375558294e-06
14580,36,65,35.999996924591,65.0000138078145,6.99654326404786,2.00616514646437,3.07540903321524e-06,-1.38078144971132e-05
14598,36,65,35.9999945696568,65.0000149132027,6.99654602326878,2.00616397500455,5.43034317956881e-06,-1.49132026905363e-05
14616,36,65,35.9999940364389,65.0000117515843,6.9965423862373,2.00616395917453,5.96356114357377e-06,-1.17515842532612e-05
14634,36,65,35.9999952694396,65.0000056977046,6.99653409901691,2.00616496382788,4.73056036298658e-06,-5.69770458014318e-06
14652,36,65,35.9999977190875,64.9999987906372,6.99652402844778,2.00616658023796,2.28091245446649e-06,1.20936276459815e-06
14670,36,65,36.0000005531855,64.9999930811315,6.99651522345725,2.00616827275817,-5.53185529383882e-07,6.91886847903334e-06
14688,36,65,36.0000029245693,64.9999900493016,6.99651003071078,2.00616954488965,-2.92456934403162e-06,9.95069842701923e-06
14706,36,65,36.0000042128027,64.9999902496921,6.99650950901311,2.00617007551826,-4.21280273599223e-06,9.75030791039444e-06
14724,36,65,36.0000041743651,64.9999932586176,6.99651327465301,2.00616979009011,-4.17436505983915e-06,6.74138242118261e-06
14742,36,65,36.0000029691083,64.9999979045839,6.99651977287527,2.00616885390298,-2.96910828723185e-06,2.09541609308417e-06
14760,36,65,36.0000010694504,65.0000026845674,6.99652685048295,2.00616759820319,-1.06945040556639e-06,-2.68456737728684e-06
14778,36,65,35.9999990912638,65.0000062272431,6.99653243336835,2.00616640760785,9.08736247140496e-07,-6.22724309096157e-06
14796,36,65,35.9999976032054,65.0000076666287,6.99653510518034,2.00616560511078,2.39679464186793e-06,-7.66662866169554e-06
14814,36,65,35.9999969709399,65.0000068303967,6.99653443434542,2.00616536752346,3.02906006766079e-06,-6.83039669979735e-06
14832,36,65,35.9999972764507,65.0000042104195,6.99653098519232,2.00616569187273,2.72354932917551e-06,-4.21041950460221e-06
14850,36,65,35.9999983268244,65.0000007484649,6.99652604567519,2.0061664165248,1.67317557497881e-06,-7.48464927369241e-07
14868,36,65,35.9999997399254,64.9999975186171,6.99652118081513,2.0061672848753,2.60074564550905e-07,2.4813828929382e-06
14886,36,65,36.000001074009,64.9999954080484,6.99651775804009,2.00616802875811,-1.07400904880706e-06,4.59195163671211e-06
14904,36,65,36.0000019595966,64.9999948867681,6.99651658206816,2.00616844571758,-1.95959658810807e-06,5.11323189300583e-06
14922,36,65,36.0000021959951,64.9999959215398,6.99651773041369,2.00616844894477,-2.19599508000101e-06,4.07846023620095e-06
14940,36,65,36.0000017891068,64.999998042085,6.99652061347918,2.00616807881519,-1.78910675430188e-06,1.95791498924791e-06
14958,36,65,36.000000926442,65.0000005236341,6.99652421686369,2.00616747709244,-9.26441984461235e-07,-5.23634128057893e-07
14976,36,65,35.9999999035009,65.0000026209755,6.99652743667897,2.00616683531911,9.64990576335367e-08,-2.62097547931717e-06
14994,36,65,35.9999990278684,65.0000037818848,6.99652940237966,2.00616633492887,9.72131552146038e-07,-3.78188479999153e-06
15012,36,65,35.9999985307077,65.0000037817951,6.996529697056,2.00616609698086,1.46929230027126e-06,-3.78179511528742e-06
15030,36,65,35.9999985098923,65.0000027504421,6.99652842435045,2.00616615467093,1.49010766392621e-06,-2.75044212116882e-06
15048,36,65,35.9999989173178,65.0000010951262,6.99652612034688,2.00616645383744,1.08268221765684e-06,-1.09512620838359e-06
15066,36,65,35.9999995890012,64.999999353998,6.99652355288952,2.00616687815906,4.10998779898364e-07,6.46002021653658e-07
15084,36,65,36.000000304614,64.9999980288292,6.99652147788973,2.00616728911954,-3.04614019341898e-07,1.97117077505027e-06
15102,36,65,36.0000008562596,64.9999974469613,6.9965204265124,2.00616756775075,-8.56259561032857e-07,2.55303865515089e-06
15120,36,65,36.0000011059677,64.9999976882497,6.99652058005117,2.00616764612723,-1.10596770497295e-06,2.31175027920472e-06
15138,36,65,36.0000010168907,64.9999985903667,6.99652175804425,2.00616752084606,-1.0168906996455e-06,1.40963327055488e-06
15156,36,65,36.0000006523302,64.9999998221186,6.99652351021964,2.006167246706,-6.52330164996329e-07,1.77881403828906e-07
15174,36,65,36.000000146501,65.0000009963298,6.99652527450389,2.00616691461106,-1.46500966025087e-07,-9.96329788449657e-07
15192,36,65,35.9999996585041,65.0000017858489,6.99652654887505,2.00616662173888,3.41495926647895e-07,-1.78584886612043e-06
15210,36,65,35.9999993244432,65.0000020094583,6.99652702680898,2.00616644329819,6.75556833584778e-07,-2.00945832773414e-06
15228,36,65,35.9999992214599,65.0000016667459,6.9965266620566,2.00616641369732,7.78540055534904e-07,-1.66674591639548e-06
15246,36,65,35.9999993525325,65.0000009178174,6.99652565237215,2.00616652139702,6.47467544467872e-07,-9.17817374102015e-07
15264,36,65,35.999999654,65.0000000198227,6.99652435595097,2.00616671736139,3.46000035733596e-07,-1.98226643988164e-08
15282,36,65,36.0000000211179,64.9999992431517,6.9965231718429,2.00616693317842,-2.11179269626882e-08,7.56848294258816e-07
15300,36,65,36.0000003423687,64.9999987933361,6.99652242228516,2.00616710262508,-3.42368721817365e-07,1.20666393854663e-06
15318,36,65,36.0000005318193,64.9999987601387,6.99652227007678,2.00616718017891,-5.31819296156755e-07,1.23986134781262e-06
15336,36,65,36.0000005505792,64.9999991051866,6.99652269044573,2.00616715157604,-5.50579230207404e-07,8.94813439344944e-07
15354,36,65,36.0000004125098,64.9999996873012,6.99652349923165,2.00616703432211,-4.12509841396513e-07,3.12698801963052e-07
15372,36,65,36.0000001743441,65.0000003140958,6.99652442304418,2.0061668691451,-1.74344094716616e-07,-3.1409580003583e-07
15390,36,65,35.9999999147756,65.0000008022579,6.996525186784,2.00616670583366,8.52244070870256e-08,-8.02257858367739e-07
15408,36,65,35.9999997096858,65.0000010284583,6.99652559177086,2.00616658810669,2.90314204676179e-07,-1.02845827143483e-06
15426,36,65,35.9999996109633,65.0000009575218,6.99652556340662,2.00616654190997,3.89036685533029e-07,-9.57521820055263e-07
15444,36,65,35.9999996345108,65.0000006424441,6.99652515830513,2.00616657006879,3.65489171372246e-07,-6.42444149434596e-07
15462,36,65,35.9999997598004,65.0000001994274,6.99652453344517,2.00616665409434,2.40199611312164e-07,-1.9942737594647e-07
15480,36,65,35.9999999398,64.9999997678261,6.9965238903699,2.00616676182462,6.02000014282567e-08,2.32173903214061e-07
15498,36,65,36.0000001172888,64.9999994680539,6.99652341305827,2.0061668580771,-1.17288770695723e-07,5.31946142245943e-07
15516,36,65,36.0000002422176,64.9999993696061,6.99652321778303,2.00616691495486,-2.42217616630569e-07,6.30393884648583e-07
15534,36,65,36.000000285079,64.999999477117,6.99652332780909,2.00616691892584,-2.85079032380509e-07,5.22883013331921e-07
15552,36,65,36.0000002429485,64.9999997363651,6.99652367729716,2.0061668730336,-2.42948530626563e-07,2.63634859720696e-07
15570,36,65,36.0000001373132,65.0000000562762,6.9965241400102,2.0061667941627,-1.3731324344235e-07,-5.62761925948507e-08
15588,36,65,36.0000000052295,65.0000003388829,6.99652457189221,2.00616670669138,-5.22953058634812e-09,-3.38882898631709e-07
15606,36,65,35.9999998870675,65.0000005078574,6.99652485389028,2.00616663473766,1.1293245449906e-07,-5.07857379261623e-07
15624,36,65,35.9999998147,65.0000005276929,6.99652492286069,2.00616659535416,1.85300002897293e-07,-5.27692904483956e-07
15642,36,65,35.9999998034311,65.0000004091562,6.99652478314833,2.00616659449262,1.9656888383679e-07,-4.091562288977e-07
15660,36,65,35.9999998495304,65.0000002010151,6.99652449773916,2.00616662656877,1.50469602999692e-07,-2.01015069478672e-07
15678,36,65,35.9999999334374,64.9999999719332,6.99652416379762,2.00616667734465,6.65626345153214e-08,2.80668217556013e-08
15696,36,65,36.0000000270894,64.9999997887718,6.99652388128231,2.00616672893727,-2.70893565357255e-08,2.11228154967102e-07
15714,36,65,36.0000001028313,64.9999996978505,6.99652372431045,2.00616676529496,-1.02831251069802e-07,3.02149530284623e-07
15732,36,65,36.0000001412042,64.9999997141417,6.99652372307599,2.00616677653677,-1.41204232306791e-07,2.85858320125953e-07
15750,36,65,36.0000001355336,64.9999998205665,6.99652386025149,2.00616676105408,-1.35533582579228e-07,1.79433541802609e-07
15768,36,65,36.000000092377,64.9999999764492,6.99652408125885,2.00616672503155,-9.2376993165999e-08,2.35507542356572e-08
15786,36,65,36.0000000281733,65.000000131704,6.99652431393558,2.0061666798142,-2.81733392171191e-08,-1.31704027239721e-07
15804,36,65,35.9999999634704,65.0000002420856,6.99652449096208,2.00616663810972,3.65296344284616e-08,-2.42085604895692e-07
15822,36,65,35.9999999166396,65.0000002810652,6.99652456838735,2.00616661023328,8.33604048011694e-08,-2.81065183571627e-07
15840,36,65,35.999999898917,65.0000002453465,6.99652453544338,2.00616660145404,1.01082981984746e-07,-2.45346527094625e-07
15858,36,65,35.9999999120251,65.0000001531778,6.9965244138502,2.0061666110706,8.79749109117256e-08,-1.53177822426187e-07
15876,36,65,35.9999999487582,65.0000000367504,6.99652424799687,2.00616663328232,5.12418338871612e-08,-3.67503929510349e-08
15894,36,65,35.9999999960314,64.9999999315048,6.99652408980666,2.00616665940715,3.96858013118617e-09,6.8495154437187e-08
15912,36,65,36.0000000392512,64.9999998657235,6.99652398317667,2.00616668066538,-3.92512333746708e-08,1.34276476160267e-07
15930,36,65,36.0000000666199,64.9999998533255,6.99652395244682,2.00616669067699,-6.66198971543963e-08,1.46674494772014e-07
15948,36,65,36.0000000721624,64.9999998915437,6.9965239977109,2.00616668699744,-7.21624360267015e-08,1.08456291059156e-07
15966,36,65,36.0000000567622,64.9999999635915,6.99652409752597,2.00616667136518,-5.67622322478201e-08,3.64084513648777e-08
15984,36,65,36.0000000271368,65.0000000450005,6.99652421741698,2.00616664873615,-2.7136835001329e-08,-4.50004904450907e-08
16002,36,65,35.9999999932764,65.0000001114188,6.99652432111482,2.00616662551583,6.72362432396767e-09,-1.11418771098215e-07
16020,36,65,35.999999965244,65.000000145497,6.99652438103347,2.00616660758004,3.4756013178594e-08,-1.45497011772022e-07
16038,36,65,35.9999999503166,65.000000141013,6.99652438510518,2.00616659866925,4.96833933993912e-08,-1.4101304657288e-07
16056,36,65,35.9999999512377,65.0000001033788,6.99652433844861,2.00616659956902,4.87623168510254e-08,-1.03378752669414e-07
16074,36,65,35.9999999659516,65.0000000467937,6.99652425997835,2.00616660822019,3.40484405114694e-08,-4.67937297798926e-08
16092,36,65,35.9999999887274,64.9999999892306,6.99652417548981,2.00616662062244,1.12726397105689e-08,1.07693551854027e-08
16110,36,65,36.0000000121973,64.9999999469175,6.9965241095745,2.00616663218596,-1.21972902888956e-08,5.30825161604298e-08
16128,36,65,36.0000000296287,64.9999999299366,6.99652407878857,2.00616663909763,-2.96287083756397e-08,7.0063350676719e-08
16146,36,65,36.0000000367598,64.9999999400619,6.99652408786937,2.00616663931293,-3.67598005368563e-08,5.99381166921376e-08
16164,36,65,36.0000000327282,64.9999999711932,6.99652412972646,2.00616663293497,-3.27281739487262e-08,2.8806823593186e-08
16182,36,65,36.0000000199315,65.0000000119733,6.9965241887854,2.00616662194227,-1.99315195459349e-08,-1.19732703751652e-08
16200,36,65,36.0000000029804,65.0000000495983,6.99652424635709,2.00616660941598,-2.98044255941932e-09,-4.9598327223066e-08
