Tempo,Referencia_Temperatura,Referencia_Umidade,Saida_Temperatura,Saida_Umidade,Sinal_Controle_Temperatura,Sinal_Controle_Umidade,Erro_Temperatura,Erro_Umidade
18,30,50,22,50,0,0,8,0
36,30,50,22,50,0,0,8,0
54,30,50,22,50,0,0,8,0
72,30,50,22,50,0,0,8,0
90,30,50,22,50,0,0,8,0
108,30,50,22,50,0,0,8,0
126,30,50,22,50,0,0,8,0
126,30,50,22,50,1.53446033810143,9.99200722162641e-17,8,0
144,30,50,22,50,3.06892067620286,1.99840144432528e-16,8,0
162,30,50,22,50,4.60338101430429,2.99760216648792e-16,8,0
180,30,50,22,50,6.13784135240572,3.99680288865056e-16,8,0
198,30,50,22.1349711313394,50,7.14762280220088,4.9960036108132e-16,7.8650288686606,0
216,30,50,22.40837772671,50,7.73278905626515,5.99520433297584e-16,7.59162227328999,0
234,30,50,22.81576216417,49.8014408322497,7.98830261321249,0.800768826272972,7.18423783582997,0.198559167750325
252,30,50,23.3528103572042,49.4189292528384,7.98029269398833,2.17482560673783,6.64718964279583,0.581070747161554
270,30,50,23.9691963778675,49.0209286554797,7.76493809999093,3.6093045288304,6.03080362213247,0.979071344520257
288,30,50,24.6194982460063,48.7051719800716,7.40630623476263,4.82901977281535,5.38050175399375,1.29482801992839
306,30,50,25.2557693177744,48.5257718754351,7.0018985177783,5.63327865531016,4.74423068222558,1.47422812456493
324,30,50,25.8441802934792,48.470960800086,6.57936996698135,6.35556272954467,4.15581970652076,1.52903919991399
342,30,50,26.367365239411,48.4916662257559,6.1664935381634,6.96048452053586,3.63263476058899,1.50833377424414
360,30,50,26.819826265481,48.5986665062997,5.78847282552678,7.15509982104224,3.18017373451903,1.40133349370027
378,30,50,27.2071678526886,48.7824529946866,5.45322546032426,6.99390447268929,2.79283214731144,1.21754700531345
396,30,50,27.5318379295571,48.9740449260051,5.17512079609771,6.72346224037026,2.46816207044289,1.02595507399487
414,30,50,27.8003520199127,49.1153139294997,4.95961497661136,6.56885905605097,2.19964798008727,0.884686070500294
432,30,50,28.0260747650139,49.2012494813392,4.79343468424422,6.58846008074915,1.9739252349861,0.798750518660832
450,30,50,28.2206551595216,49.2670226642987,4.65937023332927,6.66089964453873,1.77934484047836,0.732977335701321
468,30,50,28.3914207330502,49.3486811465337,4.54756276802993,6.62944317412495,1.60857926694977,0.651318853466272
486,30,50,28.5419164766652,49.4506515079503,4.45479488007737,6.46766500852743,1.45808352333483,0.549348492049653
504,30,50,28.6739802818947,49.5445709684452,4.38126668840939,6.29273223274759,1.32601971810526,0.455429031554814
522,30,50,28.7905818095089,49.6012898810386,4.32335884811027,6.24346099789459,1.20941819049107,0.398710118961418
540,30,50,28.8964564691462,49.6207746190792,4.27129560252936,6.35008272993612,1.10354353085381,0.379225380920808
558,30,50,28.995822166779,49.631491849018,4.21433594564379,6.49187449948444,1.004177833221,0.36850815098196
576,30,50,29.0901898041087,49.6629359669711,4.14847293306497,6.52267599803225,0.909810195891296,0.337064033028881
594,30,50,29.1782374588133,49.7158786305844,4.07908854847739,6.43128449374879,0.821762541186718,0.28412136941558
612,30,50,29.2578276987603,49.7632091849183,4.01483074064211,6.33985509541643,0.742172301239698,0.236790815081726
630,30,50,29.3285971994826,49.7815620638692,3.95996406937795,6.36949496012143,0.67140280051736,0.218437936130769
648,30,50,29.3923470392016,49.7767203901478,3.91077661986449,6.48856086324139,0.607652960798397,0.223279609852199
666,30,50,29.4509512255734,49.7771528272372,3.86267501230466,6.60415697856375,0.549048774426595,0.222847172762826
684,30,50,29.5044158074011,49.8010315911671,3.81700130276898,6.59835951635569,0.495584192598908,0.198968408832897
702,30,50,29.5512234763113,49.8439220928641,3.7802800041777,6.48459020400421,0.448776523688675,0.156077907135895
720,30,50,29.5905673290388,49.8789456487365,3.75750595309134,6.3875461578351,0.40943267096123,0.12105435126346
738,30,50,29.6233146711486,49.8866662914974,3.74840030037575,6.41158902727494,0.376685328851433,0.11333370850258
756,30,50,29.6523599496048,49.8757088520597,3.74407511479407,6.48051356010384,0.347640050395178,0.124291147940276
774,30,50,29.6803258750885,49.8720593108604,3.73566557005989,6.54952457729474,0.319674124911497,0.127940689139564
792,30,50,29.7076536936008,49.8837152111553,3.72177636413359,6.55676362508146,0.29234630639921,0.116284788844723
810,30,50,29.7332842018797,49.9071270770248,3.7065891013523,6.4974351999995,0.26671579812032,0.0928729229751752
828,30,50,29.7569628918772,49.9266162692228,3.69155115058636,6.44574666100487,0.243037108122756,0.0733837307772092
846,30,50,29.7786366406429,49.9287874829491,3.67742588151608,6.47356784394906,0.221363359357134,0.0712125170508742
864,30,50,29.7991583411764,49.9181773548664,3.66151386421745,6.52575691080597,0.200841658823592,0.0818226451335775
882,30,50,29.8194880591841,49.9121303163339,3.64044102275869,6.57421384397557,0.180511940815869,0.0878696836660708
900,30,50,29.8391377886307,49.9156158803094,3.61612388715828,6.60282967871369,0.160862211369299,0.0843841196905899
918,30,50,29.856691278287,49.9269923572574,3.59421571004729,6.58846294670732,0.143308721712955,0.0730076427426383
936,30,50,29.8716464432545,49.9409821698009,3.57729102689819,6.55451637765341,0.12835355674553,0.0590178301990676
954,30,50,29.8837617326391,49.948941350514,3.56708460114316,6.54440923037157,0.11623826736092,0.0510586494860092
972,30,50,29.893308936561,49.9488171395094,3.56340562155915,6.57186396749967,0.106691063439008,0.0511828604906484
990,30,50,29.9013554430626,49.9476678228748,3.56284115124407,6.6001919979582,0.0986445569373942,0.0523321771251517
1008,30,50,29.9086062581269,49.9533563490668,3.56306252414159,6.59836959208964,0.0913937418730981,0.0466436509331629
1026,30,50,29.915108956238,49.9646527062917,3.56411656402873,6.56429838737192,0.0848910437620454,0.0353472937082628
1044,30,50,29.920818612126,49.9741913738551,3.56640158584937,6.5333126828686,0.0791813878740228,0.0258086261449293
1062,30,50,29.9261556409547,49.9754895618246,3.56848952485266,6.54033322803937,0.073844359045335,0.024510438175426
1080,30,50,29.9318422705943,49.9700909542115,3.56763302898703,6.56665910131081,0.0681577294057192,0.0299090457885498
1098,30,50,29.9384586822093,49.9658420385427,3.56143838110772,6.5877043638103,0.0615413177907342,0.0341579614573106
1116,30,50,29.945853514632,49.9660393212759,3.55023294741304,6.60499308297982,0.0541464853680402,0.0339606787240641
1134,30,50,29.9532328490774,49.969109607641,3.53691664273555,6.6070661734725,0.0467671509225873,0.0308903923590194
1152,30,50,29.9600155747584,49.9735725809605,3.52378347290776,6.60019236296084,0.0399844252415598,0.0264274190394644
1170,30,50,29.9658431651244,49.9762713472047,3.51242638254939,6.60018138198012,0.0341568348756383,0.0237286527952776
1188,30,50,29.9703960211712,49.9762757817935,3.50439769869267,6.61290193990299,0.0296039788288347,0.0237242182064676
1206,30,50,29.9737921084835,49.9761968049971,3.49961533007758,6.62570597365664,0.0262078915165276,0.0238031950028983
1224,30,50,29.9761883873649,49.9792019452639,3.49780494885506,6.62267947157936,0.0238116126350754,0.0207980547361188
1242,30,50,29.9775925892779,49.985065194486,3.4992375184404,6.60306372575627,0.0224074107221028,0.0149348055139882
1260,30,50,29.978107895575,49.9902858526968,3.50380092398332,6.58366159222067,0.0218921044249747,0.00971414730324938
1278,30,50,29.9781171022813,49.9917386933596,3.51023332733422,6.58123156027647,0.0218828977186512,0.00826130664040647
1296,30,50,29.9782405410213,49.9899160342438,3.51620668427555,6.59014422279727,0.0217594589786714,0.0100839657562091
1314,30,50,29.9790431311245,49.9882244839426,3.51943255303512,6.59848677037034,0.0209568688755084,0.0117755160574262
1332,30,50,29.9807060615553,49.9884070229083,3.518992099214,6.60385517987052,0.0192939384446582,0.0115929770916736
1350,30,50,29.9830291140578,49.9896945988129,3.51543295668997,6.60330446046183,0.016970885942218,0.0103054011870825
1368,30,50,29.9857593129204,49.9908534925367,3.50956851601258,6.60273939657744,0.0142406870795675,0.00914650746326373
1386,30,50,29.9886591257019,49.9904990662688,3.50222321966484,6.60793898916132,0.0113408742980958,0.0095009337311609
1404,30,50,29.9914573189801,49.9889188214087,3.49442481624163,6.6157356140088,0.00854268101988964,0.0110811785912972
1422,30,50,29.9939620766239,49.9876929434623,3.48696597643363,6.62266515817598,0.00603792337606279,0.0123070565376864
1440,30,50,29.9959368249754,49.9877338675347,3.48087563285115,6.62906568993122,0.00406317502459785,0.0122661324653492
1458,30,50,29.9971424261957,49.9891955390545,3.47726575341376,6.62796030465018,0.00285757380425622,0.0108044609454581
1476,30,50,29.997512932603,49.9920262625873,3.47663140349966,6.61887166538014,0.00248706739701987,0.00797373741268359
1494,30,50,29.9971193466894,49.9947695307453,3.47813318055408,6.60872070394095,0.00288065331056941,0.00523046925474802
1512,30,50,29.9961433591281,49.9960600792527,3.48180255748453,6.60473443865203,0.00385664087186299,0.00393992074731386
1530,30,50,29.9949842283122,49.9960252514033,3.48616666757309,6.60688174474203,0.00501577168783029,0.00397474859671831
1548,30,50,29.9940558251124,49.995986121357,3.489693655634,6.60905119586008,0.00594417488759902,0.00401387864302194
1566,30,50,29.9935383776367,49.9968169485102,3.49171055365496,6.60683151752715,0.0064616223633216,0.00318305148983455
1584,30,50,29.9934816677771,49.9979631712489,3.49365034648901,6.60250380186799,0.00651833222292098,0.00203682875109479
1602,30,50,29.9938319026546,49.9982329735921,3.4941797980175,6.6021771196245,0.00616809734537327,0.00176702640786885
1620,30,50,29.9945195003603,49.9971074762027,3.49325892600881,6.60758688839945,0.00548049963968822,0.00289252379727856
1638,30,50,29.9954773814682,49.995473647859,3.49105628340709,6.61544638383189,0.00452261853182989,0.00452635214099928
1656,30,50,29.9966995925125,49.994581179313,3.4875161116437,6.61982766395462,0.00330040748750804,0.00541882068699095
1674,30,50,29.9979588253225,49.9949071002953,3.48346669438941,6.62102416442361,0.0020411746775153,0.0050928997046924
1692,30,50,29.9990101030204,49.9956154322031,3.47987388689062,6.6200301361443,0.000989896979582738,0.00438456779691165
1710,30,50,29.9997123456813,49.9961925861696,3.47736248558534,6.61934635562144,0.000287654318650965,0.0038074138304296
1728,30,50,30.0000266609826,49.9964481010127,3.47619986978148,6.62004744414232,-2.66609826127251e-05,0.0035518989872898
1746,30,50,29.9999767395648,49.9966943418407,3.47638494231111,6.62065999531389,2.32604352135013e-05,0.0033056581592561
1764,30,50,29.9996465190967,49.9973952399097,3.47761202335044,6.61874386174922,0.000353480903285686,0.00260476009032118
1782,30,50,29.9991291820496,49.9985392155738,3.47953914105119,6.61411684026216,0.000870817950389124,0.00146078442624997
1800,30,50,29.9985289455098,49.9995277252721,3.48178225002114,6.60969297642585,0.00147105449022433,0.000472274727911781
1818,30,50,29.9979829057087,49.9997639099526,3.48383378214214,6.60870166623962,0.0020170942912614,0.000236090047380344
1836,30,50,29.9976391560018,49.9992822891864,3.48514298763369,6.6110026439469,0.00236084399820058,0.000717710813646022
1854,30,50,29.9976004289977,49.9987001440545,3.48586087264222,6.61379623509828,0.0023995710022966,0.00129985594548998
1872,30,50,29.9978677230283,49.9985086618013,3.4855031915083,6.61474633456075,0.00213227697166474,0.00149133819866165
1890,30,50,29.9983412901071,49.9986091246579,3.48424271175147,6.61501903127462,0.00165870989285821,0.001390875342139
1908,30,50,29.9988886503949,49.9985506213441,3.48254747967604,6.61581393532666,0.00111134960507897,0.00144937865587735
1926,30,50,29.9994505820753,49.9982387290262,3.48063207762496,6.61734191852908,0.000549417924705864,0.00176127097379464
1944,30,50,29.9999639414536,49.9978944619158,3.47874425706607,6.61903315947274,3.60585464420637e-05,0.00210553808420855
1962,30,50,30.0003548104101,49.997734445886,3.47729858439272,6.62029314803054,-0.000354810410090778,0.00226555411401108
1980,30,50,30.0005720264716,49.9979005839007,3.47649505252353,6.62063607755517,-0.000572026471608922,0.00209941609928421
1998,30,50,30.0005861832029,49.9983886484717,3.47632155010637,6.61919255637902,-0.00058618320285575,0.00161135152833936
2016,30,50,30.0004040826112,49.9990284933023,3.47687559907517,6.61668655128228,-0.000404082611186851,0.000971506697680979
2034,30,50,30.0000820039764,49.9994937282737,3.47804264834424,6.61475644315738,-8.20039764093394e-05,0.00050627172634421
2052,30,50,29.9997051661056,49.9996323678955,3.47944115855811,6.61429776299049,0.000294833894443514,0.000367632104513405
2070,30,50,29.9993675996535,49.999578899229,3.48069986238865,6.61456322949185,0.000632400346482598,0.00042110077104951
2088,30,50,29.9991494233504,49.9995708943969,3.48152054981057,6.61479620677803,0.000850576649639834,0.000429105603096502
2106,30,50,29.9990868377952,49.9996592926548,3.4818033423938,6.61456093838662,0.000913162204810192,0.000340707345216629
2124,30,50,29.9991686956575,49.9997198918664,3.48174654262975,6.61442469943461,0.000831304342540307,0.000280108133551948
2142,30,50,29.9993662231886,49.9995806366631,3.4812034192286,6.6150963388836,0.000633776811355347,0.000419363336888523
2160,30,50,29.9996384744599,49.9992543396258,3.48030336235635,6.61666297674913,0.000361525540121477,0.00074566037419288
2178,30,50,29.999940924444,49.9989362695137,3.47920210873547,6.61819992030055,5.90755560097023e-05,0.00106373048628683
2196,30,50,30.0002349007117,49.998839465938,3.47811470342943,6.61884921257395,-0.00023490071170329,0.00116053406204486
2214,30,50,30.0004587844784,49.9989819193264,3.47728651149478,6.61872249142637,-0.000458784478361451,0.00101808067358178
2232,30,50,30.0005659806003,49.9992021703456,3.4768899266556,6.618108908306,-0.000565980600264027,0.000797829654402449
2250,30,50,30.000545199122,49.9994026646119,3.47680544447804,6.61748097329399,-0.000545199122015561,0.000597335388079046
2268,30,50,30.0004193836444,49.9995491999312,3.47714677150846,6.61702966370778,-0.000419383644352678,0.000450800068755086
2286,30,50,30.000229803353,49.9996856629823,3.47778006989293,6.61655260879528,-0.000229803352965519,0.000314337017726984
2304,30,50,30.0000256438095,49.9998550263189,3.47852772156776,6.6158286299424,-2.5643809486553e-05,0.000144973681059923
2322,30,50,29.9998358217261,50.0000192192448,3.47923256131589,6.61505111029083,0.000164178273873716,-1.92192448125184e-05
2340,30,50,29.9996952228277,50.0000806369749,3.47975758229809,6.61476024964069,0.000304777172296156,-8.06369749000169e-05
2358,30,50,29.999630831609,50.0000106842894,3.48000172112137,6.61508577766395,0.000369168390950136,-1.06842894425085e-05
2376,30,50,29.9996555656498,49.9998709713688,3.48001215720424,6.61575113991082,0.000344434350243006,0.000129028631150163
2394,30,50,29.9997618416959,49.9997475461252,3.47968946976179,6.61634296933434,0.000238158304103564,0.000252453874807657
2412,30,50,29.9999198038648,49.9996779440068,3.47912883640629,6.61668195535121,8.0196135218813e-05,0.000322055993166259
2430,30,50,30.000090134584,49.9996352496163,3.47849871578077,6.61689475964499,-9.01345840418344e-05,0.000364750383681667
2448,30,50,30.0002450639534,49.9995841169184,3.47792556236038,6.6171490121502,-0.000245063953435931,0.000415883081586799
2466,30,50,30.0003571313402,49.9995361327149,3.47751095763441,6.6174109300398,-0.000357131340216199,0.000463867285091624
2484,30,50,30.0004101563308,49.9995294406238,3.47731477515558,6.61766587919121,-0.000410156330840294,0.000470559376239521
2502,30,50,30.0004008249459,49.9996064822534,3.47723066047024,6.61751280866228,-0.000400824945867129,0.000393517746566374
2520,30,50,30.0003350745809,49.9997843146758,3.47737474178779,6.61678678562261,-0.000335074580945616,0.000215685324242543
2538,30,50,30.000228887508,49.9999788455853,3.47769984416172,6.61587700982609,-0.000228887507962128,2.11544146679898e-05
2556,30,50,30.0001051937108,50.000075605787,3.47812631964168,6.61541878756211,-0.000105193710766116,-7.56057870461291e-05
2574,30,50,29.9999845541695,50.0000446599295,3.47857288133756,6.61554130857222,1.54458305168248e-05,-4.46599294718908e-05
2592,30,50,29.9998976779913,49.9999708490756,3.47889593330029,6.61589170490304,0.000102322008697087,2.91509243908195e-05
2610,30,50,29.9998614393964,49.9999577718923,3.47903222826895,6.61595486625327,0.00013856060356332,4.22281077163689e-05
2628,30,50,29.9998735405978,50.0000052739581,3.47902488596653,6.6157299046763,0.000126459402199686,-5.27395814486908e-06
2646,30,50,29.9999236242317,50.0000202329929,3.47886219256502,6.61565905950163,7.63757683230892e-05,-2.02329928953304e-05
2664,30,50,29.9999969101304,49.9999382117012,3.47859196841954,6.61604928514815,3.0898696294912e-06,6.17882988365182e-05
2682,30,50,30.0000817465133,49.9998014003629,3.47827809936524,6.61670293193889,-8.17465132669781e-05,0.00019859963713742
2700,30,50,30.0001685506981,49.9997195924723,3.47795695064345,6.61709850616167,-0.000168550698067094,0.000280407527668558
2718,30,50,30.0002383976039,49.99975276525,3.47769853441932,6.61707445828706,-0.000238397603936846,0.000247234749998881
2736,30,50,30.0002727082775,49.9998503121968,3.47757158910851,6.61669306896327,-0.000272708277496037,0.000149687803208565
2754,30,50,30.0002649234328,49.9999402639268,3.47752197709349,6.61629923578415,-0.000264923432780506,5.97360731688923e-05
2772,30,50,30.0002218583388,49.9999728338203,3.47761564233831,6.61615960895022,-0.000221858338758096,2.71661797270895e-05
2790,30,50,30.000158773986,49.9999662558741,3.47780204368726,6.61619174358452,-0.000158773986022709,3.3744125943258e-05
2808,30,50,30.0000942408786,49.9999799845994,3.47801290623162,6.61613749693684,-9.42408785959969e-05,2.00154006364528e-05
2826,30,50,30.0000347408038,50.0000367275042,3.47822276066042,6.61586877424996,-3.47408037697505e-05,-3.6727504223677e-05
2844,30,50,29.9999878309334,50.0000956253804,3.47839651405429,6.61558984652507,1.21690665793039e-05,-9.56253804460516e-05
2862,30,50,29.9999592422539,50.0001061068606,3.47850294135771,6.61553274227069,4.07577461132291e-05,-0.00010610686064183
2880,30,50,29.999953247741,50.0000574402262,3.47852586895599,6.61573230566522,4.675225895312e-05,-5.74402261719342e-05
2898,30,50,29.9999727917972,49.9999889749776,3.47846161092185,6.61605686073198,2.72082028267562e-05,1.10250224309993e-05
2916,30,50,30.0000130496943,49.9999480177894,3.4783126624591,6.61625233999921,-1.30496942674085e-05,5.19822106141987e-05
2934,30,50,30.0000623519509,49.9999501455145,3.47813025274309,6.61626909376936,-6.23519508877735e-05,4.98544855105365e-05
2952,30,50,30.0001078683837,49.9999655393159,3.47796184930025,6.61621473565247,-0.000107868383686593,3.44606841053974e-05
2970,30,50,30.0001401093352,49.9999652395786,3.47784256147167,6.61623351975488,-0.000140109335227123,3.47604214425701e-05
2988,30,50,30.0001546800341,49.9999496382825,3.47778865064005,6.61630887164429,-0.000154680034068377,5.03617174558713e-05
3006,30,50,30.0001522027725,49.9999469821603,3.47775276499557,6.61633808471129,-0.000152202772500942,5.30178396900283e-05
3024,30,50,30.0001352317396,49.9999776678009,3.47777552860515,6.61620477971316,-0.000135231739623265,2.23321991015268e-05
3042,30,50,30.000107117199,50.000032159819,3.47784784314296,6.61594671631528,-0.000107117199032558,-3.21598190140548e-05
3060,30,50,30.0000734145089,50.0000747505602,3.47795080846575,6.61574501316266,-7.34145088827631e-05,-7.47505602021192e-05
3078,30,50,30.0000376239732,50.0000795884662,3.4780720922194,6.61570218039473,-3.76239732204908e-05,-7.95884661926038e-05
3096,30,50,30.0000082809126,50.0000568323474,3.47817820733409,6.61577936548968,-8.28091259563735e-06,-5.68323473757459e-05
3114,30,50,29.9999916484642,50.0000392994129,3.47823988003141,6.61584125018323,8.35153581846271e-06,-3.92994129470026e-05
3132,30,50,29.9999885444051,50.0000410074615,3.47825154830418,6.615819180792,1.14555948584893e-05,-4.10074615473377e-05
3150,30,50,29.9999970220387,50.0000480455984,3.47822106279191,6.61578584835615,2.97796129444805e-06,-4.8045598376234e-05
3168,30,50,30.0000134554305,50.0000388739465,3.47816026020147,6.61580836381018,-1.34554305049051e-05,-3.88739464796117e-05
3186,30,50,30.0000342288929,50.0000107252399,3.47808339992342,6.61593590107386,-3.42288928933954e-05,-1.07252399175195e-05
3204,30,50,30.0000561020474,49.9999791398176,3.47800247095108,6.61608609282109,-5.61020474094676e-05,2.08601824311927e-05
3222,30,50,30.0000750593878,49.999969536305,3.47793233006817,6.61613246092629,-7.50593877896222e-05,3.04636950474446e-05
3240,30,50,30.0000869690171,49.9999877521334,3.47788826494358,6.616052783545,-8.69690170866022e-05,1.22478665502967e-05
3258,30,50,30.0000886417096,50.0000143557955,3.47786202717615,6.61592679117596,-8.86417096310765e-05,-1.43557954572771e-05
3276,30,50,30.000080045926,50.0000283490744,3.47787013786268,6.61586051971901,-8.00459259835407e-05,-2.83490744195092e-05
3294,30,50,30.0000647649917,50.000026561697,3.47790750614029,6.61585468973813,-6.47649916771798e-05,-2.65616969628013e-05
3312,30,50,30.0000477017836,50.0000244309612,3.47795651929237,6.61585163261548,-4.77017835862625e-05,-2.44309611687754e-05
3330,30,50,30.0000311253038,50.0000326510284,3.47800863821846,6.61581270262301,-3.11253038063342e-05,-3.26510283628068e-05
3348,30,50,30.0000168030558,50.0000469743139,3.47805665610689,6.61574486828885,-1.68030557787802e-05,-4.69743139106527e-05
3366,30,50,30.000006323562,50.0000572237496,3.47809355806949,6.61569632734345,-6.3235620295643e-06,-5.72237496143657e-05
3384,30,50,30.0000008162204,50.0000544332021,3.47811369352455,6.61568024852888,-8.16220389054934e-07,-5.44332021377159e-05
3402,30,50,30.0000011696939,50.0000400642048,3.47811238567306,6.61572673759144,-1.16969388486154e-06,-4.00642047821975e-05
3420,30,50,30.0000072507782,50.0000207073021,3.47808988579243,6.61580726624009,-7.25077820362685e-06,-2.07073021414317e-05
3438,30,50,30.0000173889726,50.0000083930282,3.47805237483836,6.61586106911629,-1.7388972569421e-05,-8.39302822441823e-06
3456,30,50,30.0000291197601,50.0000081643573,3.47800897141328,6.61585775819618,-2.91197601036686e-05,-8.16435728268061e-06
3474,30,50,30.0000392306447,50.0000134908328,3.47797156150335,6.61583253211109,-3.92306447096757e-05,-1.34908328490724e-05
3492,30,50,30.0000453581501,50.0000145388924,3.47794888986677,6.61582470755345,-4.53581500998723e-05,-1.45388924437384e-05
3510,30,50,30.0000469256973,50.0000107551005,3.47793499991043,6.61583683934538,-4.69256973012477e-05,-1.0755100511517e-05
3528,30,50,30.0000445786354,50.0000092405756,3.47793048878926,6.61583903902129,-4.45786354390521e-05,-9.2405755793834e-06
3546,30,50,30.0000392498834,50.0000155448668,3.47793858713946,6.61580918204256,-3.92498834003163e-05,-1.55448668124336e-05
3564,30,50,30.0000319768768,50.0000274598452,3.47795603194196,6.61575275322108,-3.19768767909068e-05,-2.7459845242106e-05
3582,30,50,30.000023360482,50.0000374259408,3.47798099764691,6.6157055541538,-2.33604819825928e-05,-3.74259407962541e-05
3600,30,50,30.0000146073654,50.0000392294893,3.47800906012971,6.61568444162818,-1.46073653510825e-05,-3.92294893458711e-05
3618,30,50,30.0000075226537,50.0000349267872,3.47803304667973,6.61568602225361,-7.52265370351779e-06,-3.49267871726511e-05
3636,30,50,30.0000033389402,50.000029329422,3.4780475380315,6.61569674673894,-3.33894015369651e-06,-2.93294219559925e-05
3654,30,50,30.0000023838113,50.0000253187085,3.47805036639699,6.6157021153805,-2.38381129946674e-06,-2.53187084808815e-05
3672,30,50,30.0000043095166,50.0000229046975,3.47804324130054,6.6157012212483,-4.30951660135293e-06,-2.29046974951075e-05
3690,30,50,30.0000082526166,50.0000195466415,3.47802865188559,6.61570660533111,-8.25261664871846e-06,-1.95466414751877e-05
3708,30,50,30.0000131636519,50.000013610866,3.47801048114066,6.61572739192264,-1.31636519462575e-05,-1.36108660058198e-05
3726,30,50,30.0000180651781,50.0000071278021,3.47799234557916,6.61575425950836,-1.80651781178653e-05,-7.12780214939812e-06
3744,30,50,30.0000221166669,50.0000042064507,3.47797735512888,6.61576583116305,-2.21166669263084e-05,-4.20645071841363e-06
3762,30,50,30.0000244808561,50.0000067052549,3.47796860764865,6.61575399684921,-2.44808561369325e-05,-6.70525488999374e-06
3780,30,50,30.0000245833466,50.0000120101972,3.47796133099179,6.61572887274471,-2.45833466223644e-05,-1.20101972171938e-05
3798,30,50,30.0000224514968,50.000016241469,3.47796257318835,6.61570883350687,-2.24514967896994e-05,-1.62414689555135e-05
3816,30,50,30.0000188002531,50.0000177731284,3.47797051787545,6.61569926834716,-1.88002530592257e-05,-1.77731283841354e-05
3834,30,50,30.0000146998595,50.0000182325076,3.47798133811778,6.61568945595869,-1.46998595269565e-05,-1.8232507592586e-05
3852,30,50,30.0000105269237,50.0000194034008,3.47799366195119,6.61567901341886,-1.05269236954086e-05,-1.94034007918731e-05
3870,30,50,30.0000069000632,50.0000204324042,3.47800503887025,6.61566801709003,-6.90006324433057e-06,-2.04324041845894e-05
3888,30,50,30.0000042450106,50.0000210163026,3.47801360601703,6.61565670651886,-4.24501062923355e-06,-2.10163025542442e-05
3906,30,50,30.000002820399,50.0000200080421,3.47801804223499,6.61565071369093,-2.8203989757003e-06,-2.00080421492999e-05
3924,30,50,30.0000027427,50.0000166640313,3.47801751788231,6.6156575826196,-2.74269995870213e-06,-1.66640312997401e-05
3942,30,50,30.0000038997379,50.0000120007856,3.47801323684656,6.61567320907356,-3.89973793346599e-06,-1.20007856097004e-05
3960,30,50,30.0000059823618,50.0000084299446,3.47800553115378,6.61568558369003,-5.98236176685418e-06,-8.4299446427849e-06
3978,30,50,30.0000084428308,50.0000073892252,3.47799642743994,6.61568653578912,-8.44283077938712e-06,-7.38922522458552e-06
3996,30,50,30.0000105613002,50.0000080048164,3.47798858911893,6.61568222774548,-1.05613002254756e-05,-8.004816422158e-06
4014,30,50,30.00001186462,50.0000083221994,3.47798376684183,6.6156777488923,-1.18646199922523e-05,-8.32219944157941e-06
4032,30,50,30.0000121697067,50.0000080046155,3.47798016461201,6.61567494503406,-1.21697066930437e-05,-8.00461548777776e-06
4050,30,50,30.0000115934634,50.000007638197,3.47797886504892,6.61567256965549,-1.15934634052905e-05,-7.63819701177226e-06
4068,30,50,30.000010361509,50.000008048759,3.47798035627053,6.61566823796279,-1.03615090054632e-05,-8.04875898552382e-06
4086,30,50,30.0000087624473,50.0000094559894,3.47798367910685,6.61566157332655,-8.76244734016041e-06,-9.45598944213089e-06
4104,30,50,30.0000068994323,50.0000112550692,3.47798853001904,6.6156530528964,-6.89943233567192e-06,-1.12550692392688e-05
4122,30,50,30.000004989398,50.0000125818378,3.47799412027182,6.61564628158751,-4.98939799342679e-06,-1.2581837779635e-05
4140,30,50,30.0000033330567,50.0000130245116,3.47799926214019,6.61563927204015,-3.33305672128859e-06,-1.30245115741445e-05
4158,30,50,30.0000021428672,50.0000126966033,3.47800303154784,6.61563399194012,-2.14286718502876e-06,-1.2696603263862e-05
4176,30,50,30.0000015703205,50.0000112866383,3.47800468515455,6.61563459526956,-1.57032051006922e-06,-1.12866382693255e-05
4194,30,50,30.0000016355454,50.0000090793796,3.47800420103318,6.61564016247559,-1.63554535959065e-06,-9.07937959482297e-06
4212,30,50,30.0000022779346,50.0000071174541,3.47800182419444,6.61564562365841,-2.27793460538805e-06,-7.11745413184417e-06
4230,30,50,30.0000033031567,50.0000061403591,3.47799803087628,6.61564694654888,-3.30315673835457e-06,-6.14035914736633e-06
4248,30,50,30.0000043868526,50.0000059252922,3.47799402120579,6.61564477622306,-4.38685259140925e-06,-5.92529217158244e-06
4266,30,50,30.0000052473556,50.0000056665768,3.47799083734744,6.61564295185186,-5.24735555984535e-06,-5.66657677580906e-06
4284,30,50,30.0000057376316,50.0000049663001,3.47798902332712,6.61564359558893,-5.73763155387041e-06,-4.96630013913091e-06
4302,30,50,30.0000058244827,50.000004261663,3.47798729928101,6.61564463919995,-5.8244826810494e-06,-4.26166299405395e-06
4320,30,50,30.0000055557607,50.0000042816566,3.47798664904778,6.61564233489108,-5.55576066219032e-06,-4.28165657950785e-06
4338,30,50,30.0000049998556,50.0000051603491,3.47798722593864,6.61563817340596,-4.99985561930316e-06,-5.16034913289332e-06
4356,30,50,30.0000042475112,50.0000062082973,3.47798875234805,6.61563321032743,-4.24751119965094e-06,-6.20829730024752e-06
4374,30,50,30.0000033270796,50.0000069640014,3.47799117312651,6.6156294624308,-3.32707962868994e-06,-6.96400135069553e-06
4392,30,50,30.0000024047946,50.0000071710268,3.47799387375909,6.61562560311697,-2.404794578581e-06,-7.17102680880544e-06
4410,30,50,30.0000016283207,50.0000070911205,3.47799626472761,6.61562216524362,-1.628320653424e-06,-7.09112047303506e-06
4428,30,50,30.0000010904544,50.0000066069195,3.47799793205742,6.61562090269685,-1.09045435436883e-06,-6.60691947018677e-06
4446,30,50,30.0000008445968,50.0000057187362,3.47799859172955,6.61562203141159,-8.44596790727792e-07,-5.71873620458518e-06
4464,30,50,30.0000009098325,50.0000047843678,3.47799832241915,6.61562388171852,-9.09832508000363e-07,-4.78436778905689e-06
4482,30,50,30.0000012343172,50.000004128288,3.47799712182602,6.61562476714183,-1.23431723864087e-06,-4.12828804741139e-06
4500,30,50,30.0000016981517,50.0000037635374,3.47799540563924,6.61562446913364,-1.69815170991683e-06,-3.76353740705326e-06
4518,30,50,30.0000021620574,50.0000034604669,3.47799368918884,6.61562404211521,-2.16205743086562e-06,-3.46046694232882e-06
4536,30,50,30.0000025328334,50.0000030576837,3.47799231731823,6.61562430410657,-2.53283340256871e-06,-3.05768372754756e-06
4554,30,50,30.0000027503652,50.0000026730688,3.47799150321031,6.61562468704575,-2.75036517649596e-06,-2.67306877788087e-06
4572,30,50,30.0000027921265,50.0000025533521,3.47799067674105,6.61562387985646,-2.79212648734983e-06,-2.55335211107877e-06
4590,30,50,30.0000026618923,50.0000027915066,3.47799037068757,6.61562237751873,-2.66189228881331e-06,-2.79150660276173e-06
4608,30,50,30.0000023841793,50.0000031930834,3.47799069250829,6.61562047565146,-2.38417932862944e-06,-3.19308342966451e-06
4626,30,50,30.0000020180061,50.000003616571,3.47799145001885,6.61561847001498,-2.0180061497399e-06,-3.61657100000912e-06
4644,30,50,30.0000015920303,50.000003947886,3.47799255488804,6.61561634533527,-1.59203027294552e-06,-3.94788596480566e-06
4662,30,50,30.0000011675211,50.0000041054235,3.47799377998501,6.61561413587179,-1.167521126888e-06,-4.10542346429565e-06
4680,30,50,30.0000008093271,50.0000040806008,3.47799486574165,6.61561205732731,-8.09327097783807e-07,-4.08060084566841e-06
4698,30,50,30.0000005585873,50.0000038124577,3.47799562813665,6.61561127545801,-5.58587348820083e-07,-3.81245774860872e-06
4716,30,50,30.0000004464627,50.0000032926046,3.47799591084474,6.61561196546202,-4.46462728120878e-07,-3.29260461739977e-06
4734,30,50,30.0000004812789,50.0000027544369,3.4779957683862,6.61561303183584,-4.81278874531199e-07,-2.75443688479982e-06
4752,30,50,30.0000006392565,50.0000024242718,3.47799518386897,6.61561329079856,-6.39256526824283e-07,-2.42427179841798e-06
4770,30,50,30.0000008594981,50.0000023004683,3.4779943689754,6.61561263906167,-8.59498079819332e-07,-2.30046834559516e-06
4788,30,50,30.0000010702381,50.0000021923655,3.47799358923738,6.61561197114591,-1.0702381274541e-06,-2.19236545717649e-06
4806,30,50,30.0000012299291,50.0000019574221,3.47799299838095,6.61561203038861,-1.2299290794715e-06,-1.9574221070684e-06
4824,30,50,30.0000013178765,50.0000016768329,3.47799260828954,6.61561245681798,-1.31787652435378e-06,-1.67683289475917e-06
4842,30,50,30.0000013304789,50.0000015526509,3.47799221446783,6.61561220933559,-1.33047887018733e-06,-1.5526508789776e-06
4860,30,50,30.0000012700679,50.0000016805028,3.4779920620483,6.61561130491966,-1.27006791217354e-06,-1.68050282667309e-06
4878,30,50,30.0000011423436,50.0000019293374,3.47799219649444,6.61561012643914,-1.14234362058596e-06,-1.9293374435847e-06
4896,30,50,30.0000009649917,50.0000021592261,3.47799256705883,6.61560896438312,-9.64991720309172e-07,-2.15922611346286e-06
4914,30,50,30.0000007551088,50.000002300067,3.4779931201132,6.61560772652915,-7.55108821692829e-07,-2.30006697421459e-06
4932,30,50,30.0000005475664,50.0000023361032,3.47799372594031,6.61560646928113,-5.4756641176823e-07,-2.33610320776734e-06
4950,30,50,30.0000003733004,50.0000022618157,3.47799426022761,6.61560560383908,-3.73300380829278e-07,-2.26181566631567e-06
4968,30,50,30.0000002532008,50.0000020625885,3.47799462964846,6.61560543733111,-2.53200827415867e-07,-2.06258854973385e-06
4986,30,50,30.0000002039111,50.0000017999099,3.47799475166294,6.61560571269837,-2.03911053375805e-07,-1.79990988868894e-06
5004,30,50,30.0000002273926,50.0000015843477,3.47799466478123,6.61560588093353,-2.27392597196285e-07,-1.58434773567251e-06
5022,30,50,30.0000003058473,50.0000014598251,3.47799437449895,6.6156056850216,-3.0584727284122e-07,-1.45982507149256e-06
5040,30,50,30.00000040918,50.0000013729569,3.47799399216786,6.61560535752891,-4.09180010763066e-07,-1.37295689484063e-06
5058,30,50,30.0000005073613,50.0000012499011,3.47799362889715,6.61560526764688,-5.0736129253437e-07,-1.24990114613865e-06
5076,30,50,30.0000005848528,50.000001090193,3.47799334217842,6.61560543730241,-5.84852848817263e-07,-1.09019303096147e-06
5094,30,50,30.0000006307227,50.0000009759322,3.47799315548449,6.61560545321261,-6.30722745142975e-07,-9.75932223923337e-07
5112,30,50,30.0000006386296,50.0000009732527,3.47799296645015,6.6156049421158,-6.38629565230531e-07,-9.73252731739649e-07
5130,30,50,30.0000006062824,50.0000010565032,3.4779929066752,6.61560437352506,-6.06282370085864e-07,-1.05650317294703e-06
5148,30,50,30.0000005383341,50.0000011315793,3.4779929987368,6.61560376452971,-5.38334123945106e-07,-1.13157930314856e-06
5166,30,50,30.0000004501792,50.0000011871219,3.47799319165692,6.61560312564236,-4.50179207689416e-07,-1.18712189589587e-06
5184,30,50,30.0000003523816,50.0000012078779,3.47799344920291,6.61560247558452,-3.52381643864419e-07,-1.20787787238896e-06
5202,30,50,30.000000257748,50.0000011783324,3.47799372305401,6.61560198135503,-2.57747984733214e-07,-1.17833236856768e-06
5220,30,50,30.0000001809574,50.0000011042501,3.47799395361564,6.61560173792146,-1.80957432149853e-07,-1.10425008159609e-06
5238,30,50,30.0000001315747,50.0000010081099,3.47799409738576,6.61560165069501,-1.31574665829248e-07,-1.00810989067668e-06
5256,30,50,30.0000001144791,50.000000920733,3.47799412675363,6.61560156899036,-1.14479078661134e-07,-9.20732972531368e-07
5274,30,50,30.000000126769,50.0000008538057,3.47799408128083,6.615601426455,-1.26769023722773e-07,-8.53805744327474e-07
5292,30,50,30.0000001589808,50.0000007923741,3.47799396209738,6.6156012909539,-1.58980768105721e-07,-7.92374109437333e-07
5310,30,50,30.0000002001505,50.0000007182348,3.47799380976954,6.61560125553683,-2.00150456208803e-07,-7.18234787200345e-07
5328,30,50,30.00000023992,50.0000006379222,3.47799366262241,6.61560129257919,-2.3991995234951e-07,-6.37922184409945e-07
5346,30,50,30.0000002724774,50.000000580608,3.47799354215989,6.61560125154649,-2.7247738998426e-07,-5.80608002564986e-07
5364,30,50,30.0000002909473,50.0000005685642,3.47799345603949,6.61560100259502,-2.90947316017309e-07,-5.6856420371787e-07
5382,30,50,30.0000002907502,50.0000005867626,3.47799337070682,6.6156006868101,-2.90750186593414e-07,-5.86762553211884e-07
5400,36,50,30.0000002720943,50.0000006010716,7.54115127567111,6.61560036332429,5.99999972790572,-6.01071633354877e-07
5418,36,50,30.00000024033,50.0000006038338,8.75113843691306,6.61560003835192,5.99999975967004,-6.0383382560758e-07
5436,36,50,30.000000203055,50.0000005943722,9.96112560479712,6.61559976328198,5.99999979694503,-5.9437218169478e-07
5454,36,50,30.0000001619296,50.0000005713973,11.1711127797389,6.61559956457547,5.99999983807042,-5.7139728681932e-07
5472,36,50,30.3573954940641,50.0000005426226,11.3314006787765,6.61559940882259,5.64260450593595,-5.42622636601209e-07
5490,36,50,30.8303946438525,50.00000052315,11.2368726851382,6.6155992194953,5.16960535614754,-5.231499784486e-07
5508,36,50,31.4007525287528,49.47422787492,10.913441575772,8.37133659246904,4.59924747124721,0.525772125080003
5526,36,50,32.0653341967391,48.8216085372967,10.3388643215195,10.4794379649915,3.93466580326094,1.17839146270335
5544,36,50,32.7287740932066,48.401699320084,9.63701759600352,12.0132266118349,3.27122590679343,1.59830067991599
5562,36,50,33.3571090058859,48.2351177656553,8.85774815560703,12.8884742680208,2.64289099411411,1.76488223434473
5580,36,50,33.898838052764,48.3013771730476,8.10246763019579,13.3673720072769,2.10116194723604,1.69862282695236
5598,36,50,34.3307749612793,48.4864466952777,7.44370592832378,13.3223333474266,1.66922503872067,1.51355330472229
5616,36,50,34.6575355926033,48.726280009813,6.91346428248735,13.0001070620036,1.34246440739669,1.27371999018698
5634,36,50,34.8886033029469,48.9497172316534,6.53739070791796,12.6346052616829,1.11139669705305,1.05028276834665
5652,36,50,35.0377821102147,49.1303700351896,6.32960401330159,12.3328277356208,0.962217889785293,0.8696299648104
5670,36,50,35.1263186578594,49.2842692782582,6.27200484569344,12.054045726633,0.8736813421406,0.715730721741792
5688,36,50,35.1725412351082,49.4318679305274,6.33692172331545,11.72823141326,0.827458764891816,0.568132069472597
5706,36,50,35.1920596567614,49.571779689561,6.48926430529299,11.363101562302,0.807940343238627,0.428220310438959
5724,36,50,35.1996745834755,49.6841277227676,6.68259886570144,11.0455762254889,0.800325416524487,0.31587227723243
5742,36,50,35.2092109412026,49.7496448809862,6.86648249663543,10.8836798153991,0.790789058797422,0.250355119013818
5760,36,50,35.2327325275548,49.766294961032,6.99412052044567,10.9290704423518,0.767267472445212,0.233705038968026
5778,36,50,35.2782370331625,49.7543694750729,7.03418495741854,11.0614293808773,0.721762966837503,0.245630524927108
5796,36,50,35.3473315854183,49.741275949274,6.97974043436461,11.2008162090808,0.652668414581726,0.258724050725981
5814,36,50,35.4349306626646,49.7310186897647,6.84474278836248,11.3447762425015,0.565069337335444,0.268981310235262
5832,36,50,35.531417970118,49.7177326476769,6.65706181091417,11.4962917394748,0.468582029882043,0.282267352323146
5850,36,50,35.6269890501948,49.7022606316633,6.44549445070354,11.6562547291959,0.373010949805227,0.2977393683367
5868,36,50,35.7128211337519,49.6924802482807,6.23899327660311,11.819819100442,0.287178866248134,0.307519751719298
5886,36,50,35.7816012103992,49.7004746002651,6.06607197068042,11.9392705167061,0.218398789600762,0.299525399734861
5904,36,50,35.8287204293708,49.7369951392488,5.94992095400901,11.9094053897891,0.171279570629153,0.263004860751195
5922,36,50,35.8523975613833,49.7993254412655,5.9074719996445,11.7351685477059,0.14760243861673,0.200674558734477
5940,36,50,35.8538571458975,49.8624295147098,5.94485567135031,11.5246799436058,0.146142854102521,0.137570485290198
5958,36,50,35.8381268743833,49.9037173215659,6.00471273521078,11.3865475894754,0.161873125616729,0.0962826784340507
5976,36,50,35.8139996596136,49.9218195715411,6.09481875705484,11.3437889704567,0.186000340386364,0.0781804284588503
5994,36,50,35.7910166311701,49.9323591638021,6.18123523752286,11.3304662922671,0.208983368829948,0.0676408361979171
6012,36,50,35.7767102472757,49.948602704095,6.24898961204586,11.2820285625576,0.223289752724277,0.0513972959050193
6030,36,50,35.7714088287035,49.9657519346474,6.316513134066,11.2202475392229,0.228591171296515,0.0342480653525996
6048,36,50,35.7757289653701,49.9663550886907,6.3658499351031,11.2354461202086,0.224271034629922,0.0336449113092669
6066,36,50,35.7887529691793,49.9475881962159,6.37978273861878,11.3245496017887,0.211247030820708,0.0524118037840537
6084,36,50,35.8091515264513,49.922914399613,6.36143852960803,11.441400180938,0.190848473548705,0.0770856003870222
6102,36,50,35.836467963848,49.9069005891953,6.31076498563116,11.5189696762467,0.163532036151963,0.093099410804669
6120,36,50,35.8672394351415,49.9046856866973,6.23908638608225,11.5704016477511,0.132760564858501,0.0953143133027368
6138,36,50,35.8967843473855,49.9066176531914,6.16310452757059,11.6111138187007,0.103215652614502,0.0933823468086388
6156,36,50,35.9218377780012,49.9090115380569,6.09558886495127,11.6483774485379,0.0781622219988449,0.0909884619430983
6174,36,50,35.940364277762,49.9141195970372,6.04581568820321,11.6701527626004,0.059635722237978,0.0858804029628146
6192,36,50,35.9510784606493,49.9250743741542,6.02100626457743,11.6587678790361,0.0489215393506583,0.0749256258458217
6210,36,50,35.9539534531646,49.9422892574317,6.02397950758141,11.6092122312161,0.0460465468354414,0.0577107425683323
6228,36,50,35.9500818304315,49.9615170924308,6.03946783388663,11.5401219687234,0.0499181695685138,0.0384829075691826
6246,36,50,35.9416674393023,49.976359050686,6.07127156078104,11.4833230835145,0.0583325606976643,0.023640949313986
6264,36,50,35.9318337323429,49.983534924757,6.10838844374303,11.4583741873225,0.0681662676570625,0.0164650752429623
6282,36,50,35.9238845894366,49.9851193564507,6.13877880269251,11.4588775189627,0.076115410563375,0.0148806435492901
6300,36,50,35.9192329439357,49.9853156486081,6.16345850238545,11.4658407131445,0.0807670560642606,0.0146843513919208
6318,36,50,35.9188803957097,49.9856201330462,6.18739097842518,11.4721282355725,0.0811196042902864,0.0143798669538029
6336,36,50,35.9225503259027,49.9853713925951,6.196648302696,11.4800545811726,0.0774496740973376,0.0146286074049442
6354,36,50,35.9290629937445,49.9822023911761,6.19358531812252,11.4955420249542,0.0709370062555337,0.017797608823912
6372,36,50,35.9376740490244,49.9758103555667,6.18034832088519,11.5263643836128,0.0623259509756053,0.0241896444332781
6390,36,50,35.9482235043139,49.968817020907,6.15697471102409,11.5602063591161,0.05177649568612,0.0311829790930176
6408,36,50,35.9592958918051,49.9647658418148,6.12845136342117,11.5803524750621,0.0407041081948591,0.0352341581852329
6426,36,50,35.9695303082519,49.9635584217505,6.09995252165396,11.6002098486844,0.030469691748138,0.0364415782494873
6444,36,50,35.9777271678043,49.9640906550491,6.07644377809841,11.6169553395294,0.0222728321957248,0.035909344950916
6462,36,50,35.9830199066052,49.9677247125043,6.06197989146248,11.6171135109555,0.0169800933947784,0.0322752874957359
6480,36,50,35.9852473427712,49.9746477681034,6.05811798013894,11.5981148312782,0.0147526572288044,0.0253522318966262
6498,36,50,35.9845045920856,49.9825130726849,6.06284740227129,11.5704867053046,0.0154954079143934,0.0174869273151472
6516,36,50,35.9814423848452,49.9884122363789,6.07443972433161,11.5489051012219,0.0185576151547764,0.0115877636210939
6534,36,50,35.9773089324686,49.9913738591872,6.09003354485448,11.53954990269,0.0226910675314471,0.00862614081282231
6552,36,50,35.9734643505783,49.9927258550739,6.104627963906,11.5370658845965,0.0265356494217244,0.00727414492614997
6570,36,50,35.9708113492457,49.9940823035316,6.11488400836858,11.5338316505455,0.0291886507542856,0.00591769646844398
6588,36,50,35.9697844292474,49.9954009794232,6.12401164518605,11.5300668975223,0.0302155707526168,0.00459902057681205
6606,36,50,35.970463417188,49.9953784709401,6.13022390830923,11.5325588757131,0.0295365828119785,0.00462152905987523
6624,36,50,35.9725997202498,49.9932058402009,6.13042919922085,11.5430283753172,0.0274002797501822,0.00679415979905684
6642,36,50,35.9757684764069,49.9897865907434,6.12589989077003,11.5594752580327,0.0242315235931443,0.0102134092566359
6660,36,50,35.9797958377803,49.9868466665988,6.11702772822294,11.5737484715726,0.0202041622197413,0.013153333401192
6678,36,50,35.9842508534517,49.9858537102266,6.1052710115796,11.5816059939035,0.0157491465482522,0.0141462897733931
6696,36,50,35.9884180323189,49.9861572871004,6.09333949935168,11.5876094395096,0.01158196768111,0.0138427128995673
6714,36,50,35.9917699579199,49.9867090394475,6.08341194877075,11.5921420354809,0.00823004208006495,0.0132909605524674
6732,36,50,35.9939951906807,49.9878621759149,6.07697285968762,11.5932110188844,0.00600480931927905,0.0121378240851442
6750,36,50,35.9949766030026,49.9898689477825,6.07483143773802,11.5891692470946,0.00502339699738741,0.0101310522175027
6768,36,50,35.9947624519161,49.9925254073347,6.07642392797768,11.5806341571486,0.00523754808392596,0.00747459266526107
6786,36,50,35.9936040134183,49.9951985019831,6.08080752148667,11.5705834803484,0.00639598658174378,0.00480149801688867
6804,36,50,35.991924940003,49.9971650033717,6.08713892482306,11.5628096176017,0.00807505999701164,0.00283499662832298
6822,36,50,35.9902374820841,49.9981171371191,6.09352816949104,11.5593167867016,0.00976251791591665,0.0018828628809473
6840,36,50,35.9889674015601,49.9983062526132,6.09839787955626,11.5593326750169,0.0110325984399466,0.00169374738675998
6858,36,50,35.9883739381673,49.9981673518938,6.10195462635173,11.5603543635407,0.011626061832672,0.00183264810622319
6876,36,50,35.9885567599476,49.9979166720727,6.10466250996152,11.5616019394395,0.0114432400524223,0.00208332792732335
6894,36,50,35.9894126428206,49.9973561342033,6.1046296558778,11.5643323575718,0.0105873571793609,0.00264386579667786
6912,36,50,35.9907189563685,49.9962837770338,6.10254764150014,11.569514811283,0.00928104363153892,0.00371622296623286
6930,36,50,35.9923186194238,49.9950105215126,6.09891039760056,11.5756839534075,0.00768138057623702,0.00498947848743114
6948,36,50,35.9941111242499,49.9941814499382,6.09403193015046,11.5797770105324,0.00588887575012365,0.00581855006181797
6966,36,50,35.9958104665534,49.9940302746592,6.08899437204327,11.583026800199,0.00418953344660622,0.00596972534084728
6984,36,50,35.9971808131293,49.9941773294404,6.08476508664092,11.5854624799249,0.00281918687065286,0.00582267055958852
7002,36,50,35.9980784736516,49.9947599167042,6.08201530684381,11.5855234079392,0.00192152634843268,0.00524008329582415
7020,36,50,35.9984429171609,49.9958173192275,6.08112818325993,11.5827698754479,0.00155708283912759,0.0041826807724803
7038,36,50,35.9982895402178,49.9970312715334,6.081722954475,11.5786232980253,0.00171045978216711,0.0029687284665556
7056,36,50,35.9977282091579,49.9980350387263,6.08383507452089,11.5749304694677,0.00227179084205886,0.00196496127368562
7074,36,50,35.9969567834023,49.9986750689427,6.08673586479911,11.5726137579762,0.00304321659772455,0.00132493105733289
7092,36,50,35.9962046288441,49.9990473546983,6.08957747625325,11.5713637746611,0.00379537115591688,0.000952645301666166
7110,36,50,35.995629486247,49.9993014573146,6.09177418847432,11.5705365016209,0.00437051375303099,0.00069854268537739
7128,36,50,35.9953496685438,49.9994308205027,6.09320612268996,11.5702302058987,0.0046503314561761,0.000569179497333039
7146,36,50,35.995401747243,49.9993413330204,6.09437404105005,11.570673148333,0.00459825275702741,0.000658666979560962
7164,36,50,35.9957516273168,49.9989569007204,6.0943370281027,11.5725236110552,0.00424837268317901,0.00104309927957047
7182,36,50,35.9963220386696,49.9983486652966,6.09331604214965,11.575450867878,0.00367796133039633,0.00165133470338219
7200,36,50,35.9970225928054,49.9978045398161,6.09160686097,11.5780905899031,0.00297740719458517,0.0021954601839127
7218,36,50,35.9978034641985,49.9975727681867,6.08936988142298,11.5794559161259,0.00219653580152368,0.00242723181332849
7236,36,50,35.9985267477414,49.9976246750552,6.08713163291577,11.5804881850383,0.00147325225857742,0.00237532494483617
7254,36,50,35.9990851290861,49.9977161706843,6.08533751677059,11.5812837603478,0.000914870913874211,0.00228382931565108
7272,36,50,35.9994293792586,49.9979255595731,6.08423311027197,11.5814084772208,0.000570620741363825,0.0020744404268882
7290,36,50,35.9995406442151,49.9983196612488,6.08395743882172,11.5804467774341,0.000459355784940385,0.00168033875117146
7308,36,50,35.9994304176461,49.9988361436677,6.08437434556871,11.5786279968863,0.000569582353925568,0.00116385633229754
7326,36,50,35.9991513261608,49.9993293040909,6.08542027977012,11.5766542133771,0.000848673839158209,0.000670695909107621
7344,36,50,35.9987868837805,49.9996621510547,6.08678764273667,11.575260073514,0.00121311621946063,0.000337848945264341
7362,36,50,35.9984371998506,49.9997980013839,6.08810602890898,11.5747254639326,0.00156280014941501,0.000201998616148558
7380,36,50,35.9981807521565,49.9998084644194,6.08908374694662,11.5747789906204,0.00181924784352816,0.000191535580583491
7398,36,50,35.9980721020578,49.9997778206669,6.08967604448601,11.5749305791411,0.00192789794216708,0.000222179333114525
7416,36,50,35.9981231634169,49.999728778614,6.0900425895357,11.5751707230986,0.0018768365831292,0.000271221386000775
7434,36,50,35.9983080477006,49.9995932074183,6.08985939287852,11.5758245532045,0.00169195229935326,0.000406792581742366
7452,36,50,35.9985812290177,49.9993506324756,6.08926880013462,11.5769920585644,0.00141877098225507,0.000649367524417244
7470,36,50,35.9989020790402,49.9990933705942,6.0884069808065,11.5782365755173,0.00109792095978634,0.000906629405811543
7488,36,50,35.9992441808551,49.9989540622114,6.08736533163816,11.5789266908397,0.000755819144877989,0.00104593778856099
7506,36,50,35.9995484500438,49.9989667321764,6.08637351996201,11.5794227220837,0.00045154995622454,0.00103326782361535
7524,36,50,35.9997687187433,49.9990362246033,6.08562715665998,11.5796122658648,0.000231281256745319,0.000963775396684241
7542,36,50,35.9998830475081,49.9991839137274,6.08523880442508,11.5793520617852,0.000116952491922007,0.000816086272571681
7560,36,50,35.9998884369063,49.9993932654574,6.08525188614479,11.5786872490508,0.000111563093696532,0.000606734542586196
7578,36,50,35.9997964675069,49.9996084579668,6.08559539888964,11.5778789804804,0.000203532493060266,0.000391542033177927
7596,36,50,35.999638996878,49.9997831901469,6.08618372664841,11.5771682413822,0.000361003121987835,0.000216809853071709
7614,36,50,35.9994598149662,49.9999012178195,6.08685522601416,11.5766624754858,0.000540185033791829,9.87821805438216e-05
7632,36,50,35.999303686939,49.999967864223,6.08744395117233,11.5763641491507,0.000696313061041565,3.21357770047825e-05
7650,36,50,35.9992023449734,49.9999897547506,6.08783164021831,11.5762659911607,0.000797655026644861,1.02452494132876e-05
7668,36,50,35.9991740618565,49.9999634699145,6.08808175838369,11.5763915362866,0.000825938143506733,3.65300854738848e-05
7686,36,50,35.9992201486455,49.9998904612046,6.08814206687364,11.5767404724157,0.000779851354451466,0.000109538795356912
7704,36,50,35.9993266288627,49.9997851781303,6.08794743830643,11.5772453012056,0.000673371137274614,0.00021482186967603
7722,36,50,35.9994689487018,49.9996784936716,6.08757811223667,11.5777598689517,0.000531051298231944,0.000321506328447185
7740,36,50,35.9996280872362,49.9996041984698,6.08709947320124,11.578123223998,0.000371912763753812,0.000395801530203244
7758,36,50,35.9997817774816,49.9995789656912,6.08659549631543,11.5783562678479,0.000218222518434175,0.000421034308800472
7776,36,50,35.9999043025104,49.9995828193782,6.0861705334051,11.578562527666,9.56974896411111e-05,0.000417180621752777
7794,36,50,35.9999806631452,49.9996117325614,6.08589374348383,11.5786345492005,1.93368548053741e-05,0.000388267438630407
7812,36,50,36.0000051613332,49.9996892579714,6.08580310231986,11.578434642118,-5.16133322037149e-06,0.000310742028574396
7830,36,50,35.9999791510014,49.9998055135219,6.0858996717137,11.5779887726094,2.0848998573797e-05,0.000194486478051203
7848,36,50,35.9999120621842,49.999918874485,6.08614929119552,11.5774956019389,8.79378158202826e-05,8.11255150239276e-05
7866,36,50,35.9998219357915,49.9999909111918,6.08648557858808,11.5771593464077,0.00017806420849098,9.08880821981484e-06
7884,36,50,35.999732083152,50.0000149811109,6.08682229069088,11.5770453533781,0.000267916848002869,-1.49811108798303e-05
7902,36,50,35.9996640136688,50.0000143418861,6.08707950647515,11.5770406622124,0.000335986331172933,-1.43418861426881e-05
7920,36,50,35.9996312725437,50.00001268533,6.08720654413451,11.5770416806457,0.000368727456290685,-1.26853300201901e-05
7938,36,50,35.9996372346352,50.0000057133524,6.08729186005826,11.5770716249336,0.000362765364769757,-5.71335236543291e-06
7956,36,50,35.9996766692946,49.999973527976,6.08724166090641,11.5772248211699,0.000323330705434444,2.64720240039651e-05
7974,36,50,35.9997395176041,49.9999123257459,6.08708623756661,11.5775172116189,0.000260482395930239,8.7674254118042e-05
7992,36,50,35.9998129489948,49.9998476404568,6.08686992700401,11.5778279778149,0.000187051005212879,0.000152359543150737
8010,36,50,35.9998913427676,49.9998136282091,6.08661205423393,11.5779944770828,0.000108657232388509,0.000186371790860562
8028,36,50,35.9999598154493,49.9998225166321,6.0863706165854,11.5780478986262,4.01845506843301e-05,0.000177483367949094
8046,36,50,36.0000063947803,49.9998458361927,6.08619828076705,11.5780204262221,-6.39478027153473e-06,0.000154163807287944
8064,36,50,36.0000262799565,49.9998763550454,6.08612470701956,11.5779424351069,-2.6279956486519e-05,0.00012364495459849
8082,36,50,36.000019414122,49.9999122129077,6.08614436386699,11.5778198620417,-1.94141219935773e-05,8.77870922977309e-05
8100,36,50,35.9999901805411,49.9999524863784,6.08625268218442,11.5776547036735,9.81945891709302e-06,4.75136216167016e-05
8118,36,50,35.9999470069383,49.9999951631551,6.08641326572067,11.5774551961878,5.29930616579577e-05,4.83684491570102e-06
8136,36,50,35.9999003308283,50.0000316514994,6.0865875541694,11.5772823922316,9.96691717318754e-05,-3.16514994125328e-05
8154,36,50,35.9998597784753,50.0000497795232,6.08673983542311,11.5771965391061,0.000140221524702611,-4.97795232234921e-05
8172,36,50,35.9998341478673,50.0000465553939,6.08683731985637,11.5771867533809,0.000165852132681721,-4.65553939221763e-05
8190,36,50,35.9998283496166,50.0000298774564,6.08688928732289,11.5772496596125,0.000171650383421706,-2.98774564271298e-05
8208,36,50,35.9998422890954,50.0000045859246,6.0868843938063,11.5773669699185,0.000157710904616692,-4.58592458585372e-06
8226,36,50,35.9998715781909,49.9999779687437,6.08681403970923,11.5774936671965,0.000128421809066026,2.20312563357083e-05
8244,36,50,35.9999091725183,49.9999569258781,6.08670183049778,11.5775945776266,9.08274817490451e-05,4.30741219119568e-05
8262,36,50,35.9999490847529,49.9999432443444,6.08656923176354,11.5776610237318,5.09152471224184e-05,5.67556555850501e-05
8280,36,50,35.9999850937572,49.999936486876,6.08644041530217,11.5776969350455,1.4906242832069e-05,6.35131240471765e-05
8298,36,50,36.0000112929551,49.999934275712,6.08634348070802,11.5777328725117,-1.12929550510898e-05,6.57242880421904e-05
8316,36,50,36.0000246304217,49.9999377650698,6.08629413271312,11.5777498404814,-2.46304217412785e-05,6.22349302261682e-05
8334,36,50,36.0000242708045,49.999954939074,6.0862882791519,11.5776927563552,-2.42708044737583e-05,4.50609259843304e-05
8352,36,50,36.000011436794,49.9999856847362,6.08633237911578,11.5775548525497,-1.14367940398097e-05,1.43152638258925e-05
8370,36,50,35.9999894288074,50.0000168343386,6.08641397607886,11.5774073315617,1.05711926394747e-05,-1.68343385880121e-05
8388,36,50,35.9999634847514,50.000033821451,6.08651055091325,11.5773268816471,3.65152485883868e-05,-3.38214509554291e-05
8406,36,50,35.9999393434478,50.0000347813809,6.08660084213144,11.5773081629971,6.06565522218716e-05,-3.47813809469244e-05
8424,36,50,35.9999229162311,50.000029690148,6.08666285518031,11.5773162963246,7.70837689287873e-05,-2.96901480396627e-05
8442,36,50,35.9999173205514,50.0000257042702,6.08668844726478,11.5773213398442,8.26794485533355e-05,-2.57042701505839e-05
8460,36,50,35.9999222409027,50.0000208520364,6.08669325860568,11.5773330977701,7.77590973370934e-05,-2.08520364282094e-05
8478,36,50,35.9999356574322,50.0000091318005,6.08666266339794,11.5773836897412,6.43425677822052e-05,-9.13180048200957e-06
8496,36,50,35.9999543215389,49.999990427669,6.08660712822558,11.5774725496961,4.56784610705085e-05,9.57233099541099e-06
8514,36,50,35.9999747565553,49.9999734290957,6.0865389921988,11.5775538268422,2.52434446750271e-05,2.65709043105744e-05
8532,36,50,35.9999946476517,49.9999678444405,6.08646698084305,11.5775812110827,5.35234825349562e-06,3.21555594524625e-05
8550,36,50,36.0000100060558,49.9999742284324,6.08641015558577,11.577564846405,-1.00060558310133e-05,2.57715675928694e-05
8568,36,50,36.0000180171284,49.9999830406229,6.08638051484537,11.5775322393704,-1.80171283616914e-05,1.69593771488508e-05
8586,36,50,36.0000180668256,49.9999901885146,6.08637516707242,11.5775036675004,-1.80668255609362e-05,9.81148539835885e-06
8604,36,50,36.0000111353446,49.9999966613441,6.08639751732114,11.5774748091362,-1.11353446499152e-05,3.33865592239135e-06
8622,36,50,35.999999579592,50.0000055733186,6.0864402798579,11.5774326023136,4.20407964440983e-07,-5.57331863149102e-06
8640,36,50,35.9999862597822,50.0000174907317,6.08648978236262,11.5773761619617,1.37402178026491e-05,-1.74907317358475e-05
8658,36,50,35.9999734100374,50.0000279495917,6.0865377512618,11.5773266291989,2.65899625588872e-05,-2.79495916686301e-05
8676,36,50,35.9999636023737,50.0000314280981,6.08657462162829,11.5773097152143,3.63976263173527e-05,-3.14280981257298e-05
8694,36,50,35.9999589298868,50.0000275539729,6.08659256686876,11.5773132340049,4.10701132125268e-05,-2.75539728988861e-05
8712,36,50,35.9999601105821,50.0000198603972,6.08660000553211,11.577338982076,3.98894178701426e-05,-1.98603972165756e-05
8730,36,50,35.9999665819749,50.0000099914833,6.08658595323909,11.5773803436667,3.3418025083165e-05,-9.99148327451849e-06
8748,36,50,35.9999765285999,50.0000012606376,6.08655609860229,11.5774210142223,2.34714001194902e-05,-1.26063758187911e-06
8766,36,50,35.9999876831457,49.9999961508169,6.08651847301143,11.5774453262134,1.23168542529584e-05,3.84918307361204e-06
8784,36,50,35.9999985598321,49.9999948004011,6.08647865598188,11.5774518730368,1.44016787828605e-06,5.19959887412824e-06
8802,36,50,36.000006983464,49.9999955611228,6.08644748879595,11.577450659183,-6.98346400440641e-06,4.43887716272684e-06
8820,36,50,36.0000116366926,49.9999960632296,6.08643027192688,11.577450399904,-1.16366926476985e-05,3.93677044030483e-06
8838,36,50,36.000012249517,49.9999977041657,6.08642664607326,11.5774438640161,-1.22495169989634e-05,2.29583426403224e-06
8856,36,50,36.0000090670329,50.0000027273215,6.08643573738818,11.5774200744422,-9.06703293424016e-06,-2.72732150818911e-06
8874,36,50,36.0000030930559,50.0000105942501,6.08645692543187,11.5773828168933,-3.09305590917575e-06,-1.05942501278378e-05
8892,36,50,35.9999956918347,50.0000181392549,6.08648437868545,11.5773470839576,4.30816527341449e-06,-1.81392549478687e-05
8910,36,50,35.999988342303,50.0000221401435,6.08651175828169,11.5773281358075,1.16576969730886e-05,-2.21401435211988e-05
8928,36,50,35.9999825665133,50.0000220112536,6.08653340751823,11.5773169001966,1.74334867040216e-05,-2.20112535629369e-05
8946,36,50,35.9999796487466,50.0000197333747,6.08654452884307,11.577317068087,2.03512533687444e-05,-1.97333746712047e-05
8964,36,50,35.9999799974753,50.0000154884706,6.08654915928558,11.5773288362847,2.00025246996915e-05,-1.54884705594327e-05
8982,36,50,35.9999831955989,50.0000101128415,6.08654230036143,11.5773488526157,1.68044011417123e-05,-1.01128414513596e-05
9000,36,50,35.9999884647543,50.0000049760743,6.08652621901525,11.5773705022173,1.15352457115137e-05,-4.97607425131719e-06
9018,36,50,35.9999945433626,50.0000013424733,6.08650534346029,11.5773869884084,5.45663744588865e-06,-1.34247333960502e-06
9036,36,50,36.0000005580828,49.9999997382176,6.08648308912389,11.5773945937697,-5.58082795976134e-07,2.61782389543441e-07
9054,36,50,36.0000053332307,49.9999999957178,6.0864654211576,11.5773933765538,-5.33323071039149e-06,4.28224211646011e-09
9072,36,50,36.0000080469709,50.0000008781159,6.08645538034515,11.577389197519,-8.04697087630757e-06,-8.78115912428257e-07
9090,36,50,36.0000084341183,50.0000020986567,6.08645288384775,11.5773834170432,-8.43411829265506e-06,-2.09865672218257e-06
9108,36,50,36.0000066193483,50.0000043684712,6.08645763915866,11.5773726672207,-6.6193483405641e-06,-4.36847115992123e-06
9126,36,50,36.0000032364076,50.0000079910882,6.08646919802208,11.5773555105543,-3.23640763610911e-06,-7.99108816806893e-06
9144,36,50,35.9999990850253,50.000012140197,6.08648457271486,11.5773358604377,9.14974663146495e-07,-1.21401969579438e-05
9162,36,50,35.9999949341174,50.0000151059147,6.08650001206667,11.5773218148303,5.06588262538799e-06,-1.51059147270871e-05
9180,36,50,35.9999915633241,50.0000157907105,6.08651261894735,11.5773133165687,8.43667586991614e-06,-1.57907105418076e-05
9198,36,50,35.9999896936104,50.0000146329455,6.08651970177754,11.5773109245641,1.03063896261801e-05,-1.46329454935312e-05
9216,36,50,35.9999896580374,50.0000120035676,6.08652277011062,11.5773169171773,1.034196260008e-05,-1.20035676047792e-05
9234,36,50,35.9999912948551,50.0000083962025,6.08651929061582,11.5773294829303,8.70514487871787e-06,-8.39620252435225e-06
9252,36,50,35.9999941774056,50.0000049720154,6.08651034869572,11.5773430239905,5.82259435333299e-06,-4.97201540383685e-06
9270,36,50,35.9999976280949,50.000002782943,6.08649828327158,11.5773518936909,2.37190508300955e-06,-2.78294301381266e-06
9288,36,50,36.0000010823655,50.0000020012998,6.08648550251275,11.5773545184881,-1.08236551454866e-06,-2.0012997623553e-06
9306,36,50,36.0000038353673,50.000002086623,6.08647531643317,11.5773533955057,-3.83536727355249e-06,-2.08662304146401e-06
9324,36,50,36.0000054072749,50.0000021919049,6.08646950038384,11.5773522158626,-5.40727486963988e-06,-2.19190491179688e-06
9342,36,50,36.0000056468077,50.0000024619778,6.08646782892948,11.5773508908712,-5.64680769343795e-06,-2.46197781450519e-06
9360,36,50,36.0000046451616,50.0000036501183,6.08647016004922,11.5773452638431,-4.64516156739592e-06,-3.65011827341277e-06
9378,36,50,36.0000027333559,50.0000060550714,6.08647642464386,11.577333874006,-2.73335592737567e-06,-6.05507141671069e-06
9396,36,50,36.0000003392944,50.0000088308281,6.0864851822202,11.5773207280502,-3.39294352613706e-07,-8.83082813629699e-06
9414,36,50,35.999997882595,50.0000105949846,6.08649430586487,11.5773123730168,2.11740504596492e-06,-1.05949845590203e-05
9432,36,50,35.9999958317474,50.0000107277145,6.08650196067765,11.5773065995613,4.16825258753306e-06,-1.07277144607565e-05
9450,36,50,35.9999946410008,50.0000098141809,6.08650645217906,11.5773056442442,5.35899924614114e-06,-9.81418087064867e-06
9468,36,50,35.9999945274385,50.0000080088525,6.086508094769,11.5773098840515,5.47256146177233e-06,-8.00885251805994e-06
9486,36,50,35.9999954021738,50.0000058541925,6.08650621920751,11.5773169378859,4.59782624062655e-06,-5.8541925156419e-06
9504,36,50,35.9999970406443,50.0000040071168,6.08650103284526,11.577323529067,2.95935571870132e-06,-4.00711684989119e-06
9522,36,50,35.9999990297639,50.0000028025158,6.08649396030678,11.5773277257898,9.70236143871261e-07,-2.80251575901502e-06
9540,36,50,36.0000009943832,50.0000021355039,6.08648669122905,11.5773297354671,-9.94383164254486e-07,-2.13550391947592e-06
9558,36,50,36.0000025700301,50.0000018027624,6.08648086134424,11.5773303411165,-2.57003009096479e-06,-1.80276244776678e-06
9576,36,50,36.000003483223,50.0000016790218,6.08647748253351,11.577330023533,-3.48322298293624e-06,-1.67902184955437e-06
9594,36,50,36.000003627086,50.0000019193507,6.08647640891635,11.5773288853356,-3.62708600931683e-06,-1.91935073701188e-06
9612,36,50,36.0000030456342,50.0000027650775,6.08647765877931,11.5773248799763,-3.04563420172599e-06,-2.76507749674693e-06
9630,36,50,36.0000019170671,50.0000042457012,6.08648126702131,11.5773178677503,-1.91706708818629e-06,-4.24570120571843e-06
9648,36,50,36.0000005014775,50.0000057882025,6.08648635625826,11.5773105624729,-5.01477515513216e-07,-5.78820249330647e-06
9666,36,50,35.9999990477132,50.0000066909348,6.08649175041521,11.5773062871355,9.52286782762712e-07,-6.69093482486005e-06
9684,36,50,35.9999978322838,50.0000067511709,6.08649628218231,11.5773026537802,2.16771623229306e-06,-6.75117091475386e-06
9702,36,50,35.9999971166794,50.0000063371861,6.0864989760499,11.5773012038552,2.88332064712904e-06,-6.33718610743017e-06
9720,36,50,35.9999970168922,50.0000053518359,6.08649987900702,11.5773029902106,2.98310778390487e-06,-5.35183593797228e-06
9738,36,50,35.9999974891654,50.0000039964847,6.08649887480408,11.5773072583127,2.51083463354007e-06,-3.99648469340264e-06
9756,36,50,35.9999984201815,50.0000027251789,6.08649589767384,11.5773118125694,1.57981853732281e-06,-2.7251789376237e-06
9774,36,50,35.9999995790711,50.0000019006442,6.08649173438205,11.5773146946716,4.20928934374842e-07,-1.90064418603697e-06
9792,36,50,36.0000007279314,50.0000015509275,6.08648748360353,11.5773155162487,-7.27931393385006e-07,-1.55092746467744e-06
9810,36,50,36.0000016494902,50.0000014693539,6.0864840738388,11.5773151118016,-1.649490243949e-06,-1.4693538901156e-06
9828,36,50,36.0000021730979,50.0000014347682,6.08648213649135,11.5773145034336,-2.17309792560627e-06,-1.43476815850363e-06
9846,36,50,36.0000022371737,50.000001459078,6.08648147428805,11.5773137181845,-2.23717368896814e-06,-1.45907796422762e-06
9864,36,50,36.0000018849547,50.0000017707857,6.08648221955141,11.577312241937,-1.88495468478322e-06,-1.7707856940774e-06
9882,36,50,36.0000012260365,50.0000024844598,6.08648429464037,11.5773088619782,-1.22603650254405e-06,-2.48445983430656e-06
9900,36,50,36.0000004082798,50.0000034396427,6.08648719948699,11.5773043382355,-4.08279795749422e-07,-3.4396426755734e-06
9918,36,50,35.9999995618622,50.000004154964,6.08649033823981,11.5773009504757,4.38137817582174e-07,-4.15496397465631e-06
9936,36,50,35.9999988363647,50.0000042963409,6.08649304119673,11.5772986382641,1.1636352894584e-06,-4.29634087595332e-06
9954,36,50,35.9999983878998,50.0000039937047,6.08649472630989,11.5772979222104,1.61210023463809e-06,-3.99370465942184e-06
9972,36,50,35.9999983007937,50.0000033389944,6.08649524669612,11.5772992259308,1.69920633652509e-06,-3.33899444626695e-06
9990,36,50,35.9999985623495,50.0000025200812,6.0864947044842,11.57730174804,1.43765048221667e-06,-2.5200811819559e-06
10008,36,50,35.9999990985048,50.0000018206265,6.08649298755338,11.5773040808275,9.01495234018057e-07,-1.82062652243076e-06
10026,36,50,35.9999997734667,50.0000013871421,6.08649055724988,11.5773053872747,2.26533344971358e-07,-1.38714206343593e-06
10044,36,50,36.0000004367453,50.0000011583003,6.08648810312052,11.577305847693,-4.36745281717776e-07,-1.15830030011921e-06
10062,36,50,36.0000009710172,50.0000010113353,6.08648612631533,11.5773059994368,-9.71017229289828e-07,-1.01133531416053e-06
10080,36,50,36.0000012811278,50.0000009147317,6.08648497890666,11.5773059646597,-1.28112777275646e-06,-9.14731678847147e-07
10098,36,50,36.0000013283258,50.0000009417619,6.08648458572227,11.5773054578206,-1.32832576582587e-06,-9.41761896910975e-07
10116,36,50,36.0000011322422,50.0000011976604,6.08648497608779,11.5773042458855,-1.13224216846675e-06,-1.19766040285185e-06
10134,36,50,36.0000007491739,50.0000016696282,6.0864861716842,11.5773020106467,-7.49173949543547e-07,-1.66962821879224e-06
10152,36,50,36.0000002657919,50.0000022079526,6.08648788152274,11.5772994611437,-2.65791854303643e-07,-2.20795256211659e-06
10170,36,50,35.9999997666949,50.0000025649995,6.08648973191344,11.5772977701698,2.33305094354819e-07,-2.56499951234446e-06
10188,36,50,35.9999993407089,50.000002624221,6.08649131860949,11.5772963578621,6.59291053750621e-07,-2.62422103958215e-06
10206,36,50,35.9999990782677,50.0000024847738,6.08649230438965,11.5772956810246,9.21732322467506e-07,-2.48477375919265e-06
10224,36,50,35.9999990244559,50.000002129225,6.08649260391305,11.5772962189933,9.75544125481065e-07,-2.12922495279599e-06
10242,36,50,35.9999991704764,50.0000016291811,6.08649230917621,11.5772977104048,8.29523614243044e-07,-1.62918105672816e-06
10260,36,50,35.9999994793278,50.0000011633832,6.08649132054515,11.5772992903108,5.2067216671503e-07,-1.16338324573917e-06
10278,36,50,35.9999998742309,50.0000008698673,6.08648989663184,11.5773002122553,1.25769055614455e-07,-8.69867299968519e-07
10296,36,50,36.000000264964,50.0000007478184,6.08648845091996,11.5773003878165,-2.64964029383918e-07,-7.47818404533973e-07
10314,36,50,36.0000005802605,50.000000704134,6.08648728432336,11.5773002157539,-5.80260504534635e-07,-7.04133967133203e-07
10332,36,50,36.0000007608757,50.0000006669056,6.08648661604712,11.5773000331508,-7.60875735750233e-07,-6.66905634716386e-07
10350,36,50,36.0000007847184,50.0000006487826,6.08648638377047,11.5772997698186,-7.84718444890586e-07,-6.48782588541508e-07
10368,36,50,36.0000006676159,50.0000007399581,6.08648661943546,11.5772993380114,-6.67615921656761e-07,-7.39958096573901e-07
10386,36,50,36.0000004448645,50.0000009799102,6.08648731193549,11.5772982015986,-4.44864539872469e-07,-9.7991016900778e-07
10404,36,50,36.0000001656664,50.0000013229739,6.086488295931,11.5772965768495,-1.6566642102589e-07,-1.32297385135871e-06
10422,36,50,35.9999998747697,50.0000015909236,6.08648937425225,11.5772953078396,1.2523030079592e-07,-1.59092361684543e-06
10440,36,50,35.9999996213152,50.0000016504047,6.08649031809253,11.577294419622,3.78684774204885e-07,-1.65040469823907e-06
10458,36,50,35.9999994603025,50.0000015410946,6.08649092247469,11.5772941079256,5.39697502688341e-07,-1.54109459771234e-06
10476,36,50,35.9999994231763,50.0000013008027,6.08649110063972,11.5772945458797,5.7682367327061e-07,-1.3008026584771e-06
10494,36,50,35.9999995073916,50.0000010017539,6.0864909348554,11.5772954230487,4.92608421609475e-07,-1.00175388695334e-06
10512,36,50,35.9999996885466,50.0000007517024,6.08649035677233,11.5772962027397,3.1145344792094e-07,-7.51702415868749e-07
10530,36,50,35.9999999201877,50.0000006013618,6.08648952332453,11.5772965911109,7.98122528067324e-08,-6.01361783481025e-07
10548,36,50,36.0000001472632,50.0000005195975,6.08648868314561,11.5772966987088,-1.47263179428592e-07,-5.19597463721766e-07
10566,36,50,36.0000003310155,50.0000004556596,6.08648800326205,11.5772967562906,-3.31015527876843e-07,-4.55659630915761e-07
10584,36,50,36.0000004388092,50.0000004058343,6.08648760442541,11.577296773851,-4.38809223624048e-07,-4.0583425686691e-07
10602,36,50,36.0000004570028,50.0000004039565,6.0864874691526,11.5772965653422,-4.57002769849169e-07,-4.0395647005198e-07
10620,36,50,36.0000003920245,50.0000004892357,6.08648759353275,11.5772961614596,-3.92024546158609e-07,-4.89235731038207e-07
10638,36,50,36.0000002618506,50.000000646818,6.08648799766848,11.5772954151499,-2.61850608751502e-07,-6.46818037353114e-07
10656,36,50,36.0000000957894,50.0000008341701,6.08648858374138,11.5772945278505,-9.57893533382048e-08,-8.34170137409274e-07
10674,36,50,35.9999999243055,50.0000009667592,6.08648921944259,11.5772938999089,7.56944871227461e-08,-9.66759159837238e-07
10692,36,50,35.9999997762788,50.000000997193,6.086489770721,11.5772933632379,2.2372122998604e-07,-9.97192955765058e-07
10710,36,50,35.9999996830619,50.0000009521286,6.08649012069453,11.5772930642445,3.16938134403699e-07,-9.52128573317168e-07
10728,36,50,35.999999661404,50.0000008261485,6.08649022525049,11.5772932162682,3.385959530533e-07,-8.2614846519391e-07
10746,36,50,35.9999997090748,50.0000006421435,6.0864901349826,11.5772937421255,2.90925207480086e-07,-6.4214353301395e-07
10764,36,50,35.999999814013,50.0000004689856,6.08648980176325,11.5772943098018,1.85986955614226e-07,-4.68985611234984e-07
10782,36,50,35.9999999504089,50.0000003628018,6.08648931177759,11.5772946174352,4.9591093898016e-08,-3.62801756637054e-07
10800,36,55,36.0000000856246,50.0000003229521,6.08648881147954,18.0969090616225,-8.56246131775151e-08,4.9999996770479
10818,36,55,36.0000001951164,50.1600568428692,6.08648840636007,19.2012183473101,-1.95116371060067e-07,4.83994315713075
10836,36,55,36.0000002581353,51.5505027082744,6.08648817319015,16.5875433732803,-2.58135273156768e-07,3.44949729172561
10854,36,55,35.9768165182822,52.9508078314945,6.17075717097641,13.4975406197544,0.0231834817177798,2.04919216850551
10872,36,55,35.8392498229751,53.6534485393655,6.6125835654954,12.0095761256119,0.160750177024916,1.34655146063452
10890,36,55,35.7012084933281,53.6751468860768,7.05751502322419,12.535570216834,0.298791506671854,1.32485311392318
10908,36,55,35.6282930879175,53.4295922246406,7.31247875018052,13.5648595460077,0.371706912082473,1.57040777535944
10926,36,55,35.6260454673886,53.3309917906975,7.42050657608964,14.360192336693,0.3739545326114,1.66900820930252
10944,36,55,35.6871901888639,53.4536777686965,7.29894891770045,14.552462679712,0.312809811136148,1.54632223130351
10962,36,55,35.7745450165619,53.7071475936934,7.07024496497809,14.1953070145398,0.225454983438098,1.29285240630659
10980,36,55,35.8632322189137,53.90516638367,6.81195433554643,13.9328063813464,0.136767781086341,1.09483361633004
10998,36,55,35.9461954071436,53.9459631776752,6.54679498162363,14.2568645443577,0.0538045928564301,1.05403682232484
11016,36,55,36.0154434340039,53.8974708781181,6.30876867869631,14.8001452115512,-0.0154434340038563,1.10252912188189
11034,36,55,36.0699221307748,53.9016123627451,6.11838198444928,15.3114621709487,-0.0699221307748346,1.09838763725487
11052,36,55,36.1029265975174,54.0236993162363,6.00001580561017,15.2690276937705,-0.10292659751741,0.976300683763711
11070,36,55,36.1033664816711,54.2498007425354,5.9696603055627,14.7592914816285,-0.103366481671102,0.750199257464629
11088,36,55,36.0712071524694,54.4618964774634,6.06411822492897,14.1945875656237,-0.0712071524694409,0.53810352253663
11106,36,55,36.0146749562432,54.5761807601432,6.25685877670617,13.9242677344708,-0.0146749562431836,0.423819239856783
11124,36,55,35.9525277182521,54.597888789791,6.47281402745632,14.0322050804024,0.0474722817479147,0.402111210208957
11142,36,55,35.9010958640759,54.5959062779639,6.65468036092097,14.242749987675,0.0989041359241369,0.404093722036144
11160,36,55,35.8709031641898,54.6376923039196,6.76520955148021,14.240016536245,0.129096835810181,0.362307696080435
11178,36,55,35.8637220990691,54.7220967270555,6.80653958539675,14.0140981968352,0.136277900930885,0.277903272944499
11196,36,55,35.8743196809346,54.7831331043498,6.80456975291434,13.8537226954089,0.125680319065395,0.216866895650242
11214,36,55,35.8983174442576,54.7684284368885,6.74765038178218,13.9795132913841,0.101682555742372,0.23157156311153
11232,36,55,35.9334016164325,54.6990574393193,6.64168561165375,14.2974377324183,0.0665983835675235,0.300942560680724
11250,36,55,35.9763129424956,54.6408107895367,6.49644094747658,14.5702703367209,0.0236870575044463,0.359189210463292
11268,36,55,36.0203198470367,54.6353923298627,6.34055190689113,14.7617563362871,-0.0203198470366672,0.364607670137289
11286,36,55,36.0546447981403,54.6759554881649,6.21760105839579,14.7450562911825,-0.0546447981403375,0.324044511835133
11304,36,55,36.0719766348693,54.743672599962,6.15452279418815,14.5770299935771,-0.0719766348692517,0.256327400038003
11322,36,55,36.0704346292454,54.8009043300057,6.13948410446433,14.423511188666,-0.0704346292453621,0.199095669994279
11340,36,55,36.0517898387776,54.8280786021583,6.19198284980963,14.3886125728634,-0.051789838777637,0.171921397841714
11358,36,55,36.0236274783641,54.8401340382315,6.28645708203127,14.4168877914092,-0.0236274783640837,0.159865961768503
11376,36,55,35.9941650349428,54.8652157642275,6.39255853333084,14.372052195334,0.00583496505718273,0.134784235772457
11394,36,55,35.9671487508068,54.9092892667201,6.49049408864634,14.2185985669976,0.0328512491932145,0.09071073327992
11412,36,55,35.9463011991839,54.9472900502932,6.56694599166718,14.0719760984619,0.0536988008160577,0.0527099497068235
11430,36,55,35.934599718883,54.953530677728,6.61078622258116,14.0674700634852,0.0654002811170216,0.0464693222719603
11448,36,55,35.9346248234444,54.9267976477101,6.62994770071453,14.1935843969786,0.0653751765555768,0.073202352289897
11466,36,55,35.9471211927281,54.8935828206739,6.59985162489499,14.3499366975884,0.0528788072718527,0.106417179326115
11484,36,55,35.9690129910641,54.8770040731394,6.52967297909374,14.430963793504,0.0309870089358668,0.122995926860639
11502,36,55,35.9940231502669,54.8793266592375,6.44107413721649,14.4842480551017,0.00597684973308077,0.120673340762544
11520,36,55,36.0173792258487,54.8860008346434,6.35655180318496,14.5135435583094,-0.017379225848714,0.113999165356553
11538,36,55,36.0345213358807,54.8945923282016,6.29415285964036,14.5293290267586,-0.0345213358807328,0.105407671798446
11556,36,55,36.0433649803645,54.9032096906772,6.26170683848341,14.5404375661336,-0.0433649803645011,0.0967903093228131
11574,36,55,36.0429591338805,54.9156645942313,6.25053396355365,14.5270692900035,-0.0429591338804585,0.0843354057686696
11592,36,55,36.034348259183,54.9359826638419,6.27199078335623,14.4665915558084,-0.0343482591829911,0.0640173361580949
11610,36,55,36.0200162481323,54.961017082984,6.31838184665135,14.3711809748432,-0.0200162481323076,0.0389829170160283
11628,36,55,36.0030572968914,54.9810637789715,6.37921965088305,14.2878572330898,-0.00305729689141998,0.0189362210285253
11646,36,55,35.9861574961751,54.9882187060767,6.44096589916288,14.2604916591561,0.0138425038249252,0.0117812939233275
11664,36,55,35.9731969913242,54.9838411933879,6.48874998320776,14.2816213555033,0.0268030086757634,0.0161588066120544
11682,36,55,35.9669051094724,54.9779707320371,6.51241402251386,14.309934792269,0.0330948905275648,0.0220292679628642
11700,36,55,35.9679825382404,54.9756817900087,6.51788535609412,14.3235784244471,0.0320174617595725,0.0243182099913426
11718,36,55,35.9751551893942,54.9739413564736,6.4988693460955,14.3380146286325,0.0248448106057637,0.0260586435264116
11736,36,55,35.9861313062477,54.9675036626819,6.46278312767357,14.3692905657062,0.0138686937523147,0.0324963373180651
11754,36,55,35.9985418784228,54.9566209001059,6.41783636013899,14.4216474113263,0.00145812157718694,0.0433790998940609
11772,36,55,36.010885612271,54.9466532040578,6.37269941697715,14.4700265897738,-0.0108856122710392,0.0533467959421756
11790,36,55,36.0208534444754,54.9441837843296,6.33616801118727,14.5005469500976,-0.0208534444753781,0.0558162156703688
11808,36,55,36.0265422255221,54.9496693884237,6.31523384759259,14.5016445114995,-0.0265422255220926,0.0503306115763138
11826,36,55,36.0268981278722,54.9615802405058,6.30728841522767,14.4663575674914,-0.0268981278721725,0.0384197594941611
11844,36,55,36.0221961177664,54.9754954188286,6.31804812726945,14.4143153052013,-0.0221961177664269,0.0245045811713709
11862,36,55,36.0137929121027,54.9856218214976,6.34481184925202,14.3744568182544,-0.013792912102673,0.0143781785023975
11880,36,55,36.0038686815056,54.9899827780325,6.38003984355503,14.3592591549243,-0.00386868150557973,0.010017221967459
11898,36,55,35.9943666140426,54.9912943775486,6.41496838011405,14.3577353682143,0.00563338595739538,0.0087056224514015
11916,36,55,35.9871937959253,54.9930231080773,6.44152872594574,14.3533116158938,0.0128062040747352,0.00697689192266893
11934,36,55,35.9834397421501,54.9959893385982,6.45563211457679,14.3414533506815,0.0165602578498749,0.00401066140182138
11952,36,55,35.98331973067,54.9968876944776,6.46058710524382,14.3388762306949,0.016680269330017,0.00311230552242137
11970,36,55,35.9864988480736,54.9924371954969,6.45285267085037,14.3601006742383,0.0135011519263557,0.00756280450312374
11988,36,55,35.9922079606258,54.9840102676719,6.43414956390673,14.4002138204174,0.00779203937420192,0.0159897323280802
12006,36,55,35.9993179044531,54.9765638913544,6.40822304939577,14.4359541978111,0.00068209554690668,0.0234361086456403
12024,36,55,36.0066642624059,54.9742120229897,6.3812318802886,14.4504012947319,-0.00666426240590567,0.0257879770102818
12042,36,55,36.0126024391309,54.976581370574,6.35938516686555,14.4517781214226,-0.0126024391308803,0.0234186294259615
12060,36,55,36.0158576475065,54.9800884704085,6.3473784169698,14.4459109431804,-0.0158576475064649,0.0199115295915107
12078,36,55,36.0160036439561,54.9836881414377,6.34264715345946,14.4376766217012,-0.0160036439561324,0.0163118585623465
12096,36,55,36.0134430616834,54.9875554820512,6.34812281279889,14.4261057669879,-0.0134430616834251,0.0124445179488077
12114,36,55,36.0089653938589,54.9923315468658,6.36196698765717,14.4076937174323,-0.00896539385893647,0.00766845313421527
12132,36,55,36.0036528792397,54.9975623838685,6.38044241547184,14.3843313842958,-0.00365287923966662,0.00243761613147342
12150,36,55,35.9982665615583,55.0013836222122,6.40029675168411,14.3662869546872,0.00173343844167562,-0.00138362221217392
12168,36,55,35.9938156312099,55.0020108233272,6.41679332929362,14.3633179603428,0.00618436879005912,-0.00201082332717561
12186,36,55,35.9911812969492,55.0001963300277,6.42665624405169,14.3717937767682,0.00881870305084931,-0.000196330027691261
12204,36,55,35.9908054098601,54.9979283128722,6.42945100462548,14.3825765102817,0.00919459013992707,0.00207168712778838
12222,36,55,35.9925981481128,54.9962313037809,6.42501907309048,14.3907124650253,0.00740185188718812,0.00376869621913301
12240,36,55,35.9958908337913,54.9946291557785,6.41409058654367,14.3984468129255,0.00410916620872825,0.00537084422153811
12258,36,55,35.9998300542558,54.9922316663468,6.39962069159514,14.4100057011847,0.000169945744232791,0.00776833365316065
12276,36,55,36.0037166763396,54.9893859393857,6.38529364634302,14.4237612428398,-0.00371667633960016,0.0106140606142588
12294,36,55,36.0069355975902,54.9876474912169,6.37342032822062,14.4323420371833,-0.00693559759024254,0.0123525087831453
12312,36,55,36.0088991788571,54.9880792791569,6.36616874703961,14.4367065564347,-0.00889917885705671,0.011920720843051
12330,36,55,36.0092353832986,54.9903757790402,6.36343701114185,14.4310249055596,-0.00923538329864471,0.00962422095975768
12348,36,55,36.00797961703,54.9942658506047,6.36571717528903,14.4157411700852,-0.00797961702997441,0.00573414939533023
12366,36,55,36.0055115450961,54.9980922902778,6.37319660485943,14.3986988843541,-0.00551154509610541,0.00190770972221799
12384,36,55,36.0024011952768,55.0001609169781,6.38395993917403,14.3889174081845,-0.00240119527678928,-0.000160916978103387
12402,36,55,35.9992968833444,55.0002959200166,6.39542295601018,14.3882781000792,0.000703116655614622,-0.000295920016583295
12420,36,55,35.9968261299783,54.9997482098269,6.40459367999043,14.3908782842166,0.00317387002171188,0.00025179017308119
12438,36,55,35.9954429609485,54.9998112743861,6.40977735932586,14.3906811920856,0.00455703905151239,0.000188725613888607
12456,36,55,35.9952583224204,55.0003003013676,6.41121728859455,14.388366029813,0.00474167757963073,-0.000300301367630595
12474,36,55,35.9961374649625,54.9998650811609,6.4091102009889,14.3904304665746,0.00386253503750567,0.00013491883907335
12492,36,55,35.9978027650299,54.9977730393784,6.40360873446075,14.4003870829596,0.00219723497011159,0.00222696062159855
12510,36,55,35.9999240943261,54.9949838106395,6.39579823746362,14.4137140047158,7.59056738601771e-05,0.00501618936054626
12528,36,55,36.00215789371,54.9933135236341,6.38755086579824,14.4218084194812,-0.00215789370997044,0.00668647636591402
12546,36,55,36.0040653730802,54.9936122902486,6.38050609237798,14.4238296002003,-0.00406537308019495,0.00638770975135827
12564,36,55,36.0051956714224,54.9950379905523,6.376328521537,14.4197542474443,-0.00519567142244171,0.00496200944765235
12582,36,55,36.0053218986075,54.9966773467208,6.37475388313823,14.4137877624036,-0.00532189860754784,0.00332265327924119
12600,36,55,36.0045462999924,54.9978125400414,6.37627620605837,14.4095932290534,-0.00454629999243394,0.00218745995863401
12618,36,55,36.0031316481571,54.9985569383441,6.3805765324998,14.4068463190001,-0.00313164815708689,0.00144306165589825
12636,36,55,36.0014678127204,54.9994581071326,6.38628845677339,14.4028729661939,-0.00146781272044194,0.00054189286743167
12654,36,55,35.9998282275246,55.0006614305574,6.39234812909186,14.3971792882798,0.00017177247543998,-0.000661430557435949
12672,36,55,35.998457233712,55.001546966458,6.39743876526588,14.3929882405507,0.00154276628803274,-0.00154696645803654
12690,36,55,35.9975824105006,55.001536526395,6.40071151870343,14.3922108648564,0.00241758949937321,-0.00153652639504998
12708,36,55,35.9973508309956,55.0006706855198,6.40161054208735,14.3959478236918,0.00264916900444234,-0.000670685519764902
12726,36,55,35.9978005453497,54.9993811842316,6.40059825270366,14.4020668300585,0.00219945465028815,0.000618815768440584
12744,36,55,35.9987843485451,54.9983677115792,6.39732142719097,14.4069103226271,0.00121565145490621,0.00163228842078667
12762,36,55,36.0000432372925,54.9979114179194,6.39266916124334,14.4091312929812,-4.32372925160962e-05,0.00208858208063845
12780,36,55,36.0012647523898,54.9977265352701,6.3881548491119,14.410401900701,-0.00126475238977264,0.00227346472992451
12798,36,55,36.0022369333356,54.9974729132473,6.38456113360459,14.4118265343231,-0.00223693333555275,0.00252708675273539
12816,36,55,36.002794589307,54.997277335127,6.38249891052096,14.4133415215892,-0.00279458930695853,0.00272266487304762
12834,36,55,36.0028700686947,54.9974246940536,6.38164955740282,14.4140293768615,-0.00287006869471895,0.00257530594636535
12852,36,55,36.0025010005277,54.9981974143318,6.38227446702394,14.4113419277171,-0.00250100052765845,0.00180258566820157
12870,36,55,36.0017809724811,54.9995235320589,6.38440962285213,14.405324249956,-0.00178097248114284,0.000476467941055603
12888,36,55,36.0008626985389,55.0006715660983,6.38754889360922,14.3998919503508,-0.000862698538909967,-0.000671566098262133
12906,36,55,35.9998937922047,55.0009698088156,6.39113221212881,14.3984797962959,0.000106207795340652,-0.000969808815604267
12924,36,55,35.999081155891,55.0005329144149,6.39415130383159,14.4002614392108,0.000918844109037309,-0.000532914414883123
12942,36,55,35.9986124312166,55.0001090769813,6.3959069884161,14.4022093766648,0.00138756878335755,-0.000109076981274825
12960,36,55,35.9985436719127,55.0001039316246,6.39635176242125,14.4021778113795,0.00145632808731477,-0.000103931624607867
12978,36,55,35.9988223642739,55.0002466288079,6.3956694276981,14.4015020715749,0.00117763572611551,-0.000246628807857974
12996,36,55,35.9993341263027,54.9999763222056,6.39397393010836,14.402782666496,0.00066587369726534,2.36777944380151e-05
13014,36,55,35.9999632188786,54.9991670047788,6.39165857990939,14.4066374187973,3.67811214161406e-05,0.000832995221152544
13032,36,55,36.0006217576769,54.9983373570413,6.38922352579025,14.4106124414815,-0.000621757676867674,0.00166264295869212
13050,36,55,36.0012070765386,54.9981153159007,6.38705906222709,14.411718659275,-0.00120707653861274,0.00188468409926656
13068,36,55,36.0015837580492,54.9985597727014,6.38566584444539,14.4103894437651,-0.0015837580491791,0.00144022729858051
13086,36,55,36.0016555270011,54.9991642784278,6.38517587075051,14.4079775777747,-0.00165552700110538,0.000835721572173043
13104,36,55,36.0014294501349,54.9995785481987,6.38558910097546,14.4062430321553,-0.00142945013485019,0.000421451801315698
13122,36,55,36.0009985844971,54.9997384700813,6.38688708224729,14.4056264831494,-0.000998584497068578,0.000261529918660131
13140,36,55,36.0004845926187,54.9998631341316,6.38864447749692,14.4051097888275,-0.000484592618732904,0.000136865868391567
13158,36,55,35.9999882828617,55.0001544854713,6.39048013639031,14.4037302575638,1.17171383493542e-05,-0.000154485471270505
13176,36,55,35.9995756166916,55.0005107802773,6.39201318193976,14.4020433069703,0.000424383308356369,-0.000510780277267031
13194,36,55,35.9993055268721,55.000645848206,6.39302336167138,14.4014036916084,0.000694473127872186,-0.00064584820601965
13212,36,55,35.9992192181761,55.0004287718874,6.39335516803461,14.4022008438501,0.000780781823905841,-0.000428771887399648
13230,36,55,35.9993354261437,54.9999983750603,6.39312195083264,14.4042385769202,0.000664573856269612,1.62493970634614e-06
13248,36,55,35.9996219616516,54.9995959412931,6.3921739582432,14.4061556623481,0.00037803834843686,0.00040405870690563
13266,36,55,36.0000017137394,54.9994184406884,6.39076938757127,14.4070131046007,-1.71373940816011e-06,0.000581559311584101
13284,36,55,36.000380130131,54.9994184211234,6.38936975538027,14.4073260889006,-0.000380130131034662,0.000581578876648337
13302,36,55,36.0006841107922,54.9994243912691,6.38824535505789,14.4076075809585,-0.000684110792249726,0.00057560873090523
13320,36,55,36.0008577041681,54.9994166542962,6.38760316658762,14.4079234915138,-0.000857704168126361,0.000583345703752514
13338,36,55,36.0008827021526,54.9994674034575,6.38734190446182,14.4079697732315,-0.00088270215258035,0.000532596542498709
13356,36,55,36.0007719345654,54.9996703267648,6.38752322142527,14.4071862981709,-0.000771934565371168,0.000329673235192729
13374,36,55,36.0005545352726,55.0000133116211,6.38816329438693,14.4055623496597,-0.000554535272627277,-1.33116210818685e-05
13392,36,55,36.0002782088069,55.0003225588628,6.389103082286,14.4040981024845,-0.000278208806889779,-0.000322558862769995
13410,36,55,35.9999884648311,55.0004247063485,6.39017502135527,14.4036143699407,1.15351689231602e-05,-0.000424706348482573
13428,36,55,35.9997436484198,55.0003385377121,6.39108472915294,14.4038402478617,0.000256351580162573,-0.000338537712060827
13446,36,55,35.9995980051147,55.0002350055674,6.39162996436541,14.4042040636748,0.000401994885336876,-0.000235005567368773
13464,36,55,35.999569596144,55.0001934093455,6.39176304115082,14.4042969693871,0.000430403855958161,-0.00019340934545653
13482,36,55,35.9996475118444,55.0001622291337,6.39157910849815,14.4043573277645,0.000352488155570541,-0.000162229133664482
13500,36,55,35.9998018674147,55.0000408779395,6.39106672418073,14.4049099936953,0.000198132585282451,-4.08779394973635e-05
13518,36,55,35.9999961802392,54.9998161944548,6.39034903147733,14.4059792565258,3.81976081342827e-06,0.000183805545191262
13536,36,55,36.0001961257223,54.9996133668459,6.38960937516517,14.4069509428645,-0.000196125722283114,0.000386633154143112
13554,36,55,36.000370464015,54.9995650596457,6.38896443142293,14.4071973767632,-0.000370464015013283,0.000434940354324453
13572,36,55,36.0004793693099,54.9996720840164,6.38856152395561,14.4068670247651,-0.000479369309857702,0.000327915983646676
13590,36,55,36.0004971856262,54.9998132171515,6.38841436262945,14.4062992125572,-0.00049718562615908,0.000186782848537348
13608,36,55,36.0004288831725,54.9999184207311,6.38854011972811,14.4058449129584,-0.000428883172517658,8.15792689294881e-05
13626,36,55,36.0003005252847,54.999983265782,6.38892603159725,14.4055468281477,-0.000300525284693265,1.67342180361629e-05
13644,36,55,36.0001465902246,55.0000474134591,6.38945211669991,14.4052430397148,-0.000146590224616716,-4.7413459142831e-05
13662,36,55,35.999994949737,55.0001343528492,6.3900131856217,14.4048313222535,5.05026299890687e-06,-0.000134352849229913
13680,36,55,35.999867872997,55.0002116591183,6.39048542578166,14.4044652214989,0.000132127002970606,-0.000211659118335206
13698,36,55,35.9997858366362,55.0002295918927,6.39079236254756,14.4043416617924,0.000214163363835951,-0.000229591892662029
13716,36,55,35.9997612999229,55.0001720546013,6.39088696528713,14.4045215509834,0.000238700077076714,-0.000172054601293326
13734,36,55,35.9997976663985,55.0000619361315,6.39081230388857,14.4050096951254,0.000202333601485805,-6.1936131459106e-05
13752,36,55,35.9998834223789,54.9999448711485,6.39052953965282,14.4055656685363,0.000116577621085412,5.51288514998305e-05
13770,36,55,35.9999965435176,54.9998705094819,6.39011206001067,14.4059215918918,3.45648240340779e-06,0.000129490518077091
13788,36,55,36.000110320231,54.9998488735268,6.38969113214735,14.4060284543472,-0.00011032023095936,0.000151126473170393
13806,36,55,36.000203443396,54.9998494487586,6.38934660723663,14.4061067529258,-0.000203443395996317,0.000150551241432595
13824,36,55,36.0002573536423,54.9998490530523,6.38914714964812,14.4061880900568,-0.000257353642268754,0.000150946947655939
13842,36,55,36.0002651124026,54.999865361911,6.3890686779747,14.4061833111921,-0.000265112402558998,0.000134638089001271
13860,36,55,36.0002318065016,54.9999242854321,6.38912329232477,14.4059450100243,-0.000231806501595599,7.57145679415316e-05
13878,36,55,36.0001659843061,55.0000215227324,6.38931768822839,14.4054845285579,-0.000165984306107703,-2.15227323963063e-05
13896,36,55,36.0000821196389,55.0001094838085,6.38960365518197,14.4050679730414,-8.21196389182433e-05,-0.000109483808515165
13914,36,55,35.9999944970146,55.0001424180532,6.3899279196576,14.4049120004038,5.50298539536698e-06,-0.000142418053172833
13932,36,55,35.9999202937995,55.0001237633507,6.39020372713521,14.4049337413335,7.9706200509122e-05,-0.000123763350714512
13950,36,55,35.9998754815472,55.0000963813198,6.39037151747859,14.4050115496398,0.000124518452750522,-9.63813198282537e-05
13968,36,55,35.9998658572158,55.000078088919,6.39041314816409,14.4050561554704,0.000134142784190772,-7.80889189968548e-05
13986,36,55,35.9998887534707,55.0000579674336,6.39036136259261,14.4051202524779,0.000111246529250764,-5.7967433647832e-05
14004,36,55,35.9999357377305,55.0000157570812,6.3902065502418,14.4053116740531,6.42622694542183e-05,-1.57570811580854e-05
14022,36,55,35.9999954930268,54.9999521258594,6.38998680239489,14.4056144093746,4.50697321952021e-06,4.78741405984806e-05
14040,36,55,36.0000565399682,54.9998987927177,6.38976094194834,14.4058699287857,-5.65399681633494e-05,0.00010120728234142
14058,36,55,36.0001092452556,54.9998863966621,6.38956594225119,14.4059342407637,-0.000109245255615065,0.00011360333790833
14076,36,55,36.000141835115,54.9999132663527,6.38944536354386,14.4058536666789,-0.00014183511501642,8.67336472865077e-05
14094,36,55,36.0001471396568,54.9999491345244,6.38940181069761,14.4057111744763,-0.000147139656803574,5.08654756359306e-05
14112,36,55,36.0001268730105,54.999979135313,6.38943924176978,14.4055803229995,-0.000126873010465545,2.08646869879203e-05
14130,36,55,36.0000884887845,55.0000031366077,6.38955506563763,14.4054666549633,-8.84887845273852e-05,-3.13660765272061e-06
14148,36,55,36.0000419878222,55.000027536335,6.38971468314118,14.4053511000202,-4.19878222146508e-05,-2.75363349615532e-05
14166,36,55,35.9999957184744,55.0000534833978,6.38988594062329,14.4052282171791,4.28152564069251e-06,-5.34833978349525e-05
14184,36,55,35.9999568087362,55.0000720943455,6.39003059229154,14.4051400769906,4.3191263813469e-05,-7.20943455476686e-05
14202,36,55,35.9999319389149,55.0000740112463,6.39012369736439,14.4051002457408,6.8061085073623e-05,-7.40112462622733e-05
14220,36,55,35.9999248814825,55.0000577385943,6.39015101156903,14.4051462383427,7.51185175005276e-05,-5.77385942790443e-05
14238,36,55,35.9999362306243,55.0000249816926,6.39012789584949,14.4052879264503,6.37693757354896e-05,-2.49816925617097e-05
14256,36,55,35.999962267979,54.9999883721503,6.39004272870126,14.4054616426154,3.77320210418475e-05,1.16278496591349e-05
14274,36,55,35.9999966717399,54.9999636827436,6.38991642415605,14.4055796258951,3.32826012794385e-06,3.63172564306069e-05
14292,36,55,36.0000313065272,54.9999562515919,6.38978827970359,14.4056160922967,-3.1306527219499e-05,4.37484081459161e-05
14310,36,55,36.0000596974708,54.9999576460693,6.38968323607519,14.4056322820892,-5.96974708386711e-05,4.23539307377041e-05
14328,36,55,36.0000760969419,54.9999594222521,6.3896225589875,14.4056457082269,-7.6096941910464e-05,4.05777479102198e-05
14346,36,55,36.0000783265659,54.999964518542,6.38959937446347,14.4056406677093,-7.83265658697019e-05,3.54814579708318e-05
14364,36,55,36.0000680148964,54.9999803168683,6.38961739495465,14.4055764408338,-6.80148964207206e-05,1.96831316827684e-05
14382,36,55,36.0000479616305,55.0000074620518,6.38967739401072,14.4054478839248,-4.79616304858155e-05,-7.46205181201276e-06
14400,36,55,36.0000226153235,55.0000338972765,6.38976447893426,14.4053226892425,-2.26153235018955e-05,-3.38972764808432e-05
14418,36,55,35.9999961954341,55.0000458905996,6.38986229091596,14.4052658893876,3.80456586412947e-06,-4.58905995657233e-05
14436,36,55,35.9999737768153,55.0000421040875,6.3899456575755,14.4052611626861,2.62231847258931e-05,-4.21040874840628e-05
14454,36,55,35.9999601636536,55.0000334110432,6.38999666298202,14.4052843515028,3.98363463602891e-05,-3.34110431623458e-05
14472,36,55,35.9999572714455,55.0000252355866,6.39000988903085,14.4053094889158,4.27285545114842e-05,-2.52355865910658e-05
14490,36,55,35.9999643969386,55.0000168476401,6.38999406336584,14.4053401468926,3.56030613986036e-05,-1.68476400546069e-05
14508,36,55,35.9999789809088,55.00000438859,6.38994632507571,14.4053967905298,2.10190911928976e-05,-4.38858998563774e-06
14526,36,55,35.9999973861709,54.9999875437686,6.38987900050314,14.4054769289264,2.61382913180341e-06,1.24562313601473e-05
14544,36,55,36.0000159745435,54.9999730973974,6.38981022475154,14.4055461287871,-1.59745435439618e-05,2.69026025705443e-05
14562,36,55,36.0000318310794,54.9999685237611,6.38975155646194,14.4055687051191,-3.18310793971932e-05,3.14762388597956e-05
14580,36,55,36.0000415895035,54.9999744021028,6.38971545063097,14.405554641712,-4.15895035104086e-05,2.55978971921422e-05
14598,36,55,36.0000432431765,54.9999840792109,6.38970265069323,14.4055173795379,-4.32431765133856e-05,1.59207890533253e-05
14616,36,55,36.0000372359505,54.9999942927361,6.38971385549028,14.4054720802074,-3.72359504652309e-05,5.70726391657672e-06
14634,36,55,36.000025667903,55.0000036691101,6.38974905910336,14.4054276740198,-2.56679030030682e-05,-3.66911009308524e-06
14652,36,55,36.0000114715252,55.000011739523,6.38979818941517,14.4053894527811,-1.14715251839925e-05,-1.17395230248007e-05
14670,36,55,35.9999973037715,55.0000182489991,6.38985065252961,14.4053586240563,2.69622854176532e-06,-1.8248999140269e-05
14688,36,55,35.9999854955564,55.0000221864666,6.38989457449643,14.4053399762667,1.45044435839736e-05,-2.21864666158922e-05
14706,36,55,35.999978131072,55.0000225866916,6.38992217279439,14.4053278205439,2.18689279520845e-05,-2.25866916352402e-05
14724,36,55,35.9999762498966,55.0000190261119,6.38992957904601,14.4053344439124,2.37501033808485e-05,-1.90261119143997e-05
14742,36,55,35.99997984399,55.000010146662,6.38992224711676,14.4053710359549,2.01560100450138e-05,-1.01466619994994e-05
14760,36,55,35.9999877527756,54.9999983918148,6.38989661000814,14.4054267531917,1.22472244186156e-05,1.60818523653461e-06
14778,36,55,35.9999981713411,54.9999891299208,6.38985860298455,14.4054709334259,1.82865892384143e-06,1.08700791940919e-05
14796,36,55,36.0000087288823,54.999986035289,6.38981954047775,14.405485995812,-8.72888234937363e-06,1.3964711044423e-05
14814,36,55,36.0000174522906,54.9999874487367,6.38978726413734,14.4054860565848,-1.74522906490893e-05,1.25512632678237e-05
14832,36,55,36.0000224606542,54.9999896374358,6.38976873328116,14.4054812678621,-2.24606542360561e-05,1.03625641756366e-05
14850,36,55,36.0000230346197,54.9999916138629,6.38976191504578,14.4054764207811,-2.30346197440667e-05,8.38613711096059e-06
14868,36,55,36.0000197420861,54.9999950511575,6.38976825373286,14.4054628051728,-1.97420860672537e-05,4.94884245938465e-06
14886,36,55,36.0000135803523,55.0000015565147,6.38978703223197,14.4054319959551,-1.35803523164668e-05,-1.55651472510954e-06
14904,36,55,36.0000059652473,55.0000093423652,6.3898134422015,14.4053951223878,-5.96524733964543e-06,-9.34236518190801e-06
14922,36,55,35.9999980696319,55.00001439399,6.38984268664262,14.4053711979855,1.93036808582292e-06,-1.43939899999168e-05
14940,36,55,35.999991324201,55.0000146008222,6.38986778338639,14.4053633400984,8.67579895214021e-06,-1.4600822197508e-05
14958,36,55,35.9999871561439,55.000011770568,6.38988341063633,14.4053704094536,1.28438560906829e-05,-1.17705680224844e-05
14976,36,55,35.9999862512214,55.0000078153141,6.38988766125466,14.4053849354216,1.37487786133761e-05,-7.8153141345183e-06
14994,36,55,35.999988488543,55.0000040369227,6.3898827905709,14.4054006572338,1.15114569965158e-05,-4.03692266814915e-06
15012,36,55,35.9999930743711,55.0000005859168,6.3898678730669,14.4054166858242,6.92562886683845e-06,-5.859168439315e-07
15030,36,55,35.9999987953132,54.9999970010552,6.38984706228478,14.405433750924,1.2046867823301e-06,2.99894483646312e-06
15048,36,55,36.0000044426864,54.9999936372175,6.38982616711735,14.4054498671165,-4.44268638233325e-06,6.36278254262379e-06
15066,36,55,36.0000091501034,54.9999916847179,6.38980874975296,14.4054593560391,-9.15010343760514e-06,8.31528210909482e-06
15084,36,55,36.0000120216998,54.9999920825749,6.38979812487583,14.4054617328002,-1.20216997672173e-05,7.91742512262772e-06
15102,36,55,36.0000125450587,54.9999944307575,6.38979441154204,14.4054536090912,-1.25450586665465e-05,5.5692425178222e-06
15120,36,55,36.000010810327,54.9999983767827,6.38979763018413,14.4054357943584,-1.08103270335391e-05,1.62321728680581e-06
15138,36,55,36.0000073447331,55.0000025420296,6.38980827879915,14.4054160678123,-7.34473306351902e-06,-2.54202957705729e-06
15156,36,55,36.0000029831084,55.0000052868287,6.38982353374271,14.4054030684709,-2.98310842339333e-06,-5.28682874545439e-06
15174,36,55,35.9999986102498,55.0000062866858,6.3898397354876,14.4053983331516,1.38975021712895e-06,-6.28668578883662e-06
15192,36,55,35.9999950359374,55.0000064106626,6.3898530398227,14.4053948830514,4.964062640056e-06,-6.41066263540324e-06
15210,36,55,35.9999929179918,55.0000064591528,6.38986098951689,14.4053914068548,7.08200815324744e-06,-6.45915281438647e-06
15228,36,55,35.9999924939771,55.000005754138,6.38986329610124,14.4053916490321,7.50602288235314e-06,-5.75413803005631e-06
15246,36,55,35.9999936618953,55.0000034040389,6.38986085088676,14.4054009470901,6.3381046544464e-06,-3.40403889254048e-06
15264,36,55,35.999996096424,54.9999997322263,6.38985299861021,14.4054183445354,3.90357604374003e-06,2.67773742734789e-07
15282,36,55,35.9999992571231,54.9999964623399,6.38984152395058,14.4054339335918,7.42876935078129e-07,3.53766014171697e-06
15300,36,55,36.0000025002832,54.9999952513227,6.38982952429554,14.4054398071066,-2.50028317339002e-06,4.74867725586137e-06
15318,36,55,36.0000051949321,54.999995926934,6.38981955412014,14.4054387994628,-5.19493214312661e-06,4.07306601601931e-06
15336,36,55,36.0000067351932,54.9999970293667,6.38981385516267,14.4054351770865,-6.7351931960502e-06,2.97063333221104e-06
15354,36,55,36.0000068906825,54.9999978096023,6.38981181552174,14.4054326607247,-6.89068248505009e-06,2.19039769433493e-06
15372,36,55,36.0000058425857,54.9999985985486,6.38981396407142,14.405429678513,-5.84258567215556e-06,1.40145142069059e-06
15390,36,55,36.0000039355468,55.0000001717097,6.38981985518064,14.4054222280311,-3.93554682887043e-06,-1.71709672258658e-07
15408,36,55,36.0000016221757,55.000002454211,6.38982793447069,14.4054114181236,-1.62217573063117e-06,-2.45421102818e-06
15426,36,55,35.9999992384785,55.0000043064234,6.3898367663145,14.4054026460585,7.61521484093919e-07,-4.30642336368692e-06
15444,36,55,35.9999971951102,55.0000047081341,6.38984437164066,14.4054001122273,2.8048898386146e-06,-4.70813412789539e-06
15462,36,55,35.9999959171549,55.0000038721217,6.38984916539469,14.4054019876749,4.08284509489931e-06,-3.87212168106998e-06
15480,36,55,35.9999956359098,55.0000026339641,6.38985051341393,14.4054064340324,4.36409017368078e-06,-2.63396409394545e-06
15498,36,55,35.9999963320263,55.0000013802617,6.38984902350457,14.4054116287298,3.6679736865608e-06,-1.38026165075189e-06
15516,36,55,35.9999977422126,55.0000002453188,6.38984447412731,14.4054168717882,2.25778738638382e-06,-2.45318815927931e-07
15534,36,55,35.9999995047105,54.9999991724734,6.38983809950177,14.4054219768534,4.95289476987182e-07,8.27526591251626e-07
15552,36,55,36.0000012465932,54.9999982371037,6.38983165454648,14.4054264580453,-1.24659324285403e-06,1.76289630360316e-06
15570,36,55,36.0000026924259,54.9999976926957,6.38982630497325,14.4054291034819,-2.69242585204665e-06,2.30730425698766e-06
15588,36,55,36.0000035721162,54.9999977675064,6.38982305012171,14.4054299506658,-3.57211619927966e-06,2.23249359976307e-06
15606,36,55,36.0000037363588,54.9999983991904,6.38982194415982,14.4054278205381,-3.73635882056078e-06,1.60080955424746e-06
15624,36,55,36.000003213531,54.9999995584977,6.38982292741702,14.4054225676726,-3.21353095245058e-06,4.41502336911981e-07
15642,36,55,36.0000021624141,55.0000008626601,6.38982617647106,14.4054163911654,-2.16241407713369e-06,-8.62660115785729e-07
15660,36,55,36.0000008325616,55.0000017707586,6.38983085048061,14.405412090414,-8.32561624974915e-07,-1.77075860108289e-06
15678,36,55,35.9999994945941,55.0000021087285,6.3898358090406,14.4054104897892,5.05405907347267e-07,-2.10872845229915e-06
15696,36,55,35.9999983979825,55.0000021137981,6.38983989213134,14.4054093521816,1.60201746979283e-06,-2.11379814629709e-06
15714,36,55,35.9999977498449,55.0000020662701,6.38984232624167,14.4054084652454,2.25015514132565e-06,-2.06627014165406e-06
15732,36,55,35.9999976265077,55.0000017844488,6.38984305346269,14.4054088395934,2.37349230047812e-06,-1.78444877718675e-06
15750,36,55,35.9999979927801,55.0000010484407,6.38984229239242,14.4054117610742,2.00721993337538e-06,-1.04844066584064e-06
15768,36,55,35.9999987477895,54.9999999681882,6.38983986951381,14.4054168780709,1.252210495295e-06,3.18117656661343e-08
15786,36,55,35.9999997203774,54.9999990170566,6.38983635371006,14.4054214112216,2.79622554444359e-07,9.82943390681612e-07
15804,36,55,36.0000007142594,54.9999986464133,6.38983267635026,14.4054232059651,-7.14259421386032e-07,1.35358674668851e-06
15822,36,55,36.0000015386315,54.9999988094635,6.38982962617595,14.4054230744844,-1.53863150842426e-06,1.1905365226994e-06
15840,36,55,36.0000020123273,54.9999991093515,6.38982787350237,14.4054221335459,-2.01232728613832e-06,8.9064850072873e-07
15858,36,55,36.0000020656325,54.9999993536619,6.38982726207526,14.4054213243392,-2.06563247928671e-06,6.46338051524253e-07
15876,36,55,36.0000017490823,54.9999996339984,6.38982791558224,14.4054201936413,-1.74908230832216e-06,3.66001586371567e-07
15894,36,55,36.000001165716,55.0000001396495,6.38982972898457,14.4054177988785,-1.16571597175152e-06,-1.39649543484666e-07
15912,36,55,36.0000004543949,55.0000008182046,6.38983222636987,14.4054145852436,-4.54394893267818e-07,-8.18204568986403e-07
15930,36,55,35.9999997241853,55.00000134879,6.38983493255645,14.4054120723919,2.75814684869147e-07,-1.34879002189336e-06
15948,36,55,35.9999991019645,55.0000014628971,6.38983724914057,14.4054112850874,8.98035480645376e-07,-1.46289709590519e-06
15966,36,55,35.9999987162324,55.0000012302866,6.38983869688927,14.4054117246125,1.28376763086635e-06,-1.23028664233971e-06
15984,36,55,35.9999986351227,55.0000008681846,6.38983911711482,14.405412972286,1.36487726365431e-06,-8.68184628188828e-07
16002,36,55,35.9999988503295,55.0000004713749,6.38983866115227,14.4054145978909,1.14967046727088e-06,-4.71374903554533e-07
16020,36,55,35.9999992837037,55.0000000893843,6.38983726969235,14.405416358893,7.16296334246636e-07,-8.93842653226784e-08
16038,36,55,35.9999998257433,54.9999997401579,6.38983531572666,14.4054180203879,1.74256683749263e-07,2.59842146022038e-07
16056,36,55,36.0000003636371,54.9999994685356,6.38983332552069,14.4054193222512,-3.63637099098923e-07,5.31464351638533e-07
16074,36,55,36.0000008094437,54.9999993351285,6.3898316760368,14.405419973409,-8.09443747584737e-07,6.64871478761597e-07
16092,36,55,36.000001078771,54.9999993710242,6.38983067952615,14.4054201419101,-1.07877102095699e-06,6.28975755034844e-07
16110,36,55,36.0000011273886,54.9999995448281,6.38983034581915,14.4054195637407,-1.12738860735817e-06,4.55171949909072e-07
16128,36,55,36.00000096599,54.9999998672991,6.38983065706086,14.4054181079352,-9.65990004431205e-07,1.32700861854573e-07
16146,36,55,36.0000006447924,55.0000002556499,6.38983165463292,14.4054162687067,-6.44792443438291e-07,-2.55649851510498e-07
16164,36,55,36.0000002393331,55.000000556339,6.38983308398946,14.4054148446433,-2.3933306181334e-07,-5.56338989099459e-07
16182,36,55,35.9999998297739,55.0000006896975,6.38983460208125,14.4054142130577,1.70226066131818e-07,-6.8969745115055e-07
