Tempo,Ref_T,Ref_U,Saida_T,Saida_U,Controle_T,Controle_U,Erro_T,Erro_U
0,30,50,22,50,0,0,0,0
18,30,50,22,50,0,0,0,0
36,30,50,22,50,0,0,0,0
54,30,50,22,50,0,0,0,0
72,30,50,22,50,0,0,0,0
90,30,50,22,50,0,0,0,0
108,30,50,22,50,0,0.00548409612124838,8,0
126,30,50,22,50.0001361226789,4.96527054247413,0.0109681922424968,8,-0.000136122678867423
144,30,50,22,50.0014291857117,9.93054108494825,0.0164522883637451,8,-0.00142918571165751
162,30,50,21.9999814440641,50.0037650761841,14.8958116274224,0.0219363844849935,8.00001855593592,-0.00376507618412347
180,30,50,22.024856167338,50.0070409365221,19.6403348438751,0.0159715768500397,7.97514383266202,-0.007040936522138
198,30,50,22.4919880512741,50.0108798770724,21.3165717404498,0.010006769215086,7.50801194872589,-0.0108798770724121
216,30,50,23.3872101476505,49.934087841341,21.557048526313,0.434172544095911,6.6127898523495,0.0659121586590246
234,30,50,24.6957364782768,49.1691316060776,20.6190168719334,0,5.30426352172315,0.830868393922373
252,30,50,26.3704738272655,47.7985705497643,19.6190168719334,1.71821484172289,3.62952617273445,2.2014294502357
270,30,50,28.1325988216771,45.7336012671784,18.6190168719334,8.71821484172289,1.86740117832294,4.26639873282161
288,30,50,29.8483748886675,43.6142578512688,17.6190168719334,15.7182148417229,0.151625111332475,6.38574214873118
306,30,50,31.4266619229743,42.8130829187541,14.6151633073862,22.7182148417229,-1.42666192297434,7.18691708124587
324,30,50,32.8135074933765,43.3903831093252,9.61516330738622,22.9022918055893,-2.81350749337655,6.60961689067475
342,30,50,33.9303545970908,45.1945061230459,4.61516330738622,21.4022918055893,-3.93035459709081,4.80549387695405
360,30,50,34.7802364613952,46.79951316946,0.814483239379421,19.9022918055893,-4.78023646139522,3.20048683054003
378,30,50,35.2201406497028,47.9219827006625,0,18.4022918055893,-5.22014064970276,2.07801729933752
396,30,50,35.2154307478954,48.6554284191438,0,17.1640275956798,-5.21543074789543,1.34457158085623
414,30,50,34.8129785992358,49.3427409721658,0,15.8206855591262,-4.81297859923583,0.657259027834243
432,30,50,34.1397517883231,50.3182759691796,1.7006700670067,13.9811903011291,-4.13975178832307,-0.318275969179638
450,30,50,33.457432553765,51.5507991126005,3.5013501350135,10.3317597006333,-3.457432553765,-1.55079911260054
468,30,50,32.8294232009422,52.7244854383965,5.07561475188797,4.13646232133736,-2.82942320094219,-2.72448543839648
486,30,50,32.2646204038494,53.0853453783033,6.12525642292451,2.63646232133736,-2.26462040384942,-3.08534537830334
504,30,50,31.9176170910199,52.2532269659827,6.21938239603137,4.01328459180882,-1.91761709101993,-2.25322696598267
522,30,50,31.8252034852384,51.2740020672876,5.82667493584696,1.59804928691961,-1.82520348523842,-1.27400206728758
540,30,50,31.9803791765999,50.392955729146,4.84501846002706,0,-1.98037917659991,-0.392955729145967
558,30,50,32.2361158505177,48.8795505634676,3.84501846002706,0,-2.23611585051769,1.12044943653238
576,30,50,32.4715895919595,47.0095178332751,2.84501846002706,6.92471031768032,-2.47158959195946,2.99048216672486
594,30,50,32.7034685146742,45.3579758434812,1.84501846002706,13.9247103176803,-2.70346851467424,4.6420241565188
612,30,50,32.8621004812338,45.3300085874543,0.84501846002706,20.9247103176803,-2.8621004812338,4.66999141254566
630,30,50,32.8981240640542,46.8500363392915,0,19.4247103176803,-2.89812406405422,3.14996366070845
648,30,50,32.7030308714132,49.6329935764193,0,17.9247103176803,-2.70303087141325,0.367006423580719
666,30,50,32.2877929068289,51.9628671152871,0,13.5055425603125,-2.28779290682888,-1.96286711528708
684,30,50,31.6935307643757,53.8209940969183,0.339292185046504,6.50554256031245,-1.69353076437568,-3.82099409691828
702,30,50,31.0856082482908,54.6481166427382,0.739292185046503,1.37462946900332,-1.08560824829084,-4.64811664273824
720,30,50,30.5439424395308,54.1116343922434,1.47058163500142,1.99617918632956,-0.543942439530763,-4.11163439224336
738,30,50,30.1228154391509,52.8165432243427,2.44280385722364,7.65205352516591,-0.12281543915087,-2.81654322434265
756,30,50,29.8795888583193,51.9474402610323,3.63328004769983,8.18432823735329,0.120411141680702,-1.94744026103234
774,30,50,29.7607923130538,52.2777803613884,4.61167385120574,6.96640866378583,0.239207686946212,-2.27778036138835
792,30,50,29.6778633855054,52.6344731786123,5.51267621633695,5.6420603694651,0.322136614494596,-2.6344731786123
810,30,50,29.5873331527895,52.6649133112941,6.63136958248529,4.36401881351266,0.412666847210456,-2.6649133112941
828,30,50,29.5998784965857,52.3319734058284,7.04445796165694,4.22428337926817,0.400121503414255,-2.3319734058284
846,30,50,29.7231169072286,51.6670036274793,7.09765652529572,4.69333542169227,0.27688309277141,-1.66700362747929
864,30,50,29.9488689153222,50.8988321931926,6.1189331210404,3.34691289062381,0.0511310846777988,-0.898832193192561
882,30,50,30.283224993045,50.1241489623473,5.1189331210404,0.557524590213462,-0.283224993044982,-0.124148962347299
900,30,50,30.6401978742278,48.9627909594417,4.1189331210404,0,-0.64019787422783,1.03720904055834
918,30,50,30.9798776068961,47.2120368913956,3.1189331210404,5.44147157190636,-0.979877606896132,2.78796310860437
936,30,50,31.2506401474298,45.5849264874591,2.1189331210404,12.4414715719064,-1.25064014742979,4.41507351254086
954,30,50,31.4680416717178,45.2982251108906,1.1189331210404,19.4414715719064,-1.46804167171779,4.70177488910938
972,30,50,31.5755967884208,46.6446150293878,0.338539733302379,17.9414715719064,-1.57559678842084,3.35538497061222
990,30,50,31.4740096240797,49.2645794257103,0.240510741749558,16.4414715719064,-1.47400962407967,0.735420574289705
1008,30,50,31.1484777450873,51.4392069145282,0.889312085466156,12.9808328789988,-1.14847774508733,-1.43920691452817
1026,30,50,30.6406213764327,53.1731450570025,1.69098641632337,5.98083287899882,-0.640621376432748,-3.17314505700253
1044,30,50,30.1205826585376,54.061322338889,2.5269786342222,0.189853781089025,-0.120582658537586,-4.06132233888898
1062,30,50,29.6550960606632,53.5549505223214,3.82990769091003,0.382567108030541,0.34490393933676,-3.55495052232143
1080,30,50,29.34848948801,52.1380276316084,5.52324102424336,1.76806881069416,0.651510511989969,-2.13802763160842
1098,30,50,29.2595313881802,50.9666841703827,7.1413324561568,0,0.740468611819825,-0.966684170382706
1116,30,50,29.3418761704093,50.0665263356757,7.62966139452969,0,0.658123829590725,-0.0665263356756896
1134,30,50,29.5264461997463,48.8331266545937,7.79944068145668,0,0.473553800253711,1.16687334540632
1152,30,50,29.8342470374178,47.612876577044,6.85142844904078,2.82335959289524,0.165752962582232,2.387123422956
1170,30,50,30.2957866187605,46.4012672396876,5.85142844904078,9.82335959289524,-0.29578661876053,3.59873276031243
1188,30,50,30.7797704455715,45.7733733740625,4.85142844904078,16.8233595928952,-0.779770445571458,4.22662662593748
1206,30,50,31.243781000848,46.4714527155137,3.85142844904078,16.2231495718931,-1.24378100084798,3.5285472844863
1224,30,50,31.5343495488654,48.3095161624847,2.85142844904078,14.7231495718931,-1.53434954886538,1.69048383751533
1242,30,50,31.5869049687483,49.7740704962483,2.13487014222103,13.2231495718931,-1.58690496874826,0.225929503751701
1260,30,50,31.4394661568723,50.8737144830712,2.16296792249639,10.6404479088091,-1.43946615687229,-0.873714483071225
1278,30,50,31.2293295096989,51.6339531772808,2.77304875939605,7.99485860864296,-1.22932950969886,-1.63395317728081
1296,30,50,30.9737021832727,51.8924857783516,3.49938533719264,6.8657972368018,-0.973702183272714,-1.89248577835164
1314,30,50,30.703949499181,51.7342112324497,4.29350298425146,6.83812261466684,-0.703949499181029,-1.73421123244968
1332,30,50,30.5026832925227,51.5183765136755,5.03183409493921,6.97048414331273,-0.502683292522708,-1.51837651367552
1350,30,50,30.4112930391626,51.4237416892001,5.14146604482175,6.83721535611564,-0.411293039162622,-1.42374168920013
1368,30,50,30.4062051648081,51.3648838864955,5.07384689333304,6.62182977183501,-0.406205164808057,-1.3648838864955
1386,30,50,30.4709295439452,51.2100315976032,4.76826102171879,6.68484737330301,-0.470929543945154,-1.21003159760316
1404,30,50,30.5937084334656,50.9382106653515,4.2248199896375,7.06859619225787,-0.593708433465572,-0.938210665351491
1422,30,50,30.7235805701286,50.6067864175974,3.61450703719291,7.71736217023038,-0.723580570128576,-0.606786417597363
1440,30,50,30.8445481545693,50.2983822018717,3.02428262895436,8.46742914049558,-0.844548154569331,-0.298382201871661
1458,30,50,30.9299621840172,50.1387259546135,2.51914801890718,8.88224114920853,-0.929962184017235,-0.138725954613484
1476,30,50,30.9545850971168,50.1494060182908,2.17948265219438,8.7792898794762,-0.954585097116762,-0.149406018290762
1494,30,50,30.9104862350878,50.2723097996322,2.06447532329597,8.30812822228692,-0.910486235087767,-0.272309799632204
1512,30,50,30.8019290830429,50.4237455878033,2.12508750634477,7.70704936279553,-0.8019290830429,-0.423745587803268
1530,30,50,30.6466653957814,50.5415063573429,2.36870848339311,7.1445031007674,-0.646665395781369,-0.541506357342939
1548,30,50,30.4711549222229,50.6070739965681,2.77926566814384,6.6566018104266,-0.471154922222887,-0.607073996568118
1566,30,50,30.3021597941253,50.6265731497704,3.23835732251341,6.34632969475234,-0.302159794125288,-0.626573149770358
1584,30,50,30.1568191017851,50.6028625681353,3.67491050707115,6.22631769355222,-0.156819101785054,-0.602862568135308
1602,30,50,30.0493434792678,50.5499213672387,3.97930244793215,6.21300290229856,-0.0493434792677583,-0.549921367238689
1620,30,50,29.9906548726121,50.4845936039859,4.14922598234166,6.26932170083086,0.00934512738791682,-0.484593603985878
1638,30,50,29.9793518061289,50.4030938627208,4.21058194920944,6.3727788954166,0.0206481938710823,-0.403093862720823
1656,30,50,30.0077515232295,50.2967468678235,4.14055240549569,6.5870837440638,-0.00775152322948003,-0.296746867823487
1674,30,50,30.0607899379868,50.1697099046491,3.99865974043103,6.90452919775796,-0.0607899379868186,-0.169709904649075
1692,30,50,30.1245702667995,50.0479608090539,3.80508905256377,7.24279765544989,-0.124570266799509,-0.0479608090539045
1710,30,50,30.1878989041974,49.965636027504,3.58631463577618,7.56298739751927,-0.187898904197382,0.034363972495953
1728,30,50,30.2373343238856,49.9382349503368,3.37910457128733,7.81496512971968,-0.237334323885584,0.0617650496632436
1746,30,50,30.2654478952044,49.9695603152357,3.21405888900027,7.76752961237607,-0.265447895204407,0.0304396847642536
1764,30,50,30.2684060712339,50.0508134319311,3.15121939597652,7.50279777592151,-0.268406071233898,-0.0508134319310898
1782,30,50,30.2457123440058,50.1258806870063,3.14126815704728,7.20048767039818,-0.245712344005838,-0.125880687006344
1800,30,50,30.2017061907061,50.161790272354,3.18293916444388,6.99746107015379,-0.201706190706098,-0.161790272354033
1818,30,50,30.1468876293717,50.1626108736894,3.25987069538134,6.94188140596846,-0.146887629371697,-0.162610873689431
1836,30,50,30.0940820250887,50.1540594234589,3.3524319325413,6.92717408172098,-0.0940820250887242,-0.154059423458918
1854,30,50,30.0480236479907,50.160767147895,3.45589210037668,6.82114273047577,-0.0480236479906537,-0.160767147894951
1872,30,50,30.0107076663301,50.1743230929199,3.54413737699168,6.71202322331583,-0.0107076663300631,-0.174323092919906
1890,30,50,29.9822443094677,50.1696688442009,3.65308170643933,6.65336092428852,0.0177556905323328,-0.169668844200885
1908,30,50,29.9633457225412,50.1421124180479,3.77861785038744,6.69881977455843,0.036654277458787,-0.142112418047901
1926,30,50,29.9560482949944,50.1007640999039,3.88004801571861,6.78536655790298,0.043951705005604,-0.100764099903913
1944,30,50,29.958630369584,50.0646406427656,3.94486006078791,6.88498566133105,0.0413696304160283,-0.0646406427656174
1962,30,50,29.9713792574745,50.0391992284059,3.95504439727839,6.96176487188327,0.0286207425255363,-0.0391992284059413
1980,30,50,29.993399778729,50.025839627239,3.92326136941527,6.9825179107211,0.00660022127100746,-0.0258396272389589
1998,30,50,30.0215223796198,50.0139368007867,3.84917922539086,7.00941301979571,-0.0215223796197996,-0.0139368007866878
2016,30,50,30.0521344629879,49.9902045872058,3.7631484693956,7.09707115307592,-0.0521344629878655,0.00979541279419038
2034,30,50,30.0809854011212,49.9609624894478,3.66547355698451,7.2959096214291,-0.0809854011211719,0.0390375105522125
2052,30,50,30.1053340183258,49.9455810637378,3.58009902705261,7.4920072780621,-0.105334018325763,0.0544189362621523
2070,30,50,30.121416749288,49.9706331965747,3.49102118516578,7.44457176071849,-0.121416749287995,0.0293668034252548
2088,30,50,30.1270928845186,50.031532373367,3.42508053175385,7.2489002516761,-0.127092884518639,-0.0315323733669644
2106,30,50,30.1200408493135,50.0810394954711,3.4210960711502,7.05702119362784,-0.12004084931349,-0.0810394954711171
2124,30,50,30.1026830997669,50.0948597198236,3.44150631709367,6.97514186815752,-0.102683099766864,-0.0948597198235746
2142,30,50,30.0797310998841,50.0820655488007,3.4662002156429,6.98099419445722,-0.0797310998841354,-0.0820655488006565
2160,30,50,30.055972822035,50.0676239968581,3.49524887214254,6.98977839590824,-0.0559728220349953,-0.0676239968580603
2178,30,50,30.0362005697959,50.0691836644078,3.52872517719537,6.96157639702973,-0.0362005697958772,-0.0691836644077881
2196,30,50,30.0201500698021,50.081674520025,3.56670386693057,6.88549615513357,-0.020150069802078,-0.0816745200249684
2214,30,50,30.0066006786705,50.0881935394312,3.58518625731973,6.80361682966325,-0.00660067867049108,-0.0881935394311668
2232,30,50,29.9959500682627,50.076970510349,3.61039461208874,6.80946915596296,0.00404993173731327,-0.0769705103490423
2250,30,50,29.9892762119112,50.049968133598,3.65146659073131,6.88300577720033,0.0107237880888498,-0.049968133598
2268,30,50,29.9875177595151,50.0260566681487,3.67165026214114,6.93340601437792,0.0124822404849354,-0.0260566681486694
2286,30,50,29.9886638792522,50.0161700553597,3.69183393355097,6.95721790047773,0.0113361207478206,-0.016170055359737
2304,30,50,29.9915698843633,50.0132932282512,3.7120176049608,6.95125309284278,0.00843011563665641,-0.0132932282512215
2322,30,50,29.9964050373514,50.0129532081478,3.71606659777383,6.94528828520782,0.00359496264861647,-0.0129532081478061
2340,30,50,30.001873251525,50.0079939016036,3.69703171764213,6.93932347757287,-0.00187325152502638,-0.00799390160358371
2358,30,50,30.0085271070043,49.996958178932,3.67238853045659,6.9755047331872,-0.00852710700429071,0.00304182106800965
2376,30,50,30.0167514067223,49.9837453325725,3.64375574591829,7.06083065837819,-0.0167514067223067,0.0162546674275035
2394,30,50,30.0250204275568,49.9775606459331,3.61116586914877,7.14615658356918,-0.0250204275567505,0.0224393540669325
2412,30,50,30.0312175039411,49.9870641500218,3.57857599237924,7.1302187411546,-0.0312175039411393,0.0129358499782057
2430,30,50,30.034065312183,50.0104311021462,3.56758588347725,7.06447514119445,-0.0340653121830385,-0.0104311021462493
2448,30,50,30.032543902893,50.0289473470432,3.55659577457526,6.98739242551108,-0.0325439028929679,-0.0289473470432142
2466,30,50,30.0268598347133,50.0343845169295,3.57085384566193,6.93995690816747,-0.026859834713342,-0.0343845169295491
2484,30,50,30.0191223340701,50.0274372327628,3.58721543682667,6.9607099470053,-0.0191223340700581,-0.0274372327628072
2502,30,50,30.0120479960325,50.0173788897429,3.60569782721583,6.98452183310511,-0.012047996032468,-0.0173788897428935
2520,30,50,30.005779537768,50.017404352154,3.62418021760498,6.97266295376921,-0.00577953776804918,-0.0174043521540241
2538,30,50,30.0016643279282,50.0237725392593,3.62822921041802,6.93099215309454,-0.00166432792818938,-0.0237725392592765
2556,30,50,29.9986743147794,50.02806907083,3.63227820323106,6.91475039701618,0.00132568522062471,-0.0280690708299645
2574,30,50,29.9970404350213,50.0223670053074,3.6363271960441,6.93856228311599,0.00295956497866712,-0.0223670053073732
2592,30,50,29.9973451719794,50.012988500764,3.64037618885713,6.9654573921906,0.00265482802056027,-0.0129885007639956
2610,30,50,29.9987030504768,50.007490220948,3.64442518167017,6.99235250126521,0.00129694952316939,-0.0074902209479788
2628,30,50,30.000506622951,50.0061182019418,3.64847417448321,6.98638769363026,-0.000506622950972258,-0.00611820194180268
2646,30,50,30.0020735480908,50.0092938943089,3.65252316729625,6.9804228859953,-0.00207354809082005,-0.00929389430888961
2664,30,50,30.0033808466191,50.010332751873,3.65657216010929,6.97445807836035,-0.00338084661906635,-0.0103327518729941
2682,30,50,30.0045682760151,50.0094079098215,3.66062115292232,6.96849327072539,-0.00456827601507825,-0.00940790982146211
2700,30,50,30.0061924488143,50.0066767026893,3.65658441864036,6.96252846309044,-0.00619244881426084,-0.00667670268926202
2718,30,50,30.0082357400097,50.002282179543,3.65254768435839,6.96801255921169,-0.00823574000968108,-0.00228217954296639
2736,30,50,30.0106813264032,49.9966386484525,3.64851095007642,7.00419381482602,-0.0106813264032297,0.00336135154746131
2754,30,50,30.013472433478,49.9927576164157,3.64447421579446,7.03202958378914,-0.0134724334779683,0.00724238358426987
2772,30,50,30.0158753345268,49.9960155981569,3.63644933867539,7.03751367991039,-0.0158753345268039,0.00398440184314097
2790,30,50,30.0176098313447,50.0036778006982,3.62842446155632,7.00956677902208,-0.0176098313447142,-0.0036778006981848
2808,30,50,30.0182317137696,50.0112548485418,3.62039958443725,6.97370663358926,-0.0182317137695769,-0.0112548485417676
2826,30,50,30.0179922069081,50.0122989228965,3.61237470731818,6.96774182595431,-0.0179922069080547,-0.0122989228965338
2844,30,50,30.0170767180013,50.0067474955275,3.60434983019911,6.99463693502892,-0.0170767180013058,-0.00674749552754861
2862,30,50,30.0160785882325,50.0018100629863,3.59632495308004,7.00012103115017,-0.0160785882324532,-0.00181006298631559
2880,30,50,30.01500784451,50.0036351151358,3.58830007596097,7.00560512727142,-0.0150078445099666,-0.00363511513578629
2898,30,50,30.0132460974413,50.0075931444506,3.58426334167901,6.99964031963646,-0.0132460974413213,-0.00759314445056702
2916,30,50,30.0103512001706,50.0132624287996,3.58022660739704,6.96378017420365,-0.0103512001705894,-0.013262428799635
2934,30,50,30.0067259243736,50.0176433609546,3.57618987311508,6.95192129486775,-0.00672592437363662,-0.0176433609546294
2952,30,50,30.0024560012548,50.0158887878714,3.58023886592811,6.94006241553184,-0.00245600125476031,-0.0158887878714395
2970,30,50,29.9981883863378,50.0131959409667,3.58428785874115,6.93409760789689,0.00181161366222682,-0.013195940966682
2988,30,50,29.9943231089978,50.0098036747167,3.60447153015098,6.92813280026194,0.00567689100216029,-0.0098036747167356
3006,30,50,29.9904745850708,50.0064508931765,3.62465520156081,6.92216799262698,0.00952541492918257,-0.00645089317652037
3024,30,50,29.9872969154186,50.0031566697697,3.64483887297064,6.92765208874823,0.0127030845813856,-0.00315666976968032
3042,30,50,29.9847481341682,50.0000929804201,3.68496325856598,6.93313618486948,0.0152518658317575,-9.29804201206252e-05
3060,30,50,29.9841651571333,49.9983979896773,3.72508764416133,6.93862028099073,0.0158348428666599,0.00160201032271345
3078,30,50,29.9854446326692,49.9976272718155,3.74527131557116,6.94410437711198,0.014555367330761,0.0023727281845467
3096,30,50,29.988439769457,49.9956039513091,3.76545498698099,6.94958847323323,0.0115602305430187,0.00439604869094978
3114,30,50,29.9947809433745,49.9922556648984,3.75518699232035,6.97742424219634,0.00521905662548505,0.00774433510160577
3132,30,50,30.0042661591096,49.9877614462013,3.73615211218865,7.00526001115946,-0.00426615910964756,0.0122385537986887
3150,30,50,30.0151205910007,49.9837520773199,3.70751932765035,7.06060144806034,-0.015120591000688,0.016247922680094
3168,30,50,30.0270763212263,49.9808217599813,3.67492945088082,7.11594288496122,-0.0270763212263105,0.0191782400187392
3186,30,50,30.0371308507669,49.9862202919847,3.6384145913616,7.10000504254664,-0.0371308507668644,0.0137797080152779
3204,30,50,30.0444841795141,49.9976885181119,3.60189973184238,7.07205814165832,-0.0444841795141144,0.0023114818880785
3222,30,50,30.0479653418958,50.0047192103131,3.58697287344851,7.04411124077001,-0.0479653418958392,-0.00471921031309108
3240,30,50,30.0476208426737,50.0068777042544,3.57204601505464,7.03814643313506,-0.0476208426737017,-0.0068777042543644
3258,30,50,30.0444733775063,50.0066728229477,3.55908360604078,7.0321816255001,-0.0444733775063462,-0.00667282294771354
3276,30,50,30.0389002310169,50.0093341779395,3.57125522588052,7.02621681786515,-0.0389002310168749,-0.00933417793954305
3294,30,50,30.0326997641502,50.015389637991,3.58551329696719,6.98454601719048,-0.0326997641501627,-0.0153896379909924
3312,30,50,30.0255233048284,50.0236153453597,3.59977136805386,6.94287521651581,-0.0255233048284325,-0.0236153453597439
3330,30,50,30.0176882448711,50.0246700506817,3.6161329592186,6.93101633717991,-0.0176882448710529,-0.0246700506816708
3348,30,50,30.0114582207249,50.0200914250719,3.63461534960775,6.919157457844,-0.0114582207249327,-0.0200914250718682
3366,30,50,30.0075324681998,50.0155273191436,3.63057861532579,6.9072985785081,-0.00753246819975573,-0.0155273191435938
3384,30,50,30.005718908558,50.0078691788091,3.62654188104382,6.93419368758271,-0.00571890855800916,-0.00786917880905946
3402,30,50,30.0056272305771,49.9979849756284,3.62250514676186,6.97037494319704,-0.00562723057711167,0.0020150243715733
3420,30,50,30.0072623992973,49.993449549732,3.61846841247989,6.99821071216016,-0.00726239929731776,0.00655045026804402
3438,30,50,30.0085367205814,49.9948351909965,3.61443167819792,7.02604648112328,-0.00853672058137178,0.00516480900354566
3456,30,50,30.0087962974818,49.9999153050117,3.61039494391596,6.99809958023496,-0.00879629748183675,8.46949883239745e-05
3474,30,50,30.0079720180363,50.009607422662,3.60635820963399,6.96223943480215,-0.00797201803629477,-0.00960742266198622
3492,30,50,30.0062598452833,50.0127774283759,3.60232147535203,6.9562746271672,-0.0062598452832745,-0.0127774283759123
3510,30,50,30.00389553745,50.0093542784338,3.60637046816506,6.95030981953224,-0.00389553745002047,-0.00935427843375436
3528,30,50,30.0018503576524,50.0056609819212,3.6104194609781,6.94434501189729,-0.00185035765240826,-0.00566098192119568
3546,30,50,30.0001214990054,50.0017577575131,3.61446845379114,6.94982910801854,-0.000121499005409476,-0.00175775751313267
3564,30,50,29.9982300434305,49.9979819228578,3.61851744660418,6.95531320413979,0.00176995656950396,0.00201807714219626
3582,30,50,29.9968592935269,49.9965113925154,3.62256643941721,6.96079730026104,0.00314070647306863,0.00348860748455593
3600,30,50,29.9959511546071,49.9970204437011,3.62661543223025,6.96628139638229,0.00404884539290151,0.00297955629894631
3618,30,50,29.9953023081874,49.9983233900197,3.63066442504329,6.97176549250353,0.00469769181255231,0.00167660998029362
3636,30,50,29.994909542205,50.0002966882147,3.65084809645312,6.97724958862478,0.00509045779501349,-0.000296688214746155
3654,30,50,29.9947694148103,50.0028305149059,3.67103176786295,6.98273368474603,0.00523058518973585,-0.00283051490592356
3672,30,50,29.9948782834517,50.005827361309,3.69121543927278,6.97676887711108,0.00512171654829174,-0.00582736130896677
3690,30,50,29.9953135703589,50.0089165910607,3.69526443208581,6.97080406947612,0.00468642964107602,-0.00891659106068943
3708,30,50,29.9974275135042,50.0098905406187,3.69931342489885,6.96483926184117,0.00257248649580077,-0.00989054061869865
3726,30,50,30.0012087016467,50.0086631333575,3.70336241771189,6.95887445420622,-0.00120870164665376,-0.00866313335750135
3744,30,50,30.0067118727192,50.0033799986607,3.67871923052635,6.99505570982055,-0.0067118727192188,-0.00337999866070504
3762,30,50,30.0125187919689,49.9953051086059,3.6540760433408,7.03123696543488,-0.0125187919689438,0.00469489139408097
3780,30,50,30.0186157506373,49.9927427787238,3.62544325880251,7.059072734398,-0.0186157506373164,0.00725722127621253
3798,30,50,30.0247026675305,49.9968068281144,3.59681047426421,7.06455683051925,-0.0247026675305335,0.00319317188564128
3816,30,50,30.0276753320658,50.0046973879385,3.58582036536222,7.03660992963093,-0.0276753320658401,-0.0046973879385348
3834,30,50,30.0276657843595,50.0114313094786,3.57483025646023,7.00074978419812,-0.0276657843594954,-0.0114313094786382
3852,30,50,30.0246673290052,50.0142234029978,3.56680537934117,6.99478497656317,-0.0246673290052364,-0.0142234029977857
3870,30,50,30.0193564505139,50.0130205124835,3.58316697050591,6.98882016892821,-0.0193564505138575,-0.0130205124834646
3888,30,50,30.0138630556308,50.0145943459549,3.60164936089506,6.98285536129326,-0.0138630556308144,-0.0145943459548619
3906,30,50,30.0082137381242,50.0186552273312,3.62013175128422,6.97099648195736,-0.00821373812420845,-0.0186552273311804
3924,30,50,30.0022750095654,50.0228425112698,3.64534010605323,6.95913760262145,-0.00227500956541604,-0.0228425112698218
3942,30,50,29.9981163060901,50.026071819779,3.64938909886627,6.9428958465431,0.00188369390993159,-0.0260718197789629
3960,30,50,29.9958751626427,50.0276508836093,3.6534380916793,6.92665409046475,0.00412483735725289,-0.0276508836092546
3978,30,50,29.9956160380253,50.0238609089408,3.65748708449234,6.91479521112884,0.00438396197474944,-0.0238609089407902
3996,30,50,29.9977428521417,50.01490339223,3.66153607730538,6.94169032020345,0.00225714785825915,-0.0149033922299537
4014,30,50,30.0004615663044,50.0027865933634,3.66558507011842,6.97787157581778,-0.000461566304380767,-0.00278659336339615
4032,30,50,30.003729159898,49.9946728538765,3.66963406293145,7.03564625457065,-0.00372915989798273,0.00532714612354823
4050,30,50,30.0073170913888,49.9948910904278,3.66559732864949,7.06348202353377,-0.00731709138875658,0.00510890957221477
4068,30,50,30.0105488660247,50.0059169762194,3.66156059436752,7.02762187810095,-0.0105488660247488,-0.00591697621940313
4086,30,50,30.013232247486,50.0194267148149,3.65752386008556,6.98595107742628,-0.0132322474860445,-0.0194267148148981
4104,30,50,30.0151195712312,50.0229891199381,3.64949898296649,6.97409219809038,-0.0151195712312209,-0.0229891199380958
4122,30,50,30.0162946625522,50.0172009008966,3.64147410584742,6.99790408419019,-0.0162946625522338,-0.0172009008966256
4140,30,50,30.0178502958386,50.0095929697452,3.63344922872835,7.0247991932648,-0.017850295838624,-0.0095929697452064
4158,30,50,30.0197208670404,50.0081414902711,3.62542435160928,7.01883438562985,-0.0197208670403946,-0.00814149027108613
4176,30,50,30.0209265234308,50.0120527966872,3.61739947449021,7.01286957799489,-0.0209265234307949,-0.0120527966872146
4194,30,50,30.0208909900523,50.0147104455693,3.60937459737114,7.00690477035994,-0.0208909900522833,-0.0147104455693494
4212,30,50,30.0197311386407,50.0167855743026,3.60134972025207,6.99504589102404,-0.0197311386406724,-0.0167855743026308
4230,30,50,30.0180337974294,50.0182686239736,3.593324843133,6.98318701168813,-0.018033797429382,-0.0182686239736114
4248,30,50,30.0158107174399,50.0181830271243,3.58529996601393,6.97132813235223,-0.0158107174398765,-0.018183027124266
4266,30,50,30.0130935734745,50.0167575015838,3.58126323173197,6.95946925301633,-0.0130935734745457,-0.0167575015837542
4284,30,50,30.0099891708448,50.014195696172,3.57722649745,6.95350444538137,-0.00998917084482187,-0.0141956961720169
4302,30,50,30.0065016246434,50.0108250472939,3.57318976316804,6.94753963774642,-0.00650162464337711,-0.0108250472938849
4320,30,50,30.0026555400088,50.0079036150131,3.57723875598107,6.94157483011147,-0.00265554000882418,-0.00790361501305625
4338,30,50,29.9987710838218,50.0054515486425,3.58128774879411,6.93561002247651,0.00122891617823484,-0.00545154864251174
4356,30,50,29.9947469584541,50.0034213870408,3.60147142020394,6.94109411859776,0.00525304154590245,-0.00342138704080241
4374,30,50,29.9906258461981,50.0016129138425,3.62165509161377,6.94657821471901,0.00937415380186479,-0.00161291384248585
4392,30,50,29.9870894653351,50.0021852780656,3.6418387630236,6.95206231084026,0.0129105346648579,-0.00218527806562463
4410,30,50,29.9841593925596,50.0047961633067,3.68196314861894,6.95754640696151,0.0158406074404169,-0.00479616330665067
4428,30,50,29.9829869645439,50.0082452363634,3.72208753421429,6.95158159932655,0.0170130354561238,-0.00824523636340757
4446,30,50,29.9835213837368,50.0118552301958,3.76221191980964,6.9456167916916,0.0164786162631749,-0.0118552301958488
4464,30,50,29.9858135221557,50.0113644596815,3.78239559121946,6.93965198405664,0.0141864778443441,-0.0113644596815021
4482,30,50,29.9915299591833,50.0069805612353,3.77212759655882,6.93368717642169,0.00847004081666825,-0.00698056123525248
4500,30,50,30.0007514825099,49.9985801834497,3.75309271642712,6.96986843203602,-0.00075148250985535,0.00141981655026768
4518,30,50,30.0132621659405,49.9849072051815,3.72844952924158,7.05519435722701,-0.0132621659404677,0.0150927948184858
4536,30,50,30.0271209507512,49.9752911091653,3.69585965247205,7.140520282418,-0.0271209507511827,0.0247088908347379
4554,30,50,30.0395305503649,49.9785705587967,3.65934479295283,7.19586171931888,-0.0395305503649475,0.0214294412032672
4572,30,50,30.0489172275409,49.9953936352794,3.6189366709203,7.13797171033595,-0.0489172275408976,0.00460636472056564
4590,30,50,30.0540920120684,50.0197966222964,3.57852854888777,7.06653605203652,-0.054092012068395,-0.0197966222963544
4608,30,50,30.0546574754747,50.0306755690426,3.5636016904939,7.01910053469291,-0.05465747547467,-0.0306755690426073
4626,30,50,30.0513329747543,50.0284535540799,3.54867483210003,7.00285877861455,-0.051332974754299,-0.0284535540798529
4644,30,50,30.0458293926921,50.0210458530909,3.55877686260816,7.02667066471436,-0.0458293926920774,-0.0210458530909037
4662,30,50,30.0384370745626,50.0167193877765,3.5709484824479,7.01481178537846,-0.0384370745625873,-0.0167193877765257
4680,30,50,30.0308146536817,50.0226758264665,3.58520655353457,6.97314098470379,-0.0308146536816949,-0.022675826466525
4698,30,50,30.0224198481949,50.0303984486509,3.60156814469931,6.92570546736018,-0.0224198481949323,-0.0303984486508639
4716,30,50,30.0148547055061,50.0310917322494,3.62005053508847,6.90946371128183,-0.0148547055060817,-0.0310917322493651
4734,30,50,30.008973575092,50.0248516624058,3.63853292547763,6.93327559738164,-0.00897357509202834,-0.0248516624057658
4752,30,50,30.0054042096859,50.0161596476586,3.63449619119566,6.95708748348145,-0.00540420968594901,-0.0161596476586112
4770,30,50,30.0042212521395,50.0123956563233,3.6385451840087,6.95112267584649,-0.00422125213947666,-0.0123956563233207
4788,30,50,30.0048553633235,50.0119018534267,3.64259417682174,6.94515786821154,-0.00485536332351444,-0.0119018534267212
4806,30,50,30.0064771946954,50.008290667226,3.63855744253977,6.93919306057659,-0.00647719469539965,-0.00829066722601368
4824,30,50,30.0073195008837,50.0014376693415,3.6345207082578,6.97537431619092,-0.00731950088373168,-0.00143766934154854
4842,30,50,30.0085901133187,49.9928887762824,3.63048397397584,7.03314899494378,-0.0085901133186681,0.00711122371756545
4860,30,50,30.0102322381851,49.9938346763539,3.62644723969387,7.0609847639069,-0.010232238185143,0.00616532364612965
4878,30,50,30.0114082103242,50.0056867642239,3.62241050541191,7.02512461847409,-0.0114082103241877,-0.00568676422388847
4896,30,50,30.0113731397221,50.0202343622133,3.61837377112994,6.98345381779942,-0.0113731397221422,-0.0202343622132872
4914,30,50,30.0099417531872,50.0260395054479,3.61433703684797,6.93601830045581,-0.00994175318724899,-0.0260395054479119
4932,30,50,30.0078984791011,50.0227651020864,3.61030030256601,6.9241594211199,-0.00789847910107966,-0.0227651020863746
4950,30,50,30.0063332677551,50.0111407799348,3.60626356828404,6.95105453019451,-0.00633326775505694,-0.0111407799348271
4968,30,50,30.0053182131923,49.9996983247582,3.60222683400208,6.98723578580885,-0.00531821319226111,0.000301675241772159
4986,30,50,30.0047804293615,49.9959945361456,3.60627582681511,6.99271988193009,-0.00478042936147816,0.00400546385439071
5004,30,50,30.003965107462,50.0002898818355,3.61032481962815,6.99820397805134,-0.00396510746201528,-0.00028988183545664
5022,30,50,30.0022147876909,50.0060394771567,3.61437381244119,6.96234383261853,-0.00221478769088179,-0.00603947715666209
5040,30,50,29.9995733085933,50.0121058005696,3.61842280525423,6.92648368718572,0.000426691406691049,-0.0121058005696497
5058,30,50,29.9972737540373,50.0106915609625,3.62247179806726,6.92051887955077,0.00272624596274795,-0.0106915609624707
5076,30,50,29.9954483873867,50.0031780125903,3.6265207908803,6.9567001351651,0.00455161261325543,-0.0031780125902543
5094,30,50,29.9947568006091,49.9958601223113,3.64670446229013,6.99288139077943,0.00524319939093232,0.00413987768865098
5112,30,50,29.9950375856348,49.9966214053744,3.65075345510317,6.99836548690068,0.00496241436520961,0.00337859462563017
5130,30,50,29.9956089392382,50.0038590852232,3.65480244791621,6.97041858601237,0.00439106076180451,-0.00385908522318346
5148,30,50,29.9958565864395,50.0102729384923,3.65885144072924,6.93455844057955,0.00414341356050585,-0.0102729384922924
5166,30,50,29.9971982844704,50.0094020392534,3.66290043354228,6.9285936329446,0.00280171552964603,-0.00940203925335936
5184,30,50,29.998876249285,50.0009183166775,3.66694942635532,6.96477488855893,0.00112375071502413,-0.000918316677484654
5202,30,50,30.0014523485512,49.990440359514,3.67099841916836,7.0225495673118,-0.00145234855123277,0.00955964048603875
5220,30,50,30.0049060814381,49.9885002363672,3.67504741198139,7.05038533627491,-0.00490608143811855,0.0114997636328269
5238,30,50,30.0085580298591,49.9975542430373,3.67101067769943,7.0224384353866,-0.00855802985912746,0.00244575696267901
5256,30,50,30.0116419679604,50.009457502927,3.66697394341746,6.98657828995379,-0.0116419679604043,-0.00945750292697767
5274,30,50,30.0139519735232,50.0131838214489,3.6629372091355,6.98061348231884,-0.0139519735231559,-0.013183821448898
5292,30,50,30.0161850033629,50.0087616679568,3.65491233201643,6.97464867468388,-0.0161850033629491,-0.00876166795681854
5310,30,50,30.0186114330963,50.0026059101361,3.64688745489736,7.01082993029821,-0.0186114330963285,-0.0026059101360616
5328,30,50,30.0212310757125,49.9960363892177,3.63886257777829,7.04701118591255,-0.0212310757125351,0.00396361078231422
5346,30,50,30.0235068486116,49.9980368982397,3.63083770065922,7.05249528203379,-0.023506848611639,0.00196310176029613
5364,30,50,30.0249672072692,50.0070495325446,3.62281282354015,7.01663513660098,-0.024967207269178,-0.00704953254455631
5382,30,50,30.0249497535065,50.0156783701373,3.61478794642108,6.97496433592631,-0.0249497535065331,-0.0156783701373087
5400,36,50,30.0236294854354,50.0165689207626,3.61478794642108,6.96310545659041,5.97637051456463,-0.0165689207626158
5418,36,50,30.0217089706906,50.0102093086457,8.58766856691248,6.99000056566502,5.97829102930939,-0.0102093086456847
5436,36,50,30.0198996318418,50.0039767789418,13.5605491874039,7.02618182127935,5.98010036815824,-0.00397677894177662
5454,36,50,30.0182058044591,50.0054732389509,18.5334298078953,7.0202170136444,5.98179419554091,-0.00547323895085583
5472,36,50,30.0416947092918,50.0147142910601,23.3301467871096,6.98435686821159,5.95830529070819,-0.0147142910600806
5490,36,50,30.5076903501701,50.0221883790924,23.5880739049515,6.94268606753691,5.49230964982988,-0.0221883790924267
5508,36,50,31.4020248796858,49.9422431134452,22.8078958871498,7.34116248124919,4.59797512031422,0.0577568865547917
5526,36,50,32.7108963286794,49.166200625729,21.8078958871498,6.63765621200976,3.28910367132058,0.833799374270953
5544,36,50,34.3838336595042,47.7731679781354,20.8078958871498,8.525069031671,1.61616634049584,2.22683202186464
5562,36,50,36.0202844855805,45.6396180711288,19.7917976881358,15.525069031671,-0.0202844855805324,4.36038192887125
5580,36,50,37.5294368579995,43.5063325485233,16.5289025134269,22.525069031671,-1.52943685799954,6.49366745147672
5598,36,50,38.9062537827539,42.8871995724807,11.5289025134269,29.525069031671,-2.90625378275388,7.11280042751925
5616,36,50,40.0950320803618,43.770705968954,6.52890251342695,29.0039470309951,-4.09503208036182,6.22929403104602
5634,36,50,41.0073103985566,45.8624200683869,2.2508586012513,27.5039470309951,-5.00731039855665,4.13757993161305
5652,36,50,41.4584623078647,47.6150328240277,1.2508586012513,26.0039470309951,-5.45846230786472,2.38496717597227
5670,36,50,41.346603885455,48.928975368877,0.548155898548598,24.5039470309951,-5.346603885455,1.07102463112304
5688,36,50,40.8228217494545,50.1719860420108,0.748675950553799,22.8125904801884,-4.82282174945453,-0.171986042010758
5706,36,50,39.9922983469281,51.5988380815329,4.0495060335621,19.0750179074037,-3.99229834692814,-1.59883808153295
5724,36,50,39.1406445291415,53.1411539729879,7.4338561090094,12.0750179074037,-3.14064452914152,-3.14115397298794
5742,36,50,38.2971063019734,54.2239703311113,10.3833303331694,5.07501790740372,-2.29710630197336,-4.22397033111127
5760,36,50,37.5615774406882,53.8975772911905,11.0229242417989,4.56511691730471,-1.56157744068823,-3.89757729119046
5778,36,50,37.2348188856738,52.417455532148,11.6330050786985,7.57053110246985,-1.23481888567376,-2.417455532148
5796,36,50,37.358775881688,51.049706256429,10.9314470975436,3.9895333120291,-1.35877588168795,-1.04970625642896
5814,36,50,37.8440560339765,49.8863582913982,9.93144709754359,0,-1.84405603397653,0.113641708601826
5832,36,50,38.3626435430174,47.6192721755162,8.61822702333933,2.76314889876447,-2.36264354301744,2.38072782448381
5850,36,50,38.869631235828,44.507697472948,7.48289627094074,9.76314889876447,-2.869631235828,5.49230252705198
5868,36,50,39.3641613998386,42.278610037788,6.48289627094074,16.7631488987645,-3.36416139983861,7.72138996221197
5886,36,50,39.8016330840255,41.6637459331043,5.48289627094074,23.7631488987645,-3.80163308402554,8.33625406689573
5904,36,50,40.0321450071657,42.6696440370375,4.48289627094074,22.9623688207567,-4.03214500716572,7.33035596296246
5922,36,50,40.0114787456473,44.9931055863067,3.53040220918302,21.4658873254852,-4.01147874564734,5.0068944136933
5940,36,50,39.7639971652895,47.0625526779253,3.53040220918302,19.9658873254852,-3.76399716528951,2.93744732207466
5958,36,50,39.3279590049768,48.7597902711846,3.53040220918302,18.4658873254852,-3.32795900497682,1.24020972881542
5976,36,50,38.8430264853478,50.1143817065146,3.53040220918302,16.8430737787789,-2.84302648534783,-0.114381706514642
5994,36,50,38.3298301884374,51.1660669882792,3.73714979198492,13.8180115676164,-2.32983018843743,-1.16606698827918
6012,36,50,37.8681185560601,51.8946871187008,3.88501946617038,10.9281198708655,-1.86811855606013,-1.89468711870077
6030,36,50,37.4553185415213,52.0582634068605,4.36535404527698,9.77398776113395,-1.45531854152129,-2.0582634068605
6048,36,50,37.09639224855,51.6686621337188,5.03694682031803,10.0492472719663,-1.09639224854996,-1.66866213371875
6066,36,50,36.8278025410496,51.1420291961303,5.80181934156449,11.0097368908073,-0.827802541049557,-1.14202919613028
6084,36,50,36.6332232791644,50.7739692048492,6.34671864826637,11.681806620909,-0.633223279164355,-0.77396920484918
6102,36,50,36.5043549570615,50.644615009808,6.5442739020014,11.8394624852294,-0.504354957061466,-0.644615009807978
6120,36,50,36.4295215579911,50.6623988177358,6.6004127937781,11.5188656508711,-0.429521557991052,-0.662398817735841
6138,36,50,36.4039439148187,50.6565932158694,6.58041079357808,11.342376523862,-0.40394391481869,-0.656593215869385
6156,36,50,36.4129773237856,50.5120018121507,6.4473537535519,11.564155741405,-0.412977323785569,-0.512001812150736
6174,36,50,36.4360673375324,50.2642499289364,6.27011986812095,12.1729065340492,-0.436067337532414,-0.264249928936444
6192,36,50,36.4679266412095,50.0340154816905,6.05150713954806,12.8458979363617,-0.467926641209516,-0.0340154816904601
6210,36,50,36.4974561786143,49.9349723773808,5.82467963155755,13.3284351481528,-0.497456178614271,0.0650276226191764
6228,36,50,36.5071628663367,49.9787235901991,5.66457138936564,13.2371562514368,-0.507162866336685,0.021276409800933
6246,36,50,36.4874658037858,50.1118841069882,5.60239966678016,12.8003328009147,-0.487465803785845,-0.111884106988164
6264,36,50,36.4358355421358,50.223972330695,5.61409671327592,12.3756614156771,-0.435835542135791,-0.22397233069502
6282,36,50,36.3584408964556,50.2596231798128,5.71145261547749,12.1241196591379,-0.358440896455633,-0.259623179812799
6300,36,50,36.273022559522,50.2398667212053,5.86182855532711,12.1126681847606,-0.273022559521976,-0.239866721205303
6318,36,50,36.1939490549404,50.2106287459774,6.00777902787167,12.137810190534,-0.193949054940433,-0.210628745977402
6336,36,50,36.1265862054447,50.2109469098217,6.14318703357306,12.0667344772564,-0.126586205444724,-0.210946909821729
6354,36,50,36.0741421627759,50.2301101469287,6.24114807697208,11.8866029526511,-0.0741421627759067,-0.230110146928652
6372,36,50,36.0364151860878,50.2350145653726,6.3215141892614,11.8092703381686,-0.0364151860877797,-0.235014565372616
6390,36,50,36.012261829048,50.1970100664355,6.36177269122135,11.8648310382334,-0.012261829048029,-0.197010066435531
6408,36,50,36.0021480057672,50.1352376442088,6.38698104599036,11.9955252327594,-0.00214800576716812,-0.135237644208843
6426,36,50,36.0037851996345,50.0780913005621,6.3910300388034,12.1467026724338,-0.00378519963446422,-0.0780913005620718
6444,36,50,36.0129036784357,50.0402090044354,6.36638685161786,12.253012348583,-0.0129036784357268,-0.0402090044354111
6462,36,50,36.0233798463316,50.026080462978,6.33775406707956,12.2737653874208,-0.0233798463316219,-0.0260804629779869
6480,36,50,36.0325764562753,50.0246591997648,6.30516419031003,12.2619065080849,-0.032576456275315,-0.0246591997647627
6498,36,50,36.0385414830581,50.0222624102646,6.26864933079081,12.250047628749,-0.0385414830581254,-0.0222624102646165
6516,36,50,36.0400806264068,50.0146794578373,6.25568692177695,12.2769427378236,-0.0400806264067626,-0.0146794578372607
6534,36,50,36.0385632993316,50.0062675128355,6.24272451276309,12.3038378468982,-0.038563299331571,-0.00626751283554938
6552,36,50,36.0342864922067,50.0080581772932,6.2317344038611,12.2978730392633,-0.034286492206661,-0.00805817729320069
6570,36,50,36.0269951753191,50.0190171786288,6.24599247494777,12.2562022385886,-0.0269951753190583,-0.019017178628836
6588,36,50,36.0181395136299,50.0319687088855,6.26235406611251,12.208766721245,-0.0181395136299045,-0.0319687088854863
6606,36,50,36.0079155859089,50.0402375361787,6.28083645650167,12.1556118831704,-0.0079155859089326,-0.0402375361786653
6624,36,50,35.9973383316994,50.0403903200403,6.30604481127068,12.1363918549153,0.0026616683006182,-0.0403903200403448
6642,36,50,35.9891559358259,50.0330395997849,6.34711678991325,12.1571448937531,0.0108440641740799,-0.0330395997848854
6660,36,50,35.9835696763014,50.0257440739861,6.40847275678103,12.177897932591,0.0164303236986214,-0.0257440739861465
6678,36,50,35.9806618621592,50.0228757932708,6.44859714237637,12.166039053255,0.0193381378407693,-0.0228757932708277
6696,36,50,35.9802792806129,50.0227146637594,6.48872152797172,12.1541801739191,0.0197207193871236,-0.022714663759352
6714,36,50,35.983126379655,50.0182808351599,6.52884591356707,12.1423212945832,0.0168736203449527,-0.0182808351599206
6732,36,50,35.9908341793184,50.0086941820199,6.51857791890642,12.1692164036579,0.0091658206816021,-0.00869418201988736
6750,36,50,36.0020100207877,49.9928463525855,6.49954303877472,12.2568745369381,-0.00201002078769363,0.00715364741447644
6768,36,50,36.0165415482376,49.9775606029741,6.47091025423643,12.3719653197538,-0.016541548237555,0.0224393970258774
6786,36,50,36.0339352313039,49.977037202149,6.41628266730503,12.4273067566547,-0.0339352313039214,0.0229627978509868
6804,36,50,36.048975078038,49.9931606132848,6.35377615621012,12.3814854597128,-0.0489750780379694,0.00683938671524231
6822,36,50,36.0598940345845,50.0109732961699,6.30950610892166,12.3157418597526,-0.0598940345845094,-0.0109732961699081
6840,36,50,36.0657034526377,50.016903643919,6.2614050967962,12.2740710590779,-0.0657034526377345,-0.0169036439190435
6858,36,50,36.065726920207,50.0103647760518,6.24238417378088,12.3009661681526,-0.065726920206977,-0.0103647760518442
6876,36,50,36.0613210355212,50.0006695622468,6.22541641252726,12.3371474237669,-0.0613210355211962,-0.000669562246756072
6894,36,50,36.0543507300694,50.0049913436046,6.23551844303539,12.3426315198881,-0.0543507300694088,-0.00499134360460118
6912,36,50,36.0440525610395,50.0241638273939,6.24769006287513,12.2711958615887,-0.0440525610395426,-0.0241638273939415
6930,36,50,36.0318195149213,50.0473622444385,6.2619481339618,12.1829519161038,-0.0318195149213238,-0.0473622444384674
6948,36,50,36.0179944411814,50.0596785150648,6.27830972512654,12.1184924962386,-0.0179944411814006,-0.0596785150647747
6966,36,50,36.0057009154306,50.0563200289236,6.2967921155157,12.0932923776498,-0.00570091543055185,-0.0563200289235937
6984,36,50,35.9963831673263,50.0437384434289,6.32200047028471,12.111010657008,0.00361683267374957,-0.0437384434288504
7002,36,50,35.9902766879596,50.0279778835553,6.36307244892728,12.1614108941856,0.00972331204037857,-0.0279778835553088
7020,36,50,35.9868913476726,50.0178249424045,6.38325612033711,12.1852227802854,0.0131086523274178,-0.0178249424044665
7038,36,50,35.985532662345,50.0177813763651,6.40343979174694,12.1733639009495,0.0144673376550344,-0.0177813763651216
7056,36,50,35.9859653096212,50.0204854795083,6.42362346315677,12.1615050216136,0.0140346903788213,-0.0204854795082596
7074,36,50,35.9889412831803,50.0183852799628,6.4438071345666,12.1496461422777,0.0110587168197043,-0.0183852799627573
7092,36,50,35.9932121017203,50.010661531482,6.46399080597643,12.1765412513523,0.00678789827965431,-0.0106615314820075
7110,36,50,35.9993354484402,49.9969153716401,6.44495592584473,12.2127225069667,0.000664551559765414,0.00308462835988621
7128,36,50,36.0072471975496,49.9875311198967,6.42031273865918,12.2704971857195,-0.00724719754956027,0.0124688801033059
7146,36,50,36.0167544616516,49.9841856607584,6.39167995412089,12.3258386226204,-0.0167544616516082,0.0158143392415866
7164,36,50,36.0269434702579,49.9901212427433,6.35909007735136,12.3099007802058,-0.0269434702579474,0.00987875725667209
7182,36,50,36.0342586234002,50.0020261903486,6.32650020058183,12.2819538793175,-0.0342586234002198,-0.00202619034862295
7200,36,50,36.0379829266781,50.0060325115016,6.31353779156797,12.2759890716826,-0.0379829266780689,-0.00603251150158002
7218,36,50,36.0381944510134,50.0060782017732,6.30057538255411,12.2700242640476,-0.038194451013382,-0.00607820177317819
7236,36,50,36.0359052744713,50.0076750923814,6.28761297354025,12.2640594564127,-0.0359052744712614,-0.00767509238144015
7254,36,50,36.0314007207984,50.0114851437839,6.27662286463826,12.2580946487777,-0.0314007207983948,-0.0114851437838723
7272,36,50,36.0260264069973,50.0180658026907,6.29088093572493,12.216423848103,-0.0260264069972607,-0.0180658026907423
7290,36,50,36.0198046489965,50.0262486183842,6.30724252688967,12.1689883307594,-0.0198046489965051,-0.026248618384173
7308,36,50,36.0127673407898,50.0268165146519,6.32572491727883,12.1527465746811,-0.0127673407897717,-0.0268165146518555
7326,36,50,36.005349803013,50.0203123575318,6.34420730766799,12.1765584607809,-0.00534980301299015,-0.0203123575318358
7344,36,50,36.0002961728521,50.0143804475077,6.36941566243699,12.2034535698555,-0.00029617285214556,-0.0143804475076763
7362,36,50,35.9976792321588,50.0160419401956,6.37346465525003,12.1915946905196,0.00232076784116231,-0.0160419401955565
7380,36,50,35.9969278528569,50.0210263977905,6.37751364806307,12.1797358111837,0.00307214714310078,-0.0210263977905285
7398,36,50,35.9973477842131,50.0212428371845,6.38156264087611,12.1678769318478,0.00265221578689534,-0.0212428371845164
7416,36,50,35.9994616988499,50.0167246326343,6.38561163368915,12.1560180525119,0.000538301150101006,-0.0167246326342507
7434,36,50,36.0020829550339,50.0076488033101,6.38966062650218,12.1829131615865,-0.00208295503386324,-0.00764880331014695
7452,36,50,36.005188846648,49.9947383944036,6.38562389222022,12.2406878403394,-0.00518884664795394,0.00526160559638811
7470,36,50,36.0087578162417,49.9888831532583,6.38158715793825,12.2984625190922,-0.00875781624166905,0.0111168467417002
7488,36,50,36.0126382631011,49.9951790387086,6.37755042365629,12.2705156182039,-0.01263826310106,0.00482096129142207
7506,36,50,36.0160401491651,50.0102691608696,6.36952554653722,12.2047720182438,-0.0160401491650646,-0.0102691608695977
7524,36,50,36.0178164175662,50.0161521263929,6.36150066941815,12.1631012175691,-0.0178164175662303,-0.0161521263929103
7542,36,50,36.0183481513439,50.0073055211817,6.35347579229908,12.1899963266437,-0.018348151343929,-0.00730552118169214
7560,36,50,36.0192120684066,49.9924159877137,6.34545091518001,12.2477710053966,-0.019212068406631,0.00758401228628713
7578,36,50,36.020572641474,49.9858236418941,6.33742603806094,12.3055456841494,-0.0205726414740184,0.0141763581058569
7596,36,50,36.0217461462579,49.9926423084328,6.32940116094187,12.2896078417348,-0.0217461462579251,0.00735769156720778
7614,36,50,36.0214939930792,50.0102661744712,6.32137628382281,12.2238642417747,-0.0214939930791829,-0.0102661744711554
7632,36,50,36.0193802223584,50.0225702538287,6.31335140670374,12.1821934411,-0.0193802223584356,-0.0225702538286896
7650,36,50,36.0157526576566,50.0213596960632,6.30532652958467,12.1703345617641,-0.015752657656563,-0.0213596960632145
7668,36,50,36.0120620849145,50.0133205521956,6.3012897953027,12.1972296708387,-0.0120620849144615,-0.0133205521955659
7686,36,50,36.0090242356426,50.0057812160487,6.29725306102074,12.2241247799133,-0.00902423564261312,-0.00578121604868898
7704,36,50,36.0060808507614,50.0060693138264,6.29321632673877,12.2181599722784,-0.00608085076135723,-0.0060693138263801
7722,36,50,36.0026067325818,50.0126631763467,6.29726531955181,12.1822998268456,-0.00260673258178201,-0.0126631763467344
7740,36,50,35.998319456713,50.0180655268574,6.30131431236485,12.1406290261709,0.00168054328704415,-0.0180655268573986
7758,36,50,35.9933760844094,50.0166098739437,6.32149798377467,12.128770146835,0.00662391559055209,-0.0166098739436791
7776,36,50,35.9884918712879,50.0081733631767,6.3416816551845,12.1556652559096,0.0115081287120944,-0.00817336317665962
7794,36,50,35.9848472035907,50.0000499335188,6.38180604077985,12.1918465115239,0.015152796409275,-4.99335187811312e-05
7812,36,50,35.9824539820724,49.999639712987,6.4219304263752,12.1973306076452,0.0175460179275646,0.000360287013037919
7830,36,50,35.9819900562502,50.0061713994546,6.46205481197054,12.1614704622124,0.0180099437497816,-0.00617139945457268
7848,36,50,35.9828285951764,50.0118339234689,6.50217919756589,12.1256103167796,0.0171714048235998,-0.0118339234688918
7866,36,50,35.9865812475908,50.0068287054466,6.52236286897572,12.1525054258542,0.0134187524092297,-0.0068287054466083
7884,36,50,35.9938189305101,49.9932510664382,6.51209487431507,12.210280104607,0.00618106948985542,0.00674893356178075
7902,36,50,36.0051057470952,49.9818426401577,6.48745168712953,12.295606029798,-0.00510574709517186,0.0181573598422773
7920,36,50,36.0199762091648,49.9785314554137,6.45881890259123,12.3509474666989,-0.0199762091647813,0.0214685445863267
7938,36,50,36.0353373212235,49.9866174324192,6.40023536874878,12.3350096242843,-0.03533732122348,0.0133825675807628
7956,36,50,36.0479621860052,49.9975285297055,6.35982724671625,12.307062723396,-0.0479621860052077,0.00247147029445216
7974,36,50,36.0564009399117,49.9999150425825,6.31555719942779,12.3125468195173,-0.0564009399116543,8.49574175276757e-05
7992,36,50,36.0610838582705,49.9971145812081,6.29858943817417,12.3180309156385,-0.0610838582704645,0.00288541879190518
8010,36,50,36.0609306865957,49.9979641293841,6.28162167692056,12.3235150117598,-0.0609306865956825,0.00203587061585608
8028,36,50,36.0576728657788,50.0033533060017,6.26465391566694,12.2955681108714,-0.0576728657787555,-0.00335330600165662
8046,36,50,36.0506555627091,50.0157896903205,6.27475594617507,12.2538973101968,-0.0506555627091387,-0.0157896903204744
8064,36,50,36.042298344415,50.0262615086591,6.28692756601481,12.2064617928532,-0.0422983444150447,-0.0262615086590756
8082,36,50,36.0327570783605,50.0326591777242,6.30118563710148,12.1590262755095,-0.0327570783605182,-0.0326591777242271
8100,36,50,36.0227953840713,50.0312518831832,6.31754722826622,12.1427845194312,-0.022795384071344,-0.0312518831832165
8118,36,50,36.014937483756,50.0237196435072,6.33602961865538,12.166596405531,-0.0149374837559506,-0.0237196435072207
8136,36,50,36.0093650856654,50.0172443150555,6.35451200904453,12.1904082916308,-0.00936508566536531,-0.0172443150554642
8154,36,50,36.0060545557133,50.0159555592818,6.35047527476257,12.1785494122949,-0.0060545557133338,-0.0159555592817853
8172,36,50,36.0044498262839,50.0180387421605,6.35452426757561,12.166690532959,-0.00444982628394541,-0.0180387421605275
8190,36,50,36.0040171592791,50.0159994514865,6.35857326038864,12.1548316536231,-0.00401715927905855,-0.0159994514864721
8208,36,50,36.0047457828855,50.0097929053291,6.36262225320168,12.1817267626977,-0.0047457828854931,-0.00979290532905708
8226,36,50,36.0053404224322,50.0003582699466,6.35858551891972,12.217908018312,-0.00534042243224064,-0.000358269946573841
8244,36,50,36.0064801831177,49.9957312626795,6.35454878463775,12.2233921144333,-0.00648018311766663,0.00426873732048705
8262,36,50,36.0080107323021,49.9989643849646,6.35051205035578,12.2288762105545,-0.00801073230209681,0.00103561503537009
8280,36,50,36.0092124575724,50.0025102251196,6.34647531607382,12.2343603066758,-0.00921245757236733,-0.0025102251195861
8298,36,50,36.0093880860537,50.0062999072761,6.34243858179185,12.2283954990408,-0.00938808605367569,-0.00629990727608742
8316,36,50,36.0090940496014,50.0101170761669,6.33840184750989,12.2224306914059,-0.00909404960135873,-0.0101170761669351
8334,36,50,36.0083487015798,50.0127840587729,6.33436511322792,12.2164658837709,-0.00834870157984824,-0.0127840587729082
8352,36,50,36.0072083299255,50.0144535020705,6.33032837894595,12.210501076136,-0.00720832992553255,-0.0144535020705376
8370,36,50,36.0058744770552,50.015261667373,6.32629164466399,12.1986421968001,-0.00587447705520106,-0.0152616673730037
8388,36,50,36.0043486104426,50.0151837927724,6.33034063747703,12.1867833174642,-0.00434861044263357,-0.0151837927723975
8406,36,50,36.0026324594772,50.0132310555474,6.33438963029006,12.1808185098292,-0.00263245947721913,-0.0132310555474362
8424,36,50,36.0007479300275,50.0097688249577,6.3384386231031,12.1748537021943,-0.000747930027529264,-0.00976882495770326
8442,36,50,35.9988330194964,50.0060905367462,6.34248761591614,12.1688888945593,0.00116698050358366,-0.00609053674618565
8460,36,50,35.9975422727903,50.0022493707849,6.34653660872918,12.1743729906806,0.00245772720973747,-0.00224937078490228
8478,36,50,35.9967529847137,49.9984477434964,6.35058560154222,12.1798570868018,0.00324701528625582,0.00155225650355106
8496,36,50,35.9964464156627,49.9958509658045,6.35463459435525,12.1853411829231,0.00355358433729691,0.00414903419547841
8514,36,50,35.9965658625442,49.9942954430176,6.35868358716829,12.2131769518862,0.00343413745579113,0.00570455698242256
8532,36,50,35.9969093424905,49.9941900331006,6.36273257998133,12.2410127208493,0.00309065750948179,0.00580996689944868
8550,36,50,35.9974749256129,49.9995652295361,6.36678157279437,12.213065819961,0.00252507438710836,0.000434770463883183
8568,36,50,35.9981847722926,50.0084555054762,6.37083056560741,12.1772056745282,0.00181522770742504,-0.00845550547616369
8586,36,50,35.9986757218841,50.0097587175281,6.37487955842044,12.1712408668932,0.00132427811590929,-0.00975871752814328
8604,36,50,35.999162326803,50.003435225868,6.37892855123348,12.2074221225076,0.000837673197004563,-0.00343522586803147
8622,36,50,36.0005953088298,49.9968849658213,6.38297754404652,12.2436033781219,-0.000595308829780095,0.00311503417868408
8640,36,50,36.0029519639076,49.9980434644572,6.38702653685956,12.2490874742431,-0.00295196390764829,0.00195653554277442
8658,36,50,36.0055507842443,50.0053544760117,6.38298980257759,12.2132273288103,-0.00555078424429212,-0.00535447601165373
8676,36,50,36.007696624663,50.0113629619711,6.37895306829563,12.1773671833775,-0.00769662466302634,-0.0113629619710736
8694,36,50,36.0095327111733,50.0083686022966,6.37491633401366,12.1714023757426,-0.00953271117333543,-0.00836860229658498
8712,36,50,36.0116900758634,49.9979708002451,6.37087959973169,12.2075836313569,-0.0116900758633776,0.00202919975488669
8730,36,50,36.0141509319505,49.9875542747697,6.36684286544973,12.2653583101098,-0.0141509319505317,0.0124457252302577
8748,36,50,36.0167792349436,49.9857051990365,6.35881798833066,12.2931940790729,-0.0167792349436127,0.0142948009635262
8766,36,50,36.0189178134533,49.9958997785108,6.35079311121159,12.2652471781846,-0.0189178134532781,0.00410022148920319
8784,36,50,36.0198220087042,50.0099661554038,6.34276823409252,12.2293870327517,-0.0198220087041889,-0.00996615540375956
8802,36,50,36.0192867250885,50.0168512192277,6.33474335697345,12.1877162320771,-0.0192867250885342,-0.0168512192276893
8820,36,50,36.0177346733503,50.0156703993229,6.32671847985438,12.1758573527412,-0.0177346733503327,-0.0156703993228504
8838,36,50,36.0161469048333,50.0069690550812,6.31869360273532,12.2027524618158,-0.0161469048332776,-0.00696905508115719
8856,36,50,36.014651025435,49.9986168294833,6.31465686845335,12.2389337174301,-0.0146510254350289,0.00138317051671777
8874,36,50,36.0132121462505,49.9981940327606,6.31062013417138,12.2444178135514,-0.0132121462505097,0.00180596723937754
8892,36,50,36.0111854098513,50.0059809674097,6.30658339988942,12.2085576681186,-0.0111854098512509,-0.00598096740971243
8910,36,50,36.0079422857171,50.0144230962601,6.30254666560745,12.1726975226857,-0.00794228571712097,-0.0144230962600744
8928,36,50,36.003829761377,50.0157269070225,6.30659565842049,12.1608386433498,-0.00382976137699131,-0.0157269070225254
8946,36,50,35.9995382076618,50.0111946783974,6.31064465123353,12.1548738357149,0.000461792338214195,-0.011194678397402
8964,36,50,35.9957474699075,50.0056354502447,6.31469364404657,12.1817689447895,0.00425253009254334,-0.00563545024466805
8982,36,50,35.992376443713,50.0011029602787,6.33487731545639,12.1872530409107,0.00762355628695843,-0.00110296027865076
9000,36,50,35.9896598112687,50.0031859247976,6.35506098686622,12.192737137032,0.0103401887313126,-0.00318592479763424
9018,36,50,35.9873637866642,50.0070888975278,6.37524465827605,12.186772329397,0.0126362133358242,-0.00708889752778674
9036,36,50,35.9850930681538,50.0113512785114,6.39542832968588,12.1808075217621,0.0149069318462267,-0.0113512785114267
9054,36,50,35.9845732598155,50.0137269784268,6.43555271528123,12.1748427141271,0.0154267401844876,-0.0137269784268383
9072,36,50,35.9857915786693,50.0140956949366,6.45573638669106,12.1688779064922,0.014208421330693,-0.0140956949365716
9090,36,50,35.9888826120203,50.0105726036065,6.47592005810089,12.1629130988572,0.0111173879796524,-0.0105726036064837
9108,36,50,35.9938833288847,50.0033484868606,6.46565206344024,12.1990943544716,0.00611667111525094,-0.00334848686055267
9126,36,50,36.0023082711465,49.9936479806766,6.44661718330854,12.2568690332244,-0.00230827114646104,0.00635201932341545
9144,36,50,36.0123653891098,49.9897022417239,6.421973996123,12.2847048021875,-0.0123653891097888,0.0102977582760815
9162,36,50,36.0237036550972,49.9919012300503,6.3933412115847,12.3125405711507,-0.0237036550971936,0.00809876994969727
9180,36,50,36.0329129609487,49.9961579641063,6.36075133481518,12.3180246672719,-0.0329129609487495,0.00384203589371168
9198,36,50,36.0390703682988,50.0020427224413,6.32423647529596,12.2900777663836,-0.0390703682987521,-0.00204272244133108
9216,36,50,36.0423049436945,50.0081784588353,6.3112740662821,12.2542176209508,-0.0423049436945178,-0.00817845883528889
9234,36,50,36.0424454811242,50.0093649129402,6.29831165726824,12.2482528133158,-0.0424454811242256,-0.00936491294017117
9252,36,50,36.0397287635217,50.006316761218,6.28534924825438,12.2422880056809,-0.0397287635217012,-0.00631676121797398
9270,36,50,36.0346032448545,50.005905788243,6.29960731934104,12.2363231980459,-0.0346032448544875,-0.00590578824296983
9288,36,50,36.0291343578996,50.0087112084787,6.31386539042771,12.230358390411,-0.0291343578995935,-0.00871120847865114
9306,36,50,36.0228211126564,50.0148405327823,6.33022698159245,12.1944982449782,-0.0228211126563878,-0.0148405327823156
9324,36,50,36.0158224261974,50.0205834718567,6.3465885727572,12.1528274443035,-0.0158224261974382,-0.0205834718566962
9342,36,50,36.0104478213584,50.0203004654872,6.36507096314635,12.1409685649676,-0.0104478213584187,-0.0203004654871677
9360,36,50,36.0067524690602,50.0138980017867,6.36103422886439,12.1678636740422,-0.00675246906021698,-0.0138980017867283
9378,36,50,36.0053608134453,50.0052286184255,6.35699749458242,12.1947587831168,-0.00536081344532136,-0.00522861842550526
9396,36,50,36.0061798815182,50.0016378756824,6.35296076030045,12.2002428792381,-0.00617988151815752,-0.00163787568239115
9414,36,50,36.0085629987251,50.0016801472108,6.34892402601849,12.2057269753593,-0.0085629987250897,-0.0016801472108483
9432,36,50,36.0099293826663,50.0007633855315,6.34488729173652,12.2112110714805,-0.00992938266634269,-0.000763385531520555
9450,36,50,36.0104049173395,49.9989163464054,6.34085055745456,12.2166951676018,-0.0104049173395424,0.00108365359463392
9468,36,50,36.0103854870329,49.9989000894189,6.33681382317259,12.222179263723,-0.0103854870329201,0.00109991058106118
9486,36,50,36.0098912801784,50.0005739520329,6.33277708889062,12.2276633598443,-0.00989128017841523,-0.000573952032866032
9504,36,50,36.0089415556961,50.0038097919501,6.32874035460866,12.2331474559655,-0.00894155569608301,-0.00380979195007569
9522,36,50,36.0075546912308,50.0084907981192,6.32470362032669,12.2271826483306,-0.00755469123078001,-0.00849079811915487
9540,36,50,36.0057482286385,50.0142262401877,6.32066688604473,12.1913225028978,-0.00574822863849533,-0.0142262401876749
9558,36,50,36.0035389168891,50.0180456957243,6.32471587885776,12.1794636235619,-0.00353891688907026,-0.0180456957243109
9576,36,50,36.0009814909443,50.0151295253374,6.3287648716708,12.167604744226,-0.000981490944290897,-0.0151295253374357
9594,36,50,35.9983771436011,50.0107009268283,6.33281386448384,12.161639936591,0.00162285639891735,-0.0107009268283136
9612,36,50,35.9961678253076,50.0050867236671,6.33686285729688,12.1885350456656,0.00383217469244812,-0.00508672366709106
9630,36,50,35.9946080819019,50.0003613301491,6.35704652870671,12.1940191417869,0.00539191809814099,-0.000361330149104333
9648,36,50,35.9936504644224,50.0020033145782,6.37723020011654,12.1995032379081,0.00634953557761264,-0.00200331457819658
9666,36,50,35.993062485133,50.0043553325128,6.39741387152637,12.2049873340294,0.0069375148670332,-0.0043553325127661
9684,36,50,35.9924501234505,50.0073011665119,6.4175975429362,12.1990225263944,0.00754987654948991,-0.00730116651191537
9702,36,50,35.9935402465443,50.0104534512512,6.43778121434602,12.1930577187595,0.0064597534556583,-0.0104534512512231
9720,36,50,35.9962825771303,50.0113329301191,6.44183020715906,12.1870929111245,0.00371742286969834,-0.0113329301191456
9738,36,50,36.0006669083578,50.008087415718,6.4458791999721,12.1811281034896,-0.000666908357757734,-0.00808741571799487
9756,36,50,36.0068303594044,50.0009368907218,6.42123601278656,12.2173093591039,-0.0068303594043968,-0.000936890721817463
9774,36,50,36.0146307447816,49.9911321009372,6.39659282560102,12.2750840378568,-0.0146307447816127,0.0088678990627642
9792,36,50,36.0226531240134,49.98724471854,6.36796004106272,12.3029198068199,-0.0226531240134307,0.0127552814600449
9810,36,50,36.0305998686107,49.9921084047728,6.33537016429319,12.330755575783,-0.0305998686106577,0.00789159522724958
9828,36,50,36.0352960610163,50.0010857760008,6.32240775527933,12.3028086748947,-0.0352960610163393,-0.00108577600076387
9846,36,50,36.036600604634,50.012832256591,6.30944534626547,12.2669485294619,-0.0366006046339677,-0.0128322565910111
9864,36,50,36.0347894123741,50.0199663373025,6.29845523736348,12.2252777287872,-0.0347894123741455,-0.0199663373024777
9882,36,50,36.0299315714826,50.0216207070091,6.28746512846149,12.2134188494513,-0.0299315714825639,-0.0216207070090917
9900,36,50,36.0247246360986,50.0187884232654,6.30382671962623,12.2015599701154,-0.0247246360985613,-0.0187884232653843
9918,36,50,36.0193147874239,50.0179914705334,6.32018831079098,12.1897010907795,-0.0193147874239088,-0.017991470533353
9936,36,50,36.0138413775334,50.0168511113936,6.33867070118013,12.1778422114436,-0.0138413775334314,-0.0168511113935921
9954,36,50,36.007931036591,50.015478572967,6.35715309156929,12.1659833321077,-0.00793103659104588,-0.0154785729669982
9972,36,50,36.003893658354,50.0137530722882,6.36120208438233,12.1600185244727,-0.00389365835404476,-0.0137530722882246
9990,36,50,36.001672832729,50.0115042071404,6.36525107719537,12.1540537168378,-0.00167283272895702,-0.0115042071404332
10008,36,50,36.0013823471785,50.00652659661,6.3693000700084,12.1480889092028,-0.00138234717847041,-0.00652659660999433
10026,36,50,36.0028615529789,49.9988850300633,6.37334906282144,12.1842701648172,-0.00286155297887092,0.00111496993670812
10044,36,50,36.0047366827451,49.9894560993197,6.37739805563448,12.24204484357,-0.00473668274506878,0.0105439006802897
10062,36,50,36.0069934740401,49.986951451338,6.37336132135251,12.2698806125331,-0.00699347404007256,0.0130485486620415
10080,36,50,36.0094756193264,49.9956650016706,6.36932458707055,12.2419337116448,-0.00947561932639474,0.00433499832944051
10098,36,50,36.0114167552634,50.0074240617859,6.36528785278858,12.206073566212,-0.0114167552634257,-0.00742406178589761
10116,36,50,36.0125700667983,50.011177562061,6.36125111850662,12.2001087585771,-0.0125700667982684,-0.011177562060972
10134,36,50,36.0129933554052,50.0069317374658,6.35721438422465,12.1941439509421,-0.0129933554051718,-0.00693173746576292
10152,36,50,36.0136594706711,50.0012102096233,6.35317764994268,12.2303252065564,-0.0136594706710511,-0.00121020962330221
10170,36,50,36.0145672007053,49.9961934711285,6.34914091566072,12.2665064621708,-0.0145672007053008,0.00380652887153587
10188,36,50,36.0151985148411,49.9998039953638,6.34111603854165,12.271990558292,-0.0151985148411029,0.000196004636173086
10206,36,50,36.0154160630937,50.0104710967153,6.33309116142258,12.2361304128592,-0.0154160630937383,-0.0104710967153352
10224,36,50,36.014545034483,50.0207241380634,6.32905442714061,12.1944596121845,-0.0145450344830138,-0.0207241380634429
10242,36,50,36.0127283017836,50.0227020155911,6.32501769285865,12.1826007328486,-0.0127283017836461,-0.0227020155910509
10260,36,50,36.01032152162,50.0169031248789,6.32098095857668,12.2064126189485,-0.0103215216200141,-0.0169031248789082
10278,36,50,36.0080562428915,50.0107023241001,6.31694422429472,12.2333077280231,-0.00805624289154139,-0.0107023241000519
10296,36,50,36.0062316398751,50.0114813700549,6.31290749001275,12.2273429203881,-0.00623163987506814,-0.0114813700549234
10314,36,50,36.0042007934546,50.0183247694451,6.31695648282579,12.1856721197134,-0.0042007934546433,-0.0183247694451225
10332,36,50,36.0013737557433,50.0231162839648,6.32100547563883,12.1738132403775,-0.00137375574334442,-0.0231162839647823
10350,36,50,35.9978540968311,50.0200940879542,6.32505446845186,12.1619543610416,0.00214590316889485,-0.0200940879541847
10368,36,50,35.9943772334738,50.0156796901092,6.34523813986169,12.1500954817057,0.00562276652622984,-0.0156796901091667
10386,36,50,35.9920973172203,50.0100380336587,6.36542181127152,12.1769905907803,0.00790268277974349,-0.0100380336586525
10404,36,50,35.9904641677184,50.0041501678337,6.38560548268135,12.2131718463947,0.00953583228162813,-0.00415016783371414
10422,36,50,35.9895319388798,50.0045855789256,6.40578915409118,12.2186559425159,0.0104680611201644,-0.0045855789255711
10440,36,50,35.9904999053263,50.011661324565,6.42597282550101,12.1827957970831,0.0095000946737045,-0.0116613245650115
10458,36,50,35.9926406098936,50.017603480042,6.44615649691084,12.1411249964084,0.00735939010643705,-0.0176034800419984
10476,36,50,35.9958894390106,50.0125024675092,6.45020548972388,12.1680201054831,0.00411056098940321,-0.0125024675092007
10494,36,50,36.0008741647667,49.9978631266107,6.45425448253692,12.2042013610974,-0.000874164766713648,0.00213687338927571
10512,36,50,36.0082336505501,49.9876035778125,6.42961129535137,12.2619760398502,-0.00823365055007486,0.0123964221874999
10530,36,50,36.0176490759602,49.9834013231357,6.40097851081308,12.3173174767511,-0.0176490759601649,0.0165986768642838
10548,36,50,36.0265243183904,49.9884990869315,6.36838863404355,12.3013796343365,-0.0265243183903792,0.0115009130685237
10566,36,50,36.0345283958748,49.9998421885436,6.33579875727402,12.2734327334482,-0.0345283958748155,0.000157811456368506
10584,36,50,36.0389350215212,50.0049484580118,6.32283634826016,12.2454858325599,-0.0389350215212332,-0.00494845801181754
10602,36,50,36.0398214676548,50.0026164705662,6.3098739392463,12.2509699286812,-0.0398214676547539,-0.00261647056620973
10620,36,50,36.0381991052815,49.9980835647921,6.29691153023244,12.2564540248024,-0.0381991052815138,0.00191643520788887
10638,36,50,36.0344270137917,49.9986907732336,6.28592142133045,12.2619381209237,-0.0344270137917135,0.00130922676638079
10656,36,50,36.0300918845833,50.0047109504111,6.27493131242846,12.2339912200354,-0.0300918845832854,-0.00471095041109493
10674,36,50,36.0246480500893,50.0147754530113,6.2912929035932,12.1981310746025,-0.0246480500892687,-0.0147754530112607
10692,36,50,36.0181434168524,50.0198058663708,6.30765449475794,12.1564602739279,-0.018143416852368,-0.019805866370838
10710,36,50,36.0108934828499,50.0187705103229,6.3261368851471,12.144601394592,-0.0108934828498803,-0.018770510322895
10728,36,50,36.003631880193,50.0119851419773,6.35134523991611,12.1714965036666,-0.00363188019300509,-0.011985141977334
10746,36,50,35.998790971839,50.0064534758928,6.35539423272915,12.1983916127412,0.00120902816102841,-0.00645347589279766
10764,36,50,35.9962738577196,50.0090051825803,6.35944322554219,12.1924268051062,0.00372614228037094,-0.00900518258031724
10782,36,50,35.9955773238687,50.0146551487597,6.36349221835522,12.1565666596734,0.0044226761312629,-0.0146551487597293
10800,36,55,35.9964685946645,50.0159508338487,6.36754121116826,19.1565666596734,0.00353140533547958,4.98404916615129
10818,36,55,35.9972467270217,50.1817806616067,6.3715902039813,23.776328635871,0.00275327297828198,4.81821933839334
10836,36,55,35.9985697022536,51.7630325111211,6.37563919679434,22.276328635871,0.00143029774640979,3.23696748887895
10854,36,55,35.9770960419808,54.0217410822823,6.46003628509479,20.776328635871,0.0229039580192278,0.97825891771771
10872,36,55,35.8272834123541,55.7369261998322,7.49580259032217,18.3731219191495,0.172716587645866,-0.736926199832226
10890,36,55,35.6171654212282,56.9397434189547,9.10870581612863,13.9941364444902,0.382834578771778,-1.93974341895468
10908,36,55,35.4512040158014,57.461318360648,11.1371605280599,12.2008908654448,0.548795984198577,-2.46131836064801
10926,36,55,35.3411527359194,57.0603814909513,12.7861593502036,12.3519974993223,0.658847264080613,-2.06038149095129
10944,36,55,35.3882555322077,56.3625187856017,13.2876835905419,12.3004433848322,0.61174446779232,-1.36251878560165
10962,36,55,35.6596748368291,55.7333754425187,12.399525695805,12.5411740915432,0.340325163170853,-0.733375442518707
10980,36,55,36.1297124863718,55.0052928880538,11.399525695805,10.1534860748085,-0.129712486371844,-0.00529288805381611
10998,36,55,36.7222332396523,54.0891379031412,9.87967010013715,8.28090296171904,-0.722233239652297,0.910862096858807
11016,36,55,37.3321834867236,52.4598762628037,8.03402606978464,12.0365615794536,-1.33218348672357,2.54012373719625
11034,36,55,37.8456086786239,50.473192569807,6.86828704690276,19.0365615794536,-1.84560867862393,4.52680743019302
11052,36,55,38.2947655484069,49.4595543896146,5.86828704690276,26.0365615794536,-2.29476554840694,5.54044561038543
11070,36,55,38.6074009666985,50.1092007025758,4.86828704690276,25.5863665599516,-2.60740096669853,4.89079929742419
11088,36,55,38.6604136259476,52.1055815873115,3.86828704690276,24.0863665599516,-2.66041362594758,2.89441841268851
11106,36,55,38.4701812611562,53.9662484764615,3.75221354143637,22.5863665599516,-2.47018126115625,1.03375152353851
11124,36,55,38.0882680109411,55.551967331333,3.75221354143637,20.4334184000783,-2.08826801094111,-0.551967331333039
11142,36,55,37.6497063425739,56.8028138382334,4.09861877019454,16.3278123992887,-1.6497063425739,-1.80281383823342
11160,36,55,37.1770039689389,57.5700766920232,4.73323713217008,12.5846363518913,-1.17700396893886,-2.57007669202324
11178,36,55,36.7470484713583,57.5510937482609,5.53966376786501,11.63180488818,-0.747048471358283,-2.55109374826091
11196,36,55,36.3858572311595,56.9555594620978,6.44191940696275,12.0883075372448,-0.385857231159548,-1.9555594620978
11214,36,55,36.1506646052255,56.2965381758841,7.38309587755099,12.3933904756334,-0.150664605225479,-1.29653817588414
11232,36,55,36.0444009890165,55.822157988313,7.69217883425022,13.3831301740927,-0.0444009890164665,-0.822157988312966
11250,36,55,36.0253668392667,55.4533080829345,7.72789687185921,14.2094713894499,-0.0253668392667024,-0.453308082934484
11268,36,55,36.0761992266084,55.2613839378312,7.57822003775103,14.6551639340645,-0.0761992266083524,-0.261383937831248
11286,36,55,36.1953914472333,55.1588225332507,7.13371385633695,14.8920283010163,-0.195391447233334,-0.158822533250742
11304,36,55,36.3159369220098,55.0391422357526,6.65448479005228,15.2345817019415,-0.315936922009783,-0.0391422357525641
11322,36,55,36.4185630388974,54.8638244957985,6.23047280710493,16.1172410446823,-0.418563038897446,0.136175504201489
11340,36,55,36.4942630747299,54.7470997233838,5.8580489133922,17.0809650195891,-0.494263074729865,0.252900276616245
11358,36,55,36.5222688131107,54.8218646517082,5.6256596613951,17.1201477791749,-0.522268813110685,0.178135348291811
11376,36,55,36.4980984428893,55.089597350326,5.56113659439865,16.2860904377327,-0.498098442889265,-0.0895973503259597
11394,36,55,36.4195224108382,55.3746063980711,5.64304197213332,15.3609227401981,-0.419522410838212,-0.374606398071073
11412,36,55,36.2957174611914,55.516009550158,5.87991524493238,14.754912308871,-0.29571746119138,-0.516009550158024
11430,36,55,36.1593337532852,55.5153643241985,6.26506821899667,14.582909643794,-0.159333753285203,-0.515364324198515
11448,36,55,36.040092964705,55.4526959952439,6.61878067516377,14.622043481519,-0.0400929647050248,-0.4526959952439
11466,36,55,35.950343987981,55.4040704986387,6.9921637929128,14.6486730640263,0.0496560120190424,-0.404070498638653
11484,36,55,35.8956527073175,55.3859191367034,7.32928032285999,14.5932201989617,0.104347292682512,-0.385919136703372
11502,36,55,35.8790752488809,55.3701297849138,7.61270981977263,14.5437328618979,0.120924751119112,-0.370129784913843
11520,36,55,35.893376008437,55.3181179806101,7.70209307530943,14.5918941129013,0.106623991563019,-0.318117980610083
11538,36,55,35.9395847703408,55.2163171629757,7.65632124786922,14.8069874119177,0.060415229659192,-0.216317162975699
11556,36,55,36.0147199010499,55.0920970134448,7.44163346150974,15.1284470122652,-0.0147199010499364,-0.0920970134448282
11574,36,55,36.1119241905563,54.9765477083068,7.11363238609638,15.5411863713286,-0.111924190556309,0.0234522916932463
11592,36,55,36.2113163666987,54.8931620765908,6.75134127753662,16.0661408688859,-0.211316366698732,0.106837923409216
11610,36,55,36.2975845588401,54.8656648265054,6.39835857368911,16.4977408308594,-0.297584558840086,0.134335173494634
11628,36,55,36.3544834709788,54.9316383824829,6.12749702561118,16.3887808152937,-0.35448347097882,0.0683616175170982
11646,36,55,36.371601251554,55.0700441911798,5.96855389422507,15.9393207510851,-0.371601251553969,-0.0700441911797753
11664,36,55,36.3461342248172,55.187165637539,5.95870070671891,15.4987593606214,-0.346134224817177,-0.18716563753901
11682,36,55,36.2843149198881,55.2381734322855,6.02737760338165,15.2304867080071,-0.284314919888132,-0.238173432285492
11700,36,55,36.2049647764305,55.2429037833645,6.17025175506637,15.1500129758479,-0.204964776430486,-0.24290378336454
11718,36,55,36.1241996592689,55.2439823911729,6.33858942061904,15.0695392436888,-0.124199659268903,-0.243982391172906
11736,36,55,36.0539521693424,55.2682384903917,6.49910306427875,14.8769920648403,-0.0539521693424234,-0.268238490391724
11754,36,55,35.9971292928286,55.2964528058031,6.65058134630819,14.6269689145486,0.00287070717143934,-0.296452805803071
11772,36,55,35.9564500361396,55.286859323751,6.82917270695112,14.570039127952,0.0435499638604284,-0.286859323750988
11790,36,55,35.9338381012218,55.22589759415,7.01514233191238,14.67169678891,0.0661618987781623,-0.22589759414997
11808,36,55,35.9299849220927,55.1483562142494,7.11024694698896,14.8556764096289,0.0700150779073212,-0.148356214249432
11826,36,55,35.9438348650614,55.0832222654365,7.15049244452393,15.0359264338561,0.0561651349385528,-0.0832222654365324
11844,36,55,35.9733269885868,55.0441419152203,7.11795095412367,15.1422361100053,0.0266730114131519,-0.0441419152203295
11862,36,55,36.0152628690087,55.0251505064595,7.01884069395923,15.1926363471829,-0.0152628690086729,-0.0251505064595108
11880,36,55,36.0600876427455,55.0039686940959,6.9037837186301,15.2587607108919,-0.0600876427454509,-0.00396869409587453
11898,36,55,36.1031772533826,54.9695465678828,6.77333475678643,15.4307144612624,-0.103177253382597,0.0304534321171843
11916,36,55,36.1396450790431,54.9394747051438,6.62802008641566,15.6826921934629,-0.139645079043071,0.0605252948561557
11934,36,55,36.1649476867761,54.9425870524327,6.50069695262369,15.8002927468772,-0.164947686776081,0.0574129475673075
11952,36,55,36.1774433579411,54.997371467445,6.423610026972,15.6525734136104,-0.177443357941129,0.00262853255502193
11970,36,55,36.174223763991,55.0758883625913,6.3833581949976,15.3734766019039,-0.174223763990959,-0.0758883625913143
11988,36,55,36.153894111271,55.1257816743517,6.39335919509761,15.1567259602079,-0.153894111271001,-0.125781674351671
12006,36,55,36.1220048361883,55.129959830207,6.43094140618436,15.1103450046605,-0.122004836188324,-0.129959830206992
12024,36,55,36.0881534512083,55.1117449677796,6.47534356286054,15.136209551073,-0.0881534512082993,-0.111744967779629
12042,36,55,36.0575615577397,55.1055320849674,6.52674092874554,15.1332833879231,-0.0575615577396533,-0.105532084967379
12060,36,55,36.0327091213242,55.1172487868233,6.56245896635453,15.0395242317555,-0.0327091213241886,-0.117248786823254
12078,36,55,36.0126132013721,55.1326255566552,6.60271746831448,14.9079160046518,-0.0126132013721261,-0.132625556655164
12096,36,55,35.9966307478572,55.12672737214,6.64996239877419,14.8991146225089,0.00336925214281791,-0.126727372139996
12114,36,55,35.9859397134368,55.0937819085145,6.69103437741676,14.9599313036557,0.0140602865631649,-0.0937819085145435
12132,36,55,35.9806809165835,55.0599353015211,6.75239034428454,15.0302506707814,0.0193190834164696,-0.0599353015211079
12150,36,55,35.9812422236872,55.0375232561813,6.79251472987989,15.0774994157366,0.018757776312782,-0.037523256181295
12168,36,55,35.9856877963872,55.0280098283456,6.81269840128972,15.0982524545744,0.0143122036128318,-0.0280098283456027
12186,36,55,35.9923209701363,55.0240584479307,6.80243040662907,15.0863935752385,0.00767902986365954,-0.0240584479306989
12204,36,55,36.0026499847763,55.0181306397615,6.78339552649737,15.1102054613384,-0.00264998477634748,-0.0181306397614946
12222,36,55,36.0151884168359,55.0051616548501,6.75476274195908,15.137100570413,-0.0151884168358762,-0.00516165485007036
12240,36,55,36.0286109674033,54.9900501484431,6.72217286518955,15.2247587036932,-0.0286109674033241,0.00994985155688255
12258,36,55,36.0407074757176,54.9775410530867,6.68565800567033,15.3100846288842,-0.0407074757175963,0.0224589469133178
12276,36,55,36.0501392529302,54.9814390554613,6.6452498836378,15.365426065785,-0.0501392529302152,0.0185609445387485
12294,36,55,36.0559266208634,55.0027751004793,6.60097983634934,15.3075360568021,-0.0559266208634241,-0.00277510047931173
12312,36,55,36.0568736989506,55.0327575360411,6.58401207509572,15.200806142779,-0.0568736989505538,-0.032757536041089
12330,36,55,36.0529825482818,55.0494507926517,6.56908521670185,15.1125621972941,-0.0529825482818111,-0.0494507926516761
12348,36,55,36.0449836175045,55.0462658106543,6.58125683654159,15.0903560585304,-0.0449836175044638,-0.0462658106543046
12366,36,55,36.0348551644455,55.0311622535789,6.59551490762826,15.140756295708,-0.0348551644454531,-0.0311622535788842
12384,36,55,36.0256600840418,55.0204659573574,6.60977297871493,15.1645681818078,-0.0256600840418386,-0.020465957357402
12402,36,55,36.0170784982599,55.0271932408981,6.62613456987967,15.1171326644642,-0.0170784982599059,-0.0271932408980859
12420,36,55,36.0100072186316,55.0397554335837,6.64461696026883,15.0639778263896,-0.0100072186315998,-0.0397554335836929
12438,36,55,36.0034729377542,55.0434369360121,6.66982531503784,15.0447577981345,-0.0034729377541538,-0.0434369360121352
12456,36,55,35.9981788745755,55.0355308140058,6.69503366980685,15.0624760774927,0.00182112542445623,-0.0355308140057673
12474,36,55,35.9954671020989,55.02408762767,6.69908266261988,15.0862879635925,0.00453289790105771,-0.0240876276699851
12492,36,55,35.9954152348322,55.0163803479717,6.70313165543292,15.1100998496924,0.0045847651677704,-0.016380347971662
12510,36,55,35.997796245749,55.0127362207684,6.70718064824596,15.1041350420574,0.00220375425102759,-0.0127362207683959
12528,36,55,36.0017970885546,55.0114726147087,6.711229641059,15.0981702344224,-0.00179708855458927,-0.0114726147086941
12546,36,55,36.0055015428908,55.0057090516129,6.70719290677703,15.1250653434971,-0.00550154289079074,-0.00570905161285395
12564,36,55,36.0090393706581,54.9968047088493,6.70315617249507,15.1612465991114,-0.00903937065808691,0.00319529115071759
12582,36,55,36.0129179000064,54.9939364515002,6.6991194382131,15.1890823680745,-0.0129179000063573,0.00606354849983148
12600,36,55,36.0169720403667,54.9980242947996,6.69109456109403,15.1945664641958,-0.01697204036671,0.00197570520043655
12618,36,55,36.0199478235905,55.0062256884664,6.68306968397496,15.1587063187629,-0.0199478235904849,-0.00622568846638671
12636,36,55,36.0217765140009,55.0129951657031,6.67504480685589,15.1228461733301,-0.0217765140008908,-0.0129951657030958
12654,36,55,36.0227100958217,55.0116706194342,6.66701992973683,15.1168813656952,-0.0227100958216795,-0.0116706194341845
12672,36,55,36.0229615088318,55.003840880845,6.65899505261776,15.1530626213095,-0.0229615088317843,-0.0038408808449546
12690,36,55,36.0232257733299,54.9969418946024,6.65097017549869,15.1892438769238,-0.0232257733299122,0.003058105397578
12708,36,55,36.0233758803417,54.9993783254196,6.64294529837962,15.1947279730451,-0.023375880341689,0.000621674580422393
12726,36,55,36.0227634225625,55.0095473765907,6.63492042126055,15.1588678276123,-0.0227634225625408,-0.00954737659067462
12744,36,55,36.0207253046898,55.019948187195,6.62689554414148,15.1171970269376,-0.020725304689762,-0.0199481871950411
12762,36,55,36.0174357850057,55.0226911741675,6.61887066702241,15.1053381476017,-0.0174357850056879,-0.0226911741675053
12780,36,55,36.0135966542255,55.0182478682626,6.61483393274045,15.0934792682658,-0.0135966542254948,-0.0182478682626339
12798,36,55,36.0099185260662,55.013018925085,6.61079719845848,15.1203743773404,-0.00991852606617982,-0.0130189250850492
12816,36,55,36.0063644944702,55.0081110262792,6.60676046417651,15.1144095697055,-0.00636449447023324,-0.00811102627923788
12834,36,55,36.0024389446942,55.0100504644838,6.61080945698955,15.1084447620705,-0.00243894469420525,-0.0100504644837613
12852,36,55,35.9983522615087,55.0120276024392,6.61485844980259,15.1024799544355,0.00164773849130739,-0.0120276024392041
12870,36,55,35.9935853474005,55.0140359351771,6.63504212121242,15.0965151468006,0.00641465259948149,-0.0140359351770556
12888,36,55,35.9887542337819,55.0156280405564,6.65522579262225,15.0846562674647,0.0112457662181171,-0.0156280405564218
12906,36,55,35.9845390015958,55.0167190310429,6.69535017821759,15.0727973881288,0.015460998404194,-0.016719031042939
12924,36,55,35.9809984193747,55.0161378246501,6.73547456381294,15.0609385087929,0.0190015806253214,-0.0161378246500661
12942,36,55,35.9794870625861,55.0130486771594,6.77559894940829,15.0549737011579,0.020512937413919,-0.0130486771594462
12960,36,55,35.980133679005,55.0075334738504,6.81572333500363,15.0818688102325,0.0198663209949643,-0.00753347385043668
12978,36,55,35.9845424029326,54.9996707080142,6.85584772059898,15.1180500658469,0.0154575970673747,0.000329291985849522
12996,36,55,35.9925670854511,54.9956041707239,6.84557972593833,15.1235341619681,0.0074329145489429,0.00439582927607773
13014,36,55,36.0038796341711,54.9932426719587,6.82654484580663,15.1513699309312,-0.00387963417108494,0.00675732804133844
13032,36,55,36.0178083189976,54.9868175293818,6.79791206126834,15.2091446096841,-0.0178083189975666,0.0131824706181902
13050,36,55,36.0339888705827,54.9813342513738,6.74328447433694,15.2944705348751,-0.0339888705826894,0.018665748626205
13068,36,55,36.0485091786343,54.9826882431259,6.70287635230441,15.349811971776,-0.0485091786342764,0.0173117568740935
13086,36,55,36.0601747969094,54.9951281725707,6.65860630501595,15.3218650708877,-0.0601747969093722,0.00487182742928383
13104,36,55,36.0675761061808,55.0160139201119,6.61050529289049,15.2504294125882,-0.0675761061808444,-0.0160139201118596
13122,36,55,36.0684219853633,55.029133822619,6.59148436987517,15.2029938952446,-0.0684219853633437,-0.0291338226190376
13140,36,55,36.0649210010994,55.0294963953398,6.57451660862155,15.1867521391663,-0.0649210010993784,-0.0294963953397769
13158,36,55,36.0583968400681,55.0270164915203,6.58256570812854,15.1705103830879,-0.058396840068113,-0.027016491520321
13176,36,55,36.0493682263513,55.0266556039109,6.59266773863667,15.1542686270096,-0.0493682263513193,-0.0266556039109389
13194,36,55,36.0398256296554,55.0291355383523,6.60483935847641,15.1380268709312,-0.0398256296553967,-0.0291355383522713
13212,36,55,36.0295430141011,55.0346016229456,6.61909742956308,15.0905913535876,-0.0295430141011153,-0.0346016229456296
13230,36,55,36.0206491620175,55.0387112026821,6.63545902072782,15.0713713253325,-0.0206491620174845,-0.0387112026820802
13248,36,55,36.0132715788232,55.0359060433563,6.65394141111698,15.0521512970774,-0.0132715788232218,-0.0359060433562917
13266,36,55,36.0076414576159,55.0291254617949,6.67242380150614,15.0729043359153,-0.00764145761586121,-0.0291254617948979
13284,36,55,36.0042905350607,55.0193540031095,6.67647279431918,15.0967162220151,-0.00429053506071853,-0.0193540031095196
13302,36,55,36.0028457453783,55.0140839831937,6.68052178713222,15.1236113310897,-0.00284574537825222,-0.0140839831937072
13320,36,55,36.0032801250257,55.0130906510774,6.68457077994525,15.1176465234547,-0.00328012502567532,-0.0130906510773769
13338,36,55,36.0047924017579,55.0152671384713,6.68861977275829,15.1057876441188,-0.00479240175793905,-0.015267138471323
13356,36,55,36.0060902500301,55.013524162233,6.68458303847633,15.0998228364839,-0.0060902500300557,-0.0135241622330398
13374,36,55,36.0072603218784,55.0073331390773,6.68054630419436,15.1267179455585,-0.00726032187844794,-0.00733313907734612
13392,36,55,36.0088799623463,55.0007067510749,6.67650956991239,15.1628992011728,-0.00887996234627053,-0.000706751074901035
13410,36,55,36.0109667361149,55.0000791373063,6.67247283563043,15.1683832972941,-0.0109667361149164,-7.9137306300936e-05
13428,36,55,36.0126110332334,55.0058128392135,6.66843610134846,15.1325231518612,-0.0126110332334477,-0.00581283921350462
13446,36,55,36.0132592854144,55.0105597310221,6.66439936706649,15.1265583442263,-0.0132592854144207,-0.0105597310220844
13464,36,55,36.0129154156417,55.0083490045072,6.66036263278453,15.1205935365913,-0.0129154156416504,-0.00834900450716702
13482,36,55,36.0122735988131,55.0055467033116,6.65632589850256,15.1146287289564,-0.0122735988131097,-0.00554670331155194
13500,36,55,36.0119162172227,55.0022515956711,6.6522891642206,15.1201128250776,-0.0119162172226908,-0.00225159567110467
13518,36,55,36.0113238085748,54.9988355143213,6.64825242993863,15.1255969211989,-0.0113238085748009,0.0011644856787143
13536,36,55,36.0105002460416,54.9975072602453,6.64421569565666,15.1310810173201,-0.0105002460416159,0.00249273975474296
13554,36,55,36.0094107790725,54.9980973484059,6.6401789613747,15.1365651134414,-0.00941077907251753,0.00190265159407232
13572,36,55,36.0078747340646,55.0004517745378,6.63614222709273,15.1420492095626,-0.00787473406458616,-0.000451774537836513
13590,36,55,36.0059108638037,55.0044305301524,6.63210549281077,15.1475333056839,-0.00591086380369887,-0.00443053015237638
13608,36,55,36.0035370300738,55.0099062625912,6.6361544856238,15.1116731602511,-0.0035370300737867,-0.00990626259117988
13626,36,55,36.0007702511486,55.0157368459065,6.64020347843684,15.0700023595764,-0.000770251148622947,-0.0157368459065097
13644,36,55,35.9976267465252,55.0139766236395,6.64425247124988,15.0640375519414,0.00237325347483619,-0.0139766236394649
13662,36,55,35.9943025830112,55.0051943727704,6.66443614265971,15.090932661016,0.00569741698878801,-0.00519437277037582
13680,36,55,35.9921790083456,54.9976607327511,6.68461981406954,15.1271139166304,0.00782099165439121,0.00233926724892086
13698,36,55,35.9911672695603,54.9975791232908,6.70480348547937,15.1325980127516,0.00883273043969268,0.00242087670919489
13716,36,55,35.9905956367018,55.0042108886525,6.7249871568892,15.1046511118633,0.00940436329818084,-0.00421088865248009
13734,36,55,35.9912423492807,55.0102272136183,6.74517082829903,15.0687909664305,0.00875765071928214,-0.0102272136182506
13752,36,55,35.9930415754803,55.0088849335162,6.76535449970886,15.0628261587956,0.00695842451972339,-0.00888493351619957
13770,36,55,35.9965931171297,54.9980803166305,6.76940349252189,15.0990074144099,0.00340688287034396,0.00191968336949344
13788,36,55,36.002414080184,54.9852410968616,6.75036861239019,15.1567820931628,-0.00241408018398914,0.0147589031384427
13806,36,55,36.0104405964991,54.978869034021,6.72572542520465,15.2421080183537,-0.0104405964990661,0.0211309659789976
13824,36,55,36.0198699942467,54.9829054103267,6.69709264066636,15.2974494552546,-0.0198699942466618,0.0170945896732917
13842,36,55,36.0284229118736,55.0006042386392,6.66450276389683,15.2395594462717,-0.0284229118735979,-0.000604238639169807
13860,36,55,36.0337369709342,55.0222440736494,6.6319128871273,15.1681237879723,-0.0337369709341786,-0.0222440736493894
13878,36,55,36.0351155818638,55.0279880068757,6.61895047811344,15.1206882706286,-0.0351155818637565,-0.0279880068757166
13896,36,55,36.0332527446541,55.0204378015992,6.60796036921145,15.1445001567285,-0.0332527446540709,-0.0204378015991722
13914,36,55,36.0298350546214,55.0081725916092,6.59697026030946,15.1713952658031,-0.0298350546213513,-0.00817259160923811
13932,36,55,36.0251051272889,55.0059831953768,6.58598015140747,15.1654304581681,-0.0251051272888816,-0.0059831953767997
13950,36,55,36.0200861747067,55.0134151992753,6.60234174257221,15.1295703127353,-0.0200861747067478,-0.0134151992753146
13968,36,55,36.0137537906073,55.0225695200622,6.62082413296137,15.0878995120606,-0.0137537906072822,-0.0225695200621914
13986,36,55,36.0062276204942,55.0252785151906,6.63930652335053,15.0716577559823,-0.00622762049424352,-0.0252785151906068
14004,36,55,35.9983360180039,55.0215672515851,6.66451487811954,15.0597988766464,0.00166398199606732,-0.0215672515851253
14022,36,55,35.992905104764,55.0170547278524,6.70558685676211,15.0479399973105,0.0070948952360439,-0.0170547278524396
14040,36,55,35.9900188610203,55.0122900194399,6.72577052817194,15.0419751896755,0.00998113897968977,-0.0122900194398667
14058,36,55,35.9891753338545,55.0040371654693,6.74595419958177,15.0781564452898,0.0108246661455311,-0.004037165469299
14076,36,55,35.9908760675805,54.9943551522118,6.7661378709916,15.1359311240427,0.00912393241952714,0.00564484778824692
14094,36,55,35.9962456664052,54.9915736228221,6.7471029908599,15.1637668930058,0.00375433359484134,0.00842637717788364
14112,36,55,36.0031646469741,54.9970583717499,6.72806811072819,15.1358199921175,-0.00316464697412755,0.00294162825011313
14130,36,55,36.0108252859989,55.0010578388681,6.70342492354265,15.1413040882388,-0.0108252859988625,-0.00105783886807842
14148,36,55,36.0187839092744,54.9962891617724,6.67479213900436,15.14678818436,-0.0187839092744184,0.00371083822756901
14166,36,55,36.0244425579251,54.9897511104886,6.64615935446606,15.2045628631129,-0.0244425579251342,0.0102488895114092
14184,36,55,36.0286571220826,54.9833749424312,6.63516924556407,15.2898887883039,-0.0286571220825707,0.0166250575688238
14202,36,55,36.0304183291786,54.992476391847,6.62417913666208,15.2739509458893,-0.0304183291786302,0.00752360815295816
14220,36,55,36.0292948474924,55.0185028882831,6.61318902776009,15.1727504299651,-0.0292948474924444,-0.0185028882831375
14238,36,55,36.024527991259,55.0395377237752,6.60516415064103,15.0900651262935,-0.0245279912589922,-0.039537723775247
14256,36,55,36.0176518845944,55.0411962049097,6.62152574180577,15.0708450980384,-0.0176518845944429,-0.0411962049096815
14274,36,55,36.0107197662855,55.0304439793879,6.64000813219492,15.0915981368762,-0.0107197662855327,-0.0304439793878544
14292,36,55,36.0050538017592,55.0195003078146,6.65849052258408,15.115410022976,-0.00505380175921033,-0.0195003078145675
14310,36,55,36.0003990874269,55.0160883270326,6.66253951539712,15.1035511436401,-0.000399087426941946,-0.0160883270325698
14328,36,55,35.9975667059943,55.0191962402735,6.66658850821016,15.0916922643042,0.00243329400571213,-0.0191962402735157
14346,36,55,35.996007250059,55.020775821345,6.67063750102319,15.0798333849683,0.0039927499409913,-0.0207758213450475
14364,36,55,35.9956949762635,55.0179227780889,6.67468649383623,15.0679745056324,0.0043050237364568,-0.0179227780889448
14382,36,55,35.9959715053498,55.0106374186794,6.67873548664927,15.094869614707,0.00402849465022115,-0.0106374186793516
14400,36,55,35.9968112779587,55.0003654518896,6.68278447946231,15.1310508703214,0.00318872204130116,-0.000365451889635438
14418,36,55,35.9981899906933,54.9965839584432,6.68683347227535,15.1365349664426,0.00181000930674458,0.00341604155679676
14436,36,55,35.9999533997142,54.9996025005334,6.69088246508838,15.1420190625639,4.66002858416914e-05,0.00039749946662937
14454,36,55,36.0014226976536,55.0029229561431,6.69493145790142,15.1475031586851,-0.00142269765360936,-0.00292295614312366
14472,36,55,36.0025803559524,55.0064785993901,6.69898045071446,15.1415383510502,-0.00258035595244621,-0.00647859939013529
14490,36,55,36.0039598254706,55.0099263616821,6.7030294435275,15.1355735434152,-0.00395982547062346,-0.00992636168211902
14508,36,55,36.0055572207314,55.0110832553039,6.69899270924553,15.1296087357802,-0.0055572207314043,-0.0110832553039231
14526,36,55,36.0074073088247,55.010141922599,6.69495597496357,15.1236439281453,-0.00740730882473173,-0.0101419225990398
14544,36,55,36.0096908059551,55.0072771348722,6.6909192406816,15.1176791205103,-0.00969080595508842,-0.00727713487217585
14562,36,55,36.0123483134714,55.0026475167455,6.68688250639963,15.1231632166316,-0.0123483134713922,-0.00264751674549757
14580,36,55,36.0146824092539,54.9966812790031,6.68284577211767,15.1593444722459,-0.0146824092538793,0.00331872099687303
14598,36,55,36.0166992620569,54.992530942619,6.6748208949986,15.187180241209,-0.0166992620569317,0.00746905738104431
14616,36,55,36.0183663783764,54.9965910641482,6.66679601787953,15.1926643373303,-0.0183663783764487,0.00340893585183721
14634,36,55,36.0194014354494,55.0059695551211,6.65877114076046,15.1568041918975,-0.0194014354494243,-0.0059695551211405
14652,36,55,36.0193381444055,55.0149451660753,6.65074626364139,15.1209440464647,-0.0193381444055163,-0.0149451660752931
14670,36,55,36.0181107068068,55.0158038505229,6.64272138652233,15.1090851671288,-0.0181107068068371,-0.0158038505229285
14688,36,55,36.01627614485,55.0100472330459,6.63469650940326,15.1359802762034,-0.0162761448499538,-0.010047233045924
14706,36,55,36.0145266954357,55.0043594838719,6.63065977512129,15.1721615318177,-0.0145266954356771,-0.00435948387186613
14724,36,55,36.0127526232382,55.0063482093745,6.62662304083932,15.1661967241827,-0.0127526232382422,-0.00634820937445824
14742,36,55,36.0104095532027,55.0160341503468,6.62258630655736,15.1245259235081,-0.0104095532026918,-0.0160341503467833
14760,36,55,36.0068678204256,55.0238938018554,6.61854957227539,15.0828551228334,-0.00686782042564715,-0.0238938018553938
14778,36,55,36.0025120874126,55.0234414122692,6.62259856508843,15.0709962434975,-0.00251208741256903,-0.0234414122692428
14796,36,55,35.9981974073385,55.0162389555528,6.62664755790147,15.0948081295973,0.00180259266150529,-0.0162389555527511
14814,36,55,35.9944971116623,55.0090202614955,6.6468312293113,15.1217032386719,0.00550288833774459,-0.00902026149547908
14832,36,55,35.9913031054461,55.0086155709791,6.66701490072113,15.115738431037,0.0086968945539212,-0.00861557097908161
14850,36,55,35.988648695356,55.0141427569085,6.68719857213096,15.0798782856042,0.0113513046440303,-0.0141427569085408
14868,36,55,35.9860025612223,55.0179723464072,6.70738224354079,15.0680194062683,0.0139974387777499,-0.0179723464071628
14886,36,55,35.9848025065074,55.0142324081882,6.74750662913613,15.0620545986333,0.015197493492586,-0.0142324081882137
14904,36,55,35.9856561732349,55.0080338564762,6.76769030054596,15.0889497077079,0.0143438267650779,-0.00803385647622434
14922,36,55,35.988898641088,54.999461677276,6.78787397195579,15.1251309633222,0.0111013589120006,0.000538322723997453
14940,36,55,35.9941211535819,54.9949825868249,6.77760597729515,15.1529667322854,0.00587884641806369,0.00501741317511062
14958,36,55,36.0026265746531,54.9955486686039,6.75857109716345,15.1584508284066,-0.00262657465314931,0.00445133139614029
14976,36,55,36.0120636254365,54.9980345058738,6.7339279099779,15.1639349245279,-0.0120636254365039,0.00196549412616775
14994,36,55,36.0221464374426,54.9956621756268,6.70529512543961,15.1694190206491,-0.0221464374425722,0.00433782437318797
15012,36,55,36.0304815105326,54.9910744990101,6.67270524867008,15.1972547896122,-0.0304815105326028,0.00892550098989631
15030,36,55,36.0367390433108,54.9853712572966,6.63619038915086,15.2550294683651,-0.0367390433108454,0.0146287427034011
15048,36,55,36.0404951744563,54.987448018821,6.623227980137,15.2828652373282,-0.0404951744563391,0.0125519811789587
15066,36,55,36.0414003516062,55.0027646537424,6.61026557112314,15.2249752283453,-0.0414003516062351,-0.00276465374241752
15084,36,55,36.0387302052965,55.0232166851693,6.59730316210928,15.1535395700458,-0.0387302052964884,-0.0232166851693023
15102,36,55,36.0320183644149,55.0326091702307,6.61156123319595,15.1061040527022,-0.0320183644148955,-0.0326091702306854
15120,36,55,36.024188777562,55.0309121074242,6.62792282436069,15.0898622966239,-0.0241887775620313,-0.0309121074242142
15138,36,55,36.0167285994749,55.0249432291182,6.64428441552543,15.1136741827237,-0.0167285994749022,-0.0249432291182359
15156,36,55,36.0098582428358,55.0193592584065,6.66276680591459,15.1374860688235,-0.00985824283579717,-0.0193592584065172
15174,36,55,36.0053167604967,55.0217792568222,6.65873007163262,15.1256271894876,-0.00531676049671148,-0.0217792568221853
15192,36,55,36.0025336000577,55.0301952090526,6.66277906444566,15.078191672144,-0.00253360005770276,-0.0301952090525788
15210,36,55,36.0008038613272,55.0330357566788,6.6668280572587,15.0619499160656,-0.000803861327192124,-0.0330357566787853
15228,36,55,36.0002977302972,55.0244961870681,6.67087705007173,15.0857618021654,-0.000297730297162957,-0.0244961870681237
15246,36,55,35.9998369571283,55.012374098216,6.67492604288477,15.11265691124,0.000163042871719199,-0.0123740982160285
15264,36,55,36.000566062615,55.0045813945935,6.67897503569781,15.1488381668544,-0.000566062615035889,-0.0045813945934583
15282,36,55,36.0017746118109,55.0040380524785,6.68302402851085,15.1543222629756,-0.00177461181090877,-0.00403805247850642
15300,36,55,36.002778293891,55.0100331467914,6.68707302132389,15.1184621175428,-0.00277829389102635,-0.0100331467913861
15318,36,55,36.0035208606371,55.0150661778301,6.69112201413692,15.0767913168681,-0.0035208606371171,-0.0150661778301213
15336,36,55,36.0039831613044,55.011251870903,6.69517100694996,15.0708265092332,-0.00398316130436172,-0.0112518709029885
15354,36,55,36.0048370054156,54.9992157867119,6.699219999763,15.1070077648475,-0.00483700541558107,0.000784213288085311
15372,36,55,36.0067639120287,54.9875125200173,6.69518326548103,15.1647824436004,-0.00676391202869553,0.01248747998266
15390,36,55,36.0096788002669,54.9845585131401,6.69114653119907,15.2201238805013,-0.00967880026686174,0.0154414868599133
15408,36,55,36.0128008623708,54.9934688642028,6.6871097969171,15.2041860380867,-0.0128008623708098,0.00653113579720355
15426,36,55,36.0153234158299,55.0108125335944,6.67908491979803,15.1384424381265,-0.0153234158299256,-0.0108125335943754
15444,36,55,36.0162680346755,55.0210473552105,6.67106004267897,15.0967716374519,-0.0162680346754769,-0.0210473552105412
15462,36,55,36.0160042014284,55.0161772746697,6.6630351655599,15.084912758116,-0.0160042014284159,-0.0161772746697011
15480,36,55,36.0159112156712,55.003962199881,6.65501028844083,15.1210940137303,-0.0159112156712098,-0.0039621998810162
15498,36,55,36.0163610720275,54.9919862538158,6.64698541132176,15.1788686924832,-0.0163610720274505,0.00801374618421136
15516,36,55,36.016798680314,54.9899286315464,6.63896053420269,15.2067044614463,-0.0167986803139755,0.0100713684535947
15534,36,55,36.0165504321966,55.0006851841226,6.63093565708362,15.178757560558,-0.0165504321966168,-0.000685184122609428
15552,36,55,36.0147787732118,55.016038076864,6.62689892280166,15.1073219022585,-0.0147787732117735,-0.0160380768639641
15570,36,55,36.0113085727464,55.0240087066512,6.62286218851969,15.0656511015839,-0.0113085727464011,-0.0240087066511876
15588,36,55,36.0069072928526,55.0179342010835,6.61882545423772,15.0894629876837,-0.0069072928525884,-0.01793420108352
15606,36,55,36.0026942378241,55.0065078771322,6.62287444705076,15.1163580967583,-0.00269423782408751,-0.00650787713219358
15624,36,55,35.9995837996596,55.0027504255411,6.6269234398638,15.1218421928795,0.000416200340396244,-0.0027504255410733
15642,36,55,35.9967874387757,55.0059566807667,6.63097243267684,15.1158773852446,0.00321256122428792,-0.00595668076670108
15660,36,55,35.9932359159024,55.0106772481839,6.65115610408667,15.1099125776096,0.00676408409764662,-0.0106772481838675
15678,36,55,35.9896752807669,55.014627724645,6.6713397754965,15.1039477699747,0.0103247192330542,-0.0146277246450239
15696,36,55,35.9865117413167,55.017778738403,6.69152344690633,15.0920888906388,0.0134882586832745,-0.017778738403031
15714,36,55,35.984003987945,55.0190656621079,6.73164783250167,15.0802300113029,0.0159960120549769,-0.0190656621079484
15732,36,55,35.9834862889671,55.0175090377371,6.77177221809702,15.068371131967,0.0165137110328928,-0.0175090377370637
15750,36,55,35.9849115281807,55.0130826871192,6.81189660369236,15.062406324332,0.0150884718193396,-0.0130826871191587
15768,36,55,35.9884105280775,55.0041329336741,6.83208027510219,15.0985875799463,0.0115894719225196,-0.0041329336741498
15786,36,55,35.9955894762488,54.9930703016491,6.81304539497049,15.1563622586992,0.00441052375117579,0.00692969835093038
15804,36,55,36.0063042533858,54.9880835369512,6.78840220778495,15.1841980276623,-0.00630425338575691,0.0119164630488413
15822,36,55,36.0200969482287,54.9892074102146,6.75976942324665,15.2120337966254,-0.0200969482286766,0.010792589785396
15840,36,55,36.0342327210523,54.9898374905169,6.72717954647712,15.2398695655886,-0.0342327210523337,0.0101625094830951
15858,36,55,36.0451457978551,54.9899961769749,6.68677142444459,15.2677053345517,-0.0451457978550849,0.010003823025059
15876,36,55,36.0529715631346,54.9925366424146,6.64636330241207,15.2955411035148,-0.0529715631345979,0.00746335758543637
15894,36,55,36.0574692422887,55.0021196206781,6.62939554115845,15.2675942026265,-0.0574692422886685,-0.00211962067812976
15912,36,55,36.0583880127746,55.0176584429157,6.61242777990483,15.196158544327,-0.058388012774607,-0.017658442915689
15930,36,55,36.0551982909957,55.0277975377539,6.59546001865121,15.1487230269834,-0.0551982909957047,-0.0277975377538695
15948,36,55,36.0483517308981,55.0263796238845,6.60556204915934,15.1324812709051,-0.0483517308980836,-0.0263796238845231
15966,36,55,36.0410053370345,55.021149605799,6.61773366899908,15.1562931570049,-0.0410053370345267,-0.0211496057990388
15984,36,55,36.0337758006451,55.0193664955502,6.63199174008575,15.144434277669,-0.0337758006451097,-0.0193664955502015
16002,36,55,36.0262489734397,55.0247685978039,6.64624981117242,15.1027634769943,-0.0262489734396922,-0.0247685978038916
16020,36,55,36.0200499018309,55.0293206411819,6.66261140233716,15.086521720916,-0.0200499018309301,-0.0293206411819256
16038,36,55,36.0147808585916,55.0278206244644,6.68109379272632,15.0702799648376,-0.0147808585916493,-0.0278206244644394
16056,36,55,36.0112848113824,55.0223456576087,6.67705705844435,15.0940918509374,-0.0112848113824384,-0.022345657608696
16074,36,55,36.0099062604676,55.013868489073,6.67302032416239,15.120986960012,-0.0099062604675737,-0.0138684890729621
16092,36,55,36.0103256516721,55.0099182673166,6.66898358988042,15.1150221523771,-0.0103256516720691,-0.00991826731663537
16110,36,55,36.0124068843708,55.0096323625586,6.66494685559845,15.1090573447421,-0.0124068843707974,-0.00963236255861233
16128,36,55,36.0135314329961,55.0060098418013,6.66091012131649,15.1030925371072,-0.0135314329960892,-0.00600984180132258
16146,36,55,36.0138098862543,54.9993128379399,6.65687338703452,15.1392737927215,-0.0138098862543217,0.000687162060089008
16164,36,55,36.0138228057153,54.9935589295746,6.65283665275256,15.1970484714744,-0.0138228057153071,0.00644107042539588
16182,36,55,36.0135757036533,54.9971782436904,6.64879991847059,15.2025325675956,-0.0135757036532596,0.00282175630957227
