Tempo,Ref_T,Ref_U,Saida_T,Saida_U,Controle_T,Controle_U,Erro_T,Erro_U
0,30,50,22,50,0,0,0,0
18,30,50,22,50,0,0,0,0
36,30,50,22,50,0,0,0,0
54,30,50,22,50,0,0,0,0
72,30,50,22,50,0,0,0,0
90,30,50,22,50,0,0,0,0
108,30,50,22,50,0,0,0,0
126,30,50,22,50,0,0.00548409612124838,8,0
144,30,50,22,50.0001346345598,4.96527054247413,0.0109681922424968,8,-0.000134634559778135
162,30,50,22,50.0014160640343,9.93054108494825,0.0164522883637451,8,-0.00141606403430217
180,30,50,21.9999804985542,50.0037351135477,14.8958116274224,0.0219363844849935,8.00001950144581,-0.00373511354769107
198,30,50,21.9998485835379,50.0069930016722,19.8610821698965,0.0159715768500397,8.00015141646206,-0.00699300167223527
216,30,50,22.4363569723351,50.010819280385,21.5821952975432,0.010006769215086,7.56364302766487,-0.0108192803849576
234,30,50,23.3207227140148,50.0130200387898,21.8600851095945,0.0040419615801322,6.67927728598518,-0.0130200387898114
252,30,50,24.6385689104046,49.371244018224,20.934889280368,0.709369863169716,5.36143108959538,0.628755981776038
270,30,50,26.3761359393895,48.0867456167317,19.934889280368,0.885645749916597,3.62386406061054,1.91325438326826
288,30,50,28.234547517593,46.2992883627366,18.934889280368,7.8856457499166,1.765452482407,3.70071163726335
306,30,50,30.0639195701839,44.0853611049061,17.8860044652137,14.8856457499166,-0.0639195701839448,5.91463889509394
324,30,50,31.7417623034717,43.1419735025934,13.9732612134874,21.8856457499166,-1.74176230347174,6.85802649740665
342,30,50,33.245511867732,43.5480856865438,8.97326121348738,24.0579999456951,-3.24551186773196,6.45191431345619
360,30,50,34.4640955771367,45.2256815999553,3.97326121348738,22.5579999456951,-4.4640955771367,4.7743184000447
378,30,50,35.4073351729248,47.0928249473191,0,21.0579999456951,-5.40733517292483,2.90717505268087
396,30,50,35.8537189015224,48.4592917148634,0,19.5579999456951,-5.85371890152243,1.54070828513657
414,30,50,35.8087360625283,49.3922897449421,0,18.2130365162523,-5.80873606252832,0.607710255057931
432,30,50,35.3458914260286,50.3210273295532,0,16.4009521116065,-5.34589142602862,-0.321027329553239
450,30,50,34.5668802647499,51.4616006762233,2.8007800780078,12.9064991580112,-4.56688026474988,-1.46160067622331
468,30,50,33.8341127715045,52.7184425641897,5.1015101510151,6.7112017787153,-3.83411277150452,-2.71844256418971
486,30,50,33.163536600271,53.6110031568766,6.85081577800821,0.994807639832315,-3.16353660027103,-3.61100315687661
504,30,50,32.565526262883,53.1934524095699,8.25188005472016,0.694206060687059,-2.56552626288298,-3.19345240956993
522,30,50,32.3206015009829,51.783700612213,8.25188005472016,0.230028065320533,-2.3206015009829,-1.783700612213
540,30,50,32.4291526117751,50.4829813019183,7.25188005472016,0,-2.42915261177514,-0.482981301918315
558,30,50,32.7967172684054,48.8922957636976,6.25188005472016,0,-2.79671726840536,1.1077042363024
576,30,50,33.2857676758734,47.1083118733121,5.25188005472016,6.16700113901394,-3.28576767587337,2.89168812668787
594,30,50,33.7694999523863,45.3983591353052,4.25188005472016,13.1670011390139,-3.76949995238635,4.60164086469482
612,30,50,34.1482157415167,44.9624627490013,3.25188005472016,20.1670011390139,-4.14821574151669,5.03753725099865
630,30,50,34.3945511191617,46.0073257664873,2.25188005472016,18.6670011390139,-4.39455111916168,3.99267423351269
648,30,50,34.4049667522382,48.3235182684626,1.25188005472016,17.1670011390139,-4.40496675223815,1.67648173153744
666,30,50,34.1775625884952,50.2179454236261,1.25188005472016,15.4176622648167,-4.17756258849519,-0.217945423626063
684,30,50,33.7552111932491,51.733913953421,1.25188005472016,11.4437705111226,-3.75521119324912,-1.73391395342098
702,30,50,33.2938260444434,52.8152142998664,1.25188005472016,5.00001617940642,-3.29382604444339,-2.81521429986635
720,30,50,32.793848360821,53.0355074015866,1.29672509512509,3.50001617940642,-2.79384836082098,-3.03550740158663
738,30,50,32.3550557750393,52.1449162077089,1.29672509512509,4.64346744294433,-2.35505577503928,-2.1449162077089
756,30,50,32.0256347652161,51.2462122588217,1.29672509512509,2.99447460801125,-2.02563476521608,-1.24621225882174
774,30,50,31.8234802665867,50.6441419277318,1.45848365819945,3.53778201144472,-1.82348026658673,-0.644141927731837
792,30,50,31.6500369716062,49.8343801358649,1.48955113676289,0.452287114918832,-1.65003697160616,0.165619864135138
810,30,50,31.4646569640667,49.1563857881209,1.82202809006499,1.04439730280715,-1.46465696406668,0.843614211879128
828,30,50,31.3084184419377,48.0029379256424,1.94435442944164,1.6818024035027,-1.30841844193768,1.99706207435756
846,30,50,31.1691514178152,47.1119534765415,1.98825174788806,7.86308302199627,-1.16915141781521,2.88804652345849
864,30,50,31.0851082209755,46.6024639326415,1.93202120265259,14.8630830219963,-1.08510822097551,3.39753606735854
882,30,50,31.015497596525,47.4726336638439,1.86630603682448,13.7242730862573,-1.01549759652496,2.52736633615606
900,30,50,30.9231939688246,49.5579075602612,1.86261565948339,12.2242730862573,-0.923193968824577,0.442092439738843
918,30,50,30.7042453987906,51.1735044595861,2.62123634913857,9.19921087509481,-0.70424539879059,-1.17350445958614
936,30,50,30.3731497847865,52.2807067568487,3.52041891044647,4.09524478801333,-0.373149784786516,-2.28070675684866
954,30,50,30.0771998653591,52.6018194299342,4.49444488447244,2.76957818919387,-0.0771998653590593,-2.60181942993419
972,30,50,29.8310576216781,51.9284799018045,5.74912653241252,3.14550068761244,0.168942378321908,-1.92847990180454
990,30,50,29.7325184608669,51.1052043441094,6.66508147733144,1.53037897456229,0.267481539133144,-1.10520434410938
1008,30,50,29.8127298110499,50.4075143163648,6.70097093779322,0.390246660789633,0.187270188950112,-0.407514316364782
1026,30,50,29.9990512924778,49.3634360101932,5.82461066921253,0,0.000948707522162806,0.636563989806845
1044,30,50,30.2904370589282,48.0825811097684,4.82461066921253,0.226777792714075,-0.290437058928156,1.91741889023157
1062,30,50,30.6879169419284,46.7241154392663,3.82461066921253,7.22677779271408,-0.687916941928421,3.27588456073373
1080,30,50,31.0972289589206,45.5317979127876,2.82461066921253,14.2267777927141,-1.09722895892059,4.46820208721243
1098,30,50,31.4177446036665,45.7870548157746,1.82461066921253,17.5864137563104,-1.41774460366646,4.2129451842254
1116,30,50,31.6022222789088,47.3716775064957,0.963418505811114,16.0864137563104,-1.60222227890878,2.62832249350433
1134,30,50,31.5393496972368,49.4841623192374,0.721742197802373,14.5864137563104,-1.53934969723682,0.515837680762615
1152,30,50,31.2552880661058,51.1967490694207,1.31653235699195,11.5147980877785,-1.25528806610577,-1.19674906942073
1170,30,50,30.8414328727383,52.5189579911894,2.0919033959009,5.83947047819871,-0.841432872738324,-2.51895799118944
1188,30,50,30.3990448348219,53.1391676467336,3.00098397323923,2.81827476341931,-0.399044834821922,-3.13916764673363
1206,30,50,29.9882242095236,52.7113168216191,4.01071633333656,2.74399187895776,0.0117757904763955,-2.71131682161909
1224,30,50,29.7192498324947,51.8939282816113,5.38655525951105,3.1503973304058,0.280750167505275,-1.89392828161125
1242,30,50,29.6401517185162,51.2123686916351,6.36011428152676,3.19770181906846,0.35984828148381,-1.21236869163513
1260,30,50,29.6975463219806,50.6234406620024,6.55162401660496,3.85039013784575,0.302453678019411,-0.623440662002437
1278,30,50,29.8425675839887,50.0308884509853,6.32357384556733,3.861260777237,0.157432416011336,-0.0308884509853371
1296,30,50,30.0983877665147,49.5065570754341,5.32357384556733,5.77386794473034,-0.0983877665146835,0.493442924565855
1314,30,50,30.4324196001942,48.9484857008559,4.32357384556733,7.9962568184691,-0.432419600194173,1.05151429914412
1332,30,50,30.7635029070748,48.6660095671749,3.32357384556733,10.9788864690994,-0.763502907074805,1.33399043282513
1350,30,50,31.0556852055262,48.7472422439461,2.32357384556733,12.288248552517,-1.05568520552617,1.25275775605395
1368,30,50,31.2067969214143,49.3547210155634,1.56528000670477,10.9430227409446,-1.20679692141432,0.645278984436636
1386,30,50,31.2109593485176,50.1193372386385,1.18927148181514,9.31705652279406,-1.21095934851762,-0.119337238638536
1404,30,50,31.0675028601657,50.6286942368128,1.25475416858962,7.70143054224809,-1.06750286016573,-0.628694236812819
1422,30,50,30.8212090256816,50.869608119551,2.00776621678239,6.77999720149581,-0.821209025681625,-0.869608119551032
1440,30,50,30.5436473178135,50.8956363614149,2.84608957007581,6.32995219699536,-0.543647317813502,-0.895636361414887
1458,30,50,30.2742170275227,50.8772874695887,3.75518047916672,6.11801882441511,-0.27421702752271,-0.877287469588708
1476,30,50,30.0494570803117,50.8899087084194,4.73295825694449,5.76305989254841,-0.0494570803117078,-0.889908708419384
1494,30,50,29.9158973934854,50.9264798345412,5.38726578148103,5.26204628119596,0.0841026065145734,-0.926479834541169
1512,30,50,29.8720572054206,50.8972050507677,5.75211179500179,5.08202827939578,0.127942794579425,-0.897205050767724
1530,30,50,29.9178725956529,50.6955987222563,5.72943348680358,5.38673958496653,0.0821274043470623,-0.695598722256321
1548,30,50,30.0597245080139,50.3869493612789,5.22603888504833,6.09008762545446,-0.0597245080139466,-0.386949361278937
1566,30,50,30.2675790111243,50.0644125555814,4.22603888504833,7.01009934534898,-0.267579011124305,-0.0644125555814412
1584,30,50,30.5047247871623,49.7917271961385,3.22603888504833,8.29988622605753,-0.50472478716231,0.208272803861462
1602,30,50,30.7249405602022,49.6467404903149,2.22603888504833,9.52806413640054,-0.724940560202249,0.353259509685138
1620,30,50,30.8772595857285,49.7193151896574,1.50312060142486,9.69174792091354,-0.877259585728471,0.280684810342642
1638,30,50,30.9133061940935,50.0006284503875,1.11750779276549,8.85533710147048,-0.913306194093497,-0.000628450387523571
1656,30,50,30.8289009100366,50.3130073048396,1.11190502873523,7.86236619658571,-0.828900910036619,-0.313007304839644
1674,30,50,30.6336674681922,50.5352610632447,1.81539023476174,7.05308911787858,-0.633667468192208,-0.535261063244747
1692,30,50,30.3780640060133,50.6637146764781,2.68787345623825,6.4312044751062,-0.378064006013318,-0.663714676478122
1710,30,50,30.1127225204753,50.754959108139,3.64872754876494,5.84579102685838,-0.112722520475305,-0.754959108139047
1728,30,50,29.874398801756,50.8210468438086,4.85426114560288,5.27683581997852,0.12560119824397,-0.821046843808574
1746,30,50,29.7219480775118,50.8317922734988,6.15355106855197,4.94430362497906,0.278051922488217,-0.831792273498806
1764,30,50,29.6671556201121,50.7525033127842,6.92756064182827,4.9567013437988,0.332844379887874,-0.752503312784214
1782,30,50,29.7144048584541,50.5493242891297,7.12426837554811,5.31328794925826,0.285595141545905,-0.549324289129714
1800,30,50,29.8808901008183,50.2733835464574,6.71527042053789,5.99836783011393,0.119109899181709,-0.27338354645741
1818,30,50,30.1666711849708,49.9833948649935,5.71527042053789,6.91710976879833,-0.166671184970781,0.0166051350064649
1836,30,50,30.5149297304955,49.7070566127394,4.71527042053789,8.397529161217,-0.514929730495489,0.292943387260635
1854,30,50,30.8632735878657,49.4763624112231,3.71527042053789,10.174166300053,-0.863273587865727,0.523637588776907
1872,30,50,31.1493987273626,49.4557358383022,2.71527042053789,11.2615757652777,-1.14939872736257,0.544264161697761
1890,30,50,31.314817450035,49.7360781475908,1.88149352987477,10.8303772871547,-1.31481745003496,0.263921852409226
1908,30,50,31.3504626738509,50.2042989986669,1.31188166075303,9.41410406854254,-1.35046267385086,-0.2042989986669
1926,30,50,31.258953045843,50.619698459236,1.23855443802159,8.11379047582455,-1.258953045843,-0.619698459236034
1944,30,50,31.0627215414559,50.8196049511922,1.84704870713762,7.29143939517089,-1.06272154145594,-0.819604951192247
1962,30,50,30.8097795998295,50.8670617488636,2.60233571620107,6.77386397308398,-0.809779599829525,-0.867061748863584
1980,30,50,30.5419170097747,50.882221472111,3.4356690495344,6.37493056587409,-0.5419170097747,-0.882221472111034
1998,30,50,30.2997598199046,50.9150647756388,4.32455793842329,5.92128033387489,-0.299759819904594,-0.915064775638768
2016,30,50,30.1347296078722,50.9562244763401,4.90400064002875,5.4096028457462,-0.134729607872245,-0.956224476340076
2034,30,50,30.0544990793711,50.9315249439804,5.09633299033007,5.18049938304089,-0.0544990793711477,-0.931524943980406
2052,30,50,30.0617722329016,50.7515474609749,5.05206294304161,5.42282571583572,-0.0617722329016281,-0.751547460974862
2070,30,50,30.1599141808601,50.4657455072924,4.70646796987759,6.0365137367129,-0.15991418086012,-0.465745507292418
2088,30,50,30.3187841259107,50.1632741579791,4.01500323766582,6.8373408821213,-0.318784125910657,-0.16327415797906
2106,30,50,30.4940178952533,49.9045223093766,3.1673130409895,7.85666966373492,-0.4940178952533,0.0954776906233974
2124,30,50,30.6528780235309,49.7576206338709,2.42362795315773,8.88048570534455,-0.652878023530942,0.242379366129128
2142,30,50,30.7614560081284,49.8003403353738,1.88558503294005,9.02864757218408,-0.76145600812837,0.199659664626232
2160,30,50,30.785964182493,50.0259988281537,1.60322650879721,8.32897369136581,-0.785964182492993,-0.0259988281536963
2178,30,50,30.710481730623,50.2741355729972,1.62046953973887,7.50579470409259,-0.710481730623027,-0.27413557299721
2196,30,50,30.5503499350512,50.4313342751987,1.90429167786564,6.87604813868599,-0.550349935051223,-0.431334275198665
2214,30,50,30.3455482372271,50.5167759701468,2.68737917028835,6.39422017279477,-0.345548237227103,-0.51677597014681
2232,30,50,30.1359688830699,50.5720765729522,3.62487917028835,5.94340404014083,-0.13596888306985,-0.572076572952156
2250,30,50,29.9502514294367,50.6074059797407,4.69178292667866,5.55121687816661,0.0497485705632812,-0.607405979740726
2268,30,50,29.8081395416171,50.6016342909205,5.69803387956782,5.39495060042934,0.191860458382877,-0.601634290920508
2286,30,50,29.7504122993866,50.5367842442811,6.37202018242683,5.41052288176856,0.249587700613397,-0.536784244281051
2304,30,50,29.7894183455937,50.4294760124545,6.50688894474657,5.58203922275328,0.210581654406326,-0.429476012454529
2322,30,50,29.9320955952723,50.2502295093564,6.16143739021458,6.00480492872655,0.0679044047277486,-0.250229509356423
2340,30,50,30.1655779804863,50.0105329073514,5.16143739021458,6.71901949193006,-0.165577980486262,-0.0105329073513687
2358,30,50,30.453887188739,49.74413342095,4.16143739021458,8.11226163342838,-0.453887188738989,0.255866579049986
2376,30,50,30.7426828356236,49.522516569746,3.16143739021458,9.79361073989705,-0.742682835623551,0.477483430253983
2394,30,50,30.9818295603415,49.51049915702,2.16143739021458,10.671949830775,-0.981829560341467,0.489500842980028
2412,30,50,31.1058822836929,49.7891564311368,1.53038286488936,10.1682133237172,-1.10588228369295,0.210843568863183
2430,30,50,31.1031530135401,50.2123500484812,1.2042486425383,8.8894975750319,-1.10315301354011,-0.212350048481198
2448,30,50,30.9766561386682,50.5808133811626,1.26812727314015,7.70595995022469,-0.976656138668162,-0.580813381162571
2466,30,50,30.7501175477012,50.7711144954321,2.02222563379589,6.91690879952509,-0.750117547701173,-0.771114495432073
2484,30,50,30.4860229414205,50.8366705094342,2.86364958201596,6.34151707078119,-0.486022941420519,-0.836670509434185
2502,30,50,30.2266276436903,50.8770236206363,3.7823774972103,5.85809474766836,-0.226627643690318,-0.877023620636265
2520,30,50,30.0035633484759,50.8974323909954,4.78577885775452,5.45180242555148,-0.00356334847590745,-0.897432390995355
2538,30,50,29.8699581968828,50.8817992434425,5.57139602046792,5.23986905297122,0.130041803117187,-0.881799243442451
2556,30,50,29.8295856195055,50.802314008229,6.0144807340453,5.23986905297122,0.170414380494503,-0.802314008228983
2574,30,50,29.8844657368392,50.6132839819161,6.03675492939,5.55098731006584,0.115534263160814,-0.613283981916112
2592,30,50,30.0370778442971,50.3490957847127,5.4783523847708,6.14314451683837,-0.0370778442971371,-0.349095784712745
2610,30,50,30.2612668598495,50.063658121336,4.4783523847708,6.97525702782577,-0.261266859849517,-0.0636581213360188
2628,30,50,30.5187076332759,49.7978167601451,3.4783523847708,8.24389301263918,-0.518707633275874,0.202183239854861
2646,30,50,30.7633588401025,49.6242957135343,2.4783523847708,9.61033107149845,-0.763358840102505,0.375704286465655
2664,30,50,30.9370756102283,49.6577310699442,1.65943477182082,9.96954563861078,-0.93707561022828,0.342268930055766
2682,30,50,30.9951860503249,49.9255700991808,1.19129986385188,9.27687125394301,-0.995186050324854,0.0744299008191831
2700,30,50,30.9319972860173,50.2699853056125,1.12261425660867,8.20998796122706,-0.931997286017303,-0.269985305612465
2718,30,50,30.7542230243362,50.5445709275207,1.48905550766531,7.27734547418043,-0.754223024336177,-0.544570927520709
2736,30,50,30.5033053472233,50.7015098323058,2.32238884099864,6.57416553824793,-0.503305347223325,-0.701509832305817
2754,30,50,30.2327755560804,50.791518733144,3.24389054748328,5.9705470727153,-0.232775556080391,-0.791518733144002
2772,30,50,29.9854620629492,50.8513770037196,4.25982680246336,5.42464063131518,0.0145379370507897,-0.851377003719634
2790,30,50,29.7969650263338,50.8639948604295,5.78953851064144,5.08094354589528,0.203034973666163,-0.863994860429472
2808,30,50,29.703704303114,50.7989127801629,6.70729354064497,5.05537318478496,0.296295696886013,-0.798912780162944
2826,30,50,29.7103507754754,50.6499145584212,6.99063911730569,5.25777020042112,0.289649224524638,-0.649914558421194
2844,30,50,29.8203520253441,50.4227235432655,6.9367234952542,5.74068825847404,0.1796479746559,-0.422723543265484
2862,30,50,30.0711518615525,50.1518462354238,5.9367234952542,6.46245446283294,-0.0711518615524938,-0.151846235423832
2880,30,50,30.4006121528614,49.8786351769683,4.9367234952542,7.55607026586758,-0.400612152861424,0.121364823031683
2898,30,50,30.7424782735883,49.5811305234917,3.9367234952542,9.33361971359427,-0.742478273588254,0.418869476508334
2916,30,50,31.0580603624184,49.4105780173643,2.9367234952542,11.0829521838589,-1.0580603624184,0.589421982635741
2934,30,50,31.2582962005097,49.5611443728114,1.95597210378852,11.2241206505652,-1.25829620050973,0.438855627188573
2952,30,50,31.3338733829691,50.0040279080595,1.31963808272217,9.90862010160822,-1.33387338296907,-0.00402790805948428
2970,30,50,31.2780310341002,50.5012529259425,1.16074101530776,8.38727170842013,-1.2780310341002,-0.50125292594246
2988,30,50,31.1024247390623,50.7864616032712,1.49428807865733,7.36591750217345,-1.10242473906228,-0.786461603271171
3006,30,50,30.8463357466329,50.8628306882366,2.24791126706313,6.75358793943318,-0.846335746632882,-0.862830688236649
3024,30,50,30.5682294347233,50.8626252908622,3.07877180118776,6.46029339290742,-0.568229434723314,-0.86262529086224
3042,30,50,30.3131697466109,50.8835285228964,3.97224259156577,6.06135998569753,-0.313169746610924,-0.883528522896412
3060,30,50,30.1149798344713,50.944023123653,4.83943883233551,5.48535137248462,-0.114979834471278,-0.944023123653032
3078,30,50,30.0024120333438,50.9569877497838,5.17356593458287,5.10373058073114,-0.00241203334382334,-0.956987749783757
3096,30,50,29.9761553583358,50.832218544318,5.28251026403052,5.18942942521219,0.023844641664212,-0.832218544318032
3114,30,50,30.0415975312405,50.5692230368622,5.08893786050651,5.68539815230723,-0.0415975312405408,-0.569223036862198
3132,30,50,30.1958934625647,50.2585349040194,4.48566750013185,6.4572071929812,-0.195893462564701,-0.258534904019371
3150,30,50,30.383842525469,49.9719635371792,3.57544799671336,7.39998810018547,-0.383842525468978,0.0280364628208432
3168,30,50,30.5722322195277,49.7580918245436,2.65948302534252,8.58805270462018,-0.572232219527741,0.24190817545643
3186,30,50,30.7254797897491,49.7097834760849,1.95631162731425,9.45013712078651,-0.725479789749073,0.290216523915149
3204,30,50,30.8022735141509,49.8794617375078,1.51182602679569,9.12377010103272,-0.802273514150869,0.120538262492204
3222,30,50,30.7728149237988,50.1964894558316,1.40607734865416,8.12367749986594,-0.772814923798812,-0.196489455831589
3240,30,50,30.6361264501464,50.4654269577014,1.5879172816605,7.20440820110342,-0.636126450146385,-0.465426957701403
3258,30,50,30.4249566742308,50.6150811190298,2.42125061499384,6.54570157396983,-0.424956674230778,-0.615081119029767
3276,30,50,30.188742364698,50.6892420608865,3.34789154163476,6.01951892787826,-0.188742364697955,-0.689242060886521
3294,30,50,29.9702595686857,50.7273828769862,4.40170320082759,5.58754603205996,0.0297404313143446,-0.727382876986177
3312,30,50,29.7928501705084,50.7307934681251,5.83579034920045,5.34203531919368,0.207149829491556,-0.7307934681251
3330,30,50,29.7083539031787,50.6826510889502,6.68063565117556,5.29335304615224,0.29164609682131,-0.68265108895023
3348,30,50,29.7222472464394,50.5882641979676,6.95263062972981,5.36963048826066,0.277752753560605,-0.588264197967646
3366,30,50,29.8404182529893,50.4033911002703,6.83897812227136,5.73173066931076,0.159581747010705,-0.403391100270312
3384,30,50,30.0894798645914,50.1426610254392,5.83897812227136,6.43066049221065,-0.089479864591393,-0.142661025439175
3402,30,50,30.4114254358167,49.8495996345914,4.83897812227136,7.647756444659,-0.4114254358167,0.150400365408636
3420,30,50,30.747423339785,49.5437581220424,3.83897812227136,9.52122548765249,-0.747423339784977,0.456241877957574
3438,30,50,31.0542464902744,49.400815164962,2.83897812227136,11.2149104622472,-1.05424649027439,0.599184835037988
3456,30,50,31.2456503892598,49.5951589625865,1.90783420064862,11.2062890293651,-1.24565038925975,0.404841037413497
3474,30,50,31.3102152350891,50.0717293428739,1.3150841711292,9.764514537683,-1.31021523508907,-0.0717293428739225
3492,30,50,31.2423484261176,50.5696053150561,1.19612833898909,8.24295505044918,-1.24234842611761,-0.569605315056137
3510,30,50,31.0567215739865,50.8326184381762,1.67328936818828,7.2834235540906,-1.05672157398654,-0.832618438176212
3528,30,50,30.7983883957356,50.891177916015,2.43799525054122,6.72421791744048,-0.798388395735582,-0.891177916014996
3546,30,50,30.5243248484992,50.8884861330314,3.27650456731141,6.41963530842321,-0.524324848499166,-0.888486133031449
3564,30,50,30.2765824866879,50.9111161946386,4.17578514285098,6.00964817485573,-0.276582486687932,-0.911116194638588
3582,30,50,30.0969598627531,50.9650977894687,4.85592117005642,5.4576040860554,-0.0969598627530992,-0.965097789468722
3600,30,50,30.0031458330534,50.965126201938,5.10800478803702,5.12242423801857,-0.00314583305343419,-0.965126201938013
3618,30,50,29.995986093106,50.8149750248189,5.13321314280603,5.2787804582769,0.00401390689403769,-0.814975024818942
3636,30,50,30.0805424641001,50.5353331147541,4.89075828739499,5.83639210397145,-0.0805424641001089,-0.535333114754138
3654,30,50,30.2363114255142,50.2215374373849,4.21532396364113,6.63058274649374,-0.236311425514181,-0.221537437384903
3672,30,50,30.4164653628558,49.941710953369,3.37442573143855,7.61505388625348,-0.416465362855813,0.0582890466309891
3690,30,50,30.5881284913319,49.7616102606631,2.58092800447892,8.72099420927566,-0.588128491331879,0.238389739336867
3708,30,50,30.7194047068942,49.7615222604304,1.97061505203432,9.09653829268491,-0.719404706894213,0.238477739569582
3726,30,50,30.7679206616022,49.9596170214856,1.60525226949743,8.56105251652584,-0.767920661602204,0.0403829785144296
3744,30,50,30.7165268318284,50.2145692722617,1.56053227762833,7.75285987882863,-0.716526831828372,-0.214569272261684
3762,30,50,30.5730078261194,50.4043945490046,1.7660032517588,7.05452381537489,-0.573007826119401,-0.404394549004557
3780,30,50,30.3731354891985,50.5176044481213,2.54281223151426,6.52302286330932,-0.373135489198496,-0.517604448121254
3798,30,50,30.1578950294894,50.5885131377352,3.47501562134477,6.04474601677061,-0.157895029489357,-0.588513137735184
3816,30,50,29.9610159378795,50.6363209114085,4.59533304461469,5.60331885524296,0.0389840621205302,-0.636320911408532
3834,30,50,29.8024400181388,50.6460261140584,5.79553307795358,5.3358082772103,0.197559981861247,-0.646026114058401
3852,30,50,29.7289094558543,50.5918637988069,6.55285571967315,5.31172765170862,0.27109054414565,-0.591863798806884
3870,30,50,29.7528589390196,50.483585393512,6.76183173718733,5.46778101188984,0.247141060980443,-0.483585393511959
3888,30,50,29.8869377548181,50.2982403173827,6.53243886365927,5.89639070918424,0.113062245181901,-0.298240317382685
3906,30,50,30.1314957420372,50.0522325353812,5.53243886365927,6.61704959731053,-0.131495742037217,-0.0522325353812363
3924,30,50,30.4395188495672,49.7757284871002,4.53243886365927,7.9554079023018,-0.439518849567236,0.224271512899833
3942,30,50,30.7545007641363,49.5200853536658,3.53243886365927,9.73743659598415,-0.754500764136274,0.479914646334223
3960,30,50,31.0293694773587,49.45638981883,2.53243886365927,11.2012310418705,-1.02936947735874,0.543610181170038
3978,30,50,31.1885955049565,49.7096556050533,1.74114631824269,10.892959691391,-1.18859550495646,0.290344394946686
3996,30,50,31.2204202132189,50.2063235438035,1.25832366271808,9.3724435103244,-1.2204202132189,-0.206323543803521
4014,30,50,31.1234659876267,50.6678882152693,1.23576515157982,7.98441448600252,-1.12346598762669,-0.667888215269343
4032,30,50,30.9148165294304,50.8891549635343,1.93343957018447,7.10381857184956,-0.914816529430389,-0.889154963534345
4050,30,50,30.6518629215628,50.9393012580394,2.73343957018447,6.56220489812061,-0.651862921562834,-0.939301258039414
4068,30,50,30.384334485537,50.946566553477,3.61006294680785,6.18442630922402,-0.384334485536996,-0.946566553477041
4086,30,50,30.1491148646147,50.9639071177883,4.55123941739608,5.75580985791611,-0.149114864614738,-0.963907117788295
4104,30,50,29.9999213967416,50.9847896089584,5.10296980333556,5.31966841043217,7.86032583874885e-05,-0.984789608958415
4122,30,50,29.9396427857031,50.9410382742031,5.38736368886702,5.16308111140198,0.0603572142969462,-0.941038274203073
4140,30,50,29.9697037482357,50.7473289056427,5.35482219846676,5.42848614255823,0.0302962517643408,-0.747328905642711
4158,30,50,30.0939387317299,50.4555636805967,4.94647776881741,6.04678160670216,-0.0939387317298532,-0.455563680596683
4176,30,50,30.2742823492051,50.1446155111851,4.12238902079839,6.88777033669553,-0.274282349205084,-0.144615511185137
4194,30,50,30.4769324288753,49.8710576352661,3.14628996147798,8.00384600928798,-0.476932428875291,0.128942364733874
4212,30,50,30.6634644548264,49.7215582313366,2.22785256363555,9.11365804274423,-0.663464454826443,0.278441768663384
4230,30,50,30.7932035320398,49.7684125967038,1.60575514490783,9.2711816254899,-0.793203532039779,0.231587403296217
4248,30,50,30.8252379033601,50.0092348821728,1.27735923263317,8.54800202592819,-0.825237903360083,-0.00923488217281943
4266,30,50,30.7431984923735,50.277571501211,1.28872394520065,7.66842652453418,-0.743198492373534,-0.277571501211042
4284,30,50,30.5593441539224,50.4627682651381,1.67589274543881,6.95383914384324,-0.559344153922385,-0.462768265138081
4302,30,50,30.3234242038262,50.5775721211495,2.55824568661528,6.40346979568187,-0.323424203826235,-0.577572121149515
4320,30,50,30.0800455495886,50.6656551296535,3.52598762209916,5.8547042459636,-0.0800455495886325,-0.665655129653494
4338,30,50,29.8622925153022,50.7292711526966,4.76530386141539,5.34795044603945,0.137707484697792,-0.729271152696612
4356,30,50,29.7000399877641,50.7369272485729,6.20302850589109,5.04834354728958,0.29996001223595,-0.73692724857294
4374,30,50,29.6336397168764,50.6631043476861,7.14129484558616,5.05847953850506,0.366360283123608,-0.663104347686051
4392,30,50,29.6694879850313,50.5101103553465,7.3883548317508,5.30517776925512,0.330512014968654,-0.510110355346484
4410,30,50,29.8268156898392,50.2785002264189,7.13320939885405,5.85019080999619,0.173184310160806,-0.278500226418899
4428,30,50,30.11561804528,50.0046707310008,6.13320939885405,6.66489287607065,-0.115618045279998,-0.00467073100075055
4446,30,50,30.4824888685167,49.7106956825245,5.13320939885405,8.1721963978916,-0.482488868516725,0.289304317475455
4464,30,50,30.8565807130667,49.4276835540898,4.13320939885405,10.1560713062718,-0.856580713066691,0.572316445910182
4482,30,50,31.1841858299165,49.3469722517928,3.13320939885405,11.8681249395377,-1.18418582991654,0.653027748207201
4500,30,50,31.3921233457368,49.6173223707923,2.13320939885405,11.6267845454063,-1.39212334573683,0.38267762920767
4518,30,50,31.4675670214134,50.1752504578165,1.43460887547255,9.94206582164471,-1.4675670214134,-0.175250457816524
4536,30,50,31.4086921223954,50.6959891159073,1.23629818872998,8.21855806905207,-1.4086921223954,-0.695989115907338
4554,30,50,31.2327447065623,50.927117533427,1.55908299885657,7.30887077405972,-1.23274470656228,-0.92711753342698
4572,30,50,30.983000938217,50.9181720159903,2.27747380345427,7.04067293272527,-0.983000938216961,-0.918172015990343
4590,30,50,30.7127006989762,50.8687957602549,3.06926265975925,6.93826496151021,-0.712700698976203,-0.868795760254898
4608,30,50,30.4644090697372,50.9154492969743,3.91385725435385,6.40356186406924,-0.46440906973724,-0.915449296974273
4626,30,50,30.2682994833891,51.038729620338,4.7231076197746,5.65197696705572,-0.268299483389143,-1.03872962033803
4644,30,50,30.1479409569966,51.0838744601182,5.02315048304078,5.06101191354686,-0.147940956996635,-1.08387446011823
4662,30,50,30.1079051094579,50.9518122468015,5.08592783989759,5.14036299801168,-0.107905109457874,-0.951812246801488
4680,30,50,30.1587294925786,50.6475432769063,4.90647713413109,5.69993121771166,-0.158729492578615,-0.647543276906283
4698,30,50,30.2974323822712,50.305465789493,4.33496691838599,6.52473769515627,-0.297432382271239,-0.305465789493041
4716,30,50,30.4706157430925,50.0108841477285,3.5560909779818,7.3883695309965,-0.470615743092459,-0.0108841477284827
4734,30,50,30.6402373555737,49.8065733985697,2.75705625482856,8.44051192341215,-0.640237355573746,0.193426601430303
4752,30,50,30.7749333581041,49.7550747258312,2.13825246356589,9.19058036031332,-0.774933358104143,0.244925274168793
4770,30,50,30.8359475327072,49.9016436114032,1.72525519663604,8.89247477323764,-0.835947532707163,0.0983563885968124
4788,30,50,30.8047394132849,50.1780762124689,1.61160591830896,8.0080639140157,-0.804739413284949,-0.178076212468874
4806,30,50,30.6799475424731,50.4160687518638,1.72565351124678,7.17580087779685,-0.67994754247313,-0.416068751863804
4824,30,50,30.4899456510725,50.5458005574818,2.2969584610564,6.58558856531222,-0.489945651072521,-0.545800557481826
4842,30,50,30.2762832701997,50.604185587784,3.17931140223288,6.12003118967639,-0.276283270199748,-0.604185587783959
4860,30,50,30.076605114516,50.6299450336363,4.05830890733607,5.7638192001021,-0.0766051145159992,-0.629945033636282
4878,30,50,29.9095560238007,50.6293118360074,5.04709004443438,5.55386087122081,0.0904439761993281,-0.629311836007446
4896,30,50,29.8102706318137,50.5917513874396,5.7946090546161,5.50114329561271,0.189729368186281,-0.591751387439622
4914,30,50,29.8033307312692,50.5208382870588,6.12117298971152,5.5471176975198,0.196669268730815,-0.520838287058794
4932,30,50,29.8843733212222,50.3892446562727,6.0716619116078,5.78329729783124,0.11562667877778,-0.389244656272673
4950,30,50,30.0569560273197,50.1769731778953,5.36335290207287,6.32066085786483,-0.0569560273197105,-0.176973177895299
4968,30,50,30.2943576887956,49.9249632270233,4.36335290207287,7.26455076967799,-0.294357688795561,0.0750367729767447
4986,30,50,30.5539152357014,49.6814314220213,3.36335290207287,8.69730190009735,-0.553915235701393,0.318568577978695
5004,30,50,30.7954844019767,49.5556499789405,2.36335290207287,10.0766708940594,-0.795484401976651,0.444350021059542
5022,30,50,30.9534343357576,49.6766224307871,1.58548869493874,10.1546919952209,-0.953434335757628,0.323377569212944
5040,30,50,30.9932081185935,50.0283584193624,1.17060863931237,9.09925173432553,-0.993208118593504,-0.0283584193623909
5058,30,50,30.9096713096496,50.4068464884325,1.14959421577621,7.9084277803776,-0.909671309649585,-0.406846488432492
5076,30,50,30.7133274275367,50.6434902654206,1.83322448566508,7.02937690053047,-0.71332742753674,-0.643490265420631
5094,30,50,30.4544653761956,50.7452408810703,2.68568350205852,6.42932889669017,-0.454465376195635,-0.745240881070288
5112,30,50,30.1878765227563,50.798821819373,3.61993955742185,5.93538127953006,-0.187876522756284,-0.798821819372996
5130,30,50,29.9506074336271,50.8433027303119,4.70157221048307,5.46587083005969,0.0493925663728518,-0.843302730311919
5148,30,50,29.7984582061379,50.8577452324889,5.8128597164364,5.1221737446398,0.201541793862074,-0.857745232488902
5166,30,50,29.7413415156987,50.8021184563831,6.50557537830456,5.06922789647672,0.258658484301339,-0.80211845638312
5184,30,50,29.781949506109,50.6192800211644,6.6502184199411,5.35290447312549,0.218050493890953,-0.619280021164357
5202,30,50,29.9293480133991,50.3505885181798,6.25222568763447,5.9713797779768,0.070651986600943,-0.350588518179805
5220,30,50,30.1800119360048,50.0557651294832,5.25222568763447,6.8034922889642,-0.180011936004806,-0.0557651294831913
5238,30,50,30.4876352875031,49.7772022918874,4.25222568763447,8.14185059395546,-0.487635287503103,0.222797708112637
5256,30,50,30.79317222361,49.551568077877,3.25222568763447,9.79453302466993,-0.79317222361005,0.448431922123049
5274,30,50,31.0399946571819,49.5208861484461,2.25222568763447,10.9139572125665,-1.03999465718186,0.479113851553876
5292,30,50,31.1693477798603,49.7807795850534,1.57683836042415,10.4800938060034,-1.16934777986026,0.219220414946577
5310,30,50,31.1728282275757,50.2394087054244,1.21953532559084,9.08946595420563,-1.17282822757571,-0.239408705424424
5328,30,50,31.051972853451,50.6500099437091,1.24783988262453,7.81008785424379,-1.05197285345098,-0.650009943709101
5346,30,50,30.8265132272555,50.8545840156855,1.98266416377469,6.98166782289817,-0.826513227255472,-0.854584015685475
5364,30,50,30.5589220133032,50.9136098743472,2.81088502267039,6.41576503063426,-0.558922013303249,-0.913609874347188
5382,30,50,30.295617103376,50.9403824876151,3.70743674680832,5.9512411173722,-0.295617103375974,-0.940382487615146
5400,36,50,30.0673556203861,50.9559485235219,3.70743674680832,5.52262466606429,5.93264437961391,-0.955948523521911
5418,36,50,29.9275067068002,50.9431310066492,8.70743674680832,5.24708433731115,6.07249329319978,-0.943131006649224
5436,36,50,29.8795979979675,50.8654232581196,13.7074367468083,5.22964102806619,6.1204020020325,-0.865423258119606
5454,36,50,29.9249260279971,50.668872331646,18.2343774724812,5.54433461588857,6.07507397200285,-0.66887233164595
5472,36,50,29.98054398307,50.3971459742783,22.6484399724812,6.13921348475658,6.01945601692998,-0.397145974278281
5490,36,50,30.4775973516613,50.1092749917511,22.9201138594273,6.94101442354382,5.52240264833868,-0.109274991751143
5508,36,50,31.4216319327262,49.971850619526,22.0399258406255,7.43908735565174,4.5783680672738,0.0281493804740478
5526,36,50,32.7500672423082,49.3610929399062,21.0399258406255,8.57054686675931,3.24993275769175,0.638907060093821
5544,36,50,34.4329888029307,48.2028381725736,20.0399258406255,8.20299850513278,1.56701119706926,1.79716182742636
5562,36,50,36.0920867031156,46.6503828302545,18.9659202902092,15.2029985051328,-0.0920867031156263,3.34961716974549
5580,36,50,37.6092609133224,44.6236851179888,15.4741423834574,22.2029985051328,-1.60926091332237,5.3763148820112
5598,36,50,38.967557262769,44.0476517998588,10.4741423834574,29.2029985051328,-2.96755726276905,5.95234820014123
5616,36,50,40.1716283114957,44.9649509217486,5.47414238345738,27.9669546359499,-4.17162831149565,5.03504907825142
5634,36,50,41.0939245217896,47.06734671068,1.13760014377172,26.4669546359499,-5.0939245217896,2.93265328932
5652,36,50,41.5353976228154,48.710243334983,0.137600143771722,24.9669546359499,-5.53539762281538,1.28975666501703
5670,36,50,41.4004410212951,49.9103843918627,0,23.4669546359499,-5.40044102129514,0.0896156081372723
5688,36,50,40.8456424147193,51.0362783318923,0.500550055005501,20.6386270437372,-4.84564241471931,-1.03627833189233
5706,36,50,39.9455216818497,52.3078514279624,4.49125524797378,15.4661310183,-3.94552168184971,-2.30785142796239
5724,36,50,39.0061350937807,53.4612669976029,8.66138547795438,8.46613101829997,-3.00613509378068,-3.46126699760293
5742,36,50,38.1245164842146,53.9827539082503,11.8551185300785,6.7023467819646,-2.12451648421455,-3.98275390825029
5760,36,50,37.3886459062289,53.3197565299705,12.0012842531871,8.97924953574979,-1.38864590622892,-3.31975652997048
5778,36,50,37.1480480732648,52.5347026831804,12.6500855969037,11.1087374620366,-1.14804807326475,-2.53470268318037
5796,36,50,37.4288670797089,52.3013034855854,11.6500855969037,10.8634015962867,-1.42886707970886,-2.30130348558541
5814,36,50,38.0206237970168,52.0187464948675,9.41673514321427,10.7839085087291,-2.02062379701683,-2.01874649486754
5832,36,50,38.5708993055395,51.1680820235734,7.76472407009914,9.20039976226763,-2.57089930553946,-1.16808202357338
5850,36,50,39.1226510564075,49.8859834817266,6.21176177207401,2.51301606297473,-3.1226510564075,0.11401651827336
5868,36,50,39.5750046735685,48.1813329408402,5.21176177207401,2.242777915332,-3.57500467356847,1.8186670591598
5886,36,50,39.8167243630086,45.2544146563434,4.21176177207401,9.242777915332,-3.8167243630086,4.74558534365662
5904,36,50,39.9432972890399,42.8050820036457,3.21176177207401,16.242777915332,-3.94329728903989,7.19491799635428
5922,36,50,40.0333102540074,42.3279554726109,2.21176177207401,23.242777915332,-4.03331025400742,7.67204452738908
5940,36,50,39.9971862724251,43.5891246002319,1.30268119473567,22.1659702345639,-3.99718627242508,6.41087539976807
5958,36,50,39.7180781302752,46.2226998915514,1.30268119473567,20.6659702345639,-3.71807813027517,3.77730010844857
5976,36,50,39.2092444360286,48.5192731793749,1.45447095459068,19.1659702345639,-3.20924443602857,1.48072682062509
5994,36,50,38.5118744297885,50.4362008157,3.67207432450533,17.1517513019578,-2.51187442978854,-0.436200815699991
6012,36,50,37.7840357606264,52.0049727584876,5.11058044169786,12.6513421552559,-1.78403576062644,-2.00497275848758
6030,36,50,37.1130234980728,53.1093034229938,4.99211014064009,5.65134215525594,-1.11302349807281,-3.10930342299383
6048,36,50,36.5152732384497,53.263072303847,5.21806832879339,4.15134215525594,-0.515273238449652,-3.263072303847
6066,36,50,36.1870805861424,52.1127916986557,6.16362706804841,5.37326542843867,-0.187080586142415,-2.11279169865568
6084,36,50,36.1113377307574,50.8497769134767,6.33529021023027,1.05777871941134,-0.111337730757441,-0.849776913476724
6102,36,50,36.1587127985877,49.5863111867711,6.15583950446378,0,-0.158712798587686,0.41368881322893
6120,36,50,36.2392065549811,47.4332754319468,5.85673914227193,3.94892732160065,-0.239206554981095,2.56672456805318
6138,36,50,36.3893916716568,45.4008854140307,5.21075529186819,10.9489273216006,-0.389391671656753,4.59911458596929
6156,36,50,36.6267868213138,44.4552998435342,4.21075529186819,17.9489273216006,-0.626786821313829,5.54470015646578
6174,36,50,36.8376721588324,44.9654442375137,3.21075529186819,17.9281783837487,-0.837672158832447,5.03455576248631
6192,36,50,36.9141225042793,46.7070282098746,2.73124435481594,16.4281783837487,-0.914122504279334,3.29297179012542
6210,36,50,36.7806605402111,48.2636636301924,2.84405485487018,14.9281783837487,-0.780660540211102,1.73633636980763
6228,36,50,36.4414077226193,49.3959863148782,3.72947152153685,13.4281783837487,-0.441407722619317,0.604013685121835
6246,36,50,36.0311456762628,50.1926554422484,4.72220759901869,11.7339224120041,-0.0311456762628097,-0.192655442248416
6264,36,50,35.6227961666008,50.7345393661812,6.06536145385558,9.81939115710334,0.377203833399207,-0.734539366181167
6282,36,50,35.2696426566628,51.0149751851234,7.81321649291307,8.78940326622792,0.730357343337204,-1.01497518512343
6300,36,50,35.0402611113397,50.9800959784228,9.99113060334252,8.583182960941,0.959738888660254,-0.980095978422796
6318,36,50,34.9469119441308,50.7684801168794,12.0296031844508,8.88825215583358,1.05308805586915,-0.768480116879388
6336,36,50,35.0159161299857,50.457443138753,12.8816165732326,9.55722757605488,0.984083870014267,-0.457443138752978
6354,36,50,35.2600598291651,50.1331538713478,12.1172853630415,10.4327860892215,0.739940170834856,-0.133153871347773
6372,36,50,35.6970915859098,49.8147201978875,11.1832266752736,11.8195320693312,0.302908414090162,0.185279802112518
6390,36,50,36.3007063018925,49.4860579408843,9.96892182662642,13.8280045338216,-0.300706301892532,0.513942059115699
6408,36,50,36.953888637845,49.1854962927445,8.33821643243554,16.2209345134273,-0.953888637845047,0.814503707255511
6426,36,50,37.5020840266739,49.0328473891248,6.8044209385014,18.5410849885476,-1.50208402667393,0.967152610875218
6444,36,50,37.915289380299,49.2222067424488,5.8044209385014,18.938981169659,-1.915289380299,0.777793257551195
6462,36,50,38.1613846621219,49.8720343634555,4.8044209385014,17.4760569373175,-2.1613846621219,0.127965636544459
6480,36,50,38.2027923907158,50.5752739208374,3.8044209385014,15.4581577571893,-2.20279239071584,-0.575273920837375
6498,36,50,38.0621587280006,51.0125250072696,3.28726280778921,14.1209130285235,-2.06215872800063,-1.01252500726963
6516,36,50,37.8336121011794,51.189684302396,3.47555289428289,13.249615810097,-1.83361210117936,-1.18968430239602
6534,36,50,37.5563676212548,51.2754913348407,3.88897647014301,12.4726446522081,-1.55636762125484,-1.27549133484067
6552,36,50,37.2376729331628,51.3119248206664,4.49400911865392,11.8301572549757,-1.23767293316277,-1.31192482066644
6570,36,50,36.9063975726018,51.3294734208532,5.24363079976549,11.2551304794836,-0.906397572601811,-1.32947342085325
6588,36,50,36.6180990728623,51.3650410507903,6.06749443612913,10.5929374761113,-0.61809907286235,-1.36504105079029
6606,36,50,36.3920296391195,51.3729465186172,6.92251302348972,10.0434954727672,-0.392029639119535,-1.37294651861716
6624,36,50,36.24109326219,51.2512619571917,7.31266629799042,10.0320732832604,-0.241093262189999,-1.25126195719168
6642,36,50,36.175297953923,51.0099696676952,7.43332994806584,10.3291029862307,-0.175297953923007,-1.00996966769524
6660,36,50,36.1999053511633,50.7377926387038,7.31567135408603,10.7828417006377,-0.199905351163267,-0.737792638703837
6678,36,50,36.3108988437893,50.4731880513806,6.882367411524,11.3207657683201,-0.310898843789289,-0.473188051380625
6696,36,50,36.4542107286982,50.2291896586898,6.27702460325975,11.9169742123168,-0.454210728698222,-0.229189658689819
6714,36,50,36.5970315466385,50.0090545309035,5.64280091744441,12.5714218664656,-0.597031546638462,-0.00905453090353348
6732,36,50,36.7144017253919,49.8753455568537,5.07563996928985,13.2642360662939,-0.714401725391895,0.124654443146284
6750,36,50,36.7769410960751,49.866607466147,4.6819626653829,13.6084679012191,-0.776941096075106,0.133392533853026
6768,36,50,36.7689272597197,50.0015251072563,4.51630560023269,13.2212037031953,-0.768927259719717,-0.00152510725631316
6786,36,50,36.6885498373468,50.2271476671658,4.53754317142682,12.4628925025359,-0.688549837346756,-0.227147667165838
6804,36,50,36.544949976243,50.4174818079876,4.75365072262672,11.7590651200545,-0.544949976242954,-0.41748180798762
6822,36,50,36.3647808667415,50.5181658213208,5.23055087165802,11.2524006610761,-0.364780866741462,-0.518165821320849
6840,36,50,36.1841462798044,50.5497060505505,5.83968792749558,10.9227513315224,-0.184146279804409,-0.549706050550469
6858,36,50,36.0264533729135,50.5416330460887,6.43002445691841,10.7863736065508,-0.0264533729134584,-0.54163304608872
6876,36,50,35.906841307277,50.5078522327338,7.05141815421091,10.7264819818716,0.0931586927230441,-0.507852232733804
6894,36,50,35.8435167418154,50.4639946712163,7.54921202229553,10.7100969953741,0.156483258184629,-0.463994671216284
6912,36,50,35.8435878002643,50.399181546194,7.73956082361254,10.7624271404448,0.156412199735662,-0.399181546193972
6930,36,50,35.900280242136,50.2877822019763,7.71630230518016,10.9801885886033,0.0997197578639657,-0.287782201976256
6948,36,50,36.012913663088,50.127695199443,7.3839087749828,11.3994299613573,-0.012913663088014,-0.127695199443039
6966,36,50,36.1680092673756,49.9554315185681,6.72393258855654,12.0116949480686,-0.168009267375609,0.0445684814318668
6984,36,50,36.3348195787968,49.8055017423249,5.96496812481639,12.9244191789451,-0.334819578796761,0.19449825767505
7002,36,50,36.4891729365377,49.7297513686835,5.29999963038014,13.8234172834672,-0.489172936537663,0.270248631316491
7020,36,50,36.5992773745166,49.8135635097572,4.79444956993394,13.847583098134,-0.599277374516646,0.186436490242805
7038,36,50,36.6321472826836,50.0462536463517,4.53018917676603,13.1416315342552,-0.632147282683597,-0.0462536463516656
7056,36,50,36.57527188879,50.2743508546647,4.53399181960281,12.3726090593025,-0.57527188879002,-0.274350854664654
7074,36,50,36.4432861642669,50.4081153055624,4.75284918059021,11.8261703618199,-0.443286164266894,-0.408115305562404
7092,36,50,36.2712113081695,50.4712982091943,5.23119004026574,11.4248616204701,-0.271211308169512,-0.471298209194345
7110,36,50,36.0949735582114,50.5109632371751,5.92084521267953,11.0649385505919,-0.0949735582114357,-0.510963237175076
7128,36,50,35.9392065648584,50.541829168477,6.7298174502232,10.7385715308381,0.0607934351416333,-0.541829168477008
7146,36,50,35.818622286074,50.5450242842439,7.57263245233024,10.5597552000015,0.181377713925976,-0.545024284243866
7164,36,50,35.7529853670621,50.4985612586427,8.29181438288423,10.5597552000015,0.247014632937933,-0.498561258642695
7182,36,50,35.7593404800475,50.408922138669,8.51911059117021,10.6860547102687,0.240659519952516,-0.408922138668956
7200,36,50,35.8456217996996,50.2793124639083,8.48113110009539,10.9612593149994,0.154378200300357,-0.279312463908298
7218,36,50,36.0095045691931,50.1071355455859,7.86269246676842,11.4181996349534,-0.00950456919309772,-0.107135545585898
7236,36,50,36.2342228860527,49.9056404864308,6.86269246676842,12.2406728466534,-0.234222886052663,0.0943595135691737
7254,36,50,36.4713045998227,49.7083401697573,5.86269246676842,13.5060192038538,-0.47130459982273,0.291659830242651
7272,36,50,36.6914796699485,49.602718546788,4.86269246676842,14.7561269717648,-0.691479669948478,0.397281453212031
7290,36,50,36.8387326788061,49.7211872100248,4.14477848099124,14.7849065382726,-0.83873267880611,0.278812789975177
7308,36,50,36.871445415936,50.045999005064,3.80248019248269,13.8142231379393,-0.871445415935995,-0.0459990050640329
7326,36,50,36.7844601027675,50.3826519733213,3.82551503267848,12.7307957570902,-0.784460102767497,-0.382651973321281
7344,36,50,36.5871050181261,50.5998322997461,4.53936657071495,11.9081487694299,-0.58710501812611,-0.599832299746069
7362,36,50,36.3329340880387,50.7059523402875,5.42275879686336,11.3115735530794,-0.332934088038712,-0.705952340287467
7380,36,50,36.0755796896096,50.7746197591463,6.39290805059471,10.7585820758871,-0.0755796896096399,-0.774619759146283
7398,36,50,35.8493633336869,50.8246823862691,7.63780600977838,10.2579249251703,0.150636666313105,-0.82468238626906
7416,36,50,35.7098058246699,50.822520924065,8.87361575255752,9.97952685803263,0.290194175330058,-0.822520924065032
7434,36,50,35.6679286558399,50.7407782960965,9.60491331160485,9.99441232265209,0.332071344160092,-0.740778296096515
7452,36,50,35.7277463447369,50.5429368062963,9.76656866239696,10.3546393150034,0.272253655263071,-0.542936806296311
7470,36,50,35.9085630939822,50.2697620200813,9.2221040525966,11.0126409396988,0.0914369060178046,-0.269762020081259
7488,36,50,36.2019616098422,49.9798216296631,8.2221040525966,11.9313828783832,-0.201961609842229,0.0201783703368932
7506,36,50,36.5535541014225,49.6920750539732,7.2221040525966,13.4777838037324,-0.553554101422478,0.307924946026759
7524,36,50,36.9019506383057,49.4590858958032,6.2221040525966,15.2887879981563,-0.901950638305713,0.540914104196773
7542,36,50,37.1765834623196,49.454594697779,5.2221040525966,16.1392299462494,-1.17658346231964,0.545405302220999
7560,36,50,37.330019460305,49.7544397561202,4.45657581090022,15.6391844875714,-1.33001946030495,0.245560243879751
7578,36,50,37.3528796055791,50.2118843507411,3.93798046344134,14.2497574186536,-1.35287960557906,-0.211884350741144
7596,36,50,37.249355437991,50.607229246467,3.88919521610014,12.991480963556,-1.24935543799098,-0.607229246467014
7614,36,50,37.0459029270872,50.7959650100638,4.49960630446051,12.1959661518279,-1.04590292708723,-0.795965010063796
7632,36,50,36.7929978826177,50.8427252161955,5.25948472391339,11.6885665746608,-0.792997882617719,-0.842725216195539
7650,36,50,36.529296633779,50.8633862894989,6.09015565043097,11.2969514211574,-0.529296633778984,-0.863386289498933
7668,36,50,36.2926968612681,50.8952954163732,6.98234895898115,10.8469064166569,-0.292696861268098,-0.895295416373202
7686,36,50,36.1328038209562,50.930210070268,7.49642484637405,10.3860167691019,-0.132803820956227,-0.930210070268004
7704,36,50,36.0577400016169,50.8980244120526,7.68522443815872,10.2059987673018,-0.0577400016168568,-0.898024412052635
7722,36,50,36.0696544768248,50.7211233894387,7.63712342603326,10.4575710943458,-0.0696544768247875,-0.721123389438731
7740,36,50,36.1723186586362,50.4464683021111,7.28811964949985,11.0296534742085,-0.172318658636179,-0.446468302111143
7758,36,50,36.3287897874245,50.1546458401994,6.59476177252486,11.8080287926348,-0.328789787424533,-0.154645840199358
7776,36,50,36.5002228843,49.8963747247262,5.8120396388823,12.8273575742484,-0.500222884299959,0.103625275273799
7794,36,50,36.6551070909532,49.7537140607642,5.11907981580821,13.8456319628291,-0.655107090953216,0.24628593923584
7812,36,50,36.7603764976258,49.8011935670652,4.58103689559053,13.9660134796363,-0.760376497625835,0.198806432934752
7830,36,50,36.7819166569375,50.0301311338399,4.30204410684482,13.266339598818,-0.78191665693749,-0.0301311338398733
7848,36,50,36.7093030598849,50.2767077367886,4.30016951691136,12.4407257846261,-0.709303059884896,-0.27670773678863
7866,36,50,36.5569490582598,50.4329240341347,4.543094959475,11.8109792192195,-0.556949058259839,-0.432924034134658
7884,36,50,36.3604172849599,50.5088574888341,5.32303056019949,11.3536544851546,-0.360417284959873,-0.508857488834082
7902,36,50,36.1591363523111,50.5488003992399,6.17124680007693,10.9809207980055,-0.159136352311066,-0.548800399239866
7920,36,50,35.9798179304171,50.5756121773668,7.02613032219704,10.6413741662953,0.02018206958288,-0.575612177366757
7938,36,50,35.8401069412294,50.5768453541745,7.95795203364292,10.4488148424632,0.159893058770642,-0.576845354174495
7956,36,50,35.7835126058628,50.5289872523244,8.57476005214716,10.4408448333125,0.216487394137154,-0.528987252324384
7974,36,50,35.8142350263014,50.434562941618,8.70661926707768,10.5611622665406,0.185764973698575,-0.434562941618005
7992,36,50,35.9290861957824,50.2618260169392,8.49168876127455,10.9525020618119,0.0709138042176178,-0.26182601693921
8010,36,50,36.1288118542419,50.0291023090399,7.51930020505366,11.6254934641244,-0.128811854241903,-0.0291023090398994
8028,36,50,36.379690974767,49.7908087691529,6.51930020505366,12.8322468546585,-0.379690974766959,0.209191230847111
8046,36,50,36.6327343127043,49.5958822450892,5.51930020505366,14.289269011741,-0.632734312704343,0.40411775491075
8064,36,50,36.8494318208007,49.578562270317,4.51930020505366,15.1956075213611,-0.849431820800689,0.421437729682957
8082,36,50,36.9561988576966,49.8153578358106,3.94619080188448,14.7589996288338,-0.956198857696634,0.184642164189384
8100,36,50,36.9408128714634,50.193989672424,3.76070389876379,13.5934637983663,-0.940812871463429,-0.193989672423967
8118,36,50,36.8056172550982,50.5350428546226,3.89124931307953,12.4894123089695,-0.805617255098227,-0.535042854622588
8136,36,50,36.5696197071115,50.725220735285,4.69933012116034,11.7091661598868,-0.569619707111528,-0.725220735284964
8154,36,50,36.299637683616,50.8074461673442,5.59933012116034,11.1125822833293,-0.299637683616012,-0.807446167344231
8172,36,50,36.0447819095161,50.865660588839,6.58358208966428,10.5600420217402,-0.0447819095160611,-0.865660588838971
8190,36,50,35.8311829410367,50.8906743781514,7.88314156102992,10.1135926426411,0.168817058963256,-0.890674378151445
8208,36,50,35.7116949058826,50.8477475168386,8.9679411376935,9.98459942672872,0.288305094117383,-0.847747516838567
8226,36,50,35.6909730357015,50.7282903929849,9.52524177605605,10.0940233344298,0.309026964298518,-0.728290392984917
8244,36,50,35.7721962811604,50.5130656852651,9.60741104474956,10.5151546576294,0.227803718839624,-0.513065685265104
8262,36,50,35.9769734011074,50.2391669203811,8.70361749022464,11.1885737652122,0.0230265988925922,-0.239166920381102
8280,36,50,36.2775423552763,49.9569411170789,7.70361749022464,12.1256738734906,-0.277542355276324,0.0430588829210805
8298,36,50,36.6181575594676,49.6708098196691,6.70361749022464,13.7106195400689,-0.618157559467605,0.329190180330926
8316,36,50,36.9470132493089,49.4608711806522,5.70361749022464,15.472277571157,-0.947013249308895,0.539128819347809
8334,36,50,37.1704886066338,49.5062178648177,4.70361749022464,15.9455388949937,-1.17048860663377,0.493782135182272
8352,36,50,37.2722335117144,49.845111421133,4.06174880831278,15.1813158550843,-1.27223351171438,0.154888578866966
8370,36,50,37.2446898134885,50.3095486769204,3.81037830423469,13.7902241969998,-1.24468981348848,-0.309548676920357
8388,36,50,37.094692909888,50.668951696221,3.89355103980625,12.6213622993738,-1.09469290988801,-0.668951696220986
8406,36,50,36.8537186203653,50.8315329986931,4.63201257826779,11.8870729383107,-0.853718620365314,-0.831532998693142
8424,36,50,36.5796969358218,50.8771798388498,5.45518330997511,11.3660888572687,-0.579696935821786,-0.87717983884982
8442,36,50,36.3190368539739,50.9121390972184,6.34559426887921,10.9124386252695,-0.319036853973941,-0.912139097218372
8460,36,50,36.0962609631261,50.9409818402978,7.30211600800965,10.4479147120074,-0.0962609631260634,-0.940981840297781
8478,36,50,35.9604285303544,50.9285913571281,7.90624421744076,10.1760509714244,0.0395714696456295,-0.928591357128091
8496,36,50,35.9151254520898,50.8370621675697,8.20106222401747,10.1906152565608,0.0848745479102391,-0.837062167569719
8514,36,50,35.9623359485738,50.6283974821671,8.13177015795904,10.5428798144328,0.0376640514262192,-0.628397482167088
8532,36,50,36.1044726813357,50.3529928554428,7.61555786565382,11.1876732173629,-0.104472681335729,-0.352992855442821
8550,36,50,36.3032582704256,50.0706724010665,6.64123326264289,11.9844433311872,-0.303258270425609,-0.0706724010664814
8568,36,50,36.5216797708766,49.823605306608,5.64123326264289,13.154328581677,-0.521679770876581,0.17639469339197
8586,36,50,36.7188117994062,49.6829539561449,4.66311760083941,14.3210986854096,-0.718811799406247,0.317046043855143
8604,36,50,36.8489870639861,49.7458545880948,4.03147216447769,14.4756581908191,-0.848987063986108,0.254145411905156
8622,36,50,36.8683989930441,50.0147169150412,3.72129998228206,13.6628282276754,-0.868398993044138,-0.0147169150412196
8640,36,50,36.7702706287315,50.318523385533,3.76693943064004,12.6946572905356,-0.770270628731495,-0.318523385532963
8658,36,50,36.5646585183182,50.5366899807168,4.55641311485056,11.8853802118284,-0.564658518318197,-0.536689980716829
8676,36,50,36.3070829983444,50.6675044300533,5.44988390522857,11.260725270587,-0.307082998344356,-0.667504430053341
8694,36,50,36.0463066009293,50.7595366435098,6.43101598070027,10.6707531710123,-0.0463066009293129,-0.759536643509762
8712,36,50,35.8167588270898,50.8150564021672,7.72133856134543,10.1380205974634,0.183241172910186,-0.815056402167166
8730,36,50,35.6805503066982,50.8063605395641,9.02095715154178,9.90945530075775,0.319449693301792,-0.806360539564096
8748,36,50,35.6437446000388,50.7114635503006,9.8022834529384,9.95590123605938,0.356255399961185,-0.711463550300579
8766,36,50,35.71016453586,50.5023275036198,9.96786464291522,10.3559345721707,0.289835464140026,-0.502327503619782
8784,36,50,35.9017024485939,50.223772256458,9.37199318090203,11.0673970227636,0.0982975514060627,-0.223772256458012
8802,36,50,36.2102518964012,49.9359403904629,8.37199318090203,12.0811678988257,-0.210251896401232,0.0640596095371251
8820,36,50,36.5804888481379,49.6561024043011,7.37199318090203,13.6587715611199,-0.580488848137861,0.343897595698877
8838,36,50,36.9466230618791,49.4394726565051,6.37199318090203,15.479181725349,-0.946623061879095,0.560527343494911
8856,36,50,37.2326643460208,49.4476521341103,5.37199318090203,16.2447781663602,-1.23266434602083,0.552347865889679
8874,36,50,37.3951799083105,49.7561151911064,4.57603523459193,15.7027579090374,-1.39517990831055,0.243884808893611
8892,36,50,37.4263589965162,50.2094506114813,3.98839592354837,14.3410086701778,-1.42635899651625,-0.209450611481273
8910,36,50,37.3311402575175,50.5931244939856,3.92245527013644,13.1321730038617,-1.33114025751755,-0.593124493985613
8928,36,50,37.1374343835027,50.7765770130282,4.38882995225003,12.3638217575777,-1.13743438350269,-0.776577013028195
8946,36,50,36.8919474111984,50.8273901851033,5.12629307909369,11.8597975203466,-0.891947411198409,-0.827390185103255
8964,36,50,36.6285610026607,50.8558388145783,5.9312466394652,11.4240777869514,-0.628561002660689,-0.855838814578306
8982,36,50,36.3894960649101,50.8972741806581,6.79146169322865,10.9336460146656,-0.389496064910119,-0.897274180658087
9000,36,50,36.2140487246733,50.9400098247853,7.37612799218066,10.4290869400128,-0.214048724673319,-0.940009824785264
9018,36,50,36.1214045628261,50.9088900575715,7.57666790733685,10.2458242635098,-0.121404562826129,-0.908890057571455
9036,36,50,36.1149002582306,50.7435278020705,7.57468161276936,10.4680636338315,-0.114900258230577,-0.743527802070481
9054,36,50,36.1976785246616,50.4831911502877,7.28893330939991,11.0016654460641,-0.197678524661619,-0.483191150287681
9072,36,50,36.3417147986081,50.2028287833542,6.70784656544126,11.7239545469068,-0.341714798608088,-0.202828783354221
9090,36,50,36.5026414633431,49.9522974954115,5.98552402064337,12.5965891189237,-0.502641463343089,0.0477025045885142
9108,36,50,36.6520863685272,49.7954899326437,5.29408063257077,13.5596412533805,-0.652086368527179,0.204510067356338
9126,36,50,36.7587025066858,49.8005600395194,4.75603771235309,13.8063761285327,-0.758702506685822,0.199439960480561
9144,36,50,36.7931536235069,49.9788947043623,4.44116626598317,13.2983892250701,-0.793153623506925,0.0211052956377387
9162,36,50,36.74151455942,50.2001059757557,4.39208149248895,12.5761001242274,-0.741514559420025,-0.200105975755719
9180,36,50,36.6101923212013,50.3568064318114,4.55369292239878,11.967655330102,-0.610192321201318,-0.3568064318114
9198,36,50,36.4309593627378,50.4434849344587,4.98730583583445,11.5135350817816,-0.430959362737838,-0.443484934458738
9216,36,50,36.2395057740455,50.4951749378923,5.61860456182798,11.1164412205585,-0.239505774045504,-0.495174937892266
9234,36,50,36.0635477768189,50.5312225455489,6.33776141241695,10.7501285235545,-0.0635477768188935,-0.531222545548914
9252,36,50,35.9194164278274,50.5389065890172,7.05683315616592,10.5207659861023,0.0805835721725714,-0.538906589017238
9270,36,50,35.8278032434561,50.4963532227557,7.70854389686025,10.4933244518156,0.172196756543926,-0.496353222755744
9288,36,50,35.804401242638,50.4096770523943,8.13995874145285,10.6196239620828,0.195598757361964,-0.409677052394329
9306,36,50,35.8544906161482,50.2860120862991,8.19490983497961,10.8642695396436,0.14550938385181,-0.28601208629906
9324,36,50,35.9728834296247,50.1288460697217,7.87277453815495,11.2835109123976,0.0271165703752985,-0.12884606972171
9342,36,50,36.1473680051544,49.949265402515,7.14536955543082,11.9502429449498,-0.147368005154441,0.0507345974849898
9360,36,50,36.3534289907725,49.7811821003233,6.14536955543082,12.9852645462,-0.353428990772457,0.218817899676743
9378,36,50,36.5533348984321,49.6813961401173,5.16864493400625,14.0456422392578,-0.553334898432077,0.318603859882728
9396,36,50,36.7085743773784,49.7364975050597,4.41730770300737,14.2123240039104,-0.708574377378383,0.263502494940255
9414,36,50,36.7778296523627,49.9615246454527,4.00044184585085,13.5882468309603,-0.777829652362669,0.0384753545473444
9432,36,50,36.7319522100524,50.205362395128,3.95354613782761,12.8077320233213,-0.731952210052441,-0.205362395128034
9450,36,50,36.5787784660081,50.3729895656616,4.18887034808468,12.1700458137211,-0.578778466008131,-0.372989565661641
9468,36,50,36.3604557306013,50.4907443867154,5.04824534808468,11.623177346458,-0.360455730601274,-0.49074438671537
9486,36,50,36.1237044812644,50.6000298335023,6.00062630046563,11.0666808548054,-0.123704481264411,-0.600029833502347
9504,36,50,35.9049717290705,50.6974096974876,7.17453934394389,10.4890944173907,0.0950282709294612,-0.697409697487608
9522,36,50,35.7269991989073,50.7429785624925,8.75932539782662,10.0150804330701,0.273000801092721,-0.742978562492503
9540,36,50,35.6428049234223,50.6931118637182,9.73288441984233,9.96363174636547,0.357195076577739,-0.693111863718244
9558,36,50,35.6605798815649,50.5472899084052,10.0396642541812,10.1972574533906,0.339420118435136,-0.547289908405219
9576,36,50,35.7966246074968,50.3152449847562,9.91843376471312,10.7238998862304,0.203375392503162,-0.315244984756184
9594,36,50,36.0807722679847,50.0413169598505,8.91843376471312,11.5094102711108,-0.0807722679847487,-0.0413169598505121
9612,36,50,36.4481007822209,49.7528124906516,7.91843376471312,12.9368127622464,-0.448100782220912,0.24718750934835
9630,36,50,36.8283245285691,49.4504261847703,6.91843376471312,14.936976710111,-0.828324528569055,0.549573815229692
9648,36,50,37.174325269393,49.3324003756619,5.91843376471312,16.7005227310905,-1.17432526939295,0.667599624338067
9666,36,50,37.4014801770209,49.5653520367311,4.91843376471312,16.6254309997141,-1.40148017702089,0.434647963268901
9684,36,50,37.4967603538292,50.0849153795031,4.18151408895777,15.0401514183594,-1.4967603538292,-0.084915379503137
9702,36,50,37.4565029210835,50.6018944933673,3.88784460564984,13.3196234711541,-1.45650292108355,-0.601894493367261
9720,36,50,37.2970042377127,50.8467092563192,4.01042064157554,12.4016445175008,-1.29700423771268,-0.846709256319244
9738,36,50,37.0599338246289,50.8489810400511,4.6995246157653,12.1120905225749,-1.05993382462893,-0.848981040051136
9756,36,50,36.7968871599231,50.8062099550677,5.46423049811824,11.9951592553442,-0.796887159923138,-0.806209955067743
9774,36,50,36.5471432847167,50.8530692352255,6.28390262926578,11.4843760544361,-0.547143284716697,-0.853069235225476
9792,36,50,36.3318750298818,50.9779905323076,7.15346784665709,10.7580691361329,-0.3318750298818,-0.977990532307622
9810,36,50,36.189906432776,51.0413170572232,7.52242652938311,10.1478442367776,-0.189906432776041,-1.04131705722318
9828,36,50,36.1266760316548,50.9563835086456,7.63023705811347,10.1075724018921,-0.12667603165481,-0.956383508645573
9846,36,50,36.1522968774371,50.6949919876662,7.50651296284592,10.5566671585345,-0.152296877437074,-0.694991987666192
9864,36,50,36.2715078115276,50.3721317165015,7.04121011487159,11.2962786229478,-0.271507811527599,-0.372131716501535
9882,36,50,36.4330461828493,50.0775706470913,6.33012469790382,12.1161255073358,-0.433046182849253,-0.0775706470913491
9900,36,50,36.5982193170967,49.8507588932242,5.53549529661597,13.1633941175821,-0.598219317096742,0.149241106775833
9918,36,50,36.735914508704,49.7627791883955,4.87788598048399,14.0229615963666,-0.73591450870402,0.237220811604502
9936,36,50,36.8109743656459,49.8726856931248,4.43030496089072,13.8822638114061,-0.810974365645862,0.127314306875242
9954,36,50,36.8004813609433,50.133211419772,4.255283083156,13.0665969229186,-0.800481360943252,-0.133211419771975
9972,36,50,36.6959965923613,50.3737521773084,4.31651382098639,12.2459679482692,-0.695996592361304,-0.373752177308383
9990,36,50,36.5196700207145,50.5084612687652,4.70834871101351,11.667846841865,-0.519670020714528,-0.508461268765217
10008,36,50,36.3130028114996,50.5712765731602,5.57971800561932,11.2170307092111,-0.313002811499572,-0.571276573160247
10026,36,50,36.1133520204848,50.6071676423207,6.44691424638906,10.8248435472369,-0.113352020484832,-0.607167642320661
10044,36,50,35.9412213728806,50.6212134457256,7.34203002766947,10.5678529145106,0.0587786271194162,-0.621213445725644
10062,36,50,35.8207980720976,50.5964667418612,8.18484502977651,10.4478409133105,0.179201927902419,-0.596466741861192
10080,36,50,35.7914938040968,50.5337496725765,8.66779100019606,10.4660190591396,0.20850619590319,-0.533749672576505
10098,36,50,35.8506791678272,50.4201476728683,8.70188578369419,10.6406915482226,0.149320832172833,-0.420147672868296
10116,36,50,35.9949188962594,50.2219075810668,8.239477837128,11.1315454870037,0.00508110374061488,-0.221907581066844
10134,36,50,36.2140721795744,49.9733768588085,7.239477837128,11.955737600849,-0.214072179574401,0.0266231411915214
10152,36,50,36.4708821540729,49.7354246450407,6.239477837128,13.2674506183324,-0.47088215407291,0.264575354959348
10170,36,50,36.7191181949381,49.5802792070036,5.239477837128,14.6853802355942,-0.71911819493809,0.41972079299638
10188,36,50,36.9067146358955,49.6338060936551,4.31487826021654,15.0126173936106,-0.906714635895483,0.366193906344904
10206,36,50,36.9787965943449,49.926228691908,3.83207067324018,14.2615715720326,-0.978796594344885,0.0737713080920059
10224,36,50,36.9282696613614,50.2722661485038,3.73868376912464,13.1676100231564,-0.928269661361398,-0.272266148503824
10242,36,50,36.7620697649007,50.5345625609136,3.97876964939743,12.2615946753554,-0.76206976490068,-0.534562560913614
10260,36,50,36.5139267239977,50.6745131641104,4.80933443345059,11.6132785620973,-0.513926723997656,-0.674513164110436
10278,36,50,36.2454308717258,50.7540601359759,5.72458867073872,11.0429834963893,-0.245430871725752,-0.754060135975877
10296,36,50,35.9982436357015,50.8278312320347,6.72758268271477,10.4708136985161,0.0017563642984868,-0.827831232034683
10314,36,50,35.7979958168366,50.8608450084561,8.15208257516476,10.0350939651209,0.20200418316341,-0.86084500845611
10332,36,50,35.6914558191036,50.8100740871979,9.21015034188601,9.94992133026419,0.308544180896433,-0.81007408719794
10350,36,50,35.6842828333321,50.6718328900617,9.67630141721179,10.1226478859862,0.315717166667895,-0.671832890061694
10368,36,50,35.7806044068352,50.4447865707841,9.70168534918285,10.5971780331076,0.219395593164833,-0.444786570784146
10386,36,50,36.0106913947714,50.1701440679762,8.70168534918285,11.3079187391662,-0.0106913947714062,-0.170144067976246
10404,36,50,36.3330295923232,49.8944542700032,7.70168534918285,12.4076409347788,-0.333029592323157,0.105545729996848
10422,36,50,36.6852858391819,49.6076265326556,6.70168534918285,14.1050196007534,-0.685285839181923,0.392373467344449
10440,36,50,37.0189466824508,49.4304825942993,5.70168534918285,15.844574939136,-1.01894668245077,0.569517405700722
10458,36,50,37.2371827285911,49.5359460066381,4.70168534918285,16.1098000426076,-1.23718272859111,0.464053993361873
10476,36,50,37.3302916560059,49.9268220930879,4.0502127713912,15.0668970364786,-1.33029165600589,0.0731779069121075
10494,36,50,37.2927579618185,50.4047839327762,3.81991130936506,13.6252095303891,-1.29275796181847,-0.404783932776198
10512,36,50,37.1344826667824,50.7239867624304,3.94689375808572,12.5443802734592,-1.13448266678238,-0.723986762430371
10530,36,50,36.8902750856906,50.8431095581659,4.67637704076049,11.8776621624939,-0.890275085690583,-0.843109558165857
10548,36,50,36.6172879014936,50.8677503065661,5.48963005280868,11.4823929436953,-0.617287901493626,-0.867750306566094
10566,36,50,36.3598552422282,50.8996150331386,6.36800843118706,11.0323479391948,-0.359855242228235,-0.899615033138623
10584,36,50,36.1422662874151,50.9506752537802,7.308179371358,10.4872660992718,-0.142266287415069,-0.95067525378019
10602,36,50,36.0092049895027,50.9546907517842,7.72844325798449,10.1598040699402,-0.00920498950267756,-0.954690751784241
10620,36,50,35.9634797762914,50.855844551155,7.9363194561598,10.1932107565802,0.0365202237086351,-0.855844551155016
10638,36,50,36.0094602980923,50.6311825896974,7.81452533506834,10.5694388898177,-0.00946029809231419,-0.631182589697424
10656,36,50,36.1505398006304,50.3465436606497,7.28319231428384,11.2142322927477,-0.150539800630412,-0.346543660649701
10674,36,50,36.332927064093,50.0618495372661,6.45197082416726,12.0170450674328,-0.33292706409302,-0.0618495372661059
10692,36,50,36.5264483595347,49.8149670434869,5.53715348036392,13.2086056213876,-0.526448359534712,0.185032956513126
10710,36,50,36.6939886656082,49.7001759803169,4.73287093695094,14.2533417585427,-0.693988665608174,0.299824019683115
10728,36,50,36.7939010138701,49.8017720291661,4.22494692868241,14.2348215251878,-0.793901013870133,0.198227970833898
10746,36,50,36.7963497831597,50.0883891992726,4.01338134335096,13.3428435350343,-0.796349783159705,-0.088389199272612
10764,36,50,36.6900894589782,50.3790653083683,4.10007126829017,12.3896357913065,-0.690089458978179,-0.379065308368332
10782,36,50,36.4950432535286,50.5553274595956,4.84122636486695,11.6738910409184,-0.495043253528593,-0.555327459595581
10800,36,55,36.2626216729512,50.6427848376187,5.73966386486695,18.6738910409184,-0.262621672951234,4.35721516238125
10818,36,55,36.0365982841875,50.8778714391559,6.72256984777293,22.313555007315,-0.0365982841874626,4.12212856084408
10836,36,55,35.8439748946047,52.5736737496294,8.13986079735787,20.813555007315,0.156025105395258,2.42632625037065
10854,36,55,35.7105438860289,54.8004008916786,9.29704498250734,19.313555007315,0.289456113971127,0.19959910832138
10872,36,55,35.5313981764344,56.5074757443524,11.3035274643718,15.733578382529,0.468601823565578,-1.50747574435238
10890,36,55,35.3968432911488,57.6051603455268,13.0213766230964,9.85535722622954,0.603156708851166,-2.60516034552681
10908,36,55,35.4340322427121,57.6744040053016,13.5168766736576,8.53979446051014,0.565967757287893,-2.6744040053016
10926,36,55,35.6226398292297,56.4754635936304,13.282079984201,6.70322844314917,0.377360170770288,-1.47546359363035
10944,36,55,36.0733990512188,54.9036835313334,12.282079984201,0,-0.073399051218793,0.096316468666636
10962,36,55,36.7769728996725,52.7963035000907,10.8064339745966,1.71821484172289,-0.776972899672451,2.20369649990926
10980,36,55,37.5360100924524,49.3840106522656,8.66123970056795,8.71821484172288,-1.53601009245242,5.61598934773445
10998,36,55,38.3037354190585,46.509672471107,5.66080482342074,15.7182148417229,-2.30373541905853,8.49032752889298
11016,36,55,39.0608614807407,45.2560500834812,2.58019676261466,22.7182148417229,-3.06086148074073,9.74394991651879
11034,36,55,39.5951366954572,45.5694844371257,1.27123904509763,26.2912494649408,-3.59513669545716,9.43051556287431
11052,36,55,39.7641829964392,47.3247336572997,0.271239045097634,25.5924795879531,-3.76418299643916,7.6752663427003
11070,36,55,39.5066088498945,49.7164760688072,0.271239045097634,24.1833608609029,-3.50660884989451,5.28352393119285
11088,36,55,38.8420487578434,51.9724133278824,2.07340096380048,22.6833608609029,-2.84204875784339,3.02758667211763
11106,36,55,38.0174508541759,54.1053068685501,4.71807234374288,21.1833608609029,-2.01745085417593,0.894693131449912
11124,36,55,37.1515675090713,56.1524533214625,4.09371661735168,18.1890898840159,-1.15156750907129,-1.15245332146253
11142,36,55,36.3465436576342,57.8826905338339,2.1192451724881,11.5453977261981,-0.346543657634214,-2.88269053383387
11160,36,55,35.7639936479083,58.9148842805016,2.59310227623844,4.54539772619806,0.236006352091678,-3.91488428050162
11178,36,55,35.4838046662934,58.5000663943013,4.21960830033483,4.23871514863243,0.516195333706563,-3.50006639430134
11196,36,55,35.2500102722653,56.6316473888728,6.20321485771187,3.07080613129632,0.749989727734729,-1.63164738887281
11214,36,55,34.9868285723272,54.538880797541,8.36263514756695,0,1.01317142767279,0.461119202458988
11232,36,55,34.8811236612922,52.4285333793908,10.5729802875253,3.94892732160065,1.11887633870777,2.57146662060923
11250,36,55,34.9258004120281,50.3214520929046,11.7530971071701,10.9489273216006,1.07419958797188,4.67854790709536
11268,36,55,35.1750597844678,49.313227202845,11.0000850589773,17.9489273216006,0.82494021553218,5.68677279715502
11286,36,55,35.6467673564967,49.6979613278277,10.07830608926,19.9042438111998,0.35323264350329,5.30203867217226
11304,36,55,36.2068963815928,51.1499218508525,8.9233102409345,18.4042438111998,-0.206896381592806,3.85007814914748
11322,36,55,36.7136471503393,52.4969908204715,7.82610313175786,16.9042438111998,-0.71364715033927,2.50300917952852
11340,36,55,37.0167830466801,53.0770018668178,6.82610313175786,15.9455463203625,-1.01678304668006,1.92299813318223
11358,36,55,37.2015355509853,53.0908517333786,5.9510093583145,19.3126983346257,-1.20153555098528,1.90914826662144
11376,36,55,37.3103824397924,53.0482620783083,5.28045820729721,23.1020082579506,-1.31038243979241,1.95173792169172
11394,36,55,37.3463101842225,53.8168732200578,4.71084633817547,21.8425137270721,-1.34631018422249,1.18312677994216
11412,36,55,37.2945625057726,55.3149978960111,4.51648048751733,19.9867742549436,-1.2945625057726,-0.314997896011107
11430,36,55,37.0932995437476,56.520017468801,5.1192958553817,16.3895212549854,-1.09329954374763,-1.52001746880099
11448,36,55,36.7789913396373,57.3027440721452,5.91561391256932,13.0377597638172,-0.778991339637301,-2.30274407214522
11466,36,55,36.4558568052114,57.3759947577991,6.78993085246003,11.8596595456505,-0.455856805211397,-2.37599475779911
11484,36,55,36.1727334411572,56.8867706647859,7.73269179522097,12.5261569431369,-0.172733441157249,-1.88677066478589
11502,36,55,36.0275292965769,56.3312173825633,8.25591656831227,13.3117009634612,-0.0275292965769438,-1.33121738256326
11520,36,55,36.0221724100892,56.0185639262867,8.27227815947701,13.7549142598601,-0.022172410089226,-1.01856392628667
11538,36,55,36.1139398362069,55.8348726110285,7.98283507897565,13.9733991310967,-0.113939836206875,-0.83487261102853
11556,36,55,36.2735134335072,55.6619693355212,7.30119787559932,14.2202541038002,-0.273513433507162,-0.661969335521206
11574,36,55,36.4619807841106,55.4388158543622,6.38846615122017,14.6692718774204,-0.461980784110551,-0.438815854362204
11592,36,55,36.639010667827,55.1633637658203,5.53371186218266,15.4137027449831,-0.639010667826952,-0.163363765820272
11610,36,55,36.7796162309345,54.9314022107114,4.86996032053,16.2756542966905,-0.779616230934479,0.0685977892886314
11628,36,55,36.8479187453509,54.861251448479,4.43089309445917,16.8457840438257,-0.847918745350853,0.138748551520962
11646,36,55,36.8196359203896,54.9957644562109,4.31188634311462,16.4585198458019,-0.819635920389594,0.00423554378910751
11664,36,55,36.6966858127939,55.2932629140275,4.42059381131769,15.4960680132004,-0.696685812793888,-0.293262914027537
11682,36,55,36.4987741575214,55.5840640682143,5.15892492200544,14.5073513965919,-0.498774157521424,-0.584064068214339
11700,36,55,36.2580088949708,55.7628038528243,6.06118056110318,13.7434891372162,-0.258008894970828,-0.762803852824263
11718,36,55,36.0237719392087,55.8229112707911,7.05255987144801,13.2074747491512,-0.0237719392087357,-0.822911270791124
11736,36,55,35.827043585572,55.7982785568662,8.4303110154881,13.0225242405373,0.172956414427958,-0.798278556866208
11754,36,55,35.722048531149,55.7084687665326,9.36638688690084,13.068970175839,0.277951468851001,-0.708468766532633
11772,36,55,35.718086318311,55.5996931392374,9.69227640501175,13.1899476740243,0.281913681689019,-0.599693139237395
11790,36,55,35.814926358211,55.4342113489915,9.67938814621551,13.5150607382789,0.185073641789032,-0.434211348991511
11808,36,55,36.036631196475,55.2038161385628,8.67938814621551,14.0984480889595,-0.0366311964750281,-0.203816138562786
11826,36,55,36.3380365620379,54.9383851734234,7.67938814621551,15.0536194924169,-0.338036562037878,0.0616148265765588
11844,36,55,36.6587780315305,54.6394119967324,6.67938814621551,16.7215974625192,-0.658778031530488,0.360588003267594
11862,36,55,36.9610922088886,54.4398556583567,5.67938814621551,18.492984013708,-0.961092208888559,0.56014434164328
11880,36,55,37.1515928399219,54.5405767155777,4.74968963959393,18.7835490952183,-1.15159283992187,0.459423284422286
11898,36,55,37.2204420085223,54.942081207807,4.17632275043757,17.69359890477,-1.22044200852232,0.0579187921929574
11916,36,55,37.1597268334235,55.4361737330023,4.05074813444923,16.2240260054461,-1.15972683342353,-0.436173733002335
11934,36,55,36.9782774761375,55.7630727450488,4.39488679547066,15.1150452553886,-0.978277476137521,-0.76307274504876
11952,36,55,36.7174845904624,55.8857514362368,5.17801932559114,14.4269471462473,-0.717484590462426,-0.885751436236802
11970,36,55,36.4365226582055,55.9102376072412,6.04221685645534,14.0169600126799,-0.436522658205476,-0.910237607241243
11988,36,55,36.1814740692378,55.9308444259937,6.97746865501649,13.5995523340524,-0.18147406923778,-0.930844425993719
12006,36,55,35.9862854179215,55.9608251047001,7.9859930877215,13.127730577827,0.0137145820784781,-0.96082510470012
12024,36,55,35.8810336244774,55.9404967486541,8.62675085342703,12.8951643173947,0.118966375522618,-0.94049674865407
12042,36,55,35.8669929615061,55.8068099941077,8.87652605574494,13.0070449780233,0.133007038493851,-0.806809994107681
12060,36,55,35.9479613348915,55.559951433931,8.73548233219064,13.482574024514,0.0520386651085261,-0.559951433930991
12078,36,55,36.1275270860989,55.2630912957903,7.93063763596091,14.2272066905164,-0.127527086098937,-0.263091295790289
12096,36,55,36.3649745321411,54.9779941561067,6.93063763596091,15.1459486292008,-0.364974532141112,0.0220058438932824
12114,36,55,36.6149371119656,54.7399660772639,5.93063763596091,16.4576616466843,-0.61493711196556,0.260033922736071
12132,36,55,36.833663783684,54.6252590754076,4.93063763596091,17.6476607755282,-0.833663783684017,0.374740924592359
12150,36,55,36.9569987816894,54.740670465235,4.32120312087154,17.6512842921511,-0.956998781689364,0.259329534764973
12168,36,55,36.9636897513082,55.0641717470487,4.01265145176661,16.6785330469123,-0.963689751308181,-0.0641717470486753
12186,36,55,36.8509016307013,55.420740700936,4.06216130422725,15.5380244417235,-0.850901630701301,-0.42074070093598
12204,36,55,36.6296832423384,55.6580423047827,4.83954646323785,14.655043193207,-0.62968324233838,-0.658042304782747
12222,36,55,36.3623472907292,55.7727190790371,5.72189940441432,14.0320261756126,-0.36234729072924,-0.772719079037145
12240,36,55,36.0959474932362,55.8396226775014,6.68618511870004,13.4566344468687,-0.0959474932361815,-0.83962267750141
12258,36,55,35.8646053650633,55.8709015269175,7.91569331542135,13.0173476653167,0.135394634936695,-0.87090152691745
12276,36,55,35.7268365591818,55.8452696301066,9.10772704125359,12.8534240967503,0.273163440818159,-0.84526963010655
12294,36,55,35.6873198222605,55.7539067721461,9.8050076468916,12.8900124372658,0.312680177739537,-0.753906772146095
12312,36,55,35.7489215318975,55.5616195252712,9.94632735555559,13.2184706446357,0.251078468102456,-0.561619525271198
12330,36,55,35.9284779352749,55.2966024120431,9.35194326045413,13.8345970844964,0.071522064725059,-0.296602412043057
12348,36,55,36.2146022001916,55.0080131003296,8.35194326045413,14.6982289203366,-0.214602200191607,-0.00801310032957758
12366,36,55,36.5556744582118,54.7145566544078,7.35194326045413,16.2055324421576,-0.555674458211804,0.285443345592157
12384,36,55,36.8926263405586,54.471253826939,6.35194326045413,18.0241643424794,-0.892626340558579,0.528746173060966
12402,36,55,37.1525836161482,54.4557251569445,5.35194326045413,19.1115738077041,-1.15258361614825,0.544274843055462
12420,36,55,37.292597576495,54.7566724721067,4.62559961596102,18.5969283108522,-1.29259757649504,0.243327527893342
12438,36,55,37.3030273881204,55.2667668703327,4.16399013757973,16.9868297150948,-1.30302738812043,-0.266766870332674
12456,36,55,37.1863977118749,55.7034658727379,4.16578241287322,15.6437166913386,-1.1863977118749,-0.703465872737908
12474,36,55,36.9661813674388,55.8877569526685,4.85978872202148,14.8516228791105,-0.966181367438772,-0.887756952668468
12492,36,55,36.701616916434,55.9161405611293,5.64766750990027,14.3943577790002,-0.701616916433991,-0.916140561129339
12510,36,55,36.4359774071758,55.9234156880847,6.50754012136524,14.028038776202,-0.435977407175798,-0.923415688084688
12528,36,55,36.2035821796254,55.9494604702717,7.42754012136524,13.5598708398325,-0.203582179625364,-0.949460470271703
12546,36,55,36.0549847221675,55.9766499135363,7.93640132508519,13.0807118951953,-0.054984722167525,-0.976649913536278
12564,36,55,35.9926609765381,55.9271199344928,8.10632485949471,12.9608122762716,0.00733902346190973,-0.927119934492836
12582,36,55,36.0191589493422,55.7213913045563,8.0322427154703,13.2822658052723,-0.0191589493422271,-0.721391304556313
12600,36,55,36.138839250437,55.4286526089162,7.6068942458626,13.9145723160667,-0.13883925043703,-0.428652608916202
12618,36,55,36.3114844295562,55.130071923099,6.85107082185217,14.7330911866818,-0.311484429556231,-0.130071923099024
12636,36,55,36.4955271564887,54.8729436520855,6.00248033988794,15.8206470379984,-0.495527156488748,0.12705634791449
12654,36,55,36.6587929705321,54.7395926341107,5.25748735608899,16.8334199340941,-0.658792970532105,0.260407365889272
12672,36,55,36.7641740987639,54.8092984845998,4.71944443587131,16.8854693810687,-0.764174098763924,0.1907015154002
12690,36,55,36.7790711508992,55.0580465255749,4.47623808272575,16.1178162899466,-0.779071150899227,-0.0580465255748592
12708,36,55,36.6928562227303,55.3173391368101,4.51799173617043,15.2560377634814,-0.692856222730285,-0.317339136810148
12726,36,55,36.5228902538532,55.479940264066,4.85614906530068,14.6116884053138,-0.522890253853213,-0.479940264065974
12744,36,55,36.3105703111,55.5638914066169,5.72751835990649,14.1305791812695,-0.310570311100022,-0.563891406616918
12762,36,55,36.0985035034452,55.6159218475852,6.68206381445194,13.6955760485309,-0.0985035034452224,-0.615921847585184
12780,36,55,35.9134407882207,55.6494300238674,7.88403848712848,13.3326376996584,0.0865592117792673,-0.649430023867431
12798,36,55,35.7770824846633,55.6412039868318,8.96204417660296,13.1629271852889,0.222917515336661,-0.641203986831805
12816,36,55,35.7328578973524,55.5760541898898,9.58963806262381,13.1934727632508,0.267142102647639,-0.576054189889831
12834,36,55,35.7864708743985,55.4591386436105,9.70742369277693,13.3809886007371,0.21352912560149,-0.45913864361048
12852,36,55,35.9547789951854,55.2621300168561,9.13868472435175,13.8538575200233,0.0452210048146213,-0.262130016856091
12870,36,55,36.2202421170834,55.0065567525723,8.13868472435175,14.6278389922814,-0.220242117083394,-0.00655675257226562
12888,36,55,36.5354650368101,54.7177160559879,7.13868472435175,16.1153828361523,-0.535465036810052,0.282283944012114
12906,36,55,36.8481197141743,54.4766185955251,6.13868472435175,17.9168564680755,-0.848119714174345,0.523381404474911
12924,36,55,37.0895758084376,54.4700800335078,5.13868472435175,18.8578063597424,-1.08957580843763,0.529919966492152
12942,36,55,37.2134200505559,54.7777438837259,4.49225263553449,18.286062633297,-1.21342005055588,0.22225611627411
12960,36,55,37.2085404971191,55.2639809580696,4.11624411064485,16.8157631407428,-1.20854049711913,-0.263980958069638
12978,36,55,37.0778393793392,55.6733836614633,4.15847465100381,15.5361448035076,-1.07783937933919,-0.673383661463312
12996,36,55,36.8466297072616,55.8623178230095,4.88863338116254,14.7280489630433,-0.846629707261577,-0.862317823009477
13014,36,55,36.5787564982522,55.9079767506092,5.71180411286986,14.196788339376,-0.578756498252162,-0.907976750609208
13032,36,55,36.3150365934951,55.9276233304787,6.60221507177397,13.7793806607486,-0.315036593495051,-0.927623330478681
13050,36,55,36.0873747048232,55.9409352120794,7.56455816800828,13.4054330717265,-0.0873747048232332,-0.940935212079367
13068,36,55,35.9472402780132,55.9384936954003,8.19799707449269,13.0818126968708,0.0527597219867886,-0.938493695400297
13086,36,55,35.8977906497123,55.8777493729351,8.53511360443988,13.0069841788912,0.102209350287737,-0.877749372935085
13104,36,55,35.94005246304,55.6867406067688,8.51298726303043,13.2914892341463,0.0599475369599674,-0.686740606768822
13122,36,55,36.0765811112064,55.4093683935622,8.00310002655388,13.9075215393272,-0.0765811112064299,-0.409368393562175
13140,36,55,36.2738401645472,55.1122555707696,7.02909710318784,14.7380608630172,-0.273840164547224,-0.112255570769598
13158,36,55,36.4964692378556,54.8468512755434,6.02909710318784,15.8985477013982,-0.496469237855585,0.153148724456599
13176,36,55,36.7032779727539,54.6921408788122,5.02909710318784,17.0712498991026,-0.703277972753931,0.307859121187825
13194,36,55,36.8439208295667,54.7350549728467,4.35653459636395,17.293627394014,-0.843920829566741,0.26494502715331
13212,36,55,36.8729006366752,54.9818663730499,4.01423630785539,16.577286487178,-0.872900636675212,0.0181336269501244
13230,36,55,36.7841217430701,55.2788799884607,4.03727114805119,15.6167684549809,-0.784121743070074,-0.278879988460744
13248,36,55,36.5852363306403,55.50826900873,4.75112268608766,14.7894572165059,-0.585236330640278,-0.508269008729968
13266,36,55,36.328914021949,55.6494777452353,5.63849469973953,14.1465490491911,-0.328914021948997,-0.64947774523533
13284,36,55,36.0646481956491,55.7492068823329,6.61593830876209,13.5465010453508,-0.0646481956491201,-0.749206882332885
13302,36,55,35.8295782204153,55.8129706379219,7.88052974845081,13.0137684718019,0.170421779584743,-0.812970637921907
13320,36,55,35.6817046897265,55.8141540106839,9.26716494538251,12.7390672984276,0.318295310273548,-0.8141540106839
13338,36,55,35.633091282156,55.7303539776232,10.1089326575781,12.7564432534156,0.366908717843998,-0.730353977623238
13356,36,55,35.6879392761703,55.5321967861317,10.3245605454516,13.120334663598,0.312060723829738,-0.532196786131721
13374,36,55,35.8661892206783,55.2595448326667,9.87525404027482,13.7834382055855,0.133810779321735,-0.259544832666691
13392,36,55,36.1703192940004,54.9706247596345,8.87525404027482,14.7262191127897,-0.17031929400045,0.0293752403655319
13410,36,55,36.542655639674,54.6833687652705,7.87525404027482,16.2919607565525,-0.542655639673981,0.316631234729485
13428,36,55,36.9162923985509,54.4365698241974,6.87525404027482,18.185906340342,-0.916292398550908,0.563430175802601
13446,36,55,37.2237672184344,54.4090043586996,5.87525404027482,19.4690001073491,-1.22376721843437,0.59099564130041
13464,36,55,37.4089429385196,54.7045353661856,4.9489942501167,19.0403904100547,-1.40894293851962,0.295464633814433
13482,36,55,37.46186610758,55.2257927896561,4.30324021415398,17.3302293707636,-1.46186610757995,-0.225792789656083
13500,36,55,37.3844696271157,55.6807299172792,4.1751907605719,15.9653470408066,-1.38446962711571,-0.680729917279166
13518,36,55,37.1987157336304,55.8579612732137,4.63379037157496,15.1795742898579,-1.19871573363044,-0.857961273213718
13536,36,55,36.9490740534937,55.871858414909,5.35842805273438,14.8321340907021,-0.94907405349371,-0.871858414908985
13554,36,55,36.6827556835734,55.8658540717888,6.15724462078172,14.5821070314966,-0.682755683573376,-0.865854071788775
13572,36,55,36.4379118960152,55.9252154682993,7.00231504331693,14.0094750752281,-0.437911896015223,-0.925215468299299
13590,36,55,36.2555888303839,56.0248778656182,7.54851117738325,13.2926462121851,-0.255588830383942,-1.02487786561815
13608,36,55,36.1517574249978,56.0332357656497,7.77222482391569,12.8838121463728,-0.151757424997811,-1.03323576564974
13626,36,55,36.1310255890164,55.8604554631304,7.78633914995662,13.0713260983038,-0.131025589016403,-0.860455463130364
13644,36,55,36.2010342943302,55.5527884057381,7.53343651747013,13.6984266803187,-0.201034294330185,-0.552788405738127
13662,36,55,36.3338080443743,55.2270582574011,7.00506342136553,14.5419105158348,-0.333808044374308,-0.227058257401055
13680,36,55,36.4896224461174,54.9587267620721,6.28429236395528,15.4494801585161,-0.489622446117359,0.0412732379278538
13698,36,55,36.635729065324,54.8153068528944,5.59438046421586,16.3115008694033,-0.635729065323972,0.184693147105634
13716,36,55,36.7398627599013,54.8350121614923,5.09633849213031,16.467607097788,-0.739862759901342,0.164987838507685
13734,36,55,36.7744065584811,55.0041993288139,4.78809234520714,15.9605704673858,-0.77440655848109,-0.00419932881392526
13752,36,55,36.723002131198,55.1966498638231,4.74337235333805,15.3216224166403,-0.723002131198015,-0.196649863823083
13770,36,55,36.594098277362,55.3229856038826,4.91124089571895,14.805619224868,-0.594098277361965,-0.322985603882607
13788,36,55,36.4222056414127,55.3994819847453,5.30035778278385,14.3917904465251,-0.42220564141271,-0.399481984745279
13806,36,55,36.2382010543471,55.4600184968312,5.86160980652913,13.9954639986878,-0.238201054347087,-0.460018496831218
13824,36,55,36.0680001424633,55.5064214856923,6.49107495424104,13.5952519658227,-0.068000142463255,-0.506421485692329
13842,36,55,35.9282408786335,55.5212934537171,7.18197806330503,13.3727015657128,0.0717591213664832,-0.521293453717064
13860,36,55,35.836304058255,55.4780629239191,7.81178030540102,13.3508017573361,0.163695941745004,-0.478062923919055
13878,36,55,35.8063530710878,55.3909174030889,8.25807303285816,13.4831661487194,0.193646928912202,-0.390917403088878
13896,36,55,35.8424546285743,55.2732606354431,8.34282777382649,13.7349939310103,0.157545371425734,-0.273260635443066
13914,36,55,35.9442550901813,55.1321486963468,8.14943089580466,14.0971956612127,0.0557449098186922,-0.132148696346803
13932,36,55,36.1005140751797,54.9796701333061,7.50645893652622,14.5992295931504,-0.100514075179717,0.0203298666939276
13950,36,55,36.2900261884591,54.8269705311252,6.59924435861621,15.4663519828873,-0.290026188459066,0.173029468874816
13968,36,55,36.476718242107,54.7107255310728,5.68590639404518,16.5166253048696,-0.476718242107033,0.289274468927154
13986,36,55,36.632231478311,54.719168430753,4.94487776339354,16.8776985502065,-0.632231478310985,0.280831569247006
14004,36,55,36.7132255210806,54.9023549551277,4.51954966683257,16.4930461797863,-0.713225521080609,0.0976450448722517
14022,36,55,36.6900691455882,55.1348267476789,4.40728022016056,15.7629387551262,-0.690069145588176,-0.1348267476789
14040,36,55,36.5641724172683,55.3263324938231,4.58475953422699,15.0844335868251,-0.564172417268267,-0.326332493823053
14058,36,55,36.3690783708363,55.4607902326313,5.36156851398245,14.5218860743662,-0.36907837083632,-0.460790232631297
14076,36,55,36.1497744306048,55.5668231640317,6.29773872674841,13.9746102375717,-0.149774430604793,-0.566823164031717
14094,36,55,35.9415162380999,55.6547815386897,7.40884983785952,13.4350565955846,0.0584837619001064,-0.654781538689697
14112,36,55,35.7691385753356,55.6934846926548,8.78365650567186,13.0164780769968,0.230861424664354,-0.693484692654792
14130,36,55,35.6831256184423,55.652511064547,9.73947886258992,12.9465957898271,0.316874381557696,-0.652511064547006
14148,36,55,35.6970735825095,55.5313279076213,10.0342467328921,13.1124510584137,0.302926417490454,-0.531327907621261
14166,36,55,35.8230356901886,55.3268363351116,9.91692747786932,13.5550696642976,0.176964309811396,-0.326836335111565
14184,36,55,36.0778516404568,55.0657997156931,8.91692747786932,14.2934683412117,-0.0778516404567995,-0.0657997156930747
14202,36,55,36.4148481360602,54.7804925583094,7.91692747786932,15.6594027101794,-0.414848136060179,0.219507441690581
14220,36,55,36.7661314188949,54.4989855121664,6.91692747786932,17.5262249453657,-0.766131418894858,0.501014487833629
14238,36,55,37.0860587927616,54.3913298178158,5.91692747786932,19.1646203147684,-1.08605879276163,0.60867018218417
14256,36,55,37.2890103633041,54.6098970520157,4.93644770364543,19.0659958662867,-1.28901036330409,0.390102947984275
14274,36,55,37.362344829327,55.0946240442531,4.30334757748417,17.6237717133761,-1.36234482932699,-0.094624044253095
14292,36,55,37.3034826525181,55.5816217790644,4.13862231568867,16.1547889971557,-1.30348265251815,-0.581621779064363
14310,36,55,37.1280223954629,55.8345946150885,4.46962257020635,15.2177817143267,-1.12802239546286,-0.834594615088484
14328,36,55,36.8768624617672,55.8930903349212,5.20926754062056,14.6585760776766,-0.876862461767232,-0.893090334921226
14346,36,55,36.605825250697,55.8932357925399,6.02497751040907,14.3539934686593,-0.605825250696952,-0.89323579253994
14364,36,55,36.3558627361149,55.9235448031399,6.89910338453495,13.896728368549,-0.355862736114865,-0.923544803139919
14382,36,55,36.1607105344638,55.9880741123558,7.74731962441238,13.3037145586383,-0.160710534463846,-0.98807411235579
14400,36,55,36.0490210343493,55.9935765008676,8.05171156527338,12.9104994468419,-0.049021034349316,-0.993576500867647
14418,36,55,36.0226920664135,55.8585053897618,8.11272038976406,13.0316450958186,-0.0226920664135406,-0.858505389761774
14436,36,55,36.0874090243437,55.5862978115329,7.93045610655341,13.5438224564465,-0.0874090243437422,-0.586297811532887
14454,36,55,36.2395884186744,55.2760691064419,7.3173581037666,14.3046822459959,-0.239588418674359,-0.276069106441923
14472,36,55,36.4228571203966,54.9951363224372,6.47645987156402,15.149327420165,-0.422857120396635,0.00486367756276707
14490,36,55,36.6016867766919,54.784526555009,5.62341485832483,16.294653277321,-0.601686776691892,0.215473444990991
14508,36,55,36.7462201375558,54.7239464439297,4.96424904402775,17.1616377183678,-0.746220137555753,0.276053556070309
14526,36,55,36.8143438164369,54.8815016963751,4.53797842969657,16.8638993845574,-0.814343816436946,0.118498303624904
14544,36,55,36.784392282821,55.1888871507193,4.42961405448492,15.8935489802447,-0.78439228282096,-0.188887150719253
14562,36,55,36.6537787371325,55.4570850346769,4.57905651913603,14.9762417752443,-0.653778737132534,-0.457085034676886
14580,36,55,36.4524197831662,55.6035484612729,5.33172694057709,14.3229632850435,-0.452419783166206,-0.603548461272879
14598,36,55,36.2268668315485,55.666846194634,6.240817849668,13.8353774577699,-0.226866831548506,-0.66684619463399
14616,36,55,36.0180095504124,55.6905894057836,7.23138388740385,13.5043722953041,-0.0180095504123585,-0.690589405783591
14634,36,55,35.8469829462979,55.6872384384505,8.39523185976246,13.2732051436714,0.153017053702136,-0.687238438450521
14652,36,55,35.7611596173332,55.6515179221435,9.19436008351836,13.2033228565018,0.238840382666794,-0.651517922143483
14670,36,55,35.7707873332834,55.5738984613138,9.41065424357604,13.2609236579042,0.229212666716577,-0.573898461313838
14688,36,55,35.877422926343,55.4099038309935,9.27135907711831,13.5676510399817,0.122577073657006,-0.409903830993457
14706,36,55,36.0911481717059,55.1662256882645,8.27135907711831,14.1941141919622,-0.0911481717058535,-0.166225688264461
14724,36,55,36.3740197070452,54.8850925380676,7.27135907711831,15.2938363875749,-0.37401970704515,0.114907461932432
14742,36,55,36.6676570380421,54.6098851114593,6.27135907711831,16.9652612513174,-0.667657038042137,0.390114888540737
14760,36,55,36.9322006028629,54.4787247447358,5.27135907711831,18.4935334592816,-0.932200602862949,0.5212752552642
14778,36,55,37.0842200841107,54.6528806193276,4.52586564601535,18.4759880605624,-1.08422008411065,0.347119380672382
14796,36,55,37.113347755801,55.0875727562081,4.09124879508131,17.1785655294301,-1.11334775580097,-0.0875727562081039
14814,36,55,37.0150971275252,55.5535244686452,4.0894254748151,15.7644340904826,-1.01509712752522,-0.553524468645193
14832,36,55,36.8026602699907,55.8210542663307,4.81356340584958,14.7839385712417,-0.802660269990653,-0.821054266330663
14850,36,55,36.5339910053531,55.9069264373952,5.64947671854308,14.1275346634989,-0.533991005353066,-0.906926437395171
14868,36,55,36.2615939109133,55.9261864956183,6.56163888070524,13.7101269848714,-0.261593910913305,-0.926186495618303
14886,36,55,36.0245993890884,55.9271480909601,7.55337441789533,13.3903368297202,-0.0245993890883796,-0.927148090960102
14904,36,55,35.878277809363,55.922608502756,8.45653548161836,13.0743655104796,0.121722190636987,-0.922608502756049
14922,36,55,35.8261413056006,55.8763779953435,8.93589053118803,12.969060217503,0.173858694399435,-0.876377995343518
14940,36,55,35.8675704928099,55.7006413968473,8.98954435670579,13.2268928606782,0.132429507190118,-0.700641396847267
14958,36,55,36.0050218657333,55.4295408296067,8.50315970179913,13.808000463716,-0.00502186573333319,-0.429540829606708
14976,36,55,36.2270492499462,55.1296443192532,7.50315970179913,14.6265193343311,-0.227049249946241,-0.129644319253217
14994,36,55,36.4881749174194,54.8510345326691,6.50315970179913,15.8153107297458,-0.488174917419386,0.148965467330854
15012,36,55,36.7402128669576,54.6475515411845,5.50315970179913,17.2013972285615,-0.740212866957592,0.352448458815545
15030,36,55,36.9277042644892,54.6340891027419,4.57810713346029,17.8959491685285,-0.927704264489165,0.365910897258125
15048,36,55,36.9999218605607,54.8669360757317,4.08826123081716,17.4130135282585,-0.999921860560676,0.133063924268257
15066,36,55,36.9515691632347,55.2375605882011,3.98988982410604,16.2687485405771,-0.951569163234666,-0.237560588201106
15084,36,55,36.7864672949162,55.5716352099994,4.22817009485059,15.183969649788,-0.786467294916207,-0.571635209999414
15102,36,55,36.5318789935829,55.7632137098697,5.05325260310141,14.3970994910335,-0.531878993582929,-0.763213709869653
15120,36,55,36.2521582677005,55.8531191892469,5.97128538998666,13.7663207218608,-0.252158267700487,-0.853119189246868
15138,36,55,35.9953442440584,55.9093838095477,6.97416446868148,13.2004179295969,0.00465575594161294,-0.909383809547677
15156,36,55,35.7893041311435,55.916753804692,8.33780083231784,12.8340989267986,0.210695868856455,-0.91675380469205
15174,36,55,35.6792738698245,55.8468290325727,9.41563013423538,12.7955241918213,0.320726130175487,-0.846829032572664
15192,36,55,35.669876989019,55.7061476315064,9.89389562472321,12.956751701752,0.330123010980962,-0.706147631506354
15210,36,55,35.7635865390743,55.4865481311691,9.96654364506465,13.38571733433,0.236413460925675,-0.486548131169116
15228,36,55,35.9843437608636,55.2155912073826,8.97555265407366,14.0696037209464,0.0156562391364332,-0.215591207382609
15246,36,55,36.2982848004404,54.9345515985572,7.97555265407366,15.0774838649293,-0.298284800440406,0.0654484014428078
15264,36,55,36.6439322580774,54.6439663775753,6.97555265407366,16.7192357663192,-0.643932258077399,0.356033622424718
15282,36,55,36.9762746905311,54.4437494827988,5.97555265407366,18.4906223175081,-0.976274690531106,0.556250517201221
15300,36,55,37.195006847452,54.5178020273346,4.97555265407366,18.8848539072341,-1.19500684745204,0.482197972665404
15318,36,55,37.2903444651944,54.8838299905108,4.32593275082556,17.985913168614,-1.29034446519438,0.116170009489203
15336,36,55,37.2556804823364,55.3656867635816,4.06713776497841,16.5439992868244,-1.25568048233643,-0.365686763581586
15354,36,55,37.0990266378543,55.7153951791626,4.1949309124566,15.3932888279378,-1.09902663785434,-0.715395179162556
15372,36,55,36.853554732798,55.8605004018097,4.94119956917302,14.6744853455359,-0.853554732798017,-0.86050040180973
15390,36,55,36.5770308432102,55.8944449242018,5.76960193603692,14.2280359664368,-0.577030843210174,-0.894444924201849
15408,36,55,36.3140133343441,55.923866489783,6.66307272641493,13.7707708663265,-0.314013334344054,-0.923866489782966
15426,36,55,36.0923995876228,55.9628593776975,7.62377141637126,13.2590933781978,-0.0923995876228219,-0.962859377697498
15444,36,55,35.958016014057,55.9592068580921,8.16698918278762,12.9277782083357,0.0419839859430482,-0.959206858092095
15462,36,55,35.9133111492485,55.8600135733889,8.45086296813537,12.9611848949756,0.0866888507515142,-0.860013573388862
15480,36,55,35.9616363093085,55.6324692002954,8.38157090207693,13.3613766035786,0.0383636906915399,-0.632469200295361
15498,36,55,36.1062578064888,55.3439070109908,7.86225690944991,14.0374924588475,-0.106257806488784,-0.343907010990833
15516,36,55,36.303032059764,55.0588900256599,6.88793230643898,14.8403052335325,-0.303032059763979,-0.0588900256599203
15534,36,55,36.5176752798763,54.8147145708004,5.88793230643898,16.0039821551795,-0.517675279876329,0.185285429199645
15552,36,55,36.7101168184384,54.6853675353594,4.96818319096776,17.1232988203633,-0.710116818438365,0.31463246464056
15570,36,55,36.8349121403081,54.758401079318,4.37964527554437,17.2382728143408,-0.834912140308134,0.24159892068203
15588,36,55,36.8490317406934,55.027136668862,4.11209526917413,16.4200101401635,-0.849031740693363,-0.0271366688619992
15606,36,55,36.7460708077306,55.3241519926883,4.16210026967418,15.4518392030237,-0.746070807730604,-0.324151992688343
15624,36,55,36.5418751291447,55.5356463648877,4.88934740797405,14.6672352059845,-0.541875129144721,-0.535646364887747
15642,36,55,36.2904287023152,55.6614804811125,5.7854047556443,14.0453505632121,-0.290428702315182,-0.661480481112505
15660,36,55,36.0395936230347,55.7465696265239,6.76965672414824,13.4599371149643,-0.0395936230346621,-0.746569626523893
15678,36,55,35.8201282987605,55.7903699094848,8.0721777325516,13.0076186271178,0.179871701239534,-0.790369909484788
15696,36,55,35.6877471712417,55.7676303354372,9.27125117579999,12.8326348293213,0.312252828758325,-0.767630335437154
15714,36,55,35.6544652413821,55.6747065940196,9.97082748873723,12.8889812920156,0.34553475861793,-0.674706594019611
15732,36,55,35.7241955031845,55.4848217200455,10.126055341049,13.2463938266242,0.275804496815489,-0.484821720045474
15750,36,55,35.918444846482,55.2243388665346,9.47656410918065,13.9027041492641,0.0815551535179608,-0.224338866534637
15768,36,55,36.2199268715458,54.942852156533,8.47656410918065,14.8871752890239,-0.219926871545837,0.0571478434669785
15786,36,55,36.5756790717443,54.6558443185631,7.47656410918065,16.4911897269145,-0.575679071744325,0.344155681436916
15804,36,55,36.9274681873078,54.4404454487147,6.47656410918065,18.3115998911436,-0.927468187307845,0.559554551285316
15822,36,55,37.1959435711074,54.466455911142,5.47656410918065,18.9330059971893,-1.19594357110741,0.53354408885798
15840,36,55,37.341591244955,54.7906112805132,4.71059669955338,18.318558169899,-1.34159124495496,0.209388719486824
15858,36,55,37.3559737842236,55.237666213175,4.21684768863393,16.9552950984508,-1.35597378422356,-0.23766621317499
15876,36,55,37.2450109701362,55.6041181280486,4.19062800514296,15.7697156162345,-1.24501097013625,-0.604118128048611
15894,36,55,37.0387838893298,55.7738816561859,4.85941781406016,15.0265395324361,-1.03878388932982,-0.773881656185893
15912,36,55,36.7849540806133,55.8188270854339,5.62161293601138,14.5639320507595,-0.784954080613339,-0.818827085433909
15930,36,55,36.5216997173215,55.8491916945401,6.45494626934471,14.1317699154481,-0.521699717321496,-0.849191694540146
15948,36,55,36.2861088470819,55.8977623880636,7.3471395778949,13.6039432648323,-0.286108847081927,-0.897762388063612
15966,36,55,36.1313402135156,55.935490622092,7.8023646983468,13.0993841901794,-0.131340213515621,-0.935490622092047
15984,36,55,36.0611076089263,55.8873571646503,7.9596321759239,12.9911744297207,-0.0611076089263349,-0.887357164650325
16002,36,55,36.0789350834381,55.6819242023875,7.8855504802762,13.3261064212295,-0.0789350834380684,-0.681924202387464
16020,36,55,36.1888101923231,55.3957181241351,7.48871444327392,13.9727138873904,-0.188810192323146,-0.395718124135108
16038,36,55,36.3475109974158,55.1099948261535,6.79163912883234,14.7745148261776,-0.347510997415782,-0.109994826153518
16056,36,55,36.5164186699572,54.87122237131,6.00642634763159,15.8050310349427,-0.516418669957247,0.12877762868996
16074,36,55,36.6646942366986,54.7579835828614,5.3134665245575,16.7193480346689,-0.664694236698594,0.242016417138643
16092,36,55,36.7579032856949,54.8361489043834,4.84533614444337,16.7043090272434,-0.757903285694866,0.163851095616565
16110,36,55,36.7668421677994,55.0739838069518,4.60550427400203,15.9629917784838,-0.766842167799439,-0.0739838069518299
16128,36,55,36.6820657161354,55.309167922667,4.62876234164425,15.1568702374214,-0.68206571613544,-0.309167922667001
16146,36,55,36.5202761652759,55.4495009608792,4.92550639989401,14.572074915784,-0.520276165275881,-0.449500960879156
16164,36,55,36.3232334894325,55.5170740791453,5.71820429312371,14.1276556973488,-0.323233489432475,-0.517074079145253
16182,36,55,36.125815731018,55.559095851825,6.57770750891435,13.7516996817454,-0.125815731017951,-0.559095851825049
