Tempo,Ref_T,Ref_U,Saida_T,Saida_U,Controle_T,Controle_U,Erro_T,Erro_U
0,30,50,22,50,0,0,0,0
18,30,50,22,50,0,0,0,0
36,30,50,22,50,0,0,0,0
54,30,50,22,50,0,0,0,0
72,30,50,22,50,0,0,0,0
90,30,50,22,50,0,0,0,0
108,30,50,22,50,0,0.00548409612124838,8,0
126,30,50,22,50.0001886638013,4.96527054247413,0.0109681922424968,8,-0.000188663801317546
144,30,50,22,50.0014472702658,9.93054108494825,0.0164522883637451,8,-0.00144727026582814
162,30,50,21.9999870116337,50.00367663374,14.8958116274224,0.0219363844849935,8.00001298836626,-0.00367663373997829
180,30,50,22.0525979866637,50.0067867632628,19.3432338521005,0.0159715768500397,7.94740201333628,-0.00678676326278804
198,30,50,22.571470713809,50.0103021451673,20.7950587132199,0.010006769215086,7.42852928619101,-0.0103021451672589
216,30,50,23.5420697795376,49.9752022432092,20.5251424360614,0.18462726728037,6.45793022046244,0.0247977567908251
234,30,50,24.9448397816652,49.2884409715718,19.5352947203253,0.384798620189475,5.05516021833477,0.711559028428205
252,30,50,26.6913891853802,48.0011928440546,18.5352947203253,1.02220372088502,3.30861081461977,1.99880715594537
270,30,50,28.5017387630889,46.153792338428,17.5352947203253,8.02220372088502,1.49826123691113,3.84620766157196
288,30,50,30.2189003717407,44.1388614345493,16.3468377120803,15.022203720885,-0.218900371740745,5.86113856545066
306,30,50,31.7840918865863,43.3714511524664,12.2903878301314,22.022203720885,-1.7840918865863,6.62854884753359
324,30,50,33.1783178364102,43.9503981340714,7.2903878301314,22.0790175986216,-3.17831783641022,6.04960186592855
342,30,50,34.2895520325358,45.6095380523013,2.2903878301314,20.5790175986216,-4.28955203253577,4.39046194769873
360,30,50,35.0856711589765,47.0712076464281,0,19.0790175986216,-5.08567115897649,2.92879235357186
378,30,50,35.3479716919442,48.1123041935021,0,17.5790175986216,-5.3479716919442,1.88769580649794
396,30,50,35.1488415572868,48.8288151638883,0,16.3181347046915,-5.14884155728681,1.17118483611171
414,30,50,34.5587713740026,49.6389152342275,0.900590059005901,14.9125485520557,-4.55877137400262,0.361084765772468
432,30,50,33.8387671801787,50.7220625409763,3.1013101310131,12.5363454322416,-3.83876718017872,-0.722062540976324
450,30,50,33.1818869108874,52.0175560028291,4.77529820757413,7.99487077786371,-3.18188691088742,-2.01755600282905
468,30,50,32.5898670320909,52.9557573316192,6.06522801705701,2.08454027398074,-2.58986703209089,-2.95575733161925
486,30,50,32.1532062641587,52.8981704389023,6.06522801705701,1.01450026354324,-2.15320626415874,-2.89817043890226
504,30,50,31.9914531434244,51.871305413008,5.69709511163885,0.990562794075721,-1.99145314342435,-1.87130541300797
522,30,50,32.0883804178143,50.6703667040232,4.69709511163885,0,-2.08838041781434,-0.670366704023152
540,30,50,32.3998764604096,49.2821556299005,3.69709511163885,0,-2.39987646040964,0.717844370099499
558,30,50,32.7123997395062,47.6501348893447,2.69709511163885,2.58391998834782,-2.71239973950619,2.34986511065527
576,30,50,32.9711840888604,46.0922608557434,1.69709511163885,9.58391998834782,-2.97118408886043,3.9077391442566
594,30,50,33.140656699622,45.3314295605104,0.697095111638852,16.5839199883478,-3.14065669962205,4.66857043948961
612,30,50,33.1990401356742,46.0688532708973,0,15.8636979661456,-3.19904013567419,3.93114672910275
630,30,50,33.0926738542358,47.982704164634,0,14.3636979661456,-3.09267385423581,2.01729583536603
648,30,50,32.7486184237716,49.6801980716627,0,12.8636979661456,-2.74861842377156,0.319801928337313
666,30,50,32.201300702906,51.0616656474723,0.926680244399186,10.0056205502975,-2.20130070290601,-1.06166564747228
684,30,50,31.6373155245704,52.1174915259536,1.16715611660878,5.25423792260774,-1.63731552457037,-2.11749152595356
702,30,50,31.1285915727031,52.5954532472112,1.78746705656029,3.83588496003214,-1.12859157270307,-2.59545324721115
720,30,50,30.684857510149,52.3176042193415,2.61659131840223,3.60007645618798,-0.684857510148966,-2.31760421934152
738,30,50,30.4020109458995,51.8581422950106,3.49159131840223,4.09365987178521,-0.402010945899523,-1.85814229501059
756,30,50,30.2458207246776,51.444804181314,3.92714544003475,4.53041588788524,-0.245820724677586,-1.444804181314
774,30,50,30.1791465575714,51.0787480900311,4.04780909011016,5.00785243992008,-0.179146557571357,-1.07874809003113
792,30,50,30.1929806829169,50.8225026474637,3.9684520853284,5.40999115518478,-0.192980682916897,-0.822502647463736
810,30,50,30.2708873854132,50.618104503759,3.65966074992109,5.74174850753673,-0.270887385413168,-0.618104503759042
828,30,50,30.3723087842147,50.4138436691589,3.24923499216664,6.15157753064868,-0.372308784214738,-0.413843669158879
846,30,50,30.4680045203027,50.191292821354,2.812248845078,6.71203854003617,-0.468004520302713,-0.191292821354025
864,30,50,30.5410361607767,50.0203676028217,2.45833692540408,7.21208814813221,-0.541036160776677,-0.020367602821679
882,30,50,30.5733574825369,49.9563986650926,2.21173559755078,7.49951801327642,-0.573357482536871,0.0436013349074216
900,30,50,30.5560146134267,49.9982053464957,2.13277957167074,7.38174178810425,-0.556014613426687,0.0017946535043265
918,30,50,30.4869915626404,50.117507998009,2.17538024110984,6.96948871052051,-0.486991562640384,-0.117507998009039
936,30,50,30.3780533283376,50.2461135096926,2.35058403719208,6.47853498745478,-0.378053328337614,-0.246113509692584
954,30,50,30.2464151814446,50.3382136601217,2.64640034934873,6.06124473303097,-0.246415181444565,-0.33821366012166
972,30,50,30.1163676458201,50.3790232975408,3.00511747961168,5.74637909379944,-0.116367645820105,-0.379023297540783
990,30,50,30.0048580163902,50.3768221586809,3.33924458185904,5.62102228257407,-0.0048580163902443,-0.376822158680852
1008,30,50,29.9245973845738,50.3386646104398,3.7433360075441,5.63734782600304,0.0754026154261993,-0.338664610439771
1026,30,50,29.8834063630988,50.2878809039577,4.08820075590061,5.69380449774782,0.1165936369012,-0.287880903957713
1044,30,50,29.8824576848075,50.2320288713314,4.2355734563783,5.79546215870578,0.117542315192537,-0.232028871331394
1062,30,50,29.9152005377179,50.1623939980798,4.2568071329894,5.94773210888907,0.0847994622820849,-0.162393998079807
1080,30,50,29.9830931468366,50.079070491138,4.10641234667533,6.15705471766899,0.0169068531634053,-0.0790704911380047
1098,30,50,30.0772218249655,49.9931018980568,3.82816060760196,6.4538970326406,-0.0772218249655054,0.00689810194319307
1116,30,50,30.1780653205155,49.9060110397048,3.47578335666272,6.95780667642861,-0.178065320515483,0.093988960295178
1134,30,50,30.2721096617138,49.845053286158,3.13206692272072,7.52389781710226,-0.272109661713781,0.154946713842001
1152,30,50,30.3427632432121,49.8669532923018,2.83397857624702,7.64024711932434,-0.342763243212126,0.133046707698178
1170,30,50,30.3773784993118,49.9748753641675,2.6391281935052,7.35563401526267,-0.377378499311838,0.0251246358325119
1188,30,50,30.3672961519172,50.0958907146179,2.58099491758744,6.95174902632143,-0.367296151917216,-0.0958907146178802
1206,30,50,30.3154344127675,50.1769946110882,2.61780849770811,6.62709187546781,-0.315434412767502,-0.176994611088162
1224,30,50,30.2375486453355,50.2167076743939,2.74866490616704,6.39545293806547,-0.23754864533548,-0.216707674393867
1242,30,50,30.1521519031918,50.2365478073484,2.93856236154114,6.21222934802825,-0.152151903191839,-0.236547807348359
1260,30,50,30.0736311099783,50.251532664032,3.1238650649299,6.07811006465573,-0.0736311099783187,-0.251532664031956
1278,30,50,30.0087033654908,50.260071075077,3.26708632964649,5.94082850481888,-0.0087033654908204,-0.260071075076979
1296,30,50,29.9633674471069,50.2542468219499,3.4749625278218,5.89612207702804,0.0366325528930531,-0.254246821949934
1314,30,50,29.9407307483647,50.2257129640227,3.64095485067686,5.91565272153931,0.0592692516353281,-0.225712964022676
1332,30,50,29.9382432966665,50.1812185038527,3.72579365694495,5.97722562945982,0.061756703333522,-0.181218503852676
1350,30,50,29.952203617419,50.1256091784875,3.75609974846935,6.11126878945602,0.0477963825809979,-0.12560917848748
1368,30,50,29.9851484146757,50.0685210613607,3.70138916744298,6.26595309726807,0.0148515853242905,-0.0685210613606557
1386,30,50,30.0308517685861,50.0258957693944,3.571443698131,6.37564773112517,-0.0308517685860785,-0.0258957693943742
1404,30,50,30.0806611322225,49.9892398644201,3.42176686402282,6.52307277346006,-0.0806611322224882,0.0107601355799432
1422,30,50,30.1276939598867,49.9561158633157,3.25323376722717,6.72191124181324,-0.127693959886692,0.0438841366842979
1440,30,50,30.1639854237362,49.9434553984253,3.10067523348419,6.91528950140891,-0.163985423736158,0.0565446015746858
1458,30,50,30.1842324847592,49.9644852141061,2.98999235968243,6.91135210599597,-0.184232484759171,0.0355147858938807
1476,30,50,30.1863672382767,50.0194908098665,2.94533559366311,6.72085701719748,-0.186367238276723,-0.0194908098664683
1494,30,50,30.1687375097722,50.0767013027549,2.95128856518806,6.49990537459645,-0.168737509772203,-0.076701302754941
1512,30,50,30.134451903943,50.1080394634265,2.98663527482524,6.35046577310206,-0.134451903942967,-0.108039463426543
1530,30,50,30.0923977763443,50.116872864189,3.05432825440816,6.25670661693446,-0.092397776344324,-0.116872864188963
1548,30,50,30.0523168591683,50.1179712014491,3.13211467512157,6.21337560786982,-0.0523168591683323,-0.117971201449052
1566,30,50,30.0189093152292,50.1183585068545,3.19312349961226,6.17004459880517,-0.0189093152291946,-0.118358506854548
1584,30,50,29.9931553170209,50.1185245257009,3.28066042925445,6.12671358974052,0.00684468297914975,-0.118524525700892
1602,30,50,29.9763823975729,50.112187025724,3.36505751755491,6.12378742659067,0.023617602427084,-0.112187025724047
1620,30,50,29.9679953080392,50.0972620999461,3.44653220947873,6.12378742659067,0.0320046919607577,-0.0972620999461284
1638,30,50,29.9665905864345,50.0767571094513,3.50148275398867,6.15867452805399,0.0334094135655221,-0.0767571094513073
1656,30,50,29.9740210462828,50.0511035824006,3.51166709047915,6.23221114929136,0.0259789537172459,-0.0511035824006072
1674,30,50,29.9889572899095,50.0290468831127,3.5013990958185,6.28261138646895,0.0110427100905355,-0.0290468831126915
1692,30,50,30.0105173921438,50.011958468876,3.45478398828593,6.3393899500709,-0.0105173921437967,-0.0119584688760312
1710,30,50,30.0350897742595,49.995496935648,3.39620045444347,6.40551431377986,-0.0350897742595215,0.00450306435195102
1728,30,50,30.0580113594541,49.9808600270368,3.32980352530145,6.49084023897085,-0.0580113594540776,0.0191399729632309
1746,30,50,30.0777106028969,49.9731018878528,3.25572182965375,6.60349959266192,-0.0777106028968859,0.0268981121471654
1764,30,50,30.0910280040842,49.9810421174954,3.20005029172751,6.60151526882027,-0.0910280040842188,0.0189578825046084
1782,30,50,30.0969100454727,50.0065708571224,3.14063846877474,6.50588821433277,-0.0969100454726757,-0.00657085712240502
1800,30,50,30.094490164645,50.0308334838786,3.11747400105393,6.42880549864941,-0.0944901646450163,-0.0308334838785811
1818,30,50,30.0834160894449,50.0412216431636,3.12146641546654,6.37565066057479,-0.0834160894449418,-0.0412216431635954
1836,30,50,30.0678450437538,50.0444268442387,3.14832869462761,6.35643063231971,-0.0678450437538274,-0.044426844238707
1854,30,50,30.0496361671646,50.04758188439,3.17958195017506,6.33422449355602,-0.049636167164568,-0.0475818843899773
1872,30,50,30.0317132306819,50.0544640875796,3.21529998778406,6.27539519656611,-0.0317132306818593,-0.0544640875795892
1890,30,50,30.0160011771044,50.0636058730276,3.25327867751926,6.21093577670089,-0.0160011771044068,-0.063605873027555
1908,30,50,30.0037379955307,50.0642973005849,3.27848703228827,6.1857356581121,-0.00373799553067755,-0.0642973005849115
1926,30,50,29.9953587870171,50.0543129908083,3.30369538705728,6.20044298235957,0.00464121298290721,-0.0543129908083273
1944,30,50,29.9918053808388,50.0394670518211,3.32387905846711,6.21816126171778,0.00819461916123032,-0.0394670518211058
1962,30,50,29.992948875896,50.0260086462564,3.34406272987694,6.23891430055561,0.00705112410398812,-0.0260086462563791
1980,30,50,29.9967227567115,50.0135421289292,3.34811172268998,6.26580940963022,0.00327724328851531,-0.013542128929231
1998,30,50,30.0022480193708,50.0021817123008,3.32907684255827,6.30199066524455,-0.00224801937083186,-0.00218171230083186
2016,30,50,30.0090088317881,49.9944305117716,3.30443365537273,6.35976534399741,-0.00900883178810119,0.00556948822835324
2034,30,50,30.0167473858511,49.9920464333608,3.27580087083444,6.38760111296053,-0.0167473858510583,0.00795356663915214
2052,30,50,30.0237274719604,49.997468100343,3.24716808629614,6.35965421207222,-0.0237274719603917,0.0025318996569581
2070,30,50,30.0277881692932,50.0031105632492,3.23617797739415,6.33170731118391,-0.0277881692932311,-0.00311056324917303
2088,30,50,30.0282180305372,50.0018564926824,3.22518786849216,6.33719140730516,-0.0282180305372393,-0.00185649268238564
2106,30,50,30.025519130606,49.9984154702206,3.21419775959017,6.34267550342641,-0.0255191306060425,0.00158452977944279
2124,30,50,30.0210113970985,49.9993702419293,3.2061728824711,6.34815959954765,-0.0210113970985049,0.000629758070687103
2142,30,50,30.016123379836,50.005021020466,3.19814800535204,6.31229945411484,-0.0161233798359888,-0.00502102046596775
2160,30,50,30.0102357932612,50.01361079571,3.21663039574119,6.27643930868203,-0.0102357932611774,-0.0136107957099938
2178,30,50,30.0034156971183,50.0161032837174,3.2418387505102,6.26458042934613,-0.00341569711829237,-0.0161032837173707
2196,30,50,29.9960421839787,50.0139660591401,3.26704710527921,6.25861562171117,0.00395781602129119,-0.0139660591401309
2214,30,50,29.9891704730016,50.0118165762733,3.30811908392178,6.25265081407622,0.0108295269984247,-0.0118165762733184
2232,30,50,29.9849885658336,50.0103217681574,3.34824346951713,6.24668600644126,0.0150114341664462,-0.0103217681574392
2250,30,50,29.9834982563733,50.0092686170771,3.38836785511247,6.24072119880631,0.0165017436267156,-0.00926861707711168
2268,30,50,29.9846708503178,50.0052851648671,3.42849224070782,6.23475639117136,0.0153291496822341,-0.00528516486713926
2286,30,50,29.9897389472729,49.9976302296693,3.41822424604717,6.27093764678569,0.0102610527270741,0.00236977033065955
2304,30,50,29.9985008281129,49.9877580490287,3.39918936591547,6.32871232553855,0.00149917188712578,0.0122419509713367
2322,30,50,30.0108403844965,49.9813308854259,3.37454617872993,6.41403825072954,-0.0108403844965075,0.0186691145741378
2340,30,50,30.0260101545732,49.9823043726855,3.31991859179853,6.46937968763042,-0.0260101545732141,0.0176956273144739
2358,30,50,30.0387950102623,49.9931638744,3.28340373227931,6.45344184521584,-0.0387950102623016,0.00683612560003155
2376,30,50,30.0480495180865,50.0057010694097,3.24299561024678,6.41758169978303,-0.048049518086529,-0.00570106940973858
2394,30,50,30.0527113360211,50.0134875207087,3.22806875185291,6.38172155435022,-0.0527113360211082,-0.0134875207086935
2412,30,50,30.0513863772342,50.014960170043,3.21314189345904,6.37575674671526,-0.0513863772342269,-0.0149601700430111
2430,30,50,30.0471158732836,50.0128465201198,3.19821503506517,6.36979193908031,-0.0471158732836159,-0.0128465201198438
2448,30,50,30.0402789462757,50.016229332831,3.21038665490491,6.35793305974441,-0.0402789462757056,-0.0162293328310099
2466,30,50,30.0329817981487,50.0226109336402,3.22464472599158,6.31626225906973,-0.0329817981486684,-0.0226109336401947
2484,30,50,30.0246627436162,50.0303176945205,3.24100631715632,6.26882674172612,-0.0246627436162186,-0.0303176945204555
2502,30,50,30.0156485067425,50.0312658546897,3.25736790832106,6.25258498564777,-0.01564850674254,-0.0312658546897069
2520,30,50,30.0084207849799,50.0263157472247,3.27585029871022,6.23634322956941,-0.00842078497993271,-0.026315747224686
2538,30,50,30.003666560984,50.0210259026564,3.27989929152326,6.26015511566923,-0.00366656098399432,-0.0210259026564401
2556,30,50,30.0014832399807,50.013489688992,3.28394828433629,6.28705022474384,-0.00148323998065791,-0.0134896889919816
2574,30,50,30.0012107198257,50.0101870620774,3.28799727714933,6.28108541710888,-0.00121071982568566,-0.0101870620774207
2592,30,50,30.0027101073118,50.009702607979,3.29204626996237,6.27512060947393,-0.00271010731179189,-0.00970260797900124
2610,30,50,30.0039746386074,50.0062274875689,3.29609526277541,6.26915580183897,-0.0039746386074313,-0.00622748756885017
2628,30,50,30.0050564115221,49.9997390431411,3.29205852849344,6.30533705745331,-0.00505641152211922,0.000260956858852524
2646,30,50,30.0065831362876,49.9936229069892,3.28802179421147,6.36311173620617,-0.0065831362876061,0.0063770930107907
2664,30,50,30.0085381529052,49.995460855993,3.28398505992951,6.36859583232742,-0.00853815290515669,0.00453914400699063
2682,30,50,30.0107198147645,50.0062228557716,3.27994832564754,6.33273568689461,-0.0107198147644816,-0.0062228557716395
2700,30,50,30.0116240323325,50.0150580038343,3.27591159136558,6.29106488621994,-0.0116240323325236,-0.0150580038343122
2718,30,50,30.0110512215866,50.0151991221227,3.27187485708361,6.27920600688403,-0.0110512215866052,-0.0151991221227448
2736,30,50,30.0101414390902,50.0085101420188,3.26783812280164,6.30610111595864,-0.0101414390902264,-0.00851014201884936
2754,30,50,30.0096729675297,50.0018792373585,3.26380138851968,6.34228237157298,-0.0096729675297027,-0.00187923735848017
2772,30,50,30.0096370639711,50.0020066050522,3.25976465423771,6.34776646769422,-0.00963706397110187,-0.00200660505221606
2790,30,50,30.0093532620021,50.0087653167179,3.25572791995575,6.31190632226141,-0.00935326200205111,-0.00876531671794112
2808,30,50,30.0080942309701,50.0151201255823,3.25169118567378,6.27023552158674,-0.00809423097010864,-0.0151201255823352
2826,30,50,30.0058164400304,50.0141644279149,3.24765445139181,6.26427071395179,-0.00581644003039372,-0.0141644279149489
2844,30,50,30.0032363044909,50.006882580585,3.25170344420485,6.2911658230264,-0.00323630449089762,-0.00688258058497837
2862,30,50,30.001132293491,50.0008728034592,3.25575243701789,6.32734707864073,-0.00113229349102539,-0.000872803459245119
2880,30,50,29.9994817989112,50.0017505762568,3.25980142983093,6.33283117476198,0.000518201088766546,-0.001750576256768
2898,30,50,29.997597345666,50.0093709667889,3.26385042264396,6.29697102932917,0.00240265433398434,-0.00937096678886462
2916,30,50,29.9955402264887,50.0166825873789,3.267899415457,6.2553002286545,0.00445977351126814,-0.0166825873788881
2934,30,50,29.9932425322845,50.0167039507895,3.28808308686683,6.24344134931859,0.00675746771550578,-0.0167039507895197
2952,30,50,29.9913970160429,50.0091950475784,3.30826675827666,6.2703364583932,0.00860298395714665,-0.00919504757843725
2970,30,50,29.9907591812139,50.0010325846985,3.32845042968649,6.30651771400753,0.00924081878613237,-0.00103258469845002
2988,30,50,29.991469458246,49.9989088155314,3.34863410109632,6.31200181012878,0.0085305417540269,0.00109118446857082
3006,30,50,29.9941698563206,50.0026919856401,3.36881777250615,6.31748590625003,0.00583014367935064,-0.00269198564008377
3024,30,50,29.9980647362007,50.0066465197144,3.37286676531919,6.31152109861508,0.00193526379934283,-0.0066465197143657
3042,30,50,30.0030442874911,50.0083033596724,3.37691575813222,6.30555629098012,-0.00304428749106478,-0.0083033596724178
3060,30,50,30.0096627001703,50.0058358986653,3.35227257094668,6.29959148334517,-0.00966270017026005,-0.00583589866533885
3078,30,50,30.017728483055,49.9994684386716,3.32363978640838,6.3357727389595,-0.0177284830549738,0.000531561328386942
3096,30,50,30.0260590770795,49.9908594875918,3.29104990963886,6.39354741771237,-0.0260590770794593,0.0091405124082371
3114,30,50,30.0343361276636,49.987839423363,3.25846003286933,6.42138318667548,-0.0343361276636038,0.0121605766370223
3132,30,50,30.0400144284897,49.9942797290909,3.22194517335011,6.4054453442609,-0.0400144284897053,0.00572027090906602
3150,30,50,30.0419763166149,50.0030957679303,3.20898276433625,6.37749844337259,-0.0419763166149352,-0.00309576793034694
3168,30,50,30.0397122906655,50.0100999246326,3.19602035532239,6.34163829793978,-0.039712290665463,-0.0100999246325983
3186,30,50,30.0340033748237,50.0139703217289,3.21027842640906,6.33567349030482,-0.0340033748236692,-0.0139703217289124
3204,30,50,30.0257207523179,50.0154707149907,3.22453649749572,6.32381461096892,-0.0257207523179233,-0.0154707149906557
3222,30,50,30.0171340203676,50.0198158454289,3.24089808866047,6.31195573163302,-0.0171340203676458,-0.019815845428937
3240,30,50,30.0085892631203,50.0263527444408,3.25938047904962,6.2645202142894,-0.00858926312034924,-0.0263527444407643
3258,30,50,30.0018015221285,50.030983301103,3.28458883381863,6.24827845821105,-0.00180152212851326,-0.0309833011029639
3276,30,50,29.9968404233069,50.0290092949406,3.28863782663167,6.2320367021327,0.00315957669309697,-0.0290092949405576
3294,30,50,29.993922372396,50.0228238172574,3.3088214980415,6.25584858823251,0.00607762760395758,-0.0228238172574251
3312,30,50,29.993797505322,50.0140422220981,3.32900516945133,6.28274369730712,0.00620249467799994,-0.014042222098098
3330,30,50,29.99611350046,50.0091629348279,3.33305416226437,6.27677888967216,0.00388649954000897,-0.00916293482792696
3348,30,50,29.9990920231427,50.0067373767294,3.3371031550774,6.27081408203721,0.000907976857323689,-0.00673737672944696
3366,30,50,30.0033170035066,50.0003095613032,3.34115214789044,6.30699533765154,-0.00331700350658792,-0.000309561303247108
3384,30,50,30.0086225277742,49.9940276692347,3.3165089607049,6.3647700164044,-0.00862252777424999,0.00597233076525328
3402,30,50,30.0142470535179,49.9934737741409,3.29186577351935,6.39260578536752,-0.0142470535178987,0.00652622585914742
3420,30,50,30.0200776375067,50.0005878094416,3.26323298898106,6.36465888447921,-0.0200776375067022,-0.000587809441590537
3438,30,50,30.0249818040925,50.0097037985649,3.25520811186199,6.3287987390464,-0.0249818040924588,-0.00970379856485692
3456,30,50,30.0262958851827,50.0112024406501,3.24421800296,6.32283393141144,-0.0262958851827229,-0.0112024406500595
3474,30,50,30.0248102990212,50.0057170467806,3.23619312584093,6.34972904048605,-0.0248102990212118,-0.00571704678059604
3492,30,50,30.0215497027483,50.0035058160246,3.22816824872186,6.3552131366073,-0.0215497027483451,-0.00350581602457112
3510,30,50,30.0183090567096,50.0091555736009,3.22014337160279,6.31935299117449,-0.0183090567095761,-0.00915557360087149
3528,30,50,30.0142192420789,50.0175577359763,3.21610663732083,6.27768219049982,-0.014219242078898,-0.0175577359762613
3546,30,50,30.0090021076813,50.0191489230471,3.23458902770998,6.26582331116392,-0.00900210768132581,-0.0191489230471404
3564,30,50,30.0032006624126,50.0150416912269,3.25979738247899,6.25396443182801,-0.00320066241256711,-0.0150416912268767
3582,30,50,29.9976443699339,50.0103580174779,3.285005737248,6.24799962419306,0.00235563006609141,-0.0103580174778557
3600,30,50,29.9929043666334,50.0054077302126,3.30518940865783,6.24203481655811,0.00709563336659613,-0.0054077302125819
3618,30,50,29.9903358106672,50.0012035943368,3.32537308006766,6.24751891267935,0.00966418933281687,-0.00120359433681472
3636,30,50,29.9904128516827,49.9974519702138,3.34555675147749,6.2530030088006,0.00958714831730134,0.00254802978623303
3654,30,50,29.9928860798538,49.9931288986684,3.36574042288732,6.28083877776372,0.00711392014622447,0.00687110133163316
3672,30,50,29.9972320756505,49.9880486718447,3.36978941570036,6.33861345651659,0.0027679243494525,0.0119513281552841
3690,30,50,30.0031827813028,49.9867996847158,3.35075453556866,6.3664492254797,-0.00318278130276539,0.0132003152842231
3708,30,50,30.0106427674595,49.9933280918953,3.32611134838311,6.35051138306512,-0.0106427674595437,0.00667190810468554
3726,30,50,30.0189228494038,50.0003416528161,3.29747856384482,6.32256448217681,-0.0189228494038218,-0.00034165281614662
3744,30,50,30.0259523125692,50.0000546915869,3.26488868707529,6.32804857829806,-0.0259523125691672,-5.46915868611109e-05
3762,30,50,30.0304733429121,49.992297811434,3.2538985781733,6.38582325705092,-0.0304733429120958,0.00770218856598603
3780,30,50,30.0328969002051,49.987093770702,3.24290846927131,6.44359793580378,-0.0328969002050883,0.0129062292980464
3798,30,50,30.0330364152815,49.9957029033231,3.23191836036932,6.41565103491547,-0.0330364152814973,0.00429709667687916
3816,30,50,30.0301053958955,50.0148037176017,3.22092825146734,6.34990743495532,-0.0301053958955251,-0.0148037176017297
3834,30,50,30.0250575242981,50.0288186800154,3.235186322554,6.3024719176117,-0.0250575242980702,-0.0288186800153767
3852,30,50,30.0182046834643,50.0332286173676,3.25154791371874,6.28623016153335,-0.0182046834643472,-0.0332286173676408
3870,30,50,30.01129303454,50.0305509361214,3.2700303041079,6.269988405455,-0.0112930345399711,-0.0305509361214149
3888,30,50,30.0052092233744,50.0266365711006,3.28851269449706,6.25374664937664,-0.00520922337443608,-0.0266365711006245
3906,30,50,30.0015994135656,50.0216792029703,3.2925616873101,6.24188777004074,-0.00159941356562143,-0.0216792029703399
3924,30,50,29.9999798883532,50.0158141056693,3.29661068012313,6.26569965614055,2.01116467621887e-05,-0.0158141056692571
3942,30,50,30.0004550449638,50.0079620684764,3.30065967293617,6.29259476521516,-0.000455044963771911,-0.00796206847643077
3960,30,50,30.0027857178509,50.003849309686,3.30470866574921,6.29807886133641,-0.00278571785091941,-0.00384930968600372
3978,30,50,30.0055331573135,50.0024889694267,3.30067193146724,6.30356295745766,-0.00553315731348647,-0.00248896942667187
3996,30,50,30.0080222387027,50.0000695201834,3.29663519718528,6.30904705357891,-0.00802223870265095,-6.95201834091108e-05
4014,30,50,30.0102776245283,49.998349389948,3.29259846290331,6.31453114970015,-0.0102776245283067,0.00165061005197487
4032,30,50,30.0126333431616,49.9972337600285,3.28856172862135,6.3200152458214,-0.0126333431615571,0.00276623997150693
4050,30,50,30.0144150211902,49.9966375677342,3.28452499433938,6.32549934194265,-0.0144150211901746,0.00336243226584543
4068,30,50,30.015645228252,49.996544997418,3.27650011722031,6.3309834380639,-0.0156452282520192,0.00345500258199394
4086,30,50,30.0163455112694,49.9978964429544,3.26847524010124,6.33646753418515,-0.0163455112693711,0.0021035570455723
4104,30,50,30.0165364481235,50.0005963989182,3.26045036298217,6.3419516303064,-0.0165364481235386,-0.000596398918183638
4122,30,50,30.0161953399115,50.0045569777397,3.2524254858631,6.34743572642765,-0.0161953399115262,-0.00455697773970343
4140,30,50,30.0150087441785,50.0096972433226,3.24440060874403,6.31157558099483,-0.0150087441784947,-0.00969724332258437
4158,30,50,30.0130063038025,50.0145500854511,3.24036387446207,6.30561077335988,-0.0130063038025341,-0.0145500854511198
4176,30,50,30.0102165134048,50.0139287691127,3.2363271401801,6.29964596572493,-0.0102165134048136,-0.0139287691127237
4194,30,50,30.0067646888916,50.0133046559125,3.23229040589813,6.29368115808997,-0.0067646888915931,-0.0133046559125205
4212,30,50,30.0033982913535,50.0127403886496,3.23633939871117,6.28771635045502,-0.00339829135346292,-0.0127403886495543
4230,30,50,29.9998750214404,50.0122907933575,3.24038839152421,6.28175154282006,0.000124978559625788,-0.0122907933574794
4248,30,50,29.996195509989,50.011973864332,3.24443738433725,6.27578673518511,0.0038044900109746,-0.0119738643319991
4266,30,50,29.9924465380833,50.0113335814183,3.26462105574708,6.26982192755016,0.00755346191665751,-0.0113335814183415
4284,30,50,29.989302829568,50.0104227496618,3.28480472715691,6.2638571199152,0.0106971704319854,-0.0104227496618492
4302,30,50,29.9867420646226,50.0092281169723,3.30498839856674,6.25789231228025,0.0132579353774069,-0.00922811697227388
4320,30,50,29.9849142219857,50.0067831095068,3.34511278416208,6.25192750464529,0.0150857780143134,-0.0067831095067632
4338,30,50,29.9851428931538,50.0031596665676,3.36529645557191,6.25741160076654,0.0148571068461862,-0.00315966656758349
4356,30,50,29.9873611633815,49.9986977618532,3.38548012698174,6.26289569688779,0.0126388366184749,0.00130223814678487
4374,30,50,29.9917161861497,49.9932863387756,3.40566379839157,6.32067037564066,0.00828381385026944,0.00671366122438855
4392,30,50,29.9995677642419,49.9886434224752,3.38662891825987,6.34850614460377,0.000432235758140109,0.0113565775248361
4410,30,50,30.0089284427878,49.9919250466153,3.36198573107433,6.37634191356689,-0.00892844278781268,0.00807495338471398
4428,30,50,30.0196339313833,49.9949795032505,3.33335294653603,6.40417768253001,-0.0196339313833178,0.00502049674946647
4446,30,50,30.0303509462707,50.0000166216276,3.3007630697665,6.3762307816417,-0.0303509462707083,-1.66216275800934e-05
4464,30,50,30.0383300033278,50.0047905458625,3.26424821024728,6.38171487776294,-0.0383300033277578,-0.00479054586248395
4482,30,50,30.0431646860359,50.0014884228909,3.25128580123342,6.38719897388419,-0.04316468603594,-0.00148842289092244
4500,30,50,30.0447277512551,50.0011652878729,3.23832339221956,6.39268307000544,-0.0447277512551381,-0.0011652878728512
4518,30,50,30.0437018836049,50.004462309169,3.2253609832057,6.39816716612669,-0.0437018836049248,-0.00446230916903545
4536,30,50,30.0394545717902,50.0117968505562,3.21239857419184,6.36230702069388,-0.0394545717902446,-0.0117968505562231
4554,30,50,30.034056786702,50.0221456693424,3.22665664527851,6.32063622001921,-0.034056786702017,-0.0221456693424074
4572,30,50,30.0275450447472,50.0288413452576,3.24091471636518,6.2732007026756,-0.0275450447471819,-0.0288413452575895
4590,30,50,30.020052598277,50.0284115117822,3.25727630752992,6.25695894659724,-0.0200525982770294,-0.0284115117821671
4608,30,50,30.0126660676466,50.0217412323307,3.27575869791908,6.28077083269705,-0.0126660676465846,-0.0217412323306689
4626,30,50,30.0077472468745,50.0159922125118,3.27172196363711,6.30458271879687,-0.00774724687452277,-0.0159922125118186
4644,30,50,30.0052393411836,50.017529920405,3.26768522935514,6.29272383946096,-0.00523934118355385,-0.0175299204049608
4662,30,50,30.0045675668451,50.0211243600998,3.27173422216818,6.28086496012506,-0.00456756684514659,-0.0211243600997832
4680,30,50,30.0048745369356,50.0205898431734,3.27578321498122,6.26900608078916,-0.00487453693557072,-0.0205898431733686
4698,30,50,30.0043526992991,50.0159003599706,3.27983220779426,6.25714720145325,-0.00435269929913318,-0.0159003599706011
4716,30,50,30.003783507545,50.007201619038,3.2838812006073,6.28404231052786,-0.00378350754500545,-0.00720161903802108
4734,30,50,30.0038365581367,49.9988691552156,3.28793019342033,6.3202235661422,-0.00383655813674721,0.00113084478439873
4752,30,50,30.004484866883,49.9975102412438,3.29197918623337,6.32570766226345,-0.00448486688298999,0.00248975875619806
4770,30,50,30.0056110250585,50.0019599268182,3.2879424519514,6.33119175838469,-0.00561102505852773,-0.00195992681823043
4788,30,50,30.0064660993078,50.0066132150491,3.28390571766944,6.32522695074974,-0.00646609930783626,-0.00661321504910006
4806,30,50,30.0069855594946,50.011022831668,3.27986898338747,6.31926214311479,-0.00698555949464463,-0.0110228316680221
4824,30,50,30.0076816136892,50.0133016243883,3.27583224910551,6.31329733547983,-0.00768161368921128,-0.0133016243882551
4842,30,50,30.007903114151,50.0136147788305,3.27179551482354,6.30733252784488,-0.00790311415097023,-0.0136147788305294
4860,30,50,30.0078765302782,50.012173636174,3.26775878054157,6.30136772020992,-0.00787653027816049,-0.0121736361740048
4878,30,50,30.0076039254632,50.0101247928104,3.26372204625961,6.29540291257497,-0.00760392546323985,-0.0101247928104229
4896,30,50,30.0070876861993,50.0075599306904,3.25968531197764,6.28943810494002,-0.00708768619926659,-0.00755993069036975
4914,30,50,30.0063304855419,50.0045610939889,3.25564857769568,6.29492220106126,-0.00633048554187354,-0.00456109398888316
4932,30,50,30.0053352495181,50.0015954842611,3.25161184341371,6.30040629718251,-0.00533524951806186,-0.00159548426112366
4950,30,50,30.0041051262664,50.0005683798068,3.25566083622675,6.30589039330376,-0.00410512626643467,-0.000568379806786368
4968,30,50,30.0026163424737,50.001331085243,3.25970982903979,6.31137448942501,-0.00261634247370068,-0.00133108524304504
4986,30,50,30.0006648430646,50.0037476906233,3.26375882185282,6.31685858554626,-0.000664843064551945,-0.00374769062333513
5004,30,50,29.998356189612,50.0076939183831,3.26780781466586,6.31089377791131,0.00164381038799988,-0.00769391838307598
5022,30,50,29.9963826708253,50.0126622111053,3.2718568074789,6.30492897027635,0.00361732917468061,-0.012662211105301
5040,30,50,29.9947383970603,50.0166482771809,3.29204047888873,6.29307009094045,0.00526160293968303,-0.016648277180856
5058,30,50,29.9934444660567,50.0185524627114,3.31222415029856,6.28121121160455,0.0065555339433061,-0.018552462711412
5076,30,50,29.9927023225279,50.0175626145355,3.33240782170839,6.26935233226864,0.00729767747211341,-0.0175626145354641
5094,30,50,29.9926750643922,50.0139090877955,3.35259149311822,6.26338752463369,0.0073249356077838,-0.0139090877955184
5112,30,50,29.9947924504746,50.0080048728723,3.37277516452804,6.2902826337083,0.00520754952544422,-0.00800487287225593
5130,30,50,29.9989787606621,50.0019989157005,3.37682415734108,6.32646388932263,0.00102123933792697,-0.00199891570051136
5148,30,50,30.0051472807383,49.9995471052381,3.35218097015554,6.33194798544388,-0.00514728073829573,0.000452894761863831
5166,30,50,30.0130434053643,50.0006234852666,3.32753778297,6.33743208156513,-0.0130434053642645,-0.000623485266643797
5184,30,50,30.0218190683881,49.9997130607939,3.2989049984317,6.34291617768638,-0.021819068388087,0.000286939206077363
5202,30,50,30.0297188422642,49.9968479918766,3.26631512166217,6.34840027380763,-0.0297188422642058,0.00315200812342198
5220,30,50,30.0349571844759,49.9921829328537,3.23372524489264,6.37623604277074,-0.0349571844758678,0.00781706714625585
5238,30,50,30.0375774835119,49.9887496450134,3.22076283587878,6.40407181173386,-0.0375774835119032,0.0112503549865863
5256,30,50,30.0372882575012,49.9936874327425,3.20780042686492,6.43190758069698,-0.037288257501185,0.00631256725746709
5274,30,50,30.033798747431,50.0064710890049,3.19681031796294,6.39604743526417,-0.0337987474309926,-0.00647108900493265
5292,30,50,30.0270125735717,50.0249259172116,3.21106838904961,6.32461177696473,-0.0270125735716533,-0.0249259172115828
5310,30,50,30.0186931895136,50.0375986952796,3.22742998021435,6.27145693889012,-0.018693189513634,-0.0375986952796268
5328,30,50,30.0090779989909,50.0399401471242,3.2459123706035,6.25223691063503,-0.00907799899093575,-0.0399401471242413
5346,30,50,29.9999008471373,50.0348637322175,3.27112072537251,6.27298994947286,9.91528627345417e-05,-0.0348637322175094
5364,30,50,29.993853352614,50.030068172297,3.31219270401508,6.25674819339451,0.00614664738600368,-0.0300681722969927
5382,30,50,29.990565400785,50.0304560206328,3.33237637542491,6.24050643731615,0.00943459921500533,-0.0304560206327622
5400,36,50,29.9894473757239,50.0263687783655,3.33237637542491,6.2242646812378,6.01055262427611,-0.02636877836553
5418,36,50,29.9905111764003,50.0178052528232,8.30516845247775,6.24807656733761,6.00948882359969,-0.0178052528232158
5436,36,50,29.9954868852023,50.0060932725075,13.2779901081825,6.27497167641222,6.00451311479771,-0.00609327250754177
5454,36,50,30.0022814076068,49.9970718380587,18.1715901507425,6.31115293202655,5.99771859239316,0.00292816194125578
5472,36,50,30.0618622877504,49.9892729413075,22.5763520555044,6.36892761077942,5.93813771224955,0.0107270586924528
5490,36,50,30.5877425981213,49.9872893672277,22.7520124328629,6.39676337974254,5.41225740187868,0.0127106327723325
5508,36,50,31.5644874090355,49.9583079103178,21.7949096089784,6.59560184809572,4.43551259096447,0.0416920896821509
5526,36,50,32.9660230354123,49.2820399125706,20.7949096089784,6.94889014687668,3.03397696458765,0.717960087429404
5544,36,50,34.6930081795111,48.0126603067798,19.7949096089784,7.53431466019519,1.30699182048895,1.98733969322024
5562,36,50,36.3697421835656,46.2135645371458,18.4619137714264,14.5343146601952,-0.369742183565563,3.78643546285422
5580,36,50,37.8991357481586,44.248897915211,13.9262077932919,21.5343146601952,-1.89913574815859,5.75110208478897
5598,36,50,39.2789807919197,43.6927155877899,8.92620779329192,28.5343146601952,-3.27898079191974,6.30728441221011
5616,36,50,40.4912401060322,44.5601852772133,3.92620779329192,27.7027527181835,-4.49124010603222,5.43981472278665
5634,36,50,41.3629183865587,46.4675674155256,0.0301257037396852,26.2027527181835,-5.36291838655872,3.53243258447443
5652,36,50,41.6371088760896,48.0266907983045,0,24.7027527181835,-5.63710887608957,1.97330920169546
5670,36,50,41.3170652677371,49.2378267996937,0,23.2027527181835,-5.31706526773715,0.76217320030635
5688,36,50,40.5817581476319,50.5525606542151,2.4007400740074,21.0498045583101,-4.58175814763187,-0.552560654215121
5706,36,50,39.5879920794734,52.0363376265929,7.2665573686672,16.4669635087154,-3.58799207947342,-2.03633762659295
5724,36,50,38.6653865050365,53.5163541148614,11.114928657223,9.46696350871537,-2.66538650503648,-3.5163541148614
5742,36,50,37.8393372704882,54.3845872272946,12.8673491274858,3.89600641300579,-1.83933727048819,-4.3845872272946
5760,36,50,37.3496275364916,53.8958523579851,13.4134913362604,3.85868924836021,-1.34962753649165,-3.89585235798512
5778,36,50,37.4288999693735,52.5771447686576,12.7332803136989,7.87256331452884,-1.42889996937353,-2.57714476865762
5796,36,50,37.9887838853581,51.2302583695365,10.8232594764191,4.99267337554092,-1.98878388535807,-1.23025836953653
5814,36,50,38.7816026959045,49.961992360323,7.54410391175423,0,-2.78160269590452,0.0380076396770477
5832,36,50,39.5718515744828,47.6658572493671,4.2234718485479,2.46558978575229,-3.5718515744828,2.33414275063294
5850,36,50,40.1870447907027,44.5888014251348,2.26297579894294,9.46558978575229,-4.18704479070269,5.41119857486521
5868,36,50,40.6492693376115,42.3291563534514,1.26297579894294,16.4655897857523,-4.64926933761147,7.6708436465486
5886,36,50,40.8671872078342,41.7145179813441,0.262975798942944,23.4655897857523,-4.86718720783422,8.28548201865591
5904,36,50,40.7094590023758,42.7640069747945,0,22.6378070074745,-4.70945900237581,7.2359930252055
5922,36,50,40.2316937436018,45.2428412676592,0,21.1378070074745,-4.23169374360184,4.75715873234083
5940,36,50,39.529963596227,47.7346990408742,2.000700070007,19.6378070074745,-3.529963596227,2.26530095912582
5958,36,50,38.642986632666,49.977006420601,5.53105578008991,18.1378070074745,-2.64298663266597,0.0229935793989711
5976,36,50,37.7900599116917,51.887271780734,7.110585517296,13.8580236139727,-1.7900599116917,-1.887271780734
5994,36,50,37.024305317175,53.4018359039974,6.39636293498768,6.85802361397265,-1.02430531717497,-3.40183590399742
6012,36,50,36.5248616843095,53.9202970084519,7.26275637761063,5.09039832577947,-0.524861684309514,-3.9202970084519
6030,36,50,36.3956202674252,53.2216332557981,7.49655297457128,7.89137842378927,-0.395620267425215,-3.22163325579807
6048,36,50,36.4930676641212,52.1692244531619,7.05453935698003,9.44230022329202,-0.493067664121249,-2.1692244531619
6066,36,50,36.6687024605997,51.3066101688656,6.19852897934959,8.20682681371898,-0.668702460599661,-1.30661016886565
6084,36,50,36.9341599948136,50.5479771750964,5.19852897934959,6.44356753017114,-0.934159994813612,-0.547977175096435
6102,36,50,37.1453591433599,49.6719928071447,4.19852897934959,2.87699804523431,-1.14535914335993,0.328007192855281
6120,36,50,37.2749806527701,48.3534169045837,3.51152656410672,1.80083443451499,-1.27498065277015,1.64658309541629
6138,36,50,37.3428139142722,46.5009440022784,2.88730968291296,8.80083443451499,-1.34281391427216,3.49905599772156
6156,36,50,37.3518315361775,44.9363200618451,2.39904381427223,15.800834434515,-1.35183153617752,5.06367993815491
6174,36,50,37.3329827909966,45.0133036560757,2.06713017056537,21.6807224233139,-1.33298279099664,4.98669634392429
6192,36,50,37.2470879228325,46.5662916809166,1.99605696516381,20.1807224233139,-1.24708792283248,3.43370831908342
6210,36,50,36.9555471554607,49.0266364503449,2.72635616448956,18.6807224233139,-0.955547155460678,0.973363549655055
6228,36,50,36.4862561566221,51.0687470525198,3.61145406576755,15.8077006867194,-0.486256156622076,-1.06874705251978
6246,36,50,35.9038761248693,52.6802330536834,3.84157234637145,9.71984988005861,0.0961238751306581,-2.68023305368338
6264,36,50,35.3807822749184,53.5514789836902,5.30662099864749,4.19324645667234,0.619217725081626,-3.55147898369017
6282,36,50,34.9853264664651,53.2250629324291,7.46604128850256,3.67505355088923,1.01467353353493,-3.22506293242906
6300,36,50,34.7505250393249,52.0393093936296,10.0662973294691,4.52228531349399,1.24947496067508,-2.03930939362962
6318,36,50,34.6843600605701,50.8395693188766,12.5100126818845,0.171232266979742,1.31563993942991,-0.839569318876556
6336,36,50,34.865344432545,49.6507493685737,12.6875387699477,0,1.13465556745502,0.349250631426344
6354,36,50,35.2500693625139,47.8288059241343,11.8811121342527,1.55092179950275,0.749930637486145,2.17119407586571
6372,36,50,35.8548782482429,46.0142558755578,10.9094166912864,8.55092179950275,0.145121751757081,3.98574412444223
6390,36,50,36.7215444806648,44.57357537335,9.42444573902574,15.5509217995027,-0.721544480664782,5.42642462665005
6408,36,50,37.5587931968787,44.2937057098338,7.25129289074599,22.5509217995027,-1.55879319687866,5.70629429016625
6426,36,50,38.2396622251304,45.0833398065646,4.46884022399683,21.6806847758004,-2.23966222513042,4.91666019343542
6444,36,50,38.6522671808696,46.8458376909,3.46884022399683,20.1806847758004,-2.65226718086961,3.15416230909998
6462,36,50,38.7604708972676,48.3045356213575,2.46884022399683,18.6806847758004,-2.76047089726762,1.69546437864248
6480,36,50,38.5337203458946,49.4171625291717,2.46884022399683,17.1806847758004,-2.53372034589461,0.582837470828252
6498,36,50,38.1001684334,50.2945935103806,2.46884022399683,15.3948168664895,-2.10016843339997,-0.294593510380558
6516,36,50,37.6254548379998,51.0527479414712,2.83075057827359,13.0813793004637,-1.62545483799984,-1.05274794147117
6534,36,50,37.1197473954884,51.7189480447515,3.45551978719278,10.2920265444497,-1.11974739548836,-1.71894804475154
6552,36,50,36.6667073361535,51.9977384830757,4.28778915757706,9.13287984262669,-0.6667073361535,-1.99773848307565
6570,36,50,36.2734818947798,51.9031108181512,5.22304095613821,8.86177100749099,-0.273481894779792,-1.9031108181512
6588,36,50,35.9803750330058,51.6491857901234,6.25043821641218,8.97707425149663,0.0196249669941722,-1.64918579012337
6606,36,50,35.8113427245432,51.4058506018178,7.52274781174705,9.16698409227929,0.188657275456848,-1.40585060181775
6624,36,50,35.7470413241241,51.1896822548551,8.19673411460606,9.3722825542347,0.25295867587586,-1.18968225485511
6642,36,50,35.7759587629334,50.9725587404232,8.35707082169093,9.63815185317555,0.224041237066615,-0.972558740423196
6660,36,50,35.8982553633146,50.7265609334856,8.15115818748002,10.0491743781388,0.101744636685396,-0.726560933485615
6678,36,50,36.1240194489413,50.448391828925,7.15115818748002,10.6466826415509,-0.12401944894134,-0.448391828925047
6696,36,50,36.3944089258378,50.1499727410609,6.15115818748002,11.4533625170109,-0.394408925837809,-0.149972741060878
6714,36,50,36.6600319592988,49.8363297032674,5.15115818748002,12.7485970315329,-0.660031959298848,0.163670296732619
6732,36,50,36.879209053056,49.6288044502731,4.15115818748002,14.1999429675901,-0.879209053055952,0.37119554972692
6750,36,50,36.9834941975582,49.6652263871021,3.60898399570422,14.5103159596946,-0.98349419755818,0.334773612897948
6768,36,50,36.9720291240533,49.9605174016693,3.37664322924675,13.6795255275655,-0.97202912405335,0.0394825983306788
6786,36,50,36.8398072935815,50.3663190874032,3.47390509625172,12.4146069806537,-0.839807293581465,-0.366319087403184
6804,36,50,36.5962920025728,50.6789862542374,4.27390509625172,11.3626374861966,-0.596292002572802,-0.678986254237387
6822,36,50,36.3110344221263,50.8516105465959,5.17733188752897,10.6013866465817,-0.311034422126284,-0.85161054659595
6840,36,50,36.0366401183941,50.9466664570007,6.16273334738299,9.91267777780582,-0.0366401183940894,-0.94666645700066
6858,36,50,35.8144134096128,50.9694953025611,7.48072497918215,9.48030410596096,0.185586590387224,-0.969495302561114
6876,36,50,35.6969729034962,50.9100148780033,8.58613358557773,9.397161989562,0.303027096503797,-0.910014878003295
6894,36,50,35.6842802900445,50.7845245376661,9.05228466090351,9.51607349196309,0.315719709955474,-0.784524537666087
6912,36,50,35.7809801107994,50.5729709314749,9.07766859287457,9.88988243405936,0.219019889200553,-0.572970931474892
6930,36,50,36.0032692691039,50.3046204696999,8.07880237972264,10.532796980001,-0.0032692691038676,-0.304620469699913
6948,36,50,36.3155956526023,50.0153923073737,7.07880237972264,11.3900248795942,-0.315595652602255,-0.0153923073736877
6966,36,50,36.6527741494678,49.7105461976734,6.07880237972264,12.9242125308174,-0.652774149467774,0.289453802326648
6984,36,50,36.9612106954469,49.4709635972577,5.07880237972264,14.7428444311392,-0.961210695446923,0.529036402742257
7002,36,50,37.1511002666156,49.486420319351,4.14910387310106,15.3891533549459,-1.15110026661556,0.513579680648988
7020,36,50,37.2210998613709,49.7995007435693,3.57573698394469,14.7872457709103,-1.22109986137094,0.200499256430717
7038,36,50,37.1626358418453,50.2766538021699,3.45016236795635,13.3446631864071,-1.16263584184532,-0.276653802169946
7056,36,50,36.9792122341792,50.6781156685335,3.79430102897779,12.0854807695308,-0.979212234179187,-0.678115668533536
7074,36,50,36.7099771732057,50.8879534334164,4.58608988528277,11.227010380859,-0.709977173205715,-0.887953433416413
7092,36,50,36.4171880256783,50.9754895286375,5.45958386118639,10.5485387047465,-0.417188025678314,-0.97548952863751
7110,36,50,36.1582280184857,51.0204199100562,6.40161284669363,10.0152835040434,-0.158228018485715,-1.02041991005622
7128,36,50,35.9705390926504,51.020302080126,7.39731323139606,9.66060537303306,0.0294609073495735,-1.02030208012597
7146,36,50,35.8814558135453,50.9536503987127,7.9372283875858,9.59557083246596,0.118544186454749,-0.953650398712725
7164,36,50,35.8911897304246,50.8039617861577,8.02661164312259,9.75467379481159,0.108810269575386,-0.803961786157693
7182,36,50,35.9994222423774,50.573945834642,7.70141444115802,10.1773466509074,0.000577757622600927,-0.573945834641961
7200,36,50,36.1984630488642,50.2992136830694,6.72819439383601,10.820261196849,-0.198463048864184,-0.299213683069418
7218,36,50,36.4366003740366,50.0183782478552,5.72819439383601,11.6477242388174,-0.436600374036615,-0.0183782478552459
7236,36,50,36.6658873165117,49.7635031701823,4.72819439383601,12.9452878851355,-0.665887316511707,0.236496829817654
7254,36,50,36.8399507326404,49.6313363188002,3.91376012792861,14.1875563754221,-0.839950732640375,0.368663681199813
7272,36,50,36.9019959244831,49.7413491911171,3.48072579449217,14.2183562667166,-0.901995924483067,0.258650808882912
7290,36,50,36.8493546969895,50.0770220872124,3.40664388106218,13.1833722566381,-0.849354696989529,-0.0770220872123559
7308,36,50,36.6798017596109,50.4668589730793,3.67439555451014,11.9610471450968,-0.679801759610889,-0.46685897307934
7326,36,50,36.4213964246172,50.7363108723618,4.53532270682802,10.9933798868206,-0.421396424617214,-0.736310872361827
7344,36,50,36.1380566429279,50.881383399335,5.48770365920897,10.269953597894,-0.138056642927864,-0.881383399334979
7362,36,50,35.8839351163167,50.9455276566437,6.6709097660792,9.69056023920904,0.116064883683308,-0.945527656643691
7380,36,50,35.6948935023734,50.9368758013424,8.40494446523018,9.4150199104559,0.305106497626596,-0.936875801342396
7398,36,50,35.6132668854625,50.8515761420221,9.43125738148741,9.42715027140153,0.386733114537542,-0.851576142022054
7416,36,50,35.6402778356779,50.7090737851815,9.72772936488498,9.58837778133221,0.359722164322115,-0.709073785181459
7434,36,50,35.7938480956066,50.489080903117,9.58575113488025,10.0173434139102,0.206151904393394,-0.489080903117042
7452,36,50,36.1020102926325,50.2118008526724,8.58575113488025,10.7341992124156,-0.102010292632471,-0.211800852672397
7470,36,50,36.4873066673141,49.8953348610345,7.58575113488025,11.9266215607183,-0.487306667314073,0.104665138965458
7488,36,50,36.878407302095,49.5335389084407,6.58575113488025,13.943626359102,-0.878407302094985,0.466461091559282
7506,36,50,37.2240187109722,49.3175406268749,5.58575113488025,15.959508110812,-1.22401871097217,0.682459373125077
7524,36,50,37.4478456738539,49.4562382885551,4.58575113488025,16.2358466254925,-1.44784567385389,0.543761711444901
7542,36,50,37.5436811902358,49.9167007486841,3.83087321612558,15.0070453850623,-1.54368119023583,0.0832992513159212
7560,36,50,37.5014345637364,50.4419814207146,3.52097041291386,13.1956268629381,-1.50143456373638,-0.44198142071464
7578,36,50,37.3310418756969,50.7682697495117,3.72636621617799,12.0854502439305,-1.33104187569685,-0.768269749511703
7596,36,50,37.0757204134445,50.8512798892748,4.40679231471328,11.476283738419,-1.07572041344454,-0.851279889274835
7614,36,50,36.7920933232915,50.8540720758967,5.18673660440687,11.1867297434931,-0.79209332329151,-0.85407207589671
7632,36,50,36.5315029806832,50.883434081926,6.01740753092444,10.743866426008,-0.531502980683157,-0.883434081925984
7650,36,50,36.3258850070893,50.9577545456812,6.88160506178864,10.1292297387955,-0.32588500708934,-0.957754545681219
7668,36,50,36.2035360535996,50.9877696576376,7.15942142517244,9.64638734584079,-0.203536053599613,-0.987769657637557
7686,36,50,36.1648106197248,50.887648140525,7.21027426975344,9.67259376773771,-0.164810619724769,-0.887648140524973
7704,36,50,36.2147156439049,50.6459205334833,7.01325103386094,10.0892935058122,-0.214715643904853,-0.645920533483277
7722,36,50,36.3495922389399,50.3536728476873,6.47984657993375,10.760405006821,-0.349592238939927,-0.353672847687349
7740,36,50,36.5113358532241,50.075083676229,5.75598969362349,11.5511793066563,-0.511335853224111,-0.0750836762290419
7758,36,50,36.6670326991199,49.8480430834204,5.00970209367426,12.5984479169025,-0.667032699119851,0.151956916579586
7776,36,50,36.7849924271009,49.7645789272633,4.42980924778708,13.4306406352162,-0.784992427100875,0.235421072736727
7794,36,50,36.8317447110868,49.8743723480216,4.04491073059285,13.2899428502557,-0.831744711086849,0.125627651978434
7812,36,50,36.7911458229857,50.1243079598282,3.96039453165472,12.5055168554089,-0.791145822985676,-0.124307959828243
7830,36,50,36.6622904923033,50.3653193924056,4.10686437946339,11.6848878807595,-0.662290492303299,-0.365319392405567
7848,36,50,36.4709285222189,50.5200726310185,4.68215193610334,11.0540409563452,-0.470928522218927,-0.520072631018529
7866,36,50,36.258315705113,50.6046318713575,5.57198244457791,10.553999286206,-0.25831570511302,-0.60463187135754
7884,36,50,36.0642883813931,50.6446685267089,6.38273371137677,10.1519767655,-0.0642883813931192,-0.644668526708877
7902,36,50,35.9116678366638,50.6467851948127,7.20198614353242,9.93498923112134,0.0883321633361618,-0.646785194812686
7920,36,50,35.8339408139029,50.6001912960853,7.8059238171645,9.90820112504044,0.16605918609708,-0.600191296085342
7938,36,50,35.8511526120987,50.5142731220834,7.91593481826462,10.005385276548,0.148847387901327,-0.514273122083431
7956,36,50,35.9512553191035,50.370299885187,7.70757254572676,10.2745724879776,0.0487446808965046,-0.37029988518703
7974,36,50,36.1260260797801,50.1559762703534,6.98419184818109,10.8216163830805,-0.126026079780125,-0.155976270353392
7992,36,50,36.346040521325,49.9180279669419,5.98419184818109,11.7364337103409,-0.346040521325023,0.0819720330580509
8010,36,50,36.5625968278852,49.7108478426482,4.98419184818109,13.0286641969437,-0.562596827885173,0.289152157351751
8028,36,50,36.7400707040166,49.6291539023558,4.12533341359505,14.1402592836237,-0.740070704016645,0.370846097644247
8046,36,50,36.8280146387518,49.7768300292833,3.64317878509896,14.0097325808017,-0.828014638751775,0.223169970716711
8064,36,50,36.7989639197435,50.1036983161926,3.52952950677187,13.0000201084486,-0.798963919743457,-0.103698316192578
8082,36,50,36.6523387049336,50.4281983813331,3.73943196386534,11.960682280989,-0.652338704933591,-0.428198381333083
8100,36,50,36.4147943851082,50.6463841204455,4.59352449055573,11.1272828048401,-0.41479438510823,-0.646384120445489
8118,36,50,36.150030182034,50.7775382250831,5.53897903601028,10.473269541634,-0.150030182033994,-0.777538225083092
8136,36,50,35.9089807013369,50.8571171579758,6.68355734926329,9.86093997889374,0.0910192986631131,-0.857117157975793
8154,36,50,35.7239629814158,50.8773282443988,8.29223019416625,9.46200657168385,0.276037018584191,-0.877328244398754
8172,36,50,35.6430451292341,50.8125798981806,9.26578921618196,9.40634794459666,0.356954870765861,-0.812579898180573
8190,36,50,35.6687294795655,50.6724491716064,9.53026174042527,9.57907450031871,0.331270520434472,-0.672449171606402
8208,36,50,35.8175477743418,50.4442711714209,9.33730467337269,10.0536046474401,0.182452225658167,-0.444271171420866
8226,36,50,36.1126325249699,50.1637142485023,8.33730467337269,10.7980355150028,-0.112632524969854,-0.163714248502288
8244,36,50,36.4817735406839,49.8580836072836,7.33730467337269,12.0500480161866,-0.481773540683932,0.141916392716368
8262,36,50,36.8536914715109,49.5287388583068,6.33730467337269,13.9912888613756,-0.853691471510899,0.471261141693191
8280,36,50,37.1755723035315,49.3571360145285,5.33730467337269,15.8242373445351,-1.17557230353147,0.64286398547155
8298,36,50,37.3758117612062,49.5231267322597,4.35768777749843,15.9601547872736,-1.37581176120619,0.476873267740274
8316,36,50,37.4479539904695,49.981477116707,3.68305172589469,14.6187518703175,-1.44795399046945,0.0185228832930306
8334,36,50,37.3846702987505,50.4798540254379,3.49416687300693,13.097463032573,-1.38467029875052,-0.479854025437916
8352,36,50,37.1978157872638,50.7750979293193,3.95276648400998,12.0547006269018,-1.19781578726379,-0.775097929319301
8370,36,50,36.9318239079999,50.8815879211424,4.69475566420141,11.3836366750808,-0.931823907999885,-0.881587921142376
8388,36,50,36.6470165208663,50.9161715031513,5.50634986709996,10.9263715749705,-0.647016520866337,-0.916171503151261
8406,36,50,36.3923788125255,50.9569737048247,6.37140177021415,10.4146940868418,-0.392378812525536,-0.956973704824705
8424,36,50,36.2132439255443,51.0023005580842,6.95606806916616,9.85214134752249,-0.213243925544347,-1.00230055808423
8442,36,50,36.1235807302834,50.9802123316859,7.15660798432235,9.60562661633592,-0.123580730283379,-0.980212331685877
8460,36,50,36.1227210333353,50.8170305155827,7.12713344422681,9.78184470504742,-0.12272103333531,-0.817030515582687
8478,36,50,36.2101923533409,50.5517721546742,6.80276927172405,10.3105765683149,-0.210192353340922,-0.551772154674183
8496,36,50,36.3555600573047,50.2597181738756,6.16290762018925,11.0280328596456,-0.355560057304729,-0.25971817387564
8514,36,50,36.5153508003837,49.9961999739177,5.43753325557872,11.8127918176255,-0.5153508003837,0.00380002608229546
8532,36,50,36.6581351364983,49.8228436327067,4.79290711504074,12.7587755847679,-0.658135136498252,0.177156367293307
8550,36,50,36.749812166426,49.7932239384823,4.32684244856827,13.3901192852987,-0.749812166425968,0.206776061517658
8568,36,50,36.761583930012,49.9393428026806,4.09036012315874,13.0326625024098,-0.761583930012023,0.0606571973193937
8586,36,50,36.6886487152709,50.1992295292807,4.09223647178431,12.1992520014374,-0.688648715270908,-0.199229529280728
8604,36,50,36.5407257903863,50.4270223465655,4.34292193986109,11.3903092588826,-0.540725790386276,-0.427022346565487
8622,36,50,36.3462935015391,50.563983614773,4.94332208536854,10.7726117345751,-0.346293501539051,-0.563983614773036
8640,36,50,36.1480729536359,50.6234962800168,5.79526756789218,10.3007967736049,-0.148072953635875,-0.623496280016809
8658,36,50,35.9769968938917,50.6299899361748,6.55847303083654,10.0403092749126,0.0230031061083054,-0.62998993617483
8676,36,50,35.8551379324342,50.5923917995952,7.30570682879602,9.98759169930451,0.144862067565839,-0.592391799595219
8694,36,50,35.808415413087,50.5262795812168,7.82412134440245,10.0309873370502,0.191584586913002,-0.526279581216755
8712,36,50,35.8509757304679,50.4373441028084,7.89859735248842,10.1483442551555,0.149024269532063,-0.43734410280841
8730,36,50,35.967795828908,50.2977894924227,7.57646205566375,10.4430134220454,0.0322041710919905,-0.297789492422666
8748,36,50,36.1486575565245,50.0944613542033,6.76861439265164,10.996155617238,-0.148657556524533,-0.0944613542032897
8766,36,50,36.3658266532435,49.8754508918024,5.76861439265164,11.946627990556,-0.36582665324346,0.124549108197641
8784,36,50,36.5751735363281,49.6958678799207,4.76861439265164,13.1788808702774,-0.575173536328137,0.304132120079338
8802,36,50,36.7349317651401,49.6531257958591,4.01482698040875,14.1759500910527,-0.734931765140097,0.346874204140889
8820,36,50,36.7986209218356,49.8275323921425,3.61478697640835,13.9212445942834,-0.798620921835635,0.172467607857499
8838,36,50,36.7457262643522,50.1706549846706,3.56349966488922,12.8705844201098,-0.745726264352164,-0.170654984670591
8856,36,50,36.5786572423057,50.499783712805,3.87379194913912,11.7954948293105,-0.578657242305709,-0.499783712805012
8874,36,50,36.3334651700944,50.7159157798206,4.75718417528753,10.9476029122362,-0.333465170094357,-0.715915779820591
8892,36,50,36.0712037542691,50.8396966668123,5.73096694682311,10.2808848012709,-0.0712037542691348,-0.839696666812273
8910,36,50,35.8396193830667,50.8975605283737,6.99112954844912,9.71833457357197,0.160380616933253,-0.897560528373702
8928,36,50,35.6730662346471,50.8876227620152,8.59910510722063,9.46107076056767,0.326933765352862,-0.887622762015241
8946,36,50,35.6129640444855,50.7999897578331,9.52133074509336,9.48539705729443,0.387035955514534,-0.799989757833082
8964,36,50,35.6624038700991,50.6517646664932,9.76476314188817,9.68779407293059,0.337596129900852,-0.651764666493207
8982,36,50,35.8425320441801,50.4252089156006,9.38301089909374,10.1665038604551,0.157467955819911,-0.425208915600628
9000,36,50,36.1645020199415,50.1452438712655,8.38301089909374,10.9165746218477,-0.16450201994153,-0.145243871265464
9018,36,50,36.5536833881852,49.8248873552168,7.38301089909374,12.2823736702664,-0.553683388185163,0.175112644783184
9036,36,50,36.9407967417611,49.4849720963272,6.38301089909374,14.3157651479639,-0.94079674176114,0.515027903672824
9054,36,50,37.2616306704159,49.3297604318116,5.38301089909374,16.1739558570103,-1.26163067041588,0.670239568188379
9072,36,50,37.4605903075276,49.5286996439268,4.4042276680099,16.2227815157358,-1.46059030752763,0.471300356073243
9090,36,50,37.5293066651179,50.0400540573665,3.69037701628618,14.6794701661935,-1.5293066651179,-0.0400540573665182
9108,36,50,37.4611497832682,50.5651542397688,3.50983300868433,12.8628817168113,-1.46114978326816,-0.565154239768802
9126,36,50,37.2695703732802,50.8412519831849,3.94812436808324,11.8568183887179,-1.26957037328021,-0.841251983184925
9144,36,50,37.0009612001112,50.8830990525381,4.66236926021069,11.3733960656051,-1.00096120011118,-0.883099052538135
9162,36,50,36.7149623786837,50.8713615861466,5.46569335993368,11.1233690063995,-0.714962378683694,-0.87136158614662
9180,36,50,36.464936850242,50.9080767544303,6.31028795452827,10.6294190112138,-0.464936850241983,-0.908076754430283
9198,36,50,36.2869362758049,50.9889931964423,6.83468455115963,9.97532354863281,-0.286936275804877,-0.988993196442301
9216,36,50,36.1918723193492,50.9982424665209,7.04347434365867,9.57822092702013,-0.191872319349216,-0.998242466520928
9234,36,50,36.1810273725488,50.8461776650671,7.02724551720568,9.72375417577004,-0.181027372548826,-0.846177665067088
9252,36,50,36.2564980189554,50.569084533918,6.72165459233012,10.2685868168646,-0.256498018955433,-0.569084533917966
9270,36,50,36.3874440173053,50.2634930507129,6.17850274483044,11.0403958575386,-0.387444017305349,-0.26349305071291
9288,36,50,36.5369632680676,49.9957527295901,5.50478554937412,11.855097923613,-0.536963268067552,0.00424727040985573
9306,36,50,36.6715615898656,49.8366836549908,4.90335030618013,12.7273603542926,-0.671561589865597,0.163316345009193
9324,36,50,36.7574017822603,49.8224057841168,4.435219926066,13.1427555703572,-0.757401782260295,0.177594215883218
9342,36,50,36.771031725127,49.9621704468831,4.19538805562466,12.7844525877801,-0.771031725126974,0.0378295531169499
9360,36,50,36.7042873836531,50.1786938595387,4.19538805562466,12.0679678410687,-0.704287383653053,-0.178693859538654
9378,36,50,36.5678120815396,50.3592302641042,4.40085902975512,11.4070709095187,-0.567812081539621,-0.359230264104184
9396,36,50,36.3881446264981,50.4706926936361,4.85872556653057,10.8918760277947,-0.388144626498061,-0.470692693636082
9414,36,50,36.2034555536112,50.5289700388314,5.45142791881803,10.4607942838469,-0.203455553611185,-0.528970038831403
9432,36,50,36.042175209805,50.5520105247151,6.03362609011865,10.1776535745049,-0.0421752098049808,-0.552010524715058
9450,36,50,35.9214782699386,50.5349820068493,6.62895277563733,10.079559311533,0.0785217300613823,-0.534982006849262
9468,36,50,35.8592688333605,50.4821101702764,7.08562591184009,10.0848601331603,0.14073116663954,-0.482110170276371
9486,36,50,35.8626331936034,50.4024935615929,7.25435482072648,10.1883173277461,0.137366806396557,-0.402493561592934
9504,36,50,35.9253718113444,50.2841890383026,7.19538560265831,10.4365410888757,0.0746281886555948,-0.284189038302614
9522,36,50,36.0414928387567,50.1309866049666,6.80508220274979,10.8272626403539,-0.0414928387566604,-0.130986604966623
9540,36,50,36.1925611783786,49.9709917320075,6.20434726106581,11.3846299691414,-0.192561178378597,0.0290082679925234
9558,36,50,36.348934137542,49.828577549583,5.50727194662423,12.2236598408522,-0.348934137542003,0.171422450416983
9576,36,50,36.4850576620533,49.7539746028623,4.89379082792337,13.0510077815741,-0.485057662053293,0.246025397137657
9594,36,50,36.5688751851264,49.8210514598297,4.50103852505871,13.0901905411599,-0.568875185126373,0.178948540170296
9612,36,50,36.5800328779704,50.0176717061311,4.32087915330677,12.4829874456147,-0.580032877970424,-0.0176717061311038
9630,36,50,36.5089695089786,50.2243965947875,4.35911237596499,11.7825554206124,-0.508969508978609,-0.2243965947875
9648,36,50,36.3702904824019,50.3617291839122,4.64211828336985,11.2265627639116,-0.370290482401899,-0.361729183912232
9666,36,50,36.2032759947425,50.4422883246693,5.16852642514911,10.7979548890923,-0.203275994742462,-0.442288324669285
9684,36,50,36.0408326284456,50.4928995680357,5.75072459644973,10.4059249865112,-0.040832628445628,-0.492899568035696
9702,36,50,35.904486383958,50.5139911430409,6.52504303490754,10.1361354816194,0.0955136160419556,-0.513991143040855
9720,36,50,35.8129645256673,50.4930740328249,7.21991832960912,10.0503845863275,0.187035474332731,-0.493074032824893
9738,36,50,35.7829784603393,50.4322643924952,7.72097053924936,10.0947877554948,0.217021539660692,-0.432264392495242
9756,36,50,35.8180521141529,50.3366760589872,7.82602359104052,10.2690988744314,0.181947885847102,-0.336676058987223
9774,36,50,35.9284605119647,50.2017483465681,7.61109308523739,10.5746827247879,0.0715394880352704,-0.201748346568067
9792,36,50,36.0993444145206,50.044003282372,6.89397664817379,11.0353579881012,-0.0993444145205657,-0.0440032823720458
9810,36,50,36.3057260113129,49.8641013707636,5.89397664817379,11.918017330842,-0.305726011312942,0.135898629236436
9828,36,50,36.5074047487283,49.7092645738209,4.91760542023681,13.0489430410311,-0.507404748728341,0.290735426179083
9846,36,50,36.669866817434,49.6767941693988,4.17131782028757,13.9382582621221,-0.669866817433984,0.323205830601154
9864,36,50,36.745786274683,49.8361637321033,3.73731461243778,13.697634143314,-0.745786274682963,0.163836267896698
9882,36,50,36.7065619334072,50.1346722035798,3.67183779334389,12.7678879697233,-0.706561933407158,-0.134672203579832
9900,36,50,36.5569303878201,50.4178704642915,3.91476323590753,11.8328764105145,-0.556930387820088,-0.417870464291518
9918,36,50,36.330784900546,50.6155417897423,4.78928795073643,11.053967844123,-0.330784900546028,-0.615541789742323
9936,36,50,36.083321244342,50.7436768187201,5.75828019879844,10.4103996675661,-0.083321244341974,-0.743676818720104
9954,36,50,35.8615361461485,50.8155494738202,6.99759643811468,9.84144446068627,0.138463853851469,-0.815549473820241
9972,36,50,35.6960319331472,50.8248889558628,8.53883270635538,9.51261256614173,0.303968066852832,-0.824888955862804
9990,36,50,35.634946651867,50.7524607384849,9.42735424783693,9.49989962436701,0.365053348133003,-0.752460738484906
10008,36,50,35.6825549016576,50.6126348789687,9.65232612635212,9.69042940971953,0.317445098342439,-0.612634878968663
10026,36,50,35.8588989577062,50.3880279726459,9.22588689394274,10.1601932301192,0.141101042293833,-0.388027972645865
10044,36,50,36.172794585179,50.1080756867377,8.22588689394274,10.9332557840037,-0.172794585179027,-0.108075686737678
10062,36,50,36.5519177362225,49.7899564676114,7.22588689394274,12.3614318150029,-0.551917736222471,0.210043532388568
10080,36,50,36.9275486483511,49.4665693731385,6.22588689394274,14.3780998569205,-0.927548648351063,0.533430626861502
10098,36,50,37.2336606537832,49.3408626318057,5.22588689394274,16.148809564967,-1.23366065378325,0.659137368194337
10116,36,50,37.4178137189875,49.5642203175867,4.35500670782409,16.1113914171653,-1.41781371898752,0.435779682413269
10134,36,50,37.4711278392338,50.0869040070231,3.70406455470773,14.5158223467918,-1.47112783923377,-0.0869040070230653
10152,36,50,37.3886439456051,50.6075533891829,3.57337455581528,12.7949999992298,-1.38864394560505,-0.607553389182854
10170,36,50,37.186191955137,50.8755065405714,4.15800270485736,11.8052818248086,-1.18619195513704,-0.875506540571386
10188,36,50,36.918429579498,50.9273470106283,4.90382395088582,11.2671277212674,-0.918429579498039,-0.927347010628274
10206,36,50,36.6396952371397,50.9257556614664,5.71777743925791,10.9473375661161,-0.639695237139684,-0.925755661466361
10224,36,50,36.4005433255911,50.9473557706052,6.57492029640077,10.5224678245348,-0.400543325591144,-0.947355770605157
10242,36,50,36.2454576992328,50.9973954872522,7.01047441803329,9.95991508521551,-0.24545769923283,-0.997395487252192
10260,36,50,36.1764976428775,50.9854030902353,7.13113806810871,9.66582983353581,-0.176497642877521,-0.985403090235287
10278,36,50,36.1930185276742,50.8132820511046,7.01695360113361,9.86750669734728,-0.193018527674155,-0.813282051104608
10296,36,50,36.2935310787284,50.5308816110979,6.62965123564764,10.4294342491255,-0.293531078728435,-0.530881611097861
10314,36,50,36.4384186956668,50.2267605759886,6.02639683691765,11.1904929541351,-0.438418695666847,-0.226760575988607
10332,36,50,36.5910556251268,49.9597815655564,5.34437622360807,12.0980625968165,-0.591055625126828,0.0402184344436165
10350,36,50,36.7186577233141,49.8125117214336,4.73406327116348,13.0107868276929,-0.718657723314095,0.187488278566427
10368,36,50,36.7901035051088,49.8359891214607,4.31408053072815,13.1668930560776,-0.790103505108803,0.164010878539329
10386,36,50,36.7847937865615,50.020018147573,4.14532510201491,12.619219675782,-0.784793786561508,-0.0200181475729835
10404,36,50,36.6972522488455,50.238595492135,4.18493298398343,11.8855760951633,-0.697252248845487,-0.238595492134955
10422,36,50,36.5404636530399,50.3978207648713,4.47301560390461,11.2648329276488,-0.540463653039858,-0.397820764871291
10440,36,50,36.3512734135393,50.4909277390225,5.07341574941207,10.7932215889081,-0.351273413539275,-0.49092773902251
10458,36,50,36.1672069937755,50.5427123598056,5.6909569503971,10.3836108078105,-0.167206993775523,-0.542712359805648
10476,36,50,36.0107888582427,50.5625282209269,6.29794301644024,10.0971101611945,-0.0107888582426696,-0.562528220926922
10494,36,50,35.9022402335757,50.537692310477,6.88957564075352,9.99590964527029,0.0977597664242822,-0.537692310476956
10512,36,50,35.863030420375,50.4718221346445,7.27423212114673,10.0548219030043,0.13696957962501,-0.471822134644498
10530,36,50,35.8905653334618,50.3703207177462,7.32664851699535,10.2194703915486,0.10943466653822,-0.370320717746154
10548,36,50,35.9787746556563,50.2243270062599,7.10981696800497,10.5724440104474,0.0212253443437049,-0.224327006259912
10566,36,50,36.1183800426963,50.0545550271245,6.58744079345488,11.0577857106141,-0.118380042696302,-0.054555027124529
10584,36,50,36.283774140363,49.8949474879093,5.83648548526416,11.8126472873935,-0.283774140362965,0.105052512090737
10602,36,50,36.4412566747971,49.7741314702003,5.12373940105666,12.7321454099322,-0.441256674797089,0.225868529799669
10620,36,50,36.5617623958972,49.762202090886,4.58664019976021,13.2341793418699,-0.561762395897219,0.237797909113993
10638,36,50,36.6157379851071,49.9025875199899,4.26708205793163,12.9649226825757,-0.615737985107124,0.0974124800101279
10656,36,50,36.5816526791215,50.122235827225,4.20787918236338,12.2663827455588,-0.581652679121461,-0.122235827224983
10674,36,50,36.4658853625018,50.3147779804777,4.38422898306395,11.5937250357981,-0.465885362501822,-0.314777980477686
10692,36,50,36.298075609931,50.4461416948724,4.84332063743352,11.0343555977102,-0.298075609930962,-0.446141694872388
10710,36,50,36.1161651326973,50.5302062414824,5.50486818616359,10.5675011480908,-0.11616513269729,-0.530206241482432
10728,36,50,35.9523186475996,50.5751166628639,6.28279002354088,10.1850766630707,0.0476813524003745,-0.575116662863906
10746,36,50,35.8273262858779,50.5774178165955,7.10211478692554,9.99251733923859,0.172673714122105,-0.577417816595457
10764,36,50,35.7629433836059,50.5292204814182,7.75720813772803,9.98454733008784,0.237056616394113,-0.529220481418179
10782,36,50,35.773138841147,50.4410697777181,7.9735022977857,10.1019042481931,0.226861158852977,-0.44106977771812
10800,36,55,35.8634471193497,50.3124248142945,7.92260523709096,10.1019042481931,0.136552880650285,4.68757518570551
10818,36,55,36.0289554771511,50.133245670711,7.22127030981461,17.1019042481931,-0.0289554771511007,4.86675432928897
10836,36,55,36.245186992976,50.1093707425455,6.22127030981461,24.1019042481931,-0.245186992976031,4.89062925745455
10854,36,55,36.4690863322309,51.3633685529845,5.22127030981461,22.6019042481931,-0.469086332230908,3.63663144701552
10872,36,55,36.6568747869492,53.5018397256484,4.30283291197218,21.1019042481931,-0.656874786949231,1.4981602743516
10890,36,55,36.6247394137674,55.1019155823648,4.23430309079218,19.4904064612553,-0.624739413767408,-0.101915582364796
10908,36,55,36.380069845652,56.2468323548888,5.09761244331017,16.3402084374924,-0.380069845652045,-1.24683235488884
10926,36,55,36.0901019853188,56.9923597681622,6.067512108862,13.350214336662,-0.0901019853187677,-1.99235976816222
10944,36,55,35.7705635636945,57.1724572869793,7.33573368320603,12.1581645519339,0.229436436305477,-2.17245728697928
10962,36,55,35.5073558100638,56.9353626169364,8.97003789032577,12.1229866952086,0.492644189936229,-1.93536261693637
10980,36,55,35.4037747448069,56.645679375027,10.4595580520451,12.2405510827103,0.596225255193112,-1.64567937502696
10998,36,55,35.4570481638199,56.3967002435757,10.8834909935616,12.4521031052758,0.542951836180123,-1.39670024357572
11016,36,55,35.6532578295869,56.0953476639978,10.2010298903084,12.8479639289441,0.346742170413108,-1.09534766399777
11034,36,55,35.9947404137599,55.7452799956358,9.20396244162809,13.482628133883,0.00525958624007217,-0.745279995635798
11052,36,55,36.4506102205894,55.3413205969028,8.20396244162809,14.4492625207128,-0.450610220589361,-0.34132059690279
11070,36,55,36.9144658737336,54.8840972102688,7.20396244162809,16.0868233566704,-0.91446587373359,0.115902789731194
11088,36,55,37.2865062109115,54.4694700220055,6.20396244162809,18.3262820578834,-1.28650621091145,0.530529977994547
11106,36,55,37.5384851826877,54.3549646079324,5.20396244162809,20.0159070280243,-1.53848518268772,0.645035392067626
11124,36,55,37.666793618177,54.7313807220735,4.38246428185325,19.3281193215526,-1.66679361817695,0.268619277926483
11142,36,55,37.6623902187324,55.4274757022038,3.73674671143746,17.4245012654045,-1.66239021873243,-0.427475702203807
11160,36,55,37.5209597725718,55.9915099314604,3.68012691338141,15.3283908060597,-1.52095977257179,-0.991509931460413
11178,36,55,37.265887388529,56.2385595183233,4.2697213551329,14.3296609444379,-1.26588738852902,-1.23855951832329
11196,36,55,36.9647204750658,56.2126479265503,5.00002055445865,14.0448607218834,-0.964720475065839,-1.2126479265503
11214,36,55,36.6616132210752,56.1503129717919,5.81969268560619,13.8930062567486,-0.661613221075214,-1.15031297179186
11232,36,55,36.4119660914342,56.1607019456158,6.67879921481581,13.4321108242826,-0.411966091434238,-1.16070194561578
11250,36,55,36.2462574177029,56.227993951036,7.17040796206111,12.7250582210027,-0.246257417702878,-1.22799395103596
11268,36,55,36.1605003931097,56.2136834663714,7.35682942572152,12.3460317764149,-0.160500393109729,-1.21368346637144
11286,36,55,36.1582278688805,56.0139168087316,7.31875966545812,12.5575853058686,-0.158227868880545,-1.01391680873162
11304,36,55,36.2423740291334,55.6962349625458,7.01965930326627,13.1435685858123,-0.242374029133373,-0.696234962545816
11322,36,55,36.3796740424636,55.3633719008438,6.42941473433609,13.9146150059539,-0.379674042463577,-0.363371900843752
11340,36,55,36.5327278259605,55.0753947887822,5.75741053430984,14.734461890342,-0.532727825960507,-0.0753947887821766
11358,36,55,36.6676763047048,54.9015655797383,5.15597529111586,15.4941503219219,-0.667676304704827,0.0984344202616612
11376,36,55,36.7531853781744,54.8733897515849,4.68991062464338,15.9257502838955,-0.753185378174379,0.126610248415062
11394,36,55,36.7626390032037,54.9850918126991,4.45342829923385,15.6109778962075,-0.762639003203716,0.0149081873009465
11412,36,55,36.6922231289689,55.1797755778538,4.45530464785943,14.9784562057513,-0.692223128968891,-0.179775577853789
11430,36,55,36.5542818425521,55.3562947248587,4.66783121368015,14.3175592742013,-0.554281842552143,-0.356294724858714
11448,36,55,36.3729730041541,55.4779190821746,5.13830333080468,13.7738895032474,-0.372973004154105,-0.47791908217463
11466,36,55,36.1859856326662,55.5446604372991,5.81432626023737,13.3197692549269,-0.185985632666174,-0.544660437299058
11484,36,55,36.021199474089,55.5698683737551,6.4129244795971,12.9835301515646,-0.0211994740889665,-0.569868373755099
11502,36,55,35.8979775335735,55.5489772696326,7.0600784728314,12.8792151533859,0.102022466426533,-0.548977269632573
11520,36,55,35.8359085703006,55.4835707042387,7.55787234091603,12.9355339519182,0.164091429699425,-0.483570704238701
11538,36,55,35.8471447740212,55.392491113803,7.68853873954906,13.0678983433016,0.152855225978769,-0.392491113803047
11556,36,55,35.920440215867,55.271029966712,7.61553715784812,13.3197261255924,0.0795597841329894,-0.271029966711964
11574,36,55,36.0515374483882,55.1092390393238,7.17102215546679,13.7479280606436,-0.0515374483881743,-0.109239039323768
11592,36,55,36.2191338293524,54.940209616259,6.43040959273967,14.4101021010773,-0.219133829352437,0.0597903837409817
11610,36,55,36.3876734735952,54.7917509373894,5.6624888619764,15.3677550210883,-0.3876734735952,0.208249062610633
11628,36,55,36.533722282422,54.7268711772709,4.99048466195015,16.2125966132898,-0.533722282422019,0.273128822729063
11646,36,55,36.6202470623176,54.8262245712593,4.55281209829333,16.1545387427027,-0.62024706231756,0.17377542874074
11664,36,55,36.6194548816876,55.052700781724,4.39811729076245,15.4485871788239,-0.619454881687638,-0.0527007817239706
11682,36,55,36.5282091515317,55.2740586059917,4.47668189422354,14.7066429600315,-0.52820915153174,-0.274058605991748
11700,36,55,36.3647402213589,55.4246289179052,4.85023212769244,14.1055641005402,-0.364740221358893,-0.424628917905196
11718,36,55,36.1724474256633,55.5188006572453,5.54515078605757,13.6237361346489,-0.172447425663307,-0.518800657245315
11736,36,55,35.9900999773622,55.5813979369702,6.36429284253526,13.1680005993611,0.0099000226378152,-0.581397936970205
11754,36,55,35.8397154215143,55.6095037681797,7.37422931427333,12.8184804273291,0.160284578485658,-0.609503768179678
11772,36,55,35.7449152679285,55.5801876307529,8.21365850242539,12.7379100401436,0.25508473207146,-0.580187630752917
11790,36,55,35.7294607069769,55.4947838400939,8.72422012020494,12.8407614491243,0.270539293023056,-0.494783840093888
11808,36,55,35.8022195583201,55.3683988011042,8.79319356542853,13.0838139798326,0.197780441679861,-0.368398801104178
11826,36,55,35.971713085692,55.1950741538675,8.17554064652038,13.5005192303187,0.0282869143080404,-0.195074153867523
11844,36,55,36.2116389029438,54.985242950216,7.17554064652038,14.1559629996185,-0.21163890294379,0.0147570497839737
11862,36,55,36.4839507170971,54.7496372404412,6.17554064652038,15.4469894565691,-0.483950717097066,0.25036275955879
11880,36,55,36.740604571703,54.5675067021528,5.17554064652038,16.9351710420286,-0.740604571702953,0.43249329784723
11898,36,55,36.9171254675753,54.5830365283264,4.30985094498771,17.4508464009504,-0.917125467575346,0.416963471673625
11916,36,55,36.9785488247259,54.8337604175735,3.84891427092069,16.9714007599728,-0.978548824725877,0.166239582426456
11934,36,55,36.9169493363052,55.1933715923506,3.78251734177866,15.8616321941209,-0.916949336305201,-0.19337159235063
11952,36,55,36.7372743656977,55.5205771953453,4.1499940301087,14.7837283941375,-0.737274365697715,-0.520577195345304
11970,36,55,36.479851788256,55.7246643440175,4.99414987426454,13.9824239450343,-0.479851788256042,-0.724664344017533
11988,36,55,36.2049979336365,55.8389950923167,5.92518435702316,13.328767702382,-0.204997933636477,-0.838995092316743
12006,36,55,35.9617292775566,55.9103777871042,6.99075812751497,12.7306148123167,0.0382707224434071,-0.910377787104188
12024,36,55,35.7882011424151,55.9218002703766,8.31503064886015,12.3642958095185,0.211798857584867,-0.921800270376608
12042,36,55,35.7167602530095,55.8463291737345,9.09116991041908,12.3518638400182,0.28323974699051,-0.846329173734468
12060,36,55,35.7494860183798,55.684113571245,9.27930734976951,12.5688620317,0.250513981620173,-0.684113571244978
12078,36,55,35.8951118133687,55.44508647961,8.94026683442793,13.0646667609143,0.104888186631342,-0.445086479609962
12096,36,55,36.1604881370782,55.1644042029884,7.94026683442793,13.809097628477,-0.160488137078246,-0.164404202988393
12114,36,55,36.4826240310656,54.8736502916928,6.94026683442793,14.9822129436211,-0.482624031065555,0.126349708307217
12132,36,55,36.8002346838995,54.5923563822743,5.94026683442793,16.6902634634252,-0.800234683899532,0.407643617725668
12150,36,55,37.0569529177163,54.4711201215995,4.94026683442793,18.2118411513532,-1.05695291771634,0.528879878400517
12168,36,55,37.1943172375398,54.6484368605192,4.22428994267681,18.1679776545552,-1.19431723753976,0.351563139480788
12186,36,55,37.2075974002596,55.0825487083893,3.80768483113892,16.8713403835019,-1.20759740025956,-0.0825487083893321
12204,36,55,37.0922690142932,55.5364128685896,3.82813282816467,15.5042214688969,-1.0922690142932,-0.536412868589551
12222,36,55,36.8637088403916,55.8091390695741,4.55598092943049,14.5252955681491,-0.863708840391553,-0.809139069574059
12240,36,55,36.5848661394547,55.9277212073945,5.38438329629439,13.8201722867911,-0.584866139454718,-0.927721207394519
12258,36,55,36.3097207178537,55.9854929150227,6.28470483970275,13.2271584768805,-0.309720717853722,-0.985492915022689
12276,36,55,36.0814106367059,56.0068219397456,7.2510913943246,12.7796499252001,-0.0814106367058969,-1.0068219397456
12294,36,55,35.949842339652,55.9829875334325,7.8226106831006,12.5331351940135,0.0501576603480061,-0.982987533432492
12312,36,55,35.9151470305646,55.8916021255701,8.05618112582276,12.5355560456153,0.0848529694354028,-0.891602125570117
12330,36,55,35.9781203588201,55.6901349268876,7.93539359109634,12.8435739153543,0.0218796411799218,-0.690134926887637
12348,36,55,36.1335290906686,55.4205087940865,7.28493022337471,13.4292404963972,-0.133529090668631,-0.420508794086494
12366,36,55,36.3373712717734,55.1321238335857,6.31018889653357,14.2192395457365,-0.337371271773364,-0.132123833585709
12384,36,55,36.5507667476398,54.8665286457878,5.31018889653357,15.335315218329,-0.55076674763977,0.133471354212176
12402,36,55,36.7320433558175,54.7106959950924,4.4517304097101,16.4931250579203,-0.732043355817474,0.289304004907592
12420,36,55,36.8292545387442,54.7500945006094,3.93617657697437,16.7028706274251,-0.829254538744209,0.249905499390586
12438,36,55,36.8136628079847,54.9878277281664,3.79040049858986,15.9996133308817,-0.813662807984699,0.0121722718336343
12456,36,55,36.6827841468156,55.2890401052287,3.93100600941875,15.0371614982802,-0.682784146815564,-0.289040105228679
12474,36,55,36.4580256296913,55.535805723759,4.75807367859169,14.1538651745693,-0.458025629691292,-0.535805723758969
12492,36,55,36.195162107857,55.7035773815411,5.68664510716311,13.4272459074391,-0.195162107857044,-0.703577381541095
12510,36,55,35.9466269395944,55.8057158881871,6.76507647971213,12.8004016614865,0.0533730604056473,-0.805715888187123
12528,36,55,35.7470922780801,55.8382415750547,8.26486590906568,12.3717877116899,0.252907721919868,-0.83824157505471
12546,36,55,35.6509020433103,55.7859024610024,9.33642204670111,12.2923042022341,0.349097956689732,-0.785902461002358
12564,36,55,35.6611346202381,55.6605835643502,9.67760980659023,12.444214954667,0.338865379761863,-0.660583564350162
12582,36,55,35.7886693981716,55.4456252701617,9.60555331430028,12.863742033233,0.211330601828415,-0.44562527016172
12600,36,55,36.0556921102274,55.1754441578286,8.60555331430028,13.5690317057771,-0.0556921102274401,-0.175444157828643
12618,36,55,36.4071423954396,54.8791513572024,7.60555331430028,14.7485335666417,-0.407142395439621,0.120848642797597
12636,36,55,36.7701147664408,54.5639602299715,6.60555331430028,16.6126376571255,-0.770114766440827,0.436039770028458
12654,36,55,37.0945039079796,54.3802777576976,5.60555331430028,18.4365017487996,-1.09450390797964,0.619722242302366
12672,36,55,37.2979872937856,54.5134461210423,4.62516579067079,18.6840140826067,-1.29798729378555,0.486553878957693
12690,36,55,37.3746795566516,54.9301540616302,3.97162854784979,17.5535539211124,-1.37467955665157,0.0698459383697667
12708,36,55,37.3170856584834,55.416249564279,3.80099221653092,16.0838985383738,-1.31708565848335,-0.416249564278971
12726,36,55,37.1354435166969,55.7366539276003,4.13115215560175,15.0004816080551,-1.1354435166969,-0.736653927600301
12744,36,55,36.871943477375,55.872993212956,4.88043169450665,14.296393111157,-0.871943477374955,-0.872993212956004
12762,36,55,36.587457506926,55.9268251253731,5.70639039657154,13.7582390076157,-0.587457506925958,-0.926825125373099
12780,36,55,36.3325272394268,55.9767957857648,6.58978262271995,13.2027007714964,-0.332527239426753,-0.976795785764807
12798,36,55,36.1433740482291,56.0128606214943,7.31421151755428,12.6730652413732,-0.143374048229106,-1.0128606214943
12816,36,55,36.045633022676,55.9747842453387,7.57813706276889,12.5071371112183,-0.0456330226759576,-0.974784245338718
12834,36,55,36.0399628285974,55.8209810112088,7.59030868260863,12.6607631372744,-0.0399628285973748,-0.820981011208829
12852,36,55,36.1264908936591,55.576338669622,7.29359554793668,13.1039809309265,-0.126490893659053,-0.576338669622046
12870,36,55,36.282463616937,55.2950242967704,6.60994307127898,13.7787725789236,-0.282463616936987,-0.295024296770436
12888,36,55,36.4568341105524,55.0229059719226,5.8323796345673,14.5764707632673,-0.45683411055245,-0.0229059719226257
12906,36,55,36.6181723872103,54.8175153759436,5.09269998878009,15.6344052720835,-0.618172387210272,0.182484624056443
12924,36,55,36.7313484573057,54.7557335967447,4.56042012600849,16.4118484694555,-0.7313484573057,0.244266403255331
12942,36,55,36.7604302012166,54.8893264475751,4.25545320146538,16.185773174887,-0.760430201216572,0.11067355242492
12960,36,55,36.6983129999751,55.1615909777836,4.23603384036236,15.3341893794175,-0.698312999975066,-0.161590977783604
12978,36,55,36.5497717231829,55.4256538228442,4.48281913715416,14.4484482752278,-0.5497717231829,-0.425653822844239
12996,36,55,36.345531787603,55.595816082858,5.26590662957687,13.7467787857528,-0.345531787602965,-0.595816082858008
13014,36,55,36.1296436441185,55.6815125891931,6.21011263816056,13.1934148006615,-0.129643644118467,-0.681512589193062
13032,36,55,35.9403684682372,55.7039192808351,7.31167685935465,12.8589214398479,0.0596315317628324,-0.703919280835052
13050,36,55,35.8042869056717,55.6740366898866,8.34213601983351,12.7512137062386,0.195713094328269,-0.674036689886591
13068,36,55,35.7618921677209,55.6045771047799,8.91596530562099,12.776639589788,0.23810783227907,-0.604577104779906
13086,36,55,35.8216686248495,55.5032093932289,8.98323742132903,12.9016500073228,0.178331375150464,-0.503209393228857
13104,36,55,35.9879403325429,55.3271943313281,8.31508597366756,13.2912603969332,0.0120596674571303,-0.327194331328144
13122,36,55,36.2419639264045,55.0808143440574,7.31508597366756,13.9948169431102,-0.24196392640448,-0.080814344057373
13140,36,55,36.534775783278,54.7978017489758,6.31508597366756,15.291233277956,-0.534775783278008,0.202198251024228
13158,36,55,36.8126535801461,54.556974583245,5.31508597366756,16.9512383804307,-0.81265358014614,0.443025416754963
13176,36,55,37.0056430952415,54.5172507655655,4.38827459203072,18.1849275856501,-1.0056430952415,0.482749234434493
13194,36,55,37.0818800707243,54.7699473806001,3.85006794477698,17.7929502983528,-1.08188007072435,0.230052619399899
13212,36,55,37.0339282168106,55.2570744544172,3.73108713885039,16.3226508057986,-1.03392821681055,-0.25707445441715
13230,36,55,36.8618165136958,55.7010621459078,3.9652581169238,14.9795377820424,-0.86181651369575,-0.701062145907798
13248,36,55,36.5924729852894,55.9420781310504,4.78592680993292,14.0463304268567,-0.592472985289376,-0.942078131050408
13266,36,55,36.2988212381102,56.0415780458286,5.69217680993292,13.3232287010328,-0.29882123811015,-1.04157804582864
13284,36,55,36.0392605550734,56.0829774021473,6.67702529478141,12.768055947809,-0.0392605550734118,-1.08297740214728
13302,36,55,35.8439210000127,56.0671269212447,8.03892067670305,12.4895767359443,0.156078999987329,-1.06712692124468
13320,36,55,35.7517002625187,55.9849430140333,8.85829650511612,12.4441693306132,0.248299737481332,-0.984943014033334
13338,36,55,35.7624384413357,55.8475778507578,9.08559271340209,12.56761996283,0.237561558664325,-0.847577850757801
13356,36,55,35.8792852704937,55.6274298025109,8.91114875352421,12.9438480960675,0.120714729506332,-0.627429802510861
13374,36,55,36.1187722230973,55.3500962378005,7.91114875352421,13.5886414989976,-0.118772223097345,-0.3500962378005
13392,36,55,36.4206603201212,55.0512885709251,6.91114875352421,14.4563736295986,-0.420660320121193,-0.0512885709251378
13410,36,55,36.7256205813612,54.7334760902599,5.91114875352421,16.005249881968,-0.725620581361227,0.266523909740144
13428,36,55,36.9861502082374,54.5201456695817,4.91114875352421,17.6614290916332,-0.986150208237362,0.479854330418277
13446,36,55,37.1295491694162,54.5881676048468,4.2017776904367,17.9741707361044,-1.12954916941624,0.411832395153247
13464,36,55,37.1543544168331,54.9382839243534,3.77995159164775,17.030719227168,-1.15435441683308,0.0617160756465935
13482,36,55,37.0522982936089,55.386654806042,3.77073415225241,15.6638245744766,-1.05229829360887,-0.386654806042003
13500,36,55,36.8328108417006,55.7124057559341,4.49680675951314,14.5609349413276,-0.832810841700635,-0.712405755934128
13518,36,55,36.5555067302607,55.8749842396331,5.33014009284647,13.8175563524115,-0.555506730260653,-0.874984239633093
13536,36,55,36.2745501511405,55.9511035966414,6.24219221011031,13.176441175162,-0.274550151140453,-0.951103596641445
13554,36,55,36.0385563426214,55.9804731432804,7.22579876748736,12.6972822305247,-0.0385563426213764,-0.980473143280392
13572,36,55,35.901941107922,55.9558898567538,8.00011720594518,12.4577612724409,0.0980588920779724,-0.955889856753849
13590,36,55,35.8637453721695,55.8627044448027,8.38477368633838,12.4674603321709,0.136254627830496,-0.862704444802731
13608,36,55,35.9254518613855,55.6615122964803,8.32580446827021,12.7855234700774,0.0745481386145102,-0.661512296480325
13626,36,55,36.0837595887382,55.3932973536322,7.68800776596907,13.3850563016372,-0.0837595887382179,-0.393297353632242
13644,36,55,36.3087821750457,55.1069953244494,6.68800776596907,14.1868572404245,-0.308782175045728,-0.106995324449422
13662,36,55,36.555793194483,54.842469443558,5.68800776596907,15.3411010603324,-0.555793194482987,0.157530556442026
13680,36,55,36.7746936121628,54.6643193764204,4.68800776596907,16.6545969666622,-0.774693612162814,0.33568062357962
13698,36,55,36.9088434370148,54.6740766385258,4.04728489914496,17.0883754584786,-0.908843437014809,0.32592336147416
13716,36,55,36.9266101365397,54.9075424370947,3.71515854129754,16.5439213605927,-0.926610136539693,0.0924575629052811
13734,36,55,36.8254819650751,55.2425091323903,3.74810747045734,15.5091554147947,-0.825481965075085,-0.242509132390332
13752,36,55,36.6130424437659,55.5434537901696,4.52301521953483,14.5024936827444,-0.613042443765934,-0.543453790169607
13770,36,55,36.3453563658635,55.7424954851061,5.40826112117418,13.6968759653279,-0.345356365863466,-0.742495485106119
13788,36,55,36.073005828091,55.8660026768027,6.38299036305143,13.0173166772472,-0.0730058280909986,-0.866002676802715
13806,36,55,35.8428543077771,55.9187131964745,7.64315296467745,12.4826135798062,0.157145692222869,-0.918713196474457
13824,36,55,35.7149346879798,55.8960930815341,8.80033714982692,12.263840790974,0.285065312020187,-0.896093081534104
13842,36,55,35.6914718745791,55.7904740877687,9.35763778818947,12.3369214416276,0.308528125420906,-0.790474087768708
13860,36,55,35.7764869873494,55.5765649211507,9.40654352238681,12.7070813572051,0.223513012650571,-0.576564921150691
13878,36,55,35.9855283664306,55.3011337810245,8.4112828588797,13.3767840092276,0.0144716335694071,-0.301133781024504
13896,36,55,36.2929813987878,55.0080431894569,7.4112828588797,14.2404158450679,-0.292981398787759,-0.00804318945693439
13914,36,55,36.6341310282543,54.71170802872,6.4112828588797,15.7746034962911,-0.634131028254345,0.288291971279961
13932,36,55,36.9483665568224,54.4747039579637,5.4112828588797,17.5932353966129,-0.94836655682235,0.525296042036331
13950,36,55,37.1436172776662,54.4814278432718,4.43035162898232,18.3124028932643,-1.14361727766624,0.518572156728162
13968,36,55,37.2186627093396,54.7859048417285,3.83909468380986,17.7533107260902,-1.21866270933957,0.214095158271533
13986,36,55,37.1650626487703,55.2678227063439,3.68414691998782,16.3106547904766,-1.16506264877033,-0.267822706343949
14004,36,55,36.9856117680918,55.6802152502656,4.0273773237883,15.0309165306953,-0.985611768091829,-0.680215250265618
14022,36,55,36.7143016676654,55.8988575593857,4.81916618009328,14.1484987058553,-0.714301667665367,-0.898857559385732
14040,36,55,36.4169503368779,55.9901912400446,5.69635916254942,13.4668471055621,-0.416950336877903,-0.990191240044581
14058,36,55,36.1512198695365,56.0407246842251,6.64372758360205,12.8901596035989,-0.151219869536455,-1.04072468422505
14076,36,55,35.9573877385757,56.0461917351646,7.67534902338676,12.4734466354914,0.0426122614242956,-1.04619173516457
14094,36,55,35.8628769342452,55.9792407345743,8.26066522137632,12.4003544290929,0.137123065754849,-0.979240734574262
14112,36,55,35.8678997258864,55.8193735615896,8.37056631039621,12.5765725178044,0.132100274113597,-0.819373561589629
14130,36,55,35.9733501656038,55.5797798109418,8.09193307971722,13.0197903114565,0.0266498343961956,-0.579779810941801
14148,36,55,36.1743128262306,55.2997687197305,7.11906317341955,13.689492963479,-0.174312826230647,-0.29976871973048
14166,36,55,36.4183696449512,55.017854680545,6.11906317341955,14.5169560054474,-0.418369644951241,-0.0178546805449997
14184,36,55,36.6551764326334,54.761852270528,5.11906317341955,15.8418944122364,-0.655176432633432,0.238147729472047
14202,36,55,36.8399379642949,54.6237650682635,4.25632615775591,17.1302006888229,-0.83993796429489,0.376234931736462
14220,36,55,36.9118602863829,54.7312005686989,3.79749211266702,17.1735258986794,-0.911860286382918,0.268799431301133
14238,36,55,36.8687166894348,55.0661603774025,3.69291985768872,16.1695371838238,-0.86871668943482,-0.0661603774025394
14256,36,55,36.7072386286318,55.4575623693167,3.91434043238706,14.9481502423592,-0.707238628631799,-0.457562369316705
14274,36,55,36.4514898363732,55.7327082499356,4.7667994487805,13.9589095890579,-0.45148983637317,-0.732708249935619
14292,36,55,36.1679897652204,55.8819084592947,5.70956039154145,13.2354833001312,-0.167989765220405,-0.881908459294721
14310,36,55,35.9101595515762,55.9517291308767,6.84338938782398,12.6241586188004,0.0898404484237858,-0.951729130876743
14328,36,55,35.7136690635714,55.950219821991,8.40116532487098,12.2966965894688,0.286330936428584,-0.950219821991041
14346,36,55,35.624478766297,55.8683972428651,9.46704581018678,12.2792532802238,0.375521233703026,-0.8683972428651
14364,36,55,35.6429578855219,55.7254918918668,9.79629779084322,12.4348380778088,0.357042114478119,-0.725491891866753
14382,36,55,35.7830108528495,55.5016880703588,9.70646398338702,12.8598734974271,0.216989147150542,-0.501688070358824
14400,36,55,36.064789733147,55.2219803925785,8.70646398338702,13.57133594802,-0.0647897331470233,-0.221980392578459
14418,36,55,36.4287124260453,54.9105678459009,7.70646398338702,14.7123727276319,-0.428712426045266,0.0894321540990504
14436,36,55,36.8024701178061,54.5734702540703,6.70646398338702,16.6101455751445,-0.802470117806131,0.426529745929713
14454,36,55,37.1356803128044,54.3644792882044,5.70646398338702,18.538643066983,-1.13568031280443,0.635520711795635
14472,36,55,37.3476681638184,54.4844249475828,4.70646398338702,18.8433040488524,-1.34766816381838,0.515575052417248
14490,36,55,37.4332059824121,54.9095999908203,4.01251189401115,17.7196434638538,-1.43320598241213,0.0904000091796817
14508,36,55,37.3832786360366,55.41226806315,3.78856482695427,16.1985604787379,-1.38327863603664,-0.412268063150023
14526,36,55,37.2068016751996,55.74636727032,4.11295993795452,15.0907829573901,-1.20680167519963,-0.746367270320036
14544,36,55,36.9452463959302,55.8852010823525,4.8453543041517,14.3784350966738,-0.945246395930234,-0.885201082352495
14562,36,55,36.6588017609015,55.9365232950437,5.65996104572473,13.8368214229449,-0.658801760901547,-0.936523295043699
14580,36,55,36.3985513521262,55.984884168371,6.5266277123914,13.2812831868255,-0.398551352126162,-0.984884168370996
14598,36,55,36.204102747871,56.0239440445204,7.19342512364851,12.7480279861223,-0.204102747871012,-1.02394404452041
14616,36,55,36.0998920597568,55.9950830077365,7.43670124204289,12.5384926080476,-0.0998920597567903,-0.995083007736497
14634,36,55,36.0869160397826,55.8487187402592,7.43868951125454,12.6840258567975,-0.0869160397825652,-0.84871874025923
14652,36,55,36.1643854753379,55.6059613225969,7.16681185619931,13.1157325856343,-0.164385475337887,-0.605961322596869
14670,36,55,36.3067321186124,55.3266650360139,6.59286669353416,13.7703840566123,-0.306732118612366,-0.3266650360139
14688,36,55,36.4668953569401,55.0568835902403,5.87525121112139,14.5438970949949,-0.466895356940121,-0.0568835902402753
14706,36,55,36.6140379271558,54.8575364214034,5.19002637172096,15.4833800005731,-0.614037927155849,0.142463578596633
14724,36,55,36.7169374797385,54.796977192593,4.69604924853036,16.1686286347059,-0.716937479738505,0.20302280740701
14742,36,55,36.7462689914,54.9114277106413,4.39433956029703,15.9716984290876,-0.746268991399994,0.0885722893586731
14760,36,55,36.6906632283188,55.1495648552369,4.37691289750296,15.2074753891782,-0.690663228318783,-0.149564855236861
14778,36,55,36.5557071925844,55.3772787422312,4.55439221156939,14.4105312099959,-0.55570719258445,-0.377278742231219
14796,36,55,36.3693311612163,55.5240384113728,5.15045577242169,13.7796842855817,-0.369331161216323,-0.52403841137285
14814,36,55,36.1701007477711,55.5980216451607,5.99497527558142,13.2965924981421,-0.170100747771087,-0.598021645160728
14832,36,55,35.9944247763554,55.6182199161072,6.81411733205911,12.9897435493838,0.00557522364458407,-0.618219916107194
14850,36,55,35.8618602965851,55.5973201623428,7.62504990451743,12.8697315481837,0.138139703414879,-0.597320162342768
14868,36,55,35.8046993643741,55.5393362737926,8.20289188695993,12.8853038295229,0.195300635625856,-0.539336273792614
14886,36,55,35.8375262099426,55.4550845336435,8.30557183356635,12.9714597548544,0.162473790057362,-0.4550845336435
14904,36,55,35.9513510422394,55.3154080362936,8.05915931001222,13.2587192636762,0.0486489577606406,-0.315408036293597
14922,36,55,36.1365964955257,55.1077901490101,7.16185533800151,13.8306131232412,-0.136596495525723,-0.107790149010114
14940,36,55,36.3638451773428,54.8775389999802,6.16185533800151,14.8097141825026,-0.363845177342824,0.122461000019825
14958,36,55,36.5866683601036,54.6836239050787,5.16185533800151,16.1094747995786,-0.586668360103616,0.316376094921281
14976,36,55,36.764897370624,54.6269530109736,4.30220375047693,17.1718856100746,-0.764897370623977,0.373046989026435
14994,36,55,36.8385300345181,54.7971889980928,3.86636368821406,16.9589029264928,-0.838530034518072,0.202811001907236
15012,36,55,36.7945457832033,55.1388990537936,3.78184748927593,15.9133493702848,-0.794545783203276,-0.138899053793637
15030,36,55,36.6335839391519,55.4834632970491,4.03317538148995,14.8159418696555,-0.633583939151933,-0.483463297049106
15048,36,55,36.3838212630761,55.7129157545356,4.90123093704551,13.9467152943771,-0.383821263076058,-0.712915754535629
15066,36,55,36.113095581082,55.8444527211606,5.8620850295722,13.2673323625434,-0.113095581082021,-0.8444527211606
15084,36,55,35.8699740053853,55.9182629458981,7.06761862641014,12.6658979068012,0.130025994614712,-0.918262945898064
15102,36,55,35.6877108593554,55.9242828440125,8.74598821024299,12.2995789040029,0.312289140644616,-0.924282844012509
15120,36,55,35.6114678239808,55.8460575751388,9.77230112650022,12.2871469345027,0.388532176019169,-0.846057575138836
15138,36,55,35.6439904008923,55.6954381921324,10.0687731098978,12.4746615840847,0.356009599107722,-0.695438192132357
15156,36,55,35.8049191660999,55.4633397757876,9.86873977100797,12.9409171799965,0.195080833900079,-0.463339775787617
15174,36,55,36.1173664408573,55.1787395854089,8.86873977100797,13.674194537959,-0.117366440857325,-0.178739585408891
15192,36,55,36.5072241355509,54.859180235949,7.86873977100797,14.9546188205615,-0.507224135550892,0.140819764050974
15210,36,55,36.9015650185783,54.5063810294225,6.86873977100797,16.9798717681324,-0.901565018578289,0.493618970577515
15228,36,55,37.244766737213,54.3128277185458,5.86873977100797,18.9408404960891,-1.24476673721296,0.68717228145421
15246,36,55,37.4658028025007,54.4713759891079,4.86873977100797,19.1570299506646,-1.46580280250065,0.528624010892145
15264,36,55,37.5573729837337,54.9456655414307,4.11529207507794,17.8431756512235,-1.55737298373366,0.054334458569322
15282,36,55,37.5110968080014,55.4707880351686,3.84484087679169,16.0305791124346,-1.51109680800141,-0.470788035168567
15300,36,55,37.3380630439499,55.7830308374689,4.04535329742219,14.9649491101478,-1.33806304394989,-0.783030837468857
15318,36,55,37.081565140298,55.8547119775292,4.72577939595747,14.3863280854886,-1.08156514029804,-0.85471197752922
15336,36,55,36.798908114466,55.8556494216292,5.50355717373525,14.0930335389628,-0.798908114465959,-0.855649421629209
15354,36,55,36.5423752721818,55.8882655307536,6.33158265144226,13.6465841598637,-0.5423752721818,-0.888265530753571
15372,36,55,36.3393528863655,55.9643958339224,7.11784761390929,13.0022348016961,-0.339352886365489,-0.964395833922353
15390,36,55,36.2189415611009,55.9895852531958,7.38711537046926,12.5193924087413,-0.218941561100948,-0.989585253195791
15408,36,55,36.181977496198,55.880565587787,7.43333871325736,12.5710127127276,-0.181977496198016,-0.880565587786961
15426,36,55,36.2326885087005,55.6314398374472,7.22949541779075,13.0191315720614,-0.232688508700534,-0.631439837447168
15444,36,55,36.3622873494565,55.3378088215026,6.69361532759311,13.6952474273303,-0.362287349456501,-0.33780882150257
15462,36,55,36.5180794806487,55.0640157615689,5.96824096298259,14.468760465713,-0.518079480648716,-0.0640157615688679
15480,36,55,36.667000744704,54.8512353863401,5.27377953738044,15.4594199618919,-0.667000744704026,0.148764613659942
15498,36,55,36.777222892009,54.7775111390111,4.73197283608703,16.2186809233773,-0.777222892009021,0.222488860988861
15516,36,55,36.8162361085811,54.8855110497688,4.37744827103615,16.0500823986144,-0.816236108581116,0.114488950231191
15534,36,55,36.7690436335727,55.1223254508353,4.32171496522543,15.2942850897109,-0.769043633572721,-0.122325450835277
15552,36,55,36.6397595704119,55.3487476490688,4.47415751055399,14.5047421473475,-0.639759570411947,-0.348747649068812
15570,36,55,36.4528566620948,55.4964108848494,5.05348358988007,13.8796900596735,-0.45285666209476,-0.496410884849396
15588,36,55,36.2477691360606,55.5736215026241,5.94710061115667,13.3938398217572,-0.247769136060583,-0.57362150262415
15606,36,55,36.0628118222596,55.6035670040136,6.66625746174563,13.047652688379,-0.0628118222595688,-0.603567004013598
15624,36,55,35.9188730900519,55.5965830484998,7.38532920549461,12.8913864106417,0.0811269099480754,-0.596583048499809
15642,36,55,35.8497561569524,55.5489126795941,7.90303717113763,12.878071619388,0.150243843047583,-0.548912679594061
15660,36,55,35.8742300934228,55.4710322000336,7.9937721242579,12.9614119679022,0.12576990657719,-0.471032200033569
15678,36,55,35.9714639574276,55.3348996143109,7.75497454032758,13.2450059249656,0.0285360425724477,-0.334899614310935
15696,36,55,36.1330476493481,55.1254658681696,7.10451117260595,13.8068464040986,-0.1330476493481,-0.12546586816962
15714,36,55,36.332725795787,54.9063931215792,6.12987275337596,14.6872402645098,-0.332725795786999,0.0936068784207933
15732,36,55,36.5279366368681,54.7308752536212,5.15332349739555,15.8570209306349,-0.527936636868077,0.26912474637885
15750,36,55,36.6827209591539,54.6798982585414,4.45737508517995,16.7899222000703,-0.682720959153926,0.320101741458608
15768,36,55,36.7549284893285,54.8334184053903,4.04975350967517,16.5914017393531,-0.754928489328535,0.166581594609717
15786,36,55,36.7139912727833,55.1388860682913,3.98427669058128,15.6310835274012,-0.713991272783339,-0.138886068291285
15804,36,55,36.5622352683373,55.427028341739,4.22720213314492,14.6685440615764,-0.562235268337275,-0.427028341738996
15822,36,55,36.3374960204162,55.620803937809,5.09334386542838,13.9136758830365,-0.337496020416239,-0.620803937808972
15840,36,55,36.0928166332538,55.7418948499947,6.05719928711513,13.2900494383795,-0.092816633253797,-0.741894849994679
15858,36,55,35.8742983758828,55.8060038032055,7.28037525278037,12.7573168648306,0.125701624117198,-0.806003803205471
15876,36,55,35.7122422574853,55.8095983311863,8.69569212650265,12.4826156914563,0.287757742514685,-0.809598331186265
15894,36,55,35.6531689886345,55.7396363229495,9.54994777813303,12.4724568179625,0.346831011365495,-0.739636322949508
15912,36,55,35.7016129315662,55.6109537110526,9.75615460357895,12.6388689089666,0.298387068433826,-0.610953711052638
15930,36,55,35.875247533586,55.3970234783132,9.34715664856873,13.078561985956,0.124752466414037,-0.39702347831323
15948,36,55,36.1746178364307,55.1224943117947,8.34715664856873,13.8171820832935,-0.174617836430727,-0.122494311794654
15966,36,55,36.5366425576941,54.8061487459463,7.34715664856873,15.2039280634032,-0.536642557694087,0.193851254053726
15984,36,55,36.8948627622203,54.4934819888841,6.34715664856873,17.1625625014794,-0.894862762220328,0.506518011115944
16002,36,55,37.1862028464488,54.374286639094,5.34715664856873,18.8591836373529,-1.18620284644879,0.625713360906005
16020,36,55,37.3567544671021,54.5950860995326,4.51526251377003,18.7729693085315,-1.35675446710214,0.404913900467392
16038,36,55,37.3977424785059,55.1009162297931,3.92058755769488,17.1658264513886,-1.39774247850588,-0.100916229793143
16056,36,55,37.3044795482209,55.5991682987,3.83810482751651,15.644175211895,-1.3044795482209,-0.599168298700022
16074,36,55,37.093354348535,55.8530030561293,4.49641203754786,14.7038065276649,-1.09335434853499,-0.85300305612931
16092,36,55,36.8218055807288,55.9275804355021,5.26345749209331,14.0990829356586,-0.821805580728849,-0.927580435502051
16110,36,55,36.5441759314181,55.9532929406691,6.10178084538673,13.6309149992892,-0.544175931418074,-0.953292940669101
16128,36,55,36.3069860098506,55.9794714251739,6.98738970147529,13.1517560546519,-0.306986009850569,-0.979471425173941
16146,36,55,36.1594318332371,56.0008445876076,7.42394288603303,12.7080472121686,-0.159431833237093,-1.00084458760759
16164,36,55,36.1013878683047,55.9517439859423,7.54023547819491,12.5822590952633,-0.101387868304698,-0.951743985942343
16182,36,55,36.1336247249156,55.7617324937983,7.42379925821363,12.8445491481814,-0.133624724915563,-0.761732493798263
