Tempo,Ref_T,Ref_U,Saida_T,Saida_U,Controle_T,Controle_U,Erro_T,Erro_U
0,30,50,22,50,0,0,0,0
18,30,50,22,50,0,0,0,0
36,30,50,22,50,0,0,0,0
54,30,50,22,50,0,0,0,0
72,30,50,22,50,0,0,0,0
90,30,50,22,50,0,0,0,0
108,30,50,22,50,0,0,0,0
126,30,50,22,50,0,0.00548409612124838,8,0
144,30,50,22,50.0001266093452,4.96527054247413,0.0109681922424968,8,-0.000126609345223017
162,30,50,22,50.0013340266963,9.93054108494825,0.0164522883637451,8,-0.00133402669629845
180,30,50,21.9999868654635,50.0035234759298,14.8958116274224,0.0219363844849935,8.00001313453646,-0.0035234759297964
198,30,50,22.0517490569957,50.0066052081709,19.3432338521005,0.0159715768500397,7.94825094300431,-0.00660520817088894
216,30,50,22.5620838062155,50.0102333600806,20.8761149525339,0.010006769215086,7.43791619378448,-0.0102333600806332
234,30,50,23.5163525702127,50.0123417995133,20.8221418677462,0.0040419615801322,6.48364742978734,-0.0123417995133011
252,30,50,24.8949996622401,49.3950382824801,19.8424479747321,0.922664431134129,5.10500033775987,0.604961717519863
270,30,50,26.6116323362044,48.079216917954,18.8424479747321,1.1494422238482,3.38836766379555,1.92078308204597
288,30,50,28.3991182945964,46.2342111557228,17.8424479747321,8.1494422238482,1.6008817054036,3.7657888442772
306,30,50,30.1127661967633,43.9674190670619,16.7514354605114,15.1494422238482,-0.112766196763268,6.03258093293812
324,30,50,31.6631675181475,42.8507293252884,13.1054900530597,22.1494422238482,-1.66316751814749,7.14927067471162
342,30,50,33.0510408660251,43.0357575438132,8.10549005305974,26.4504252342465,-3.05104086602505,6.96424245618682
360,30,50,34.1557927313914,44.4990543631188,3.10549005305974,25.1005902507482,-4.15579273139141,5.50094563688118
378,30,50,34.9570731717951,46.5557228029783,0,23.6005902507482,-4.95707317179509,3.44427719702166
396,30,50,35.2511990251643,48.1669717461745,0,22.1005902507482,-5.25119902516433,1.83302825382546
414,30,50,35.0104926505294,49.3715003798856,0,20.6005902507482,-5.01049265052941,0.628499620114411
432,30,50,34.3784804634166,50.5400371471608,1.3006300630063,18.4604350616114,-4.37848046341663,-0.540037147160803
450,30,50,33.5567277621043,51.923443513933,4.5014501450145,14.1213437859023,-3.55672776210432,-1.923443513933
468,30,50,32.80478250244,53.4152479049746,7.002200220022,7.12134378590231,-2.80478250244,-3.41524790497457
486,30,50,32.1336994940092,54.3650274595741,9.22188433436739,0.686171939843453,-2.13369949400919,-4.36502745957407
504,30,50,31.6830995805257,53.9627722297527,9.54432837550471,0.383873321031072,-1.68309958052572,-3.96277222975266
522,30,50,31.639822785863,52.5001320023899,9.17301530468573,3.88544855731652,-1.63982278586304,-2.50013200238992
540,30,50,31.974631026942,51.078508103658,8.17301530468573,0.418571585707684,-1.97463102694205,-1.078508103658
558,30,50,32.6023384928087,49.9240819348018,5.83934013483571,0,-2.60233849280873,0.0759180651982234
576,30,50,33.2236926382954,47.8704767753613,3.75303768036223,1.33077245425339,-3.22369263829544,2.12952322463874
594,30,50,33.7219676966036,45.6065946700194,2.7260701882055,8.33077245425339,-3.72196769660363,4.39340532998062
612,30,50,34.1595005573864,43.8148010551839,1.7260701882055,15.3307724542534,-4.15950055738638,6.18519894481614
630,30,50,34.3684891328523,43.5788921741909,0.726070188205501,22.3307724542534,-4.36848913285231,6.42110782580906
648,30,50,34.3418602843678,44.85547984529,0,20.8729266696749,-4.34186028436777,5.14452015471001
666,30,50,34.0712446710005,47.5013955123932,0,19.3729266696749,-4.07124467100052,2.49860448760678
684,30,50,33.5717589008444,49.9219790688458,0.0351157777623255,17.8729266696749,-3.5717589008444,0.0780209311542421
702,30,50,32.878604593841,52.0110247287644,2.02287856408175,13.3520221745253,-2.878604593841,-2.01102472876437
720,30,50,32.1886747745822,53.709782219865,4.34594420397907,6.35202217452532,-2.18867477458222,-3.70978221986498
738,30,50,31.5610544433498,54.4719814874052,4.76189439668586,1.99118609091696,-1.56105444334984,-4.47198148740524
756,30,50,31.0226808804499,53.9811112849086,5.33548062780634,1.9546007250633,-1.02268088044988,-3.98111128490859
774,30,50,30.7950011571119,52.8246323422814,6.07981719738563,7.61047506389966,-0.795001157111876,-2.8246323422814
792,30,50,30.9116667444498,51.9338244099418,5.47816364623511,8.0636542546511,-0.911666744449818,-1.93382440994181
810,30,50,31.1424272809442,51.9212387094209,4.47816364623511,7.36713684171578,-1.14242728094417,-1.92123870942092
828,30,50,31.4021591530983,51.6587486484828,3.47816364623511,7.47749990204031,-1.40215915309834,-1.65874864848276
846,30,50,31.5977175623073,51.1943128979084,2.5010160691426,8.26168957271394,-1.5977175623073,-1.19431289790839
864,30,50,31.719263605181,50.7247364046942,1.6629748558988,9.28738069315939,-1.719263605181,-0.724736404694156
882,30,50,31.7560561895814,50.3450430406277,0.85272006874893,10.1953550768773,-1.75605618958139,-0.345043040627729
900,30,50,31.6941082212542,50.2443238369715,0.555271576458031,10.4034032564557,-1.69410822125417,-0.244323836971525
918,30,50,31.5270507616134,50.4464457862789,0.656377797464335,9.66605263352154,-1.52705076161342,-0.4464457862789
936,30,50,31.266410037436,50.7967507700378,1.24597223921583,8.50687390786051,-1.26641003743602,-0.796750770037775
954,30,50,30.9274040363183,51.1112605863039,1.98796141940726,7.40153420289479,-0.927404036318325,-1.11126058630394
972,30,50,30.5746674027775,51.3105099523304,2.84791227935812,6.46960242801077,-0.574667402777521,-1.31050995233042
990,30,50,30.2650625709743,51.4185292556921,3.7677935849961,5.60119610554363,-0.265062570974273,-1.41852925569206
1008,30,50,30.0460644391968,51.4173979008737,4.74557136277388,5.07926328859134,-0.046064439196801,-1.41739790087368
1026,30,50,29.9263094004476,51.2764440742965,5.31451880999651,5.10563240742329,0.0736905995523571,-1.27644407429655
1044,30,50,29.9088681074223,51.0102326358011,5.53995174369874,5.46676924053106,0.0911318925777458,-1.01023263580109
1062,30,50,29.9934358921636,50.6982282930555,5.3435909634919,6.02931318927706,0.00656410783638606,-0.698228293055507
1080,30,50,30.1690512559268,50.3828614737284,4.53283134992873,6.76375194264107,-0.169051255926789,-0.382861473728397
1098,30,50,30.3844520723312,50.085759429771,3.53283134992873,7.60649738138998,-0.384452072331221,-0.0857594297710023
1116,30,50,30.5992202061812,49.8212483023502,2.53283134992873,8.80437031729818,-0.599220206181169,0.178751697649844
1134,30,50,30.7685270551747,49.654763849976,1.72166984829104,10.1115025218775,-0.768527055174722,0.345236150024043
1152,30,50,30.8383849352985,49.6899704434886,1.28582978602817,10.3968100907057,-0.838384935298471,0.310029556511431
1170,30,50,30.794149067814,49.9630048618974,1.20131358709004,9.65461105536759,-0.794149067814047,0.0369951381025686
1188,30,50,30.6352545792959,50.3368435394364,1.44876815597779,8.49781908424337,-0.635254579295939,-0.336843539436373
1206,30,50,30.3860866441272,50.6568694798703,2.31382005909197,7.42494939518569,-0.386086644127175,-0.656869479870252
1224,30,50,30.1062413260612,50.870083679798,3.27601937180675,6.57028658637198,-0.106241326061159,-0.870083679797958
1242,30,50,29.8491090314765,50.9910639499499,4.49420118998857,5.8397559178675,0.150890968523473,-0.991063949949861
1260,30,50,29.6545503627484,51.0250591958393,6.27575811978122,5.34580328040434,0.345449637251605,-1.02505919583926
1278,30,50,29.5694459300503,50.9581050310698,7.42887930838306,5.27808906910128,0.43055406994975,-0.95810503106982
1296,30,50,29.595889784387,50.801520557067,7.7689133117834,5.45992102606771,0.404110215613034,-0.801520557067015
1314,30,50,29.7538538347707,50.556942572286,7.65599187284163,5.9109382660383,0.246146165229341,-0.556942572285976
1332,30,50,30.0730972660818,50.2481766380012,6.65599187284163,6.68828166089238,-0.0730972660818452,-0.248176638001155
1350,30,50,30.4795766635203,49.8932725761719,5.65599187284163,7.98917255082436,-0.479576663520319,0.106727423828076
1368,30,50,30.8937100016294,49.4794163626837,4.65599187284163,10.2128665652295,-0.893710001629447,0.520583637316349
1386,30,50,31.2632132323034,49.1756871793377,3.65599187284163,12.6196743067763,-1.26321323230339,0.82431282066235
1404,30,50,31.5096751546892,49.2452813907541,2.65599187284163,13.331599046161,-1.50967515468923,0.754718609245927
1422,30,50,31.6257646981722,49.7204648292004,1.85357682689165,12.2949676624509,-1.62576469817216,0.279535170799626
1440,30,50,31.5991140077633,50.3483083693088,1.44726334040938,10.4572187371065,-1.59911400776329,-0.34830836930881
1458,30,50,31.436471285498,50.8185684486885,1.52993358945351,9.04614684901312,-1.436471285498,-0.818568448688517
1476,30,50,31.1812348141286,51.0238066087723,2.16455195142905,8.16398192252686,-1.18123481412859,-1.02380660877233
1494,30,50,30.8911925376229,51.0846648733226,2.92168116414565,7.53983738379157,-0.891192537622906,-1.08466487332264
1512,30,50,30.6179420658342,51.1222018925946,3.73493417619384,6.96986014329944,-0.617942065834153,-1.12220189259465
1530,30,50,30.3963460954949,51.169112083682,4.58108802234769,6.34623719090937,-0.396346095494906,-1.16911208368197
1548,30,50,30.2599991612202,51.1854675298758,4.91447009575023,5.82845306093867,-0.259999161220207,-1.18546752987579
1566,30,50,30.211324578763,51.0999219695519,4.97657524619461,5.77899843555746,-0.211324578762984,-1.09992196955194
1584,30,50,30.2512030108351,50.8698178792143,4.79288303270343,6.09727130446465,-0.251203010835106,-0.869817879214295
1602,30,50,30.3745452841869,50.5652046331428,4.30043475246482,6.69096785955871,-0.374545284186858,-0.565204633142756
1620,30,50,30.5302362302649,50.2471802716983,3.57355949628229,7.49558646124978,-0.530236230264929,-0.247180271698298
1638,30,50,30.6825753433717,49.9576869224857,2.87761108406669,8.46221703512516,-0.682575343371703,0.0423130775143008
1656,30,50,30.8008583548051,49.7907624968819,2.29421698051423,9.47522561525247,-0.800858354805101,0.209237503118089
1674,30,50,30.8530658339412,49.8077330200834,1.90264115238427,9.67093768416339,-0.853065833941201,0.192266979916639
1692,30,50,30.8185644613857,50.0177163777966,1.78363440103973,9.03396973099343,-0.81856446138567,-0.0177163777965959
1710,30,50,30.7013537620347,50.2859220463869,1.89234186924279,8.15217028659877,-0.701353762034707,-0.285922046386872
1728,30,50,30.5171226015405,50.4955343452382,2.28417675926991,7.37710569788305,-0.517122601540461,-0.49553434523817
1746,30,50,30.304379912159,50.6191813462487,3.15917675926991,6.79052023430424,-0.304379912158996,-0.619181346248709
1764,30,50,30.1048452369536,50.6790431918892,4.0302713872762,6.29975827705738,-0.104845236953629,-0.679043191889164
1782,30,50,29.9435287099101,50.6946150680184,4.83924362481987,5.96875311459154,0.0564712900898954,-0.694615068018351
1800,30,50,29.8444739195538,50.6550808272264,5.51996099620356,5.89598513250366,0.155526080446229,-0.655080827226364
1818,30,50,29.84115250736,50.5654218999725,5.71030979752056,5.97727259452846,0.158847492640028,-0.56542189997252
1836,30,50,29.9270139814332,50.4372580300443,5.56517191653363,6.19667900663833,0.0729860185667519,-0.437258030044255
1854,30,50,30.0889123444209,50.2338687987132,4.92476896636273,6.68298727662642,-0.0889123444209332,-0.233868798713175
1872,30,50,30.3034588470485,49.9740462120111,3.92476896636273,7.53682658881142,-0.303458847048496,0.0259537879888967
1890,30,50,30.5219912068042,49.7186237336466,2.92476896636273,8.94342790187914,-0.521991206804231,0.281376266353377
1908,30,50,30.7085617331652,49.5552378004351,2.00501985089152,10.3993340163447,-0.708561733165233,0.444762199564948
1926,30,50,30.8141146337157,49.6324438656342,1.45768108441602,10.6415153910289,-0.814114633715672,0.367556134365756
1944,30,50,30.8039485784456,49.960868859402,1.2826592066813,9.7221335621087,-0.803948578445567,0.0391311405979593
1962,30,50,30.6729069580829,50.348201315428,1.42618352607987,8.51150105048487,-0.672906958082926,-0.348201315427985
1980,30,50,30.4383067704802,50.6399809763836,2.26559958447403,7.51301390978895,-0.438306770480175,-0.639980976383583
1998,30,50,30.1640898872579,50.8157649976969,3.20965552852997,6.73584695444593,-0.164089887257866,-0.815764997696945
2016,30,50,29.9076388125635,50.9272743396642,4.3434845248125,6.04312521328047,0.0923611874364845,-0.927274339664152
2034,30,50,29.7059570229457,50.9807626922688,5.90126046185951,5.48758697716114,0.294042977054282,-0.980762692268769
2052,30,50,29.6102687424746,50.9488447988767,7.04625403587517,5.29125848771589,0.389731257525398,-0.948844798876749
2070,30,50,29.6227810880404,50.8243951452775,7.43506492257999,5.37931884253217,0.377218911959623,-0.824395145277485
2088,30,50,29.7576795435258,50.5898061793607,7.40673229756229,5.7944009689178,0.242320456474186,-0.589806179360735
2106,30,50,30.037803196231,50.2758645593508,6.40673229756229,6.55526075846722,-0.0378031962309926,-0.275864559350801
2124,30,50,30.4090492476569,49.9208572288047,5.40673229756229,7.78987651580805,-0.409049247656938,0.0791427711953148
2142,30,50,30.7958835340826,49.5333747754292,4.40673229756229,9.88264526738647,-0.795883534082613,0.466625224570819
2160,30,50,31.1466458336323,49.248073182772,3.40673229756229,12.1674364051663,-1.14664583363234,0.751926817227996
2178,30,50,31.3754272192477,49.3056188584284,2.40673229756229,12.8521650400648,-1.37542721924765,0.694381141571625
2196,30,50,31.4759247591408,49.7385329894954,1.67862266266324,12.0133209418675,-1.4759247591408,0.26146701050456
2214,30,50,31.4368301059021,50.3274335234885,1.3928691250894,10.1926212334127,-1.43683010590207,-0.327433523488509
2232,30,50,31.2643126070959,50.7991118947683,1.60603351172317,8.78131525466899,-1.26431260709585,-0.799111894768259
2250,30,50,31.0001019552908,51.01015994208,2.32027840385062,7.90091066744767,-1.00010195529084,-1.01015994207997
2268,30,50,30.7048311587538,51.077769146544,3.13108921466143,7.24592343265588,-0.704831158753848,-1.07776914654405
2286,30,50,30.4374140195829,51.1224608515798,3.9909618261264,6.67594619216375,-0.437414019582938,-1.12246085157978
2304,30,50,30.2329762062062,51.1625661130012,4.81396033961121,6.09100737198932,-0.2329762062062,-1.16256611300117
2322,30,50,30.1203398804076,51.1576031288951,5.08697886586835,5.68013554550707,-0.12033988040756,-1.15760312889506
2340,30,50,30.1000432853797,51.0425761571756,5.10738911181181,5.71679822341016,-0.100043285379684,-1.04257615717562
2358,30,50,30.1708280945816,50.7920995175224,4.86493661152041,6.10664547624093,-0.170828094581587,-0.792099517522374
2376,30,50,30.3205231006322,50.4751560886754,4.23357505376852,6.79126666929403,-0.320523100632244,-0.475156088675377
2394,30,50,30.4941148321778,50.1510796984516,3.45212003117048,7.65455565882135,-0.494114832177814,-0.151079698451589
2412,30,50,30.6580244683451,49.8724323549151,2.70712704737152,8.79915115268959,-0.658024468345143,0.127567645084888
2430,30,50,30.7797870157778,49.7353140116538,2.12723420148435,9.83910042345687,-0.779787015777806,0.264685988346173
2448,30,50,30.8216924544753,49.8159781678248,1.77270963643347,9.85029549762423,-0.821692454475347,0.184021832175162
2466,30,50,30.7709054672045,50.0910872140654,1.71697633062276,8.98727783182638,-0.770905467204528,-0.0910872140653538
2484,30,50,30.6308098099294,50.398449295927,1.90209473427704,7.97857018461541,-0.630809809929353,-0.39844929592698
2502,30,50,30.4253790124978,50.6111738044099,2.73213425996874,7.17786273224785,-0.425379012497814,-0.611173804409916
2520,30,50,30.2000991830184,50.722811383501,3.65213425996874,6.57686896302315,-0.200099183018377,-0.722811383501003
2538,30,50,29.9990869797161,50.7687465813653,4.62812653889262,6.092924496638,0.000913020283910271,-0.76874658136532
2556,30,50,29.8496212192427,50.7656643585702,5.61189436968455,5.83290341875887,0.150378780757265,-0.765664358570177
2574,30,50,29.7989884498089,50.7040083404572,6.14958659465498,5.80673834622348,0.201011550191126,-0.704008340457158
2592,30,50,29.8475023448474,50.5970056268374,6.20453768818174,5.92771584440881,0.152497655152608,-0.597005626837436
2610,30,50,29.993611646054,50.4053873499209,5.68097747875765,6.31176945726215,0.00638835394596171,-0.405387349920929
2628,30,50,30.2252156741985,50.1351717462335,4.68097747875765,7.03911106158074,-0.225215674198534,-0.135171746233482
2646,30,50,30.493080033148,49.8305772517832,3.68097747875765,8.3276212217081,-0.493080033147979,0.169422748216789
2664,30,50,30.7470157021965,49.5575141923687,2.68097747875765,10.0641634446862,-0.747015702196457,0.4424858076313
2682,30,50,30.9293913137253,49.4694443751286,1.81492759943344,11.5114775795158,-0.929391313725308,0.530555624871361
2700,30,50,30.9959608426345,49.6879892556558,1.32508169679031,11.3103920736879,-0.995960842634513,0.312010744344157
2718,30,50,30.9395505479803,50.1795050555077,1.25409307584867,9.83978067268369,-0.939550547980311,-0.179505055507654
2736,30,50,30.7588207450898,50.6772920209515,1.6195047083297,8.31788089867644,-0.758820745089835,-0.677292020951469
2754,30,50,30.4831317183205,50.9761490676223,2.47316324491507,7.24883858241809,-0.483131718320536,-0.976149067622288
2772,30,50,30.1851698320102,51.1045304232853,3.41360211638842,6.46127951548807,-0.1851698320102,-1.10453042328534
2790,30,50,29.9278870472711,51.1561429419299,4.5184710302461,5.84132224916795,0.0721129527288689,-1.15614294192991
2808,30,50,29.7496714633748,51.1486407466315,6.05445959963349,5.48601901948039,0.250328536625226,-1.14864074663152
2826,30,50,29.6789064573473,51.0658829281625,6.90422536932518,5.417213628309,0.321093542652658,-1.06588292816252
2844,30,50,29.7146773594103,50.9039007049985,7.11508991395818,5.57163674765601,0.285322640589747,-0.903900704998456
2862,30,50,29.867385209259,50.6508586624452,6.8326509706121,6.01214789933472,0.132614790740963,-0.650858662445167
2880,30,50,30.155666513839,50.3310119694035,5.8326509706121,6.77281580285976,-0.155666513839009,-0.331011969403548
2898,30,50,30.5060987986948,49.9773492611838,4.8326509706121,7.87014688729274,-0.506098798694758,0.0226507388161821
2916,30,50,30.8542428030597,49.5901107760918,3.8326509706121,9.8617269199416,-0.854242803059702,0.409889223908195
2934,30,50,31.1462596148471,49.3148410057619,2.8326509706121,12.0343109782534,-1.14625961484707,0.68515899423808
2952,30,50,31.3185969182818,49.3916845325532,1.99852460124174,12.5457361385943,-1.31859691828181,0.608315467446765
2970,30,50,31.3673146087444,49.8572239265309,1.39768799330664,11.3960060505178,-1.36731460874436,0.142776073469079
2988,30,50,31.2802152033256,50.4491319204053,1.31981116166405,9.47647897195183,-1.28021520332559,-0.449131920405264
3006,30,50,31.065361385242,50.871550007979,1.9822717294874,8.1757395850614,-1.06536138524196,-0.87155000797901
3024,30,50,30.7789276403674,51.0278548846539,2.77031520774827,7.38499613258043,-0.778927640367396,-1.02785488465389
3042,30,50,30.4804920771563,51.0719668462865,3.63238417326551,6.83350024504233,-0.480492077156327,-1.07196684628645
3060,30,50,30.2329020875642,51.0973838699953,4.54813508901642,6.30947380396962,-0.232902087564245,-1.09738386999533
3078,30,50,30.0826335539642,51.1225622874878,5.0361914560898,5.7778256259293,-0.0826335539642287,-1.12256228748777
3096,30,50,30.0267496235016,51.0863174085293,5.17322715749622,5.57379763368302,-0.026749623501594,-1.08631740852928
3114,30,50,30.0638704765207,50.8962296875564,5.05817018216709,5.79440208989304,-0.0638704765207123,-0.896229687556357
3132,30,50,30.1901477501033,50.5947399523316,4.56830285456832,6.37940087620261,-0.190147750103304,-0.594739952331587
3150,30,50,30.3629442768535,50.2558030340361,3.80477548432064,7.23273904089144,-0.362944276853455,-0.25580303403612
3168,30,50,30.5419227451968,49.9371171610216,2.95437117165218,8.33440912586068,-0.541922745196828,0.062882838978382
3186,30,50,30.6934890815186,49.7339133373591,2.2569501763743,9.55834630430638,-0.693489081518642,0.266086662640888
3204,30,50,30.7777217083912,49.7317734423259,1.81661059245789,9.97810440980491,-0.77772170839123,0.268226557674055
3222,30,50,30.7683015588999,49.953950752662,1.65095352730769,9.39961632273755,-0.76830155889995,0.046049247337983
3240,30,50,30.6584459318063,50.2691408287417,1.74518203143018,8.38688954234221,-0.658445931806327,-0.269140828741719
3258,30,50,30.4670816256129,50.5303014848776,2.32046958807013,7.48087419454123,-0.467081625612916,-0.530301484877626
3276,30,50,30.238867266435,50.6922685696734,3.22598139909375,6.7801923229212,-0.238867266435008,-0.692268569673445
3294,30,50,30.0199482581061,50.777911034856,4.21697239008474,6.18111772271015,-0.0199482581061403,-0.777911034856039
3312,30,50,29.8436864865117,50.8029379007667,5.51493001558579,5.76660313245453,0.156313513488307,-0.802937900766693
3330,30,50,29.7485130906723,50.7582741042999,6.39003940425938,5.66457838200581,0.251486909327681,-0.758274104299907
3348,30,50,29.7552198827634,50.6521916073021,6.61733561254536,5.77172974322495,0.244780117236587,-0.652191607302122
3366,30,50,29.8680156158451,50.4828916340268,6.49266460548067,6.07880248422671,0.131984384154929,-0.482891634026785
3384,30,50,30.0998312989963,50.2399180711311,5.49266460548067,6.67009731039699,-0.0998312989963068,-0.239918071131079
3402,30,50,30.3988378061892,49.9453610945447,4.49266460548067,7.66039047639365,-0.398837806189157,0.0546389054552918
3420,30,50,30.7016048757796,49.6143903145204,3.49266460548067,9.46158435129633,-0.701604875779623,0.385609685479551
3438,30,50,30.9657069938769,49.3739008097663,2.49266460548067,11.4457683915551,-0.965706993876879,0.626099190233688
3456,30,50,31.1144664370048,49.4460442191888,1.74409835133035,11.9217295213962,-1.1144664370048,0.553955780811172
3474,30,50,31.1427328579199,49.8572207266445,1.29674007905885,10.9424701218318,-1.14273285791987,0.142779273355501
3492,30,50,31.0396713372326,50.3962212043317,1.28938646199846,9.04487976038606,-1.03967133723259,-0.396221204331653
3510,30,50,30.8135689355533,50.8034391145357,2.02893630122675,7.76371254408071,-0.813568935553299,-0.803439114535664
3528,30,50,30.524769112773,50.9525137084487,2.87688951760102,7.01549140316573,-0.524769112772951,-0.952513708448706
3546,30,50,30.2338425109251,50.996673665666,3.80340708948601,6.48946614096487,-0.233842510925101,-0.996673665666044
3564,30,50,29.9994534629498,51.0216759168804,4.80666088558145,6.03814714530855,0.000546537050226448,-1.02167591688035
3582,30,50,29.8682751374626,51.0328749367192,5.59227804829485,5.62931307949624,0.131724862537432,-1.0328749367192
3600,30,50,29.8354605444805,50.9871964292982,5.98246184539928,5.49165974116868,0.164539455519481,-0.987196429298237
3618,30,50,29.9003589116095,50.7998120976632,5.9592033269669,5.74167868199753,0.0996410883904701,-0.799812097663178
3636,30,50,30.0620977433851,50.5026063488859,5.32673412306913,6.3667307696715,-0.0620977433850953,-0.502606348885898
3654,30,50,30.2938776916613,50.162484560079,4.32673412306913,7.28035047077123,-0.293877691661319,-0.162484560079037
3672,30,50,30.5504883978303,49.8365159674374,3.32673412306913,8.63198126313893,-0.55048839783035,0.163484032562621
3690,30,50,30.7827174607965,49.6010763201283,2.32673412306913,10.2183249134536,-0.782717460796547,0.398923679871658
3708,30,50,30.9300536198242,49.5782564018356,1.59780473810329,11.1246634230737,-0.930053619824228,0.42174359816444
3726,30,50,30.9591181671536,49.8320286421057,1.22275966056994,10.6452177820961,-0.959118167153605,0.167971357894331
3744,30,50,30.8657276580466,50.2715801692649,1.22832603964035,9.30755192777709,-0.865727658046637,-0.271580169264865
3762,30,50,30.6548647819434,50.6819322139925,1.99196240327672,8.02781366799584,-0.65486478194337,-0.681932213992503
3780,30,50,30.3731824874889,50.9334640202164,2.87524316037451,7.07439140689809,-0.373182487488918,-0.933464020216405
3798,30,50,30.0841531120494,51.0671706206147,3.84839752279061,6.29917043386557,-0.0841531120493997,-1.0671706206147
3816,30,50,29.8424470218929,51.1301088587566,5.09839752279061,5.65743465640742,0.157552978107141,-1.13010885875659
3834,30,50,29.70726171425,51.118750847243,6.33420726556975,5.31383320414856,0.292738285749984,-1.11875084724298
3852,30,50,29.6785884861271,51.017337340214,6.99833462175688,5.30908599313503,0.321411513872917,-1.01733734021403
3870,30,50,29.7590506985648,50.7905187555617,7.09180348494183,5.65333707604406,0.240949301435219,-0.79051875556172
3888,30,50,29.9641236114381,50.4778525025802,6.11049507372688,6.31278837229375,0.0358763885618956,-0.477852502580156
3906,30,50,30.2760109809149,50.1338988929914,5.11049507372688,7.24538652801197,-0.276010980914894,-0.133898892991418
3924,30,50,30.6310905204664,49.778220324585,4.11049507372688,8.80435334481499,-0.631090520466429,0.22177967541505
3942,30,50,30.9627245214736,49.4591672437485,3.11049507372688,10.83741527425,-0.962724521473636,0.540832756251518
3960,30,50,31.1769290764602,49.355931750406,2.11049507372688,12.5210271528883,-1.17692907646015,0.644068249593978
3978,30,50,31.2699164176718,49.6034749583942,1.48326042258784,12.3572199281275,-1.26991641767183,0.396525041605798
3996,30,50,31.233559924391,50.2126219100709,1.27337295261692,10.64410063668,-1.233559924391,-0.212621910070865
4014,30,50,31.0651622773396,50.8257010343183,1.49602462748223,8.42820936642383,-1.0651622773396,-0.825701034318335
4032,30,50,30.7850452759615,51.1676016371739,2.27814753251016,7.27149882128146,-0.785045275961537,-1.16760163717386
4050,30,50,30.4706018084968,51.2079718160141,3.14649487144574,6.66763328067326,-0.470601808496774,-1.20797181601412
4068,30,50,30.1912291292944,51.1823066739091,4.08294972094407,6.39336656321646,-0.191229129294449,-1.18230667390907
4086,30,50,29.9925874461895,51.1635664946738,5.09147415364907,6.08209373113806,0.00741255381047168,-1.16356649467376
4104,30,50,29.8965162602044,51.1526423522682,5.63208775008102,5.7267905014505,0.103483739795557,-1.15264235226816
4122,30,50,29.895754496384,51.0789420999117,5.75836313143267,5.62642955418402,0.104245503615989,-1.0789420999117
4140,30,50,29.9872554475655,50.864075483799,5.52672394353241,5.90323586417732,0.0127445524344871,-0.86407548379902
4158,30,50,30.1697844346629,50.5435401883112,4.71596432996924,6.55953983654347,-0.169784434662898,-0.543540188311226
4176,30,50,30.3976823454689,50.1838198656172,3.71596432996924,7.51671867785329,-0.397682345468937,-0.183819865617217
4194,30,50,30.6259148018421,49.8435211479448,2.71596432996924,8.89654760914383,-0.625914801842104,0.156478852055187
4212,30,50,30.8111414471181,49.6316374580324,1.79371440787513,10.347893545201,-0.811141447118089,0.368362541967635
4230,30,50,30.8976880146748,49.6706203782769,1.29825610894862,10.6582665373055,-0.897688014674788,0.329379621723078
4248,30,50,30.867109837716,49.9773616848064,1.16552820115959,9.76333648472094,-0.867109837715951,0.0226383151935892
4266,30,50,30.7166987328832,50.3815386032705,1.35170793621151,8.52364553932637,-0.71669873288317,-0.381538603270549
4284,30,50,30.4635041951167,50.698399062084,2.1963025308061,7.44543630422988,-0.463504195116698,-0.698399062083972
4302,30,50,30.1745826994664,50.8921592640861,3.14092793797222,6.63121696652061,-0.174582699466448,-0.892159264086132
4320,30,50,29.9073963259354,51.0074911853936,4.26996019603674,5.89225172185631,0.0926036740645664,-1.0074911853936
4338,30,50,29.6995881275372,51.0524842098776,5.76996019603674,5.34808072469972,0.300411872462799,-1.05248420987756
4356,30,50,29.5999179775093,51.0000163970916,6.93288611765553,5.2074425398699,0.400082022490661,-1.00001639709158
4374,30,50,29.6092717450909,50.8549926035672,7.33379629210564,5.3529757886198,0.390728254909071,-0.854992603567183
4392,30,50,29.740825654586,50.6119058587333,7.33379629210564,5.78468251745653,0.259174345414046,-0.61190585873328
4410,30,50,30.0126643406932,50.3011781694431,6.33379629210564,6.53474948772173,-0.012664340693199,-0.301178169443126
4428,30,50,30.3762046326433,49.952947722321,5.33379629210564,7.7015305446881,-0.376204632643311,0.047052277679029
4446,30,50,30.7556951460527,49.57607335428,4.33379629210564,9.68457703839475,-0.755695146052712,0.42392664572003
4464,30,50,31.1013672919113,49.2861214596527,3.33379629210564,11.9106071030415,-1.10136729191129,0.713878540347295
4482,30,50,31.3255654296441,49.3177452451419,2.33379629210564,12.7481237011566,-1.32556542964407,0.682254754858135
4500,30,50,31.4231166799281,49.7172471862779,1.63146545731767,12.0214396468352,-1.42311667992809,0.282752813722119
4518,30,50,31.3832656602367,50.3051292385624,1.36869564903238,10.2180318703426,-1.38326566023672,-0.305129238562373
4536,30,50,31.2105935774501,50.7965126018112,1.58427741360484,8.7500242964796,-1.21059357745015,-0.796512601811159
4554,30,50,30.9432435996173,51.0276640655581,2.32240250066432,7.82361307755475,-0.943243599617315,-1.02766406555808
4572,30,50,30.6451290886053,51.1029394014605,3.1443203088835,7.13321332757606,-0.645129088605266,-1.10293940146047
4590,30,50,30.3767180610304,51.146109470477,4.02094368550688,6.55202976629513,-0.376718061030374,-1.146109470477
4608,30,50,30.1729592319113,51.1755461718577,4.86546318866661,5.99726299689388,-0.1729592319113,-1.17554617185767
4626,30,50,30.0639891045692,51.1563400783813,5.16521819659282,5.68599016481549,-0.0639891045691527,-1.15634007838131
4644,30,50,30.0489738647568,51.0351318027898,5.19647145214027,5.72265284271858,-0.0489738647567783,-1.03513180278976
4662,30,50,30.1265499593072,50.7935075194626,4.93535555116725,6.08970201058848,-0.126549959307184,-0.793507519462622
4680,30,50,30.2840113541829,50.481901682365,4.25170307450955,6.74915330683817,-0.28401135418288,-0.481901682365034
4698,30,50,30.4655591620561,50.1554038151644,3.40589353600052,7.63457486901506,-0.465559162056131,-0.15540381516437
4716,30,50,30.637956083056,49.8671027084246,2.60685881284728,8.80769018415909,-0.637956083056025,0.132897291575389
4734,30,50,30.7663655639536,49.7213082438072,1.98805502158462,9.91750221761534,-0.766365563953556,0.278691756192799
4752,30,50,30.8101566762991,49.7979132073726,1.63687168643356,9.95454268432522,-0.810156676299052,0.202086792627398
4770,30,50,30.7548553251375,50.0833960578586,1.60731212391509,9.06492159701055,-0.754855325137484,-0.0833960578585504
4788,30,50,30.6048548570512,50.4103397539806,1.83518907036401,8.00297469435569,-0.604854857051233,-0.410339753980644
4806,30,50,30.385348925396,50.6439113191507,2.68460991978486,7.14781106667832,-0.385348925395981,-0.643911319150732
4824,30,50,30.1466551198542,50.7723839941659,3.62578639037309,6.49638511668215,-0.146655119854199,-0.772383994165907
4842,30,50,29.9359647592316,50.8297220272455,4.7368975014842,5.95708116414798,0.064035240768419,-0.829722027245531
4860,30,50,29.7820273769031,50.8284036439909,5.89695393666213,5.67497536072385,0.217972623096873,-0.828403643990882
4878,30,50,29.7300307184763,50.7557741726375,6.56508213375995,5.65970257174288,0.269969281523704,-0.755774172637494
4896,30,50,29.7814259501892,50.6299961298714,6.69302754371837,5.82025852669136,0.218574049810819,-0.629996129871415
4914,30,50,29.9443067702994,50.4211172143886,6.21499849426075,6.25180232324929,0.0556932297006014,-0.421117214388552
4932,30,50,30.2083085424352,50.1403867477032,5.21499849426075,7.00755570898657,-0.208308542435184,-0.140386747703168
4950,30,50,30.5186389449067,49.8179469092844,4.21499849426075,8.37335475740527,-0.518638944906673,0.182053090715598
4968,30,50,30.8192408390892,49.5092355764254,3.21499849426075,10.2982648669462,-0.819240839089211,0.490764423574646
4986,30,50,31.0495461800948,49.3837932637734,2.21499849426075,12.0019270193623,-1.04954618009481,0.616206736226573
5004,30,50,31.1617940515948,49.5917000033275,1.59955751981254,11.9538129202128,-1.16179405159484,0.408299996672497
5022,30,50,31.1477353511073,50.1106892490951,1.29735576416424,10.3379014344383,-1.14773535110735,-0.110689249095074
5040,30,50,31.0025778036174,50.6515356096831,1.40263000355786,8.42748936102904,-1.00257780361741,-0.651535609683066
5058,30,50,30.7440865655941,50.9506698888136,2.18107311733032,7.36219477446479,-0.744086565594081,-0.950669888813579
5076,30,50,30.4479048093256,51.0068267794585,3.05063833472162,6.76232144454954,-0.447904809325571,-1.00682677945855
5094,30,50,30.1746539293641,51.0104772209153,3.99140488524427,6.41156646469489,-0.174653929364098,-1.01047722091531
5112,30,50,29.9662599839942,51.0146647027409,5.04774291341328,6.06081148484024,0.0337400160057797,-1.01466470274087
5130,30,50,29.8588516088641,51.0201707444643,5.7365430236213,5.65589943704734,0.141148391135875,-1.02017074446434
5148,30,50,29.8475164718402,50.9696331651962,6.00792708232067,5.52419348692746,0.152483528159834,-0.969633165196207
5166,30,50,29.9312817714688,50.7701349041,5.89369938845089,5.80632514836947,0.0687182285311749,-0.770134904100004
5184,30,50,30.1127291472454,50.4587336034551,5.09195301020123,6.47530056859077,-0.112729147245403,-0.458733603455052
5202,30,50,30.3543222434947,50.1085803124808,4.09195301020123,7.44953181679462,-0.354322243494689,-0.108580312480768
5220,30,50,30.6095501629861,49.7740934494094,3.09195301020123,8.94600585287851,-0.609550162986068,0.225906550590636
5238,30,50,30.8305203712633,49.5537552528974,2.09195301020123,10.5732624000435,-0.830520371263312,0.446244747102604
5256,30,50,30.9521267550719,49.5870200909884,1.48405027463892,11.0276229470285,-0.952126755071873,0.412979909011611
5274,30,50,30.9548950805664,49.9025364114093,1.21870805120716,10.2390855876671,-0.954895080566356,0.0974635885907418
5292,30,50,30.8333919942686,50.3353652804983,1.29484757173397,8.92382896296418,-0.833391994268585,-0.335365280498266
5310,30,50,30.5971135112602,50.6917672213189,2.09484757173397,7.75289080166628,-0.597113511260172,-0.691767221318926
5328,30,50,30.3112289593136,50.9028417196473,2.99827436301122,6.89253342244722,-0.311228959313564,-0.902841719647348
5346,30,50,30.033435740308,51.0231299619336,3.98767365629744,6.14935733864876,-0.0334357403080148,-1.02312996193356
5364,30,50,29.8078056656153,51.0779048216292,5.29289453983158,5.55839228513991,0.192194334384741,-1.07790482162923
5382,30,50,29.6888780605547,51.0503593543013,6.41869634635076,5.32877701827594,0.31112193944525,-1.05035935430132
5400,36,50,29.6757933896662,50.9343812147943,6.41869634635076,5.39099377839576,6.32420661033378,-0.934381214794328
5418,36,50,29.7724399938474,50.7090735819472,10.3616138939195,5.76251804040994,6.22756000615257,-0.709073581947152
5436,36,50,29.9952859160093,50.4058444454037,11.2879170140009,6.43010116610802,6.0047140839907,-0.405844445403652
5454,36,50,30.3060882655909,50.0718175186807,11.788969187283,7.37279987220784,5.6939117344091,-0.0718175186807173
5472,36,50,30.6444573069195,49.7183224235569,12.0406974185518,9.02222877768495,5.35554269308053,0.281677576443144
5490,36,50,31.296072656824,49.4158549218647,11.7405674055505,11.0710963805748,4.70392734317596,0.584145078135251
5508,36,50,31.9925759189942,49.4284985138082,11.3404273915491,11.8678595302791,4.00742408100579,0.571501486191828
5526,36,50,32.6887174734413,49.3048440907323,10.9402873775477,13.6805011429051,3.31128252655868,0.695155909267655
5544,36,50,33.3449319559627,49.1118577748794,10.5637434415401,15.9387797770227,2.65506804403728,0.888142225120603
5562,36,50,33.912820790588,49.161346414629,10.3127131602285,16.8818811650179,2.08717920941197,0.838653585370977
5580,36,50,34.4089820933949,49.5178911058498,9.90933604953436,16.5395705684913,1.59101790660507,0.482108894150159
5598,36,50,34.8165308984712,49.9666040819689,9.27471768755882,15.2469527208779,1.18346910152876,0.0333959180311325
5616,36,50,35.1375421693903,50.2806907049716,8.50655486238022,14.2594538450798,0.862457830609713,-0.280690704971647
5634,36,50,35.4121546476973,50.3199344332316,7.6858861693711,13.9761351418077,0.587845352302665,-0.319934433231566
5652,36,50,35.6531967966986,50.1818073983603,6.81315889664383,14.3175849039123,0.34680320330137,-0.181807398360313
5670,36,50,35.857520065024,50.0097049129589,6.0674092830426,14.8226152854244,0.142479934975952,-0.00970491295891662
5688,36,50,36.0062264420895,49.9402770964114,5.51857375316356,15.1917919628343,-0.00622644208949907,0.0597229035886073
5706,36,50,36.0808118283285,50.026958707294,5.30930255228754,14.9071788587727,-0.0808118283284998,-0.0269587072939714
5724,36,50,36.0683884429385,50.2450962259419,5.31531517880322,14.1707482741741,-0.0683884429384776,-0.245096225941879
5742,36,50,35.9816207715455,50.4743315175927,5.61345855866499,13.3524975796712,0.0183792284545063,-0.474331517592717
5760,36,50,35.8468852318998,50.6476907094408,6.44940422219686,12.6381551715435,0.153114768100153,-0.647690709440838
5778,36,50,35.7091165018006,50.7516559609568,7.68521396497599,12.0381071677032,0.290883498199378,-0.751655960956832
5796,36,50,35.5973245215788,50.7927021097826,8.91427770759559,11.5857886798567,0.402675478421173,-0.792702109782603
5814,36,50,35.5409235587704,50.75802626781,9.95023746454349,11.4503041754878,0.459076441229627,-0.758026267809967
5832,36,50,35.5836921865877,50.6548879439158,10.2790893844584,11.5347613704365,0.416307813412324,-0.654887943915789
5850,36,50,35.7522597055701,50.5088101270974,10.1265211525547,11.7814596011866,0.24774029442986,-0.508810127097355
5868,36,50,36.0361037810328,50.2897322646026,9.12652115255466,12.29494647277,-0.0361037810328213,-0.28973226460262
5886,36,50,36.4015806528073,49.9695680577358,8.12652115255466,13.3266689749936,-0.401580652807318,0.0304319422641797
5904,36,50,36.7783626410021,49.5976008359028,7.12652115255466,15.2492485077119,-0.778362641002062,0.402399164097204
5922,36,50,37.1140791718968,49.3044606875421,6.12652115255466,17.4603587506997,-1.11407917189684,0.695539312457868
5940,36,50,37.334355746659,49.3308277086107,5.12652115255466,18.2832070218773,-1.33435574665901,0.669172291389273
5958,36,50,37.4315444728251,49.7407093378791,4.41996022969958,17.4987156730233,-1.43154447282512,0.259290662120904
5976,36,50,37.3931456793962,50.3364899266674,4.15343714449296,15.6694613372543,-1.39314567939616,-0.336489926667447
5994,36,50,37.2227573924832,50.8231857034318,4.36853105714288,14.201545461793,-1.22275739248317,-0.823185703431847
6012,36,50,36.9585033284375,51.0444777487536,5.09883025646863,13.2947017581416,-0.958503328437502,-1.04447774875356
6030,36,50,36.6646030731684,51.1102475038309,5.91343699804166,12.6294486439089,-0.664603073168401,-1.11024750383089
6048,36,50,36.4008394794731,51.1478264116859,6.78010366470833,12.048265082628,-0.400839479473106,-1.14782641168593
6066,36,50,36.2017699000816,51.1761902942389,7.61372379807034,11.4934983132267,-0.201769900081615,-1.17619029423888
6084,36,50,36.0965351367412,51.1556948962071,7.8954536191719,11.1822254811483,-0.0965351367412097,-1.15569489620714
6102,36,50,36.0842953792729,51.0326452972562,7.89944603358452,11.2211994221015,-0.0842953792728736,-1.03264529725622
6120,36,50,36.1639500787157,50.7896015629297,7.6275683785293,11.5882485899714,-0.163950078715715,-0.789601562929718
6138,36,50,36.3226422486299,50.4775120633256,6.93610364631753,12.2476998862211,-0.32264224862994,-0.477512063325648
6156,36,50,36.5038920372456,50.1513776491485,6.0875131643533,13.1392934327821,-0.503892037245578,-0.151377649148486
6174,36,50,36.6738680331128,49.8646366911118,5.28529651308005,14.3344823711285,-0.673868033112775,0.135363308888152
6192,36,50,36.7992164458674,49.7239632011016,4.66157353211435,15.4173135609837,-0.799216445867401,0.276036798898438
6210,36,50,36.8395909296147,49.8120744182875,4.3003002641333,15.4135957433427,-0.839590929614708,0.187925581712477
6228,36,50,36.7807712706793,50.1043097839745,4.26451141832358,14.5192789821157,-0.780771270679267,-0.1043097839745
6246,36,50,36.6269171134258,50.431438206732,4.48149607975268,13.4543417007777,-0.626917113425776,-0.431438206732039
6264,36,50,36.4039754973875,50.6649863954856,5.32764992590653,12.5950965073288,-0.40397549738752,-0.664986395485556
6282,36,50,36.1620010810263,50.7934737839086,6.26514992590653,11.9368442280795,-0.162001081026339,-0.793473783908595
6300,36,50,35.9477399489478,50.8508518473085,7.35817318172048,11.3909377866794,0.0522600510521869,-0.850851847308505
6318,36,50,35.7896059314281,50.8498369306084,8.58354162020367,11.1013837917535,0.210394068571915,-0.849836930608411
6336,36,50,35.7334461925294,50.7774870622948,9.29482516368896,11.0809738929525,0.266553807470629,-0.77748706229481
6354,36,50,35.7805662994806,50.6524054330111,9.42277057364738,11.2357480813802,0.219433700519438,-0.652405433011126
6372,36,50,35.9387359359414,50.4442331909501,8.94474152418976,11.6592534814993,0.0612640640585624,-0.444233190950065
6390,36,50,36.2042327857833,50.1639413708508,7.94474152418976,12.403684349062,-0.204232785783326,-0.1639413708508
6408,36,50,36.5197411173451,49.8430425176267,6.94474152418976,13.7271170025069,-0.519741117345092,0.156957482373343
6426,36,50,36.8255452528931,49.525669065862,5.94474152418976,15.643103196631,-0.825545252893122,0.474330934137953
6444,36,50,37.0611177031714,49.3778537561794,4.94474152418976,17.3948461247502,-1.06111770317143,0.622146243820623
6462,36,50,37.1788212227119,49.563643144442,4.30439616939167,17.433965097452,-1.17882122271191,0.43635685555796
6480,36,50,37.1708824025232,50.0726943210016,3.99375601842636,15.8588187083823,-1.17088240252324,-0.0726943210015847
6498,36,50,37.0317026618573,50.6205018289231,4.06836031321414,13.8661271235003,-1.03170266185729,-0.620501828923082
6516,36,50,36.7776396510775,50.9309387331827,4.83055543516536,12.7814999640864,-0.777639651077507,-0.930938733182693
6534,36,50,36.4819319374441,50.982137785974,5.6926244006826,12.225961727967,-0.481931937444145,-0.982137785973975
6552,36,50,36.2076596211006,50.9786209109385,6.62045945222899,11.8869056122119,-0.207659621100568,-0.97862091093846
6570,36,50,35.9972599147169,50.9872015721375,7.62402239759716,11.4936905004154,0.0027400852831434,-0.987201572137451
6588,36,50,35.8867927701528,50.9993544957588,8.24035521731981,11.0965878788028,0.113207229847163,-0.999354495758823
6606,36,50,35.870929793892,50.9515971424994,8.54280506105406,10.9707997618975,0.129070206107968,-0.951597142499395
6624,36,50,35.9486420363714,50.7591547825756,8.40176133749976,11.2330898148156,0.0513579636286039,-0.759154782575635
6642,36,50,36.1199593808004,50.4564755495102,7.68043767139082,11.8767252569982,-0.119959380800395,-0.456475549510223
6660,36,50,36.3459813540267,50.1124205011499,6.68043767139082,12.8222181202993,-0.345981354026712,-0.112420501149856
6678,36,50,36.5883826251959,49.785781101468,5.68043767139082,14.2780719813566,-0.588382625195948,0.214218898531982
6696,36,50,36.7960325801083,49.5778106962594,4.68043767139082,15.8244372523558,-0.796032580108317,0.422189303740574
6714,36,50,36.9119154583644,49.6126854984996,4.0787841202403,16.2514435263515,-0.911915458364433,0.38731450150037
6732,36,50,36.9097711675034,49.9186817121858,3.82841593172779,15.4587310542128,-0.909771167503358,0.0813182878141916
6750,36,50,36.7844361578485,50.3300127796502,3.94122643178202,14.1971355069029,-0.784436157848525,-0.33001277965019
6768,36,50,36.5460250484764,50.6662509835402,4.75478575381592,13.0755959533104,-0.546025048476352,-0.666250983540237
6786,36,50,36.2591620332349,50.8702870152166,5.67250727280326,12.2431899884762,-0.259162033234865,-0.870287015216554
6804,36,50,35.9818735359824,50.9941933268482,6.7008760671295,11.5126593199717,0.0181264640175982,-0.994193326848198
6822,36,50,35.7586749698621,51.0573381155696,8.09431869008032,10.8954914952304,0.241325030137887,-1.05733811556961
6840,36,50,35.6423247834345,51.0375823170445,9.31896469084573,10.6277576708156,0.357675216565525,-1.0375823170445
6858,36,50,35.6327477507797,50.9187004204043,9.846470342692,10.6923118117588,0.36725224922025,-0.918700420404321
6876,36,50,35.7367433414888,50.6816555125934,9.92110649146672,11.0980040831638,0.263256658511153,-0.681655512593352
6894,36,50,35.9755736579382,50.3668424873718,8.92937095427664,11.8114808668558,0.0244263420617941,-0.366842487371756
6912,36,50,36.3161780284546,50.0240367584353,7.92937095427664,12.8175330545728,-0.316178028454615,-0.0240367584353081
6930,36,50,36.6862015917121,49.6597505052471,6.92937095427664,14.6064229216386,-0.68620159171207,0.340249494752939
6948,36,50,37.0294340664136,49.3462954381437,5.92937095427664,16.7891358353619,-1.02943406641361,0.653704561856287
6966,36,50,37.2529281554345,49.306635281384,4.92937095427664,18.3304786577235,-1.25292815543452,0.693364718615953
6984,36,50,37.3531258241349,49.6390522902541,4.25593643824488,17.9056163445842,-1.35312582413491,0.360947709745858
7002,36,50,37.3193154860443,50.294729136322,3.97412955884164,16.1197484352734,-1.31931548604433,-0.294729136321962
7020,36,50,37.1512770452923,50.9015677125885,4.19268554872437,13.8463109352734,-1.15127704529229,-0.901567712588545
7038,36,50,36.8746720308653,51.2225899855508,4.95562832801593,12.7209119437389,-0.874672030865341,-1.2225899855508
7056,36,50,36.5643393037072,51.2335465898787,5.80262286353505,12.2311300051615,-0.564339303707158,-1.23354658987872
7074,36,50,36.2845413940274,51.1883067139636,6.71171377262596,12.0323273032375,-0.284541394027372,-1.1883067139636
7092,36,50,36.0859564530397,51.1784006072166,7.58674199570115,11.6652162256985,-0.0859564530397208,-1.17840060721655
7110,36,50,35.9872665175707,51.1969859729073,7.89928639121187,11.1434203783238,0.0127334824293399,-1.19698597290731
7128,36,50,35.9796430800097,51.1386914445494,7.96064235807965,10.9945096328508,0.02035691999032,-1.13869144454939
7146,36,50,36.0596770985834,50.9100006037734,7.72591854126628,11.3002505229454,-0.0596770985834354,-0.910000603773383
7164,36,50,36.2192962978813,50.5724197566129,7.05475552103269,11.9916749060385,-0.219296297881314,-0.572419756612874
7182,36,50,36.4088441202153,50.2074872527876,6.14357716574611,12.9299533450089,-0.408844120215349,-0.207487252787601
7200,36,50,36.5953644167579,49.8861390663039,5.22677156387883,14.1446290802326,-0.595364416757889,0.113860933696103
7218,36,50,36.7407266663499,49.7176118233187,4.52219655501253,15.3084028008909,-0.740726666349929,0.282388176681344
7236,36,50,36.8004439953683,49.7773181180116,4.12215655101213,15.4260606738572,-0.800443995368326,0.222681881988422
7254,36,50,36.7527941098292,50.0538324403917,4.070869239493,14.5730358675036,-0.752794109829239,-0.0538324403917301
7272,36,50,36.5986790818236,50.3843130739611,4.29874618594192,13.5156524140788,-0.59867908182359,-0.384313073961131
7290,36,50,36.3664252102744,50.6342360813395,5.1601694069157,12.6146219803381,-0.3664252102744,-0.634236081339495
7308,36,50,36.1095975915273,50.7928185481311,6.11957900101164,11.8896428785827,-0.109597591527312,-0.792818548131123
7326,36,50,35.8789609958795,50.8815074405837,7.31792610844966,11.2453497440454,0.121039004120519,-0.881507440583661
7344,36,50,35.7059672829512,50.90246148946,8.83632848507946,10.8390574219285,0.294032717048822,-0.902461489459995
7362,36,50,35.637821337362,50.8340339673858,9.75719795718569,10.805702231918,0.362178662638009,-0.834033967385778
7380,36,50,35.6776630096035,50.6919158078217,9.9953168181838,10.9726432147536,0.322336990396522,-0.691915807821701
7398,36,50,35.8425197312672,50.4652332128824,9.72129729429272,11.4348033292414,0.15748026873284,-0.46523321288241
7416,36,50,36.1428199338897,50.169029015033,8.72129729429272,12.2298215893781,-0.142819933889712,-0.169029015033018
7434,36,50,36.5104008906545,49.828761980236,7.72129729429272,13.6307018216096,-0.510400890654466,0.171238019764012
7452,36,50,36.8772771940615,49.465385374268,6.72129729429272,15.7463879343252,-0.877277194061541,0.534614625731969
7470,36,50,37.1877263283418,49.2584668825154,5.72129729429272,17.8314253600524,-1.18772632834177,0.741533117484614
7488,36,50,37.3766432221769,49.410443171738,4.79406964371667,18.1356570940115,-1.37664322217689,0.589556828262033
7506,36,50,37.4356282021059,49.9204205981126,4.14052341274749,16.6590641161181,-1.43562820210586,0.0795794018874147
7524,36,50,37.3567051847272,50.5065189823724,4.01770292804522,14.6930785691458,-1.35670518472722,-0.506518982372448
7542,36,50,37.1512868840434,50.8631313946185,4.66385677419907,13.5070711901759,-1.15128688404344,-0.863131394618463
7560,36,50,36.8706793485648,50.9522832836905,5.42679955349062,12.8380980301899,-0.870679348564792,-0.95228328369052
7578,36,50,36.5793529517675,50.9566286904471,6.26013288682395,12.5067828603278,-0.579352951767532,-0.95662869044709
7596,36,50,36.3352584740595,50.9823223312132,7.13604529558308,12.0276239156906,-0.335258474059508,-0.982322331213169
7614,36,50,36.1842350503355,51.0554191395425,7.56055084309875,11.3794405272197,-0.184235050335538,-1.05541913954254
7632,36,50,36.1224423366792,51.074367798051,7.67116266473719,10.9089066864828,-0.122442336679157,-1.07436779805097
7650,36,50,36.1469413707485,50.9108545318302,7.57115266373709,11.0606773441556,-0.146941370748543,-0.910854531830168
7668,36,50,36.2567069311464,50.5886638728332,7.15249392229763,11.6942237475863,-0.256706931146425,-0.588663872833187
7686,36,50,36.4110182818967,50.224457164437,6.50254294877193,12.6262947099909,-0.41101828189673,-0.224457164437034
7704,36,50,36.5752869992646,49.8994186503525,5.76840277055674,13.8475659860752,-0.575286999264605,0.10058134964747
7722,36,50,36.7156767988235,49.7168391247442,5.11394949252931,15.0383205503346,-0.715676798823466,0.283160875255838
7740,36,50,36.7949353258308,49.7599451918439,4.67152919324499,15.2354188257246,-0.794935325830778,0.240054808156088
7758,36,50,36.7894451569941,50.012621923114,4.4996522471745,14.4823557716356,-0.789445156994077,-0.0126219231140396
7776,36,50,36.6912657338892,50.3045251630604,4.5631833466724,13.5447720588041,-0.691265733889246,-0.304525163060418
7794,36,50,36.5159323163451,50.5005324691629,4.95501823669952,12.7947095535953,-0.515932316345108,-0.500532469162863
7812,36,50,36.3075681916245,50.6028325151354,5.82638753130533,12.2624085615798,-0.307568191624497,-0.602832515135404
7830,36,50,36.109958535636,50.6563771368009,6.69358377207507,11.8145265578025,-0.109958535635954,-0.656377136800891
7848,36,50,35.9478952501009,50.6831120064738,7.47150560945236,11.4414333168789,0.0521047498990725,-0.683112006473806
7866,36,50,35.8475775678161,50.6669332403556,8.12948692278307,11.2990905501124,0.15242243218394,-0.66693324035559
7884,36,50,35.8416907697079,50.5956927882038,8.4117734436017,11.3245164336618,0.158309230292133,-0.59569278820382
7902,36,50,35.9238650736083,50.4715480660521,8.31075058718043,11.5088753864356,0.0761349263916884,-0.471548066052065
7920,36,50,36.0804979936574,50.2614096880792,7.67295388487929,12.0089206803934,-0.0804979936573886,-0.261409688079212
7938,36,50,36.2905686103325,49.9900006455249,6.67295388487929,12.8436651768572,-0.290568610332549,0.00999935447514133
7956,36,50,36.5139644016561,49.7298547260177,5.67295388487929,14.2300718922647,-0.513964401656061,0.270145273982259
7974,36,50,36.7095284958569,49.5620358872072,4.69491543012537,15.7114903802314,-0.709528495856851,0.437964112792798
7992,36,50,36.8237848596186,49.6216608705323,4.14576220835966,16.0188513255991,-0.823784859618613,0.37833912946769
8010,36,50,36.8224454656948,49.9320330605007,3.92738774137426,15.209434067111,-0.822445465694756,0.0679669394992928
8028,36,50,36.699638190621,50.3148062403705,4.03609520957733,14.0296137984038,-0.699638190621016,-0.31480624037053
8046,36,50,36.4675428906941,50.6216317218409,4.86642011932462,12.9862609656447,-0.467542890694148,-0.621631721840892
8064,36,50,36.1936762904543,50.8146767615105,5.80067617468794,12.1886176391095,-0.193676290454334,-0.814676761510491
8082,36,50,35.9315708985683,50.9399781701222,6.90554508854562,11.4672929421818,0.0684291014317466,-0.93997817012216
8100,36,50,35.7211078928359,51.0030545833339,8.37613332383973,10.8708535048833,0.278892107164054,-1.00305458333392
8118,36,50,35.6170717667373,50.9790845570508,9.50302615163642,10.6243387736967,0.382928233262746,-0.979084557050754
8136,36,50,35.6209274935773,50.8589869252784,9.95009536457384,10.7029676505371,0.379072506422673,-0.85898692527843
8154,36,50,35.7448452804554,50.6216847167351,9.97698069862411,11.1308865542955,0.255154719544635,-0.621684716735146
8172,36,50,36.007895473358,50.3058606572309,8.97698069862411,11.9023074992194,-0.00789547335799057,-0.305860657230852
8190,36,50,36.3626934831149,49.9560628800308,7.97698069862411,13.0461208666768,-0.362693483114938,0.0439371199692289
8208,36,50,36.7390940785418,49.5854113209672,6.97698069862411,14.9861500788084,-0.739094078541754,0.414588679032789
8226,36,50,37.0840075131648,49.3016840650792,5.97698069862411,17.1738209905984,-1.08400751316476,0.698315934920828
8244,36,50,37.3071316931352,49.3263282504945,4.97698069862411,18.0601823325912,-1.30713169313516,0.673671749505452
8262,36,50,37.4041842566604,49.7097713127367,4.28303233654635,17.4024172998822,-1.4041842566604,0.290228687263287
8280,36,50,37.3647333256374,50.2927127286668,4.02767923108019,15.6165493905713,-1.36473332563741,-0.292712728666807
8298,36,50,37.1930070117705,50.7922226464626,4.24424336869696,14.0942984156105,-1.1930070117705,-0.792222646462591
8316,36,50,36.9255374540616,51.0326658399756,4.98623254888839,13.1466392329488,-0.925537454061576,-1.03266583997563
8334,36,50,36.6267417358795,51.1064096350151,5.81267882988013,12.4813861187161,-0.626741735879484,-1.10640963501513
8352,36,50,36.3581278069402,51.1450934237286,6.6950317710566,11.9039478807957,-0.358127806940232,-1.1450934237286
8370,36,50,36.1553853078254,51.1739896918836,7.54324801093403,11.3530608593204,-0.155385307825362,-1.17398969188359
8388,36,50,36.0480958515755,51.1539155312826,7.84763995179503,11.045473709628,-0.0480958515755034,-1.15391553128263
8406,36,50,36.0346523186968,51.0323202039806,7.8618980228817,11.0844476505812,-0.0346523186968,-1.03232020398062
8424,36,50,36.1141850444262,50.7904634135069,7.60813511704764,11.4514968184511,-0.114185044426151,-0.790463413506899
8442,36,50,36.2738186545721,50.4782904681693,6.9264979136713,12.1109481147008,-0.273818654572118,-0.478290468169256
8460,36,50,36.4576078269311,50.1503143540479,6.08164622862704,13.0025416612618,-0.457607826931117,-0.150314354047893
8478,36,50,36.6308209355518,49.8600305455687,5.283695022265,14.1977305996083,-0.630820935551782,0.139969454431252
8496,36,50,36.7606576189111,49.7131533656946,4.66655966828754,15.3286563097973,-0.760657618911061,0.286846634305363
8514,36,50,36.8060017938865,49.7949097762542,4.28825472524229,15.378476403902,-0.806001793886537,0.205090223745799
8532,36,50,36.7521370546285,50.0884690840563,4.23696741372316,14.4864984137485,-0.752137054628548,-0.0884690840563138
8550,36,50,36.6031895100434,50.4243737019057,4.46484436017208,13.3973640700547,-0.603189510043428,-0.424373701905729
8568,36,50,36.3841643886883,50.6647132345003,5.31755753846665,12.5143828215382,-0.384164388688276,-0.664713234500255
8586,36,50,36.1432884223145,50.7935800809866,6.26243942823043,11.8561305422889,-0.143288422314519,-0.793580080986551
8604,36,50,35.9288536195082,50.8458152972982,7.39147168629495,11.3453473413808,0.0711463804918111,-0.845815297298188
8622,36,50,35.7719360219591,50.8424736704366,8.66618977748632,11.0595229113775,0.228063978040865,-0.842473670436583
8640,36,50,35.7179139009477,50.7763305643594,9.35233178809033,11.0391130125766,0.282086099052314,-0.776330564359426
8658,36,50,35.767897992506,50.6564172835646,9.49035068606251,11.1672877099419,0.232102007494021,-0.656417283564622
8676,36,50,35.9315631909638,50.4510415030285,9.0340630423319,11.5868147885079,0.0684368090362426,-0.451041503028534
8694,36,50,36.2060408699312,50.1671771694983,8.0340630423319,12.3256480125925,-0.206040869931158,-0.167177169498331
8712,36,50,36.5282838078252,49.8372284307875,7.0340630423319,13.6772788049602,-0.52828380782519,0.162771569212524
8730,36,50,36.8421072391642,49.5037045828685,6.0340630423319,15.6691114576813,-0.842107239164214,0.496295417131478
8748,36,50,37.0872471022113,49.3488994925542,5.0340630423319,17.4708417537365,-1.08724710221133,0.651100507445832
8766,36,50,37.2141790733808,49.5413989010843,4.35392774660103,17.5333470328986,-1.21417907338083,0.458601098915665
8784,36,50,37.2144036498042,50.0621165725893,3.9779192217114,15.9688876130334,-1.2144036498042,-0.0621165725892965
8802,36,50,37.081563205875,50.6233948591237,4.02014976207036,13.8981851967675,-1.08156320587498,-0.623394859123678
8820,36,50,36.8322539683943,50.9451917383273,4.77090051282111,12.7894091985068,-0.832253968394298,-0.945191738327338
8838,36,50,36.5367797052121,50.9914888638906,5.61835813993976,12.2303680897887,-0.536779705212098,-0.991488863890595
8856,36,50,36.2570655279324,50.9782877043175,6.53339081967832,11.9400135786621,-0.257065527932404,-0.978287704317488
8874,36,50,36.0401735838534,50.9826628785465,7.51553367682117,11.600957462907,-0.0401735838533668,-0.982662878546478
8892,36,50,35.9227848508562,51.0093795086382,8.11086036233985,11.1107182640708,0.0772151491437612,-1.0093795086382
8910,36,50,35.8988201867404,50.9878621901702,8.35578331366142,10.8606918899807,0.101179813259606,-0.987862190170205
8928,36,50,35.9663694166478,50.8025235863312,8.21860910241313,11.1107108308096,0.033630583352199,-0.802523586331247
8946,36,50,36.1251104585213,50.4866675240582,7.5681457346915,11.7905335584624,-0.125110458521348,-0.486667524058205
8964,36,50,36.3387001802036,50.1318035808538,6.5681457346915,12.7516515354564,-0.33870018020356,-0.131803580853848
8982,36,50,36.5666834929304,49.805688263906,5.5681457346915,14.1662811478739,-0.56668349293038,0.194311736094036
9000,36,50,36.7614770177858,49.6039150574108,4.6471264247833,15.6491676036029,-0.761477017785836,0.396084942589233
9018,36,50,36.8699385050963,49.6443063347544,4.08911483228895,15.9970251993996,-0.869938505096329,0.355693665245596
9036,36,50,36.8603523230561,49.9445811522717,3.89471657164181,15.200072371975,-0.860352323056077,0.0554188477283049
9054,36,50,36.72949822597,50.3291169016325,4.02111639423855,14.0179891490755,-0.729498225969962,-0.329116901632482
9072,36,50,36.493980106204,50.6411590398692,4.85156622122817,12.9717275040401,-0.493980106203963,-0.641159039869173
9090,36,50,36.2154461977316,50.8396192568448,5.77871853910897,12.1453183416776,-0.215446197731588,-0.83961925684477
9108,36,50,35.9506909412042,50.962669701562,6.85419023722217,11.4274718810595,0.0493090587957568,-0.962669701562007
9126,36,50,35.7391166464301,51.0190794222642,8.29486820332387,10.8241563633495,0.260883353569866,-1.0190794222642
9144,36,50,35.6340136614742,50.9873557082769,9.4686058240599,10.6146209852748,0.365986338525794,-0.987355708276894
9162,36,50,35.6364189228328,50.8575043477616,9.89080124022395,10.7148310214618,0.363581077167183,-0.857504347761591
9180,36,50,35.7560888776271,50.6181638582005,9.89080124022395,11.1427499252201,0.243911122372864,-0.618163858200504
9198,36,50,36.0130357457683,50.3053968559262,8.89080124022395,11.8874781038837,-0.0130357457683346,-0.305396855926247
9216,36,50,36.3647255434594,49.961863813945,7.89080124022395,13.0017610057441,-0.364725543459443,0.0381361860550271
9234,36,50,36.7353619863345,49.5964460874792,6.89080124022395,14.9243405384624,-0.735361986334503,0.403553912520849
9252,36,50,37.0725345636812,49.3074932874163,5.89080124022395,17.1204374112581,-1.07253456368116,0.692506712583693
9270,36,50,37.2887159616531,49.3268642373659,4.89080124022395,18.0067987532509,-1.28871596165308,0.673135762634125
9288,36,50,37.3796040688988,49.7114567875901,4.21842572484178,17.3490337205419,-1.37960406889885,0.288543212409877
9306,36,50,37.3344388337384,50.2968130012485,4.0111589000197,15.554364553652,-1.33443883373842,-0.296813001248509
9324,36,50,37.1569679189389,50.7990400993866,4.33965094346502,14.0320810919591,-1.15696791893886,-0.799040099386595
9342,36,50,36.8841148863398,51.0411031504278,5.09384088759909,13.0828615143053,-0.884114886339802,-1.04110315042777
9360,36,50,36.5823611580588,51.1169549582735,5.93182971441474,12.3857632428129,-0.58236115805876,-1.11695495827352
9378,36,50,36.3161296956288,51.1571991159571,6.82586944951408,11.8008244226384,-0.316129695628796,-1.15719911595713
9396,36,50,36.1249876139825,51.1796795794375,7.57079516619121,11.287040414256,-0.124987613982483,-1.17967957943749
9414,36,50,36.0301153354051,51.147255357064,7.80532812211518,11.0232200190427,-0.030115335405057,-1.14725535706398
9432,36,50,36.0303290601651,51.0069412954505,7.7943380132132,11.110064663623,-0.0303290601651014,-1.00694129545055
9450,36,50,36.1229545114317,50.7518266668053,7.50124121413876,11.5370205833091,-0.122954511431743,-0.751826666805293
9468,36,50,36.2851855431569,50.4346626361478,6.81559881753553,12.2461254557385,-0.285185543156913,-0.434662636147834
9486,36,50,36.4645251708846,50.1110224687675,5.97074713249126,13.134141549234,-0.464525170884599,-0.111022468767487
9504,36,50,36.6299171121405,49.8447593276602,5.17279592612922,14.3165835080648,-0.629917112140518,0.155240672339829
9522,36,50,36.7477147687429,49.7296171275023,4.59826672089462,15.323894637228,-0.747714768742945,0.270382872497734
9540,36,50,36.7802406419346,49.8402317287411,4.28671914216113,15.224261213034,-0.780240641934554,0.159768271258869
9558,36,50,36.7141662026332,50.1408464115709,4.28484455222768,14.2923547825009,-0.714166202633223,-0.140846411570891
9576,36,50,36.554468877189,50.4582206983578,4.56866669035445,13.248347687307,-0.554468877188974,-0.458220698357842
9594,36,50,36.3319566352506,50.6767266254312,5.43823190774576,12.4086590325385,-0.331956635250599,-0.676726625431186
9612,36,50,36.0965533818699,50.7955721001887,6.39823190774576,11.7591242746964,-0.0965533818699029,-0.795572100188735
9630,36,50,35.8925796991617,50.8420646625911,7.6787197126238,11.2517246975294,0.107420300838292,-0.842064662591085
9648,36,50,35.7494963709846,50.8262738408166,8.82594724608461,11.0567252134011,0.250503629015412,-0.826273840816555
9666,36,50,35.7094967107125,50.743679921659,9.48866438635974,11.0716106780205,0.290503289287486,-0.743679921659016
9684,36,50,35.7756543459727,50.6169616365306,9.57979093835882,11.2350853154113,0.224345654027339,-0.616961636530576
9702,36,50,35.9657744293209,50.4080187818318,8.78775654143644,11.6706897487819,0.0342255706791263,-0.408018781831764
9720,36,50,36.2533267544486,50.1240913725152,7.78775654143644,12.4379385320628,-0.253326754448601,-0.12409137251521
9738,36,50,36.5850966562945,49.7771411259528,6.78775654143644,13.9693292848893,-0.585096656294525,0.222858874047219
9756,36,50,36.9001324673768,49.4472116027369,5.78775654143644,16.0432697718145,-0.900132467376793,0.552788397263086
9774,36,50,37.1185294699514,49.3337614649649,4.78775654143644,17.7877408686329,-1.11852946995141,0.666238535035106
9792,36,50,37.218691390888,49.5822837608335,4.16487231665648,17.6490303625964,-1.21869139088802,0.417716239166495
9810,36,50,37.1895764510705,50.1814194776678,3.93155209120099,15.9643116388348,-1.18957645107047,-0.181419477667788
9828,36,50,37.0271629370395,50.785753701464,4.06127773388839,13.7705915749711,-1.02716293703947,-0.785753701464003
9846,36,50,36.7516118704471,51.1248658716001,4.85001012825459,12.6147016289941,-0.751611870447064,-1.12486587160014
9864,36,50,36.4411287450896,51.166281839516,5.72571634294385,12.0259975748055,-0.441128745089571,-1.16628183951598
9882,36,50,36.1620925283748,51.1417290980538,6.6716622888898,11.7220855153163,-0.162092528374799,-1.14172909805377
9900,36,50,35.9557898887883,51.1251226337987,7.74642864402999,11.421837999443,0.0442101112116546,-1.12512263379865
9918,36,50,35.8528862781998,51.1136399318289,8.40440995736069,11.0821138151174,0.147113721800167,-1.11363993182889
9936,36,50,35.8460204622999,51.0537052563314,8.67579401606005,10.959375384351,0.153979537700081,-1.05370525633138
9954,36,50,35.9336296597604,50.855560366158,8.53065613507312,11.2138586048287,0.0663703402395868,-0.855560366157988
9972,36,50,36.1188279492483,50.5452863514898,7.63507128468601,11.8409591868436,-0.118827949248256,-0.545286351489835
9990,36,50,36.3602566895483,50.1894419124589,6.63507128468601,12.7917910485408,-0.360256689548265,-0.189441912458925
10008,36,50,36.6149144536639,49.8393213681277,5.63507128468601,14.1998181187542,-0.614914453663928,0.16067863187228
10026,36,50,36.832436357781,49.6017381457206,4.63507128468601,15.7861617690688,-0.832436357781006,0.398261854279397
10044,36,50,36.9438102756872,49.6035088205912,4.06522713132527,16.4017426912332,-0.943810275687177,0.396491179408784
10062,36,50,36.9372840202834,49.8907603025793,3.84356200399976,15.7158532382205,-0.937284020283414,0.109239697420733
10080,36,50,36.8084663064438,50.3413136355268,3.94849829268163,14.349353861847,-0.808466306443812,-0.34131363552676
10098,36,50,36.5657684700747,50.7339269626849,4.75657910076244,13.1093922283788,-0.56576847007468,-0.733926962684919
10116,36,50,36.2739106768243,50.9683040386348,5.67140559918515,12.1928996856884,-0.273910676824336,-0.968304038634841
10134,36,50,35.9924516755419,51.0972976404167,6.68564047462999,11.4053406187583,0.00754832445814912,-1.09729764041674
10152,36,50,35.7669019606258,51.1452852219513,8.04927683826636,10.7890396982882,0.233098039374156,-1.14528522195131
10170,36,50,35.6502692262855,51.0974496996516,9.2545595668213,10.6181373974369,0.349730773714469,-1.09744969965158
10188,36,50,35.6417213068213,50.9555338122323,9.76963629179179,10.7163589913055,0.358278693178697,-0.955533812232304
10206,36,50,35.7462314186705,50.7161000841023,9.83214410526848,11.1076937222629,0.253768581329524,-0.716100084102322
10224,36,50,35.9825644383643,50.4051001633549,8.84040856807839,11.8010522582195,0.0174355616356507,-0.405100163354874
10242,36,50,36.3170750564277,50.064520106339,7.84040856807839,12.7796634507188,-0.317075056427704,-0.0645201063390175
10260,36,50,36.6794497200007,49.7021672765918,6.84040856807839,14.4941022398964,-0.679449720000655,0.297832723408206
10278,36,50,37.014603215839,49.3873211959216,5.84040856807839,16.6148514962675,-1.014603215839,0.612678804078357
10296,36,50,37.2307128575777,49.334312146815,4.84040856807839,18.2248403908258,-1.23071285757772,0.66568785318497
10314,36,50,37.3244321996958,49.6476241092512,4.19303850894363,17.8388416190038,-1.32443219969581,0.352375890748796
10332,36,50,37.2858399518597,50.2998483101609,3.96273704691749,16.0441724521139,-1.28583995185968,-0.299848310160939
10350,36,50,37.1140692441286,50.9108101345507,4.1833218693821,13.7625482980274,-1.11406924412859,-0.910810134550673
10368,36,50,36.8326448494556,51.2344384563999,4.95467173164105,12.6369760966125,-0.832644849455647,-1.23443845639986
10386,36,50,36.5195691598216,51.2468955499117,5.81102532280128,12.1388274536382,-0.519569159821629,-1.24689554991166
10404,36,50,36.2415230369198,51.2033541078463,6.73207795438022,11.8988034512379,-0.241523036919844,-1.20335410784632
10422,36,50,36.0450033154973,51.189861710451,7.64700385005066,11.5277326035623,-0.0450033154973255,-1.18986171045101
10440,36,50,35.9490851855984,51.1911240755721,8.06372839512637,11.1045023523722,0.0509148144016436,-1.19112407557213
10458,36,50,35.9452554187528,51.1170730143933,8.13836268709572,10.9930538162398,0.0547445812471565,-1.11707301439326
10476,36,50,36.0310918812725,50.8910258026857,7.87956770124857,11.3050237255252,-0.0310918812724665,-0.891025802685697
10494,36,50,36.2004691790289,50.560993528986,7.14259630275761,11.976647224177,-0.200469179028872,-0.560993528985968
10512,36,50,36.40619905991,50.201546498472,6.14259630275761,12.921179125279,-0.406199059910008,-0.201546498471984
10530,36,50,36.6085267776432,49.8761970106742,5.16536097637253,14.1865670439735,-0.608526777643249,0.123802989325824
10548,36,50,36.7664891720374,49.691688880949,4.40681525829063,15.439347540459,-0.766489172037417,0.308311119050963
10566,36,50,36.8324478994303,49.7422050423805,3.97418357723524,15.6332056797832,-0.832447899430257,0.257794957619453
10584,36,50,36.7826842197542,50.0288280488057,3.91620656098097,14.7556486089264,-0.782684219754188,-0.0288280488056785
10602,36,50,36.6198612566469,50.388689977228,4.17144812889346,13.6188720711636,-0.619861256646892,-0.388689977228026
10620,36,50,36.3726285111389,50.6709392619628,5.04252826826628,12.6392995496714,-0.372628511138885,-0.670939261962836
10638,36,50,36.0973161328724,50.8526702212606,6.0080455096456,11.8556589794796,-0.0973161328723577,-0.852670221260595
10656,36,50,35.8493223939342,50.955840900361,7.23446060398522,11.1625661715042,0.150677606065841,-0.95584090036099
10674,36,50,35.6636620596647,50.9847685748171,9.00426710270738,10.683407226867,0.336337940335312,-0.984768574817096
10692,36,50,35.5857696390391,50.9161143938749,10.064987959943,10.6263746491673,0.414230360960943,-0.916114393874864
10710,36,50,35.6181800915797,50.7583975801165,10.3831110338072,10.8196410039491,0.381819908420312,-0.758397580116451
10728,36,50,35.7818218556406,50.5131086624203,10.2186102935539,11.3155293667699,0.218178144359356,-0.513108662420308
10746,36,50,36.1044253513042,50.2052754290663,9.21861029355388,12.1154186554497,-0.104425351304158,-0.205275429066255
10764,36,50,36.5062016303347,49.8576234590287,8.21861029355388,13.4810782823083,-0.506201630334687,0.142376540971263
10782,36,50,36.9132215847066,49.4561387469308,7.21861029355388,15.7115248650865,-0.913221584706619,0.543861253069238
10800,36,55,37.2708146921824,49.1861608809152,6.21861029355388,15.7115248650865,-1.27081469218237,5.81383911908478
10818,36,55,37.5053010569417,49.2369008202192,5.21861029355388,21.6697713856299,-1.50530105694171,5.76309917978084
10836,36,55,37.6087191815211,49.3993398624478,4.43236330956617,26.3308067860008,-1.60871918152111,5.60066013755217
10854,36,55,37.5756103760077,50.8002730500145,4.03601712594641,24.8308067860008,-1.57561037600772,4.19972694998549
10872,36,55,37.4387122494693,52.9847542394859,4.02883500145625,23.3308067860008,-1.43871224946928,2.01524576051412
10890,36,55,37.096626789645,54.8055615764874,4.7004277764973,21.8308067860008,-1.09662678964503,0.19443842351258
10908,36,55,36.6202440436474,56.3049830414262,5.54807490759449,18.6007587963246,-0.620244043647403,-1.30498304142624
10926,36,55,36.166482540715,57.4811945672259,6.51167233800134,13.0244525752757,-0.166482540714981,-2.48119456722589
10944,36,55,35.7721119205141,57.9867427616921,7.73443262855824,11.3474498533885,0.227888079485908,-2.98674276169206
10962,36,55,35.4955465989736,57.5126279013387,9.34049323461885,11.5448936986605,0.504453401026424,-2.5126279013387
10980,36,55,35.3848425540427,56.8236726805051,10.9310804445546,11.86271119422,0.615157445957287,-1.82367268050508
10998,36,55,35.4783772867059,56.1782425183276,11.2935924394368,12.1972010394811,0.521622713294114,-1.17824251832759
11016,36,55,35.7145570152036,55.549879733721,10.4013991308866,12.2455656595319,0.285442984796433,-0.549879733720985
11034,36,55,36.0843119557332,54.9070444645534,9.40139913088657,11.6383641922088,-0.0843119557331846,0.0929555354466061
11052,36,55,36.5673565570096,54.1420489586428,8.40139913088657,11.2566393614922,-0.567356557009632,0.857951041357182
11070,36,55,37.0467241297369,53.0916361761325,7.40139913088657,11.4329152482391,-1.04672412973694,1.90836382386748
11088,36,55,37.4254332250522,51.8141314062225,6.40139913088657,18.4329152482391,-1.42543322505215,3.18586859377755
11106,36,55,37.7095516508334,50.726441157981,5.40139913088657,25.4329152482391,-1.70955165083338,4.27355884201899
11124,36,55,37.8963076523979,51.1954908337806,4.49560339745255,25.9443190779745,-1.89630765239792,3.80450916621939
11142,36,55,37.9620526908484,52.9805344965005,3.53040577590656,24.4443190779745,-1.96205269084844,2.0194655034995
11160,36,55,37.7850450599298,54.7843392675742,3.54542755748985,22.9443190779745,-1.78504505992976,0.215660732425818
11178,36,55,37.3945401472513,56.2603067578694,4.0685018412435,19.7782534450859,-1.39454014725133,-1.26030675786944
11196,36,55,36.9336521026095,57.4089505485948,4.81049102143492,14.3714891870911,-0.9336521026095,-2.40895054859476
11214,36,55,36.44694920056,57.9237655026472,5.70643274880225,12.7016126312339,-0.446949200560042,-2.92376550264723
11232,36,55,36.0236644207888,57.5510452035743,6.70169341230936,12.5473637764148,-0.0236644207888048,-2.55104520357428
11250,36,55,35.7405292663932,57.0775181762294,8.04156269335511,12.9866024294163,0.259470733606776,-2.0775181762294
11268,36,55,35.6425852375101,56.6799483675623,9.13173925455905,13.292802990784,0.35741476248991,-1.67994836756228
11286,36,55,35.6611817874082,56.3659211525373,9.43851908889794,13.5673192367621,0.338818212591761,-1.36592115253728
11304,36,55,35.7739541027599,56.0592372041243,9.4516441709297,13.997124700629,0.226045897240112,-1.05923720412429
11322,36,55,35.9930862332684,55.7258634984444,8.45616905780753,14.5939201182309,0.00691376673164257,-0.725863498444355
11340,36,55,36.2894732692047,55.375284691267,7.45616905780753,15.4064906538677,-0.289473269204663,-0.375284691266998
11358,36,55,36.5937133217501,54.9894542841234,6.45616905780753,16.5998366046596,-0.593713321750087,0.0105457158765745
11376,36,55,36.8679126589628,54.630032408859,5.45616905780753,18.4432027515365,-0.867912658962766,0.36996759114102
11394,36,55,37.0268226440132,54.4709649114971,4.67209042311321,20.0637985102625,-1.02682264401317,0.529035088502901
11412,36,55,37.0693538701989,54.6559448950963,4.22626851346963,20.0074555223234,-1.06935387019886,0.344055104903745
11430,36,55,36.9912524155287,55.2085759515468,4.18911923201494,18.2943362308759,-0.99125241552872,-0.208575951546806
11448,36,55,36.7880038939162,55.7948305507685,4.8539845605447,16.0893605683556,-0.788003893916226,-0.794830550768459
11466,36,55,36.4942572253174,56.1177071098004,5.70944178768335,14.965702530525,-0.494257225317355,-1.11770710980039
11484,36,55,36.1808968681322,56.1484016897283,6.65456373890286,14.4225428933212,-0.180896868132194,-1.14840168972826
11502,36,55,35.9210141004956,56.0990492907138,7.77396672397749,14.2516405924698,0.0789858995043744,-1.09904929071375
11520,36,55,35.7777630321335,56.0470497775215,8.85197241345196,14.0959655287846,0.222236967866465,-1.04704977752152
11538,36,55,35.7410836757681,56.0031045686153,9.46179048439413,13.9206237747176,0.258916324231869,-1.00310456861527
11556,36,55,35.8044105702046,55.8714928509726,9.55068925092374,14.0185067703926,0.195589429795419,-0.871492850972643
11574,36,55,35.9712425771847,55.6167284592121,8.93303633201559,14.4704660620025,0.0287574228152891,-0.616728459212098
11592,36,55,36.2297124725617,55.2829208027245,7.93303633201559,15.285287538754,-0.229712472561737,-0.282920802724504
11610,36,55,36.532627553422,54.9158733802888,6.93303633201559,16.5780484652003,-0.532627553421982,0.0841266197112134
11628,36,55,36.8224151502603,54.5850878710875,5.93303633201559,18.4149760362975,-0.822415150260291,0.414912128912469
11646,36,55,37.0301372980167,54.434276750391,4.93303633201559,20.0812355036808,-1.03013729801675,0.565723249609007
11664,36,55,37.1195191266109,54.6099010018896,4.36266813199606,20.0864262641273,-1.11951912661085,0.39009899811041
11682,36,55,37.0848400686738,55.1137083727914,4.16666360881476,18.5661822080209,-1.08484006867384,-0.113708372791351
11700,36,55,36.9213428989946,55.6579599392233,4.31983401088706,16.655259719447,-0.921342898994624,-0.657959939223289
11718,36,55,36.6459856580787,55.9793337961579,5.13142821378561,15.5431108581783,-0.645985658078743,-0.97933379615786
11736,36,55,36.3369197858841,56.056757973623,6.03259100448329,14.8660172133555,-0.336919785884106,-1.05675797362302
11754,36,55,36.0585547371042,56.0718543674667,7.01161198350427,14.3954833726185,-0.0585547371042381,-1.07185436746673
11772,36,55,35.849577397073,56.0665507280775,8.27827865017093,14.0711530237684,0.150422602927001,-1.06655072807745
11790,36,55,35.7456724990274,56.0303182230667,9.15338803884452,13.8863239987659,0.254327500972565,-1.03031822306672
11808,36,55,35.7423711522244,55.9438394733369,9.45596793055277,13.8766039890459,0.257628847775628,-0.943839473336936
11826,36,55,35.8412876717434,55.7482486913938,9.40360505583094,14.1650877185636,0.15871232825657,-0.748248691393762
11844,36,55,36.0554442308627,55.4572563324434,8.40360505583094,14.7833831827075,-0.055444230862669,-0.457256332443407
11862,36,55,36.3398403370201,55.1197624192495,7.40360505583094,15.7224040816482,-0.339840337020092,-0.119762419249476
11880,36,55,36.6374530413909,54.7593176789893,6.40360505583094,17.3210900931456,-0.637453041390856,0.240682321010667
11898,36,55,36.9025617524815,54.4810698322514,5.40360505583094,19.2219096974175,-0.902561752481546,0.518930167748636
11916,36,55,37.051692515045,54.4738865538275,4.66126048422562,20.1628595890845,-1.05169251504496,0.526113446172474
11934,36,55,37.0815549619778,54.799531644289,4.23909689583512,19.5053913049841,-1.08155496197782,0.200468355711003
11952,36,55,36.9837567852545,55.3490280608638,4.24276023496874,17.6626613346577,-0.983756785254485,-0.349028060863766
11970,36,55,36.7628957566033,55.8242580241301,4.98600347821199,16.2243390509848,-0.762895756603285,-0.824258024130117
11988,36,55,36.4702181452752,56.0416838366845,5.84653760284107,15.3174953473335,-0.470218145275247,-1.04168383668448
12006,36,55,36.1716258475601,56.117114932848,6.7929098425887,14.620397075841,-0.171625847560136,-1.117114932848
12024,36,55,35.9303181094011,56.1383596760439,7.90627016647534,14.1224985954013,0.0696818905988863,-1.13835967604386
12042,36,55,35.7963746851673,56.1120805368997,8.86293055203847,13.8724728725903,0.203625314832664,-1.11208053689967
12060,36,55,35.7655569082207,56.0260472824296,9.38194442567855,13.8405727717097,0.234443091779269,-1.02604728242962
12078,36,55,35.8384189515255,55.8317757540629,9.40536637204229,14.0815818564758,0.16158104847451,-0.831775754062861
12096,36,55,36.0190532412768,55.5451266200149,8.61887353169179,14.659498079117,-0.019053241276751,-0.545126620014905
12114,36,55,36.2811979017635,55.2091006203706,7.61887353169179,15.5424208579711,-0.281197901763463,-0.209100620370592
12132,36,55,36.5763194144259,54.8634526251358,6.61887353169179,16.9080804848297,-0.576319414425861,0.136547374864193
12150,36,55,36.8483743839202,54.580055689381,5.61887353169179,18.6342556710614,-0.848374383920167,0.419944310618988
12168,36,55,37.0225645211614,54.4967828700426,4.79652226361878,20.0086725216355,-1.02256452116141,0.50321712995742
12186,36,55,37.0781506501201,54.7186551892722,4.29865131700889,19.7676436521328,-1.07815065012008,0.281344810727802
12204,36,55,37.0098128185662,55.2313461615458,4.23518525088135,18.1581267614681,-1.00981281856624,-0.231346161545808
12222,36,55,36.818509009949,55.7449597501099,4.74792212568719,16.5406994343428,-0.81850900994899,-0.744959750109906
12240,36,55,36.5376680415326,56.0322808781412,5.5862454789806,15.4868004329971,-0.537668041532591,-1.03228087814118
12258,36,55,36.2352807554023,56.1344330803062,6.51217140490653,14.7351394142389,-0.235280755402343,-1.13443308030621
12276,36,55,35.9787050724002,56.1609709893543,7.54270575605156,14.1881214220436,0.0212949275998326,-1.16097098935433
12294,36,55,35.814801469578,56.1389854514012,8.71739949661206,13.8842093625544,0.185198530421985,-1.1389854514012
12312,36,55,35.7559932835286,56.0567072344963,9.37249284741455,13.8180272769703,0.244006716471375,-1.05670723449632
12330,36,55,35.8004302342063,55.8860433543423,9.49750586960436,13.9972440333682,0.19956976579369,-0.886043354342263
12348,36,55,35.950098378502,55.6236691435714,9.05883241812165,14.4732437128297,0.0499016214979946,-0.623669143571369
12366,36,55,36.2027130724589,55.3018569867111,8.05883241812165,15.2500987891758,-0.202713072458863,-0.301856986711087
12384,36,55,36.5016203930715,54.9619404341969,7.05883241812165,16.3643816910362,-0.501620393071455,0.0380595658030813
12402,36,55,36.7906693879428,54.6371009194311,6.05883241812165,18.0848117985631,-0.790669387942756,0.36289908056888
12420,36,55,37.0119704782059,54.4508985860352,5.05883241812165,19.8144617698722,-1.01197047820592,0.549101413964763
12438,36,55,37.1155706804608,54.570533155518,4.47231112852676,20.0209640311573,-1.11557068046085,0.429466844482036
12456,36,55,37.0981499148585,55.0165892941255,4.23227912425952,18.669639494993,-1.0981499148585,-0.0165892941254526
12474,36,55,36.9531611883618,55.5424627609328,4.32603889090188,16.8542592831812,-0.953161188361847,-0.542462760932793
12492,36,55,36.6936371995005,55.8779919247782,5.11631244713289,15.7092041755549,-0.693637199500536,-0.877991924778158
12510,36,55,36.3937891656302,55.9832813079959,6.00126819934527,14.9949369867176,-0.39378916563021,-0.983281307995853
12528,36,55,36.116709925518,56.0160170099077,6.96017230893432,14.5009843492544,-0.116709925518023,-1.01601700990766
12546,36,55,35.9022537212824,56.0206727138086,8.1419904907525,14.1463062182441,0.0977462787175725,-1.02067271380859
12564,36,55,35.7919493432579,55.9936978107252,8.99090944552104,13.9367708401694,0.208050656742081,-0.993697810725237
12582,36,55,35.7817514921978,55.9177124995036,9.34002126398289,13.9067015136666,0.21824850780223,-0.917712499503608
12600,36,55,35.8720228353797,55.7309710891748,9.27607446771738,14.1783943691508,0.127977164620297,-0.730971089174759
12618,36,55,36.0712231762487,55.4468506631857,8.30444083818902,14.775902632563,-0.071223176248651,-0.446850663185742
12636,36,55,36.3400001626816,55.1154650934332,7.30444083818902,15.6862948455604,-0.340000162681648,-0.115465093433237
12654,36,55,36.6266193516464,54.7678563154673,6.30444083818902,17.2377189686486,-0.626619351646411,0.232143684532723
12672,36,55,36.8807788453999,54.5016461512767,5.30444083818902,19.0795391203279,-0.880778845399931,0.498353848723283
12690,36,55,37.0220746891925,54.4920032338588,4.60801407434652,19.9890977168913,-1.02207468919248,0.507996766141233
12708,36,55,37.0449598861711,54.8056958228793,4.23296523986287,19.3719399884779,-1.04495988617109,0.194304177120657
12726,36,55,36.9413689740272,55.3375614933252,4.244118692786,17.564384860233,-0.941368974027242,-0.337561493325225
12744,36,55,36.7164628054279,55.8048398247922,4.99754335032025,16.1530788814893,-0.716462805427881,-0.804839824792225
12762,36,55,36.4245049947616,56.0226411039758,5.87103732622386,15.2496056234454,-0.424504994761605,-1.02264110397581
12780,36,55,36.1296051226312,56.1040046187698,6.82813303579482,14.5592058734667,-0.129605122631162,-1.10400461876981
12798,36,55,35.891786797906,56.1264025855853,8.0034318405757,14.0652502828365,0.108213202093964,-1.12640258558534
12816,36,55,35.7616243070335,56.0958305621844,9.05173896623089,13.8186496046846,0.238375692966507,-1.0958305621844
12834,36,55,35.7355259434185,56.0045467335508,9.6237874917265,13.7941910890447,0.264474056581456,-1.00454673355081
12852,36,55,35.814317364659,55.8046718651542,9.65967695218828,14.0669390244944,0.185682635341031,-0.804671865154191
12870,36,55,36.0066348534342,55.5128772830803,8.77468040920602,14.6625034401435,-0.00663485343415005,-0.512877283080329
12888,36,55,36.2880776656022,55.1761865801463,7.77468040920602,15.5637069106165,-0.288077665602174,-0.176186580146322
12906,36,55,36.6061405994127,54.8250745124389,6.77468040920602,16.992679660874,-0.606140599412718,0.17492548756109
12924,36,55,36.8997591536103,54.5276081919622,5.77468040920602,18.8581565528683,-0.899759153610283,0.472391808037827
12942,36,55,37.0863611578648,54.435496473588,4.8461908706563,20.3681382052494,-1.08636115786483,0.564503526411968
12960,36,55,37.1534947311879,54.6721165862656,4.30067798157725,20.1402028752732,-1.15349473118788,0.327883413734419
12978,36,55,37.0948661040256,55.2322109985671,4.19332777892636,18.4084966750718,-1.09486610402557,-0.232210998567112
12996,36,55,36.9090316717037,55.7894229054061,4.6921189545081,16.3263946276611,-0.909031671703666,-0.789422905406056
13014,36,55,36.6218898092598,56.0829291018886,5.51598259087174,15.2662647303219,-0.62188980925977,-1.08292910188864
13032,36,55,36.3093247173636,56.1075833699892,6.42507349996265,14.780161071131,-0.309324717363602,-1.10758336998915
13050,36,55,36.0427488006058,56.0808463395834,7.41047495981667,14.5403824052841,-0.0427488006058212,-1.08084633958342
13068,36,55,35.8765938445418,56.0725339320314,8.48874229575271,14.2160520564339,0.123406155458177,-1.07253393203145
13086,36,55,35.8135298017352,56.0631363515555,9.04684029776187,13.8955416138773,0.186470198264765,-1.06313635155547
13104,36,55,35.8461737813123,55.9526041145826,9.13963336921253,13.9306092814877,0.153826218687712,-0.952604114582641
13122,36,55,35.9741001946777,55.699602793573,8.76979899069508,14.3525172430472,0.0258998053222825,-0.699602793573021
13140,36,55,36.1979330688451,55.3629331263098,7.76979899069508,15.1497897319012,-0.197933068845145,-0.362933126309798
13158,36,55,36.4658956511537,55.0074165966762,6.76979899069508,16.2226057494328,-0.465895651153708,-0.0074165966762223
13176,36,55,36.7258535229323,54.6853877971912,5.76979899069508,17.849084973563,-0.725853522932283,0.314612202808839
13194,36,55,36.9255116379255,54.5086527715523,4.79017875825115,19.4478808595067,-0.925511637925496,0.491347228447694
13212,36,55,37.007758755701,54.6264240788674,4.27685394755197,19.5855235113056,-1.00775875570096,0.373575921132598
13230,36,55,36.9705550530567,55.0413659360889,4.14565357927023,18.3511500493507,-0.970555053056714,-0.0413659360888659
13248,36,55,36.8085508750413,55.530301266061,4.33287955391178,16.8819539432656,-0.808550875041306,-0.530301266061002
13266,36,55,36.5373942831549,55.8631196196886,5.16621288724511,15.761334849583,-0.537394283154924,-0.863119619688575
13284,36,55,36.2341743179355,56.0296615436362,6.09500545690455,14.9605207832745,-0.23417431793554,-1.0296615436362
13302,36,55,35.9604834024206,56.1199335092958,7.15339961748849,14.2368927302966,0.0395165975794498,-1.11993350929579
13320,36,55,35.7508109629343,56.148609682674,8.57893153238211,13.6937330930927,0.249189037065683,-1.14860968267404
13338,36,55,35.6489561399475,56.0846030052525,9.65048767001754,13.5623342428326,0.351043860052528,-1.08460300525249
13356,36,55,35.6538051165206,55.9296376985429,10.0603685313139,13.6878941224126,0.346194883479399,-0.929637698542905
13374,36,55,35.7740720637195,55.6803586223046,10.0467054625886,14.117173153783,0.225927936280499,-0.680358622304595
13392,36,55,36.0278250393542,55.3630450114719,9.04670546258862,14.8619935052124,-0.0278250393542194,-0.363045011471911
13410,36,55,36.3662775526647,55.0179461454427,8.04670546258862,15.8978105505542,-0.366277552664663,-0.0179461454427496
13428,36,55,36.7224248604024,54.6519635762657,7.04670546258862,17.7313047167091,-0.722424860402356,0.348036423734307
13446,36,55,37.044394530751,54.3601827101649,6.04670546258862,19.8509002259057,-1.04439453075096,0.639817289835094
13464,36,55,37.2460202268249,54.3647707636873,5.06586520404753,20.8470838404151,-1.24602022682487,0.635229236312682
13482,36,55,37.3244554457041,54.7283959840634,4.43376216259283,20.213452646264,-1.3244554457041,0.27160401593656
13500,36,55,37.2689859219011,55.316399860789,4.27774865694607,18.4013682416182,-1.2689859219011,-0.316399860789019
13518,36,55,37.0827558149455,55.8263174120436,4.75216659313463,16.7824247993774,-1.08275581494549,-0.826317412043622
13536,36,55,36.801159826647,56.0714577777817,5.52994437091241,15.8075666160312,-0.801159826646959,-1.07145777778172
13554,36,55,36.4942981505157,56.1338327370547,6.39345412021603,15.1658308385731,-0.494298150515689,-1.13383273705466
13572,36,55,36.2293491278757,56.1575057394161,7.31218203541038,14.6600124864457,-0.229349127875722,-1.1575057394161
13590,36,55,36.0534692174485,56.1721387922589,8.04150064345372,14.1950277596666,-0.0534692174485087,-1.17213879225893
13608,36,55,35.9757828449629,56.1410409098247,8.30195122295626,13.9346702847209,0.0242171550371424,-1.14104090982471
13626,36,55,35.9936351035371,55.9914999285601,8.27016819509314,14.0466843413868,0.00636489646290528,-0.991499928560053
13644,36,55,36.1035298142875,55.7218698111677,7.90391942766111,14.5079002743008,-0.10352981428754,-0.721869811167728
13662,36,55,36.2805209110892,55.3918234992382,7.07860031592829,15.2631559192528,-0.280520911089241,-0.391823499238235
13680,36,55,36.4759397305754,55.0585400851246,6.10250125660788,16.2124673754497,-0.475939730575391,-0.0585400851245907
13698,36,55,36.6538784632522,54.792888870758,5.24732584344464,17.5022542561583,-0.653878463252155,0.207111129242037
13716,36,55,36.7756220962502,54.6873520726638,4.66743299755747,18.5681853888213,-0.77562209625021,0.312647927336187
13734,36,55,36.798150288915,54.8274092742809,4.38168469418802,18.3977574461301,-0.798150288915011,0.17259072571909
13752,36,55,36.709686249387,55.1717456168791,4.4191637355136,17.3470972719565,-0.709686249386998,-0.171745616879093
13770,36,55,36.5215392329203,55.5320779826407,4.98459710310524,16.1935367471607,-0.521539232920269,-0.532077982640658
13788,36,55,36.2705784500005,55.7863217616446,5.88712417891751,15.2633748807575,-0.2705784500005,-0.786321761644615
13806,36,55,36.0119641898,55.9281089738336,6.88329276129299,14.5345575322218,-0.0119641897999827,-0.928108973833645
13824,36,55,35.7942967619162,55.9818120775072,8.23184047913532,13.9790192961025,0.205703238083778,-0.981812077507186
13842,36,55,35.6637558988645,55.9565294506262,9.49206302907499,13.7794023992379,0.336244101135506,-0.956529450626164
13860,36,55,35.6408186692604,55.85305885594,10.1094104928058,13.8152142675563,0.359181330739645,-0.853058855940006
13878,36,55,35.7286696037958,55.6725066058994,10.2168218784127,14.0825855113452,0.271330396204156,-0.672506605899429
13896,36,55,35.9473311341832,55.4090975080853,9.23904410063492,14.6470669960089,0.0526688658168055,-0.409097508085253
13914,36,55,36.2712074497192,55.0903914529533,8.23904410063492,15.547733083469,-0.271207449719213,-0.0903914529532841
13932,36,55,36.6337899724472,54.726743777032,7.23904410063492,17.2049223604796,-0.633789972447175,0.27325622296803
13950,36,55,36.9756976569871,54.3903086680657,6.23904410063492,19.398024699896,-0.975697656987052,0.609691331934329
13968,36,55,37.2020824545381,54.2958932762048,5.23904410063492,21.2161076957924,-1.20208245453806,0.704106723795164
13986,36,55,37.3072573916045,54.5808989477584,4.56849294961763,21.0003357975134,-1.30725739160447,0.419101052241636
14004,36,55,37.2805216864887,55.2445445035809,4.3021524142188,19.2594379053699,-1.2805216864887,-0.244544503580855
14022,36,55,37.1182476956394,55.8960190518419,4.42940395056124,17.0314431998769,-1.11824769563936,-0.89601905184194
14040,36,55,36.8414396895153,56.2664282316337,5.19863471979201,15.821409481426,-0.841439689515269,-1.26642823163366
14058,36,55,36.5273419127748,56.3281733685199,6.05262921015014,15.1071013595826,-0.527341912774752,-1.32817336851991
14076,36,55,36.2434212676446,56.3088633188179,6.97368184172909,14.7392404029232,-0.243421267644635,-1.3088633188179
14094,36,55,36.0329288238298,56.2785908314378,7.95959733468683,14.4295167663042,-0.032928823829792,-1.27859083143784
14112,36,55,35.9255860024868,56.2480874438102,8.47543054861433,14.1305343555618,0.074413997513183,-1.24808744381016
14130,36,55,35.9149478983715,56.1711756953716,8.67425746977945,14.0351653376049,0.0850521016284773,-1.17117569537157
14148,36,55,35.9971389448295,55.9678844299381,8.46622491957601,14.2578038562302,0.00286105517049862,-0.967884429938096
14166,36,55,36.1683376890606,55.6603269726489,7.73491106404635,14.8369635998808,-0.16833768906065,-0.660326972648875
14184,36,55,36.3829039903312,55.3041727313367,6.73491106404635,15.7209711005505,-0.382903990331187,-0.304172731336678
14202,36,55,36.6044921120768,54.9559592594034,5.73491106404635,16.8647844680079,-0.604492112076784,0.0440407405966141
14220,36,55,36.7872547005231,54.7232681711513,4.87408632177831,18.1904432502725,-0.787254700523143,0.27673182884871
14238,36,55,36.8795231924874,54.6917098783155,4.38235880537199,19.065678902527,-0.879523192487376,0.308290121684522
14256,36,55,36.8563213197311,54.9212765028292,4.22175532562992,18.5055471068104,-0.856321319731137,0.0787234971708486
14274,36,55,36.7182242197592,55.3524998938558,4.37845540628438,17.1896422028715,-0.718224219759151,-0.352499893855821
14292,36,55,36.4827292101606,55.7490044941775,5.21178873961771,15.9295605898134,-0.482729210160578,-0.749004494177498
14310,36,55,36.1993879769969,55.9972178349935,6.14512207295104,14.9652059930565,-0.19938797699691,-0.997217834993492
14328,36,55,35.9290750205065,56.1186042247554,7.24620510544202,14.1801564203202,0.0709249794934763,-1.1186042247554
14346,36,55,35.7178324052416,56.1389152845579,8.71679334073614,13.6822579398805,0.282167594758377,-1.1389152845579
14364,36,55,35.6177293476836,56.0595507230745,9.84368616853282,13.6160758542963,0.382270652316357,-1.05955072307451
14382,36,55,35.6284042333956,55.9037274277692,10.2204759198516,13.7704989736433,0.371595766604415,-0.903727427769212
14400,36,55,35.7593418796429,55.6659584569641,10.1921432948339,14.1798372495326,0.240658120357054,-0.665958456964063
14418,36,55,36.0266979702248,55.3626154653692,9.19214329483388,14.8722054635373,-0.0266979702248094,-0.362615465369245
14436,36,55,36.3812655506619,55.0195042048397,8.19214329483388,15.8782576512543,-0.381265550661894,-0.0195042048397056
14454,36,55,36.7497099094473,54.6378983931543,7.19214329483388,17.756044171055,-0.749709909447276,0.362101606845698
14472,36,55,37.0829436471684,54.3185064023624,6.19214329483388,20.0077935224191,-1.08294364716843,0.681493597637619
14490,36,55,37.2965669837034,54.3099973279334,5.19214329483388,21.2062321762856,-1.29656698370345,0.690002672066612
14508,36,55,37.3870742477265,54.6908889732163,4.51550738434496,20.5780624102922,-1.3870742477265,0.309111026783739
14526,36,55,37.3421506640439,55.3294724063051,4.26745355138547,18.7573627018373,-1.34215066404394,-0.329472406305058
14544,36,55,37.1630313192834,55.884959780241,4.59594559483079,16.669039215212,-1.16303131928337,-0.884959780241005
14562,36,55,36.8826474139304,56.1580405267817,5.3567826650849,15.6402804202124,-0.882647413930385,-1.15804052678175
14580,36,55,36.5725003956221,56.1608248491202,6.20146931358626,15.2294085937301,-0.572500395622129,-1.16082484912019
14598,36,55,36.2967919913719,56.1275386249306,7.10469512003787,14.9725045114658,-0.296791991371862,-1.12753862493057
14616,36,55,36.1073161002937,56.1419675594423,7.86012875582601,14.5197508229874,-0.10731610029373,-1.14196755944232
14634,36,55,36.0151931395908,56.1668576506108,8.09864345971543,14.0099553905813,-0.0151931395908491,-1.16685765061077
14652,36,55,36.0123494451228,56.0852476351321,8.09460672543346,13.9358855208421,-0.0123494451227799,-1.0852476351321
14670,36,55,36.0966006216615,55.836211844071,7.84457547152673,14.3086679147338,-0.0966006216614517,-0.83621184407103
14688,36,55,36.2512440811983,55.4945178255902,7.22909616701834,15.0386620614016,-0.251244081198259,-0.494517825590179
14706,36,55,36.4287440698767,55.1386803710297,6.38719080224543,16.0217096984885,-0.428744069876743,-0.13868037102965
14724,36,55,36.5964756347776,54.8478678156073,5.59256140095758,17.2388056509368,-0.596475634777619,0.15213218439267
14742,36,55,36.7216522543638,54.7274673429634,4.98224844851299,18.2461167801001,-0.721652254363789,0.272532657036649
14760,36,55,36.7663696176969,54.8386565467155,4.64421421447273,18.1464833559061,-0.766369617696924,0.161343453284523
14778,36,55,36.7104207307767,55.1344127085061,4.62279051206743,17.2167371823154,-0.71042073077669,-0.13441270850614
14796,36,55,36.5597414693634,55.4374619443133,4.86571595463107,16.2268570904709,-0.559741469363388,-0.437461944313348
14814,36,55,36.3427216205769,55.6417677314655,5.73185768691453,15.4433552193028,-0.342721620576938,-0.641767731465478
14832,36,55,36.1102309061511,55.7572284334739,6.68621453338756,14.8110748256773,-0.110230906151145,-0.757228433473884
14850,36,55,35.9068566230317,55.8144853987346,7.93310999511707,14.2783422521284,0.0931433769683281,-0.814485398734561
14868,36,55,35.7598078639012,55.8145549457177,9.14072727333351,14.0036410787541,0.240192136098784,-0.81455494571766
14886,36,55,35.7145766161075,55.7428642553051,9.84473389927823,13.9934822052603,0.285423383892464,-0.742864255305079
14904,36,55,35.7746596808587,55.61690689284,9.96536116103939,14.1569568426511,0.225340319141324,-0.616906892840049
14922,36,55,35.9574958367312,55.4058950332325,9.29295099083556,14.5925612760217,0.0425041632687737,-0.405895033232525
14940,36,55,36.2449748132341,55.1211716508955,8.29295099083556,15.3598100593025,-0.24497481323413,-0.121171650895498
14958,36,55,36.5808307102352,54.7781504563364,7.29295099083556,16.8636247481526,-0.580830710235233,0.221849543663637
14976,36,55,36.9034724322192,54.4450297067462,6.29295099083556,18.9375652350777,-0.903472432219203,0.55497029325376
14994,36,55,37.1390480993158,54.3173724275021,5.29295099083556,20.7411661470991,-1.1390480993158,0.68262757249795
15012,36,55,37.2558830726189,54.5494480796989,4.62864388492758,20.6903143800002,-1.2558830726189,0.450551920301066
15030,36,55,37.2433958852802,55.1299872706996,4.287275416594,19.0543698985856,-1.24339588528015,-0.129987270699615
15048,36,55,37.0968982719435,55.7297309380575,4.36809166065906,16.9112839402301,-1.09689827194349,-0.729730938057536
15066,36,55,36.8349840732655,56.0729432795235,5.12610915337043,15.7562185259396,-0.834984073265545,-1.07294327952354
15084,36,55,36.5314347848907,56.1255838110315,5.97596751031094,15.1472024189408,-0.531434784890678,-1.12558381103148
15102,36,55,36.248757718675,56.1095179197358,6.89400029719619,14.8542525316138,-0.248757718674995,-1.10951791973576
15120,36,55,36.0337465124788,56.1011134962967,7.87991579015393,14.5183940399916,-0.033746512478757,-1.10111349629673
15138,36,55,35.9197742194887,56.111654920707,8.42130345221405,14.077761682104,0.0802257805113129,-1.11165492070695
15156,36,55,35.9002411594416,56.0717293265116,8.66622640353562,13.8801668988684,0.099758840558394,-1.07172932651163
15174,36,55,35.9723417613014,55.8776602760889,8.52905219228733,14.1065150015387,0.0276582386985851,-0.877660276088889
15192,36,55,36.1349949964989,55.5618767081092,7.8785888245657,14.7536266936704,-0.134994996498918,-0.561876708109224
15210,36,55,36.3468378449815,55.2014970381852,6.8785888245657,15.6981585947724,-0.346837844981451,-0.201497038185195
15228,36,55,36.5722011535535,54.8634406899023,5.8785888245657,17.0354064402123,-0.572201153553543,0.136559310097709
15246,36,55,36.7649924519437,54.65246594523,4.9575695146575,18.4478110371068,-0.764992451943712,0.347534054770009
15264,36,55,36.8721602776048,54.6706861142809,4.39955792216315,18.8358793834722,-0.872160277604763,0.329313885719095
15282,36,55,36.8617917782375,54.939528122999,4.20515966151601,18.1268257649548,-0.861791778237517,0.0604718770010493
15300,36,55,36.7317452747157,55.304803515682,4.33155948411275,16.9749372034761,-0.731745274715749,-0.304803515682003
15318,36,55,36.4981299745663,55.6157048033359,5.15298805554132,15.9315843707171,-0.498129974566304,-0.615704803335888
15336,36,55,36.2203595673412,55.8186896065635,6.08014037342212,15.1092332900634,-0.220359567341205,-0.818689606563453
15354,36,55,35.9545594324225,55.9466277209218,7.15286764614939,14.3837376606707,0.0454405675774581,-0.946627720921839
15372,36,55,35.7412919229271,56.0081813466149,8.59354561225109,13.7838643307555,0.258708077072889,-1.00818134661488
15390,36,55,35.6337432995592,55.9800231477947,9.76728323298712,13.5776440254686,0.366256700440822,-0.980023147794697
15408,36,55,35.6336968559929,55.8542480667435,10.2018744971526,13.6801834588433,0.366303144007105,-0.854248066743544
15426,36,55,35.7509042975162,55.6205204747674,10.2153898370634,14.08406197475,0.249095702483757,-0.620520474767375
15444,36,55,36.0053941030382,55.3131376275301,9.21538983706339,14.8287901534136,-0.00539410303824894,-0.313137627530054
15462,36,55,36.3547688587079,54.970818616929,8.21538983706339,15.9198070523166,-0.354768858707885,0.0291813830710055
15480,36,55,36.7243427204597,54.6062603475428,7.21538983706339,17.7988623339154,-0.724342720459688,0.393739652457171
15498,36,55,37.0620463254172,54.3132089634068,6.21538983706339,19.994959206711,-1.06204632541721,0.686791036593242
15516,36,55,37.2787850071117,54.3198632318684,5.21538983706339,20.9662693868564,-1.27878500711169,0.680136768131554
15534,36,55,37.370734345306,54.6929958611609,4.54724777783692,20.3647923871234,-1.37073434530596,0.307004138839055
15552,36,55,37.3273723215276,55.2838687588273,4.30280041287437,18.587789059486,-1.32737232152762,-0.283868758827282
15570,36,55,37.1513881833773,55.8014103524951,4.63212429233753,16.8612198713889,-1.15138818337731,-0.801410352495139
15588,36,55,36.8782650241292,56.0557652743302,5.38631423647161,15.8878369091022,-0.878265024129213,-1.05576527433018
15606,36,55,36.5751392194571,56.1062350977686,6.22430306328725,15.2860686801831,-0.575139219457085,-1.10623509776856
15624,36,55,36.3047417585001,56.1213459603199,7.12430306328725,14.7960446804697,-0.304741758500072,-1.12134596031985
15642,36,55,36.1135192491733,56.1394263581133,7.87973669907539,14.2981462000299,-0.113519249173308,-1.13942635811325
15660,36,55,36.0186990901579,56.1245642894255,8.11825140296481,13.9545447477711,-0.0186990901578952,-1.12456428942545
15678,36,55,36.0169411851402,56.0021853112216,8.11022652584574,14.0004666295478,-0.0169411851402046,-1.00218531122161
15696,36,55,36.1064430546689,55.7486069981836,7.82078344534438,14.4043438508725,-0.106443054668887,-0.748606998183611
15714,36,55,36.2664956316503,55.4253448100666,7.13914624196805,15.1134487233019,-0.266495631650344,-0.425344810066647
15732,36,55,36.4457043010577,55.0915947663503,6.29526438542796,16.0430751351177,-0.445704301057745,-0.0915947663503047
15750,36,55,36.6120529420371,54.8158389445134,5.49951564581766,17.2969234418627,-0.612052942037067,0.184161055486648
15768,36,55,36.7315083333498,54.7003915468765,4.9286389423087,18.3684476850987,-0.731508333349751,0.299608453123518
15786,36,55,36.7658287975294,54.8243695349975,4.62039279538554,18.2676920175924,-0.765828797529416,0.175630465002456
15804,36,55,36.7006089415078,55.14790251727,4.62039279538554,17.2770325214135,-0.700608941507753,-0.147902517269998
15822,36,55,36.5404721962481,55.4839488201226,4.90847541530672,16.1796250207843,-0.540472196248089,-0.483948820122606
15840,36,55,36.3167230495394,55.7075788359991,5.7814912883226,15.3337647512929,-0.316723049539448,-0.707578835999051
15858,36,55,36.0806525084876,55.8211813294625,6.74923322380647,14.6888396787192,-0.0806525084876384,-0.821181329462526
15876,36,55,35.87751500135,55.8613514171593,8.04629270253224,14.2123910388621,0.122484998650009,-0.86135141715932
15894,36,55,35.736653899486,55.8407453527604,9.2160543635938,14.0140234389034,0.263346100514028,-0.840745352760422
15912,36,55,35.6992607379831,55.7587128236864,9.89612237039448,14.0239361519579,0.30073926201689,-0.758712823686366
15930,36,55,35.7685767126407,55.6310844228222,9.99817475728642,14.1844921069064,0.231423287359334,-0.631084422822184
15948,36,55,35.9627785005807,55.4196731354056,9.23567195396729,14.6160359034643,0.0372214994193314,-0.419673135405567
15966,36,55,36.2564018395316,55.1316572883194,8.23567195396729,15.4060349528036,-0.256401839531591,-0.131657288319388
15984,36,55,36.5956966815724,54.7783065844666,7.23567195396729,16.9374257056301,-0.595696681572434,0.221693415533423
16002,36,55,36.919291752519,54.442992590011,6.23567195396729,19.0519775481009,-0.91929175251903,0.557007409989041
16020,36,55,37.1484258091569,54.3223391615018,5.23567195396729,20.8319917001569,-1.14842580915695,0.677660838498156
16038,36,55,37.2585607512397,54.5698290938141,4.58400983889054,20.7057010610239,-1.2585607512397,0.430170906185936
16056,36,55,37.2390174588588,55.1698745163961,4.29018302719397,19.0305910319949,-1.23901745885879,-0.169874516396114
16074,36,55,37.0850490697883,55.7757652405963,4.37573145371398,16.8560627301081,-1.08504906978825,-0.775765240596286
16092,36,55,36.8167279512696,56.1174611553033,5.14277690825944,15.7001727841312,-0.81672795126957,-1.1174611553033
16110,36,55,36.5100547757411,56.1636714522175,6.00150267003229,15.0802155178111,-0.510054775741054,-1.16367145221753
16128,36,55,36.2291117544912,56.1418518996114,6.92559507927322,14.7763034583219,-0.229111754491157,-1.14185189961137
16146,36,55,36.0168178446522,56.1249360920272,7.91616111700907,14.4797099848111,-0.0168178446521807,-1.12493609202719
16164,36,55,35.9063058104371,56.1208568050613,8.48281361736322,14.0851393986029,0.0936941895629033,-1.12085680506134
16182,36,55,35.8910988703407,56.0738656096348,8.7470681147715,13.9233964847082,0.108901129659252,-1.0738656096348
