Tempo,Ref_T,Ref_U,Saida_T,Saida_U,Controle_T,Controle_U,Erro_T,Erro_U
0,30,50,22,50,0,0,0,0
18,30,50,22,50,0,0,0,0
36,30,50,22,50,0,0,0,0
54,30,50,22,50,0,0,0,0
72,30,50,22,50,0,0,0,0
90,30,50,22,50,0,0,0,0
108,30,50,22,50,0,0,0,0
126,30,50,22,50,0,0.00548409612124838,8,0
144,30,50,22,50.0001288547586,4.96527054247413,0.0109681922424968,8,-0.00012885475864266
162,30,50,22,50.0013553678932,9.93054108494825,0.0164522883637451,8,-0.00135536789319701
180,30,50,21.9999879310771,50.0035753884124,14.8958116274224,0.0219363844849935,8.00001206892293,-0.00357538841235083
198,30,50,21.9998711600819,50.0066946476609,19.8610821698965,0.0159715768500397,8.00012883991807,-0.00669464766089334
216,30,50,22.4067740412391,50.0103588172839,21.6094117912774,0.010006769215086,7.59322595876091,-0.0103588172839082
234,30,50,23.2874803697953,50.0124681409649,21.9066611257938,0.0040419615801322,6.71251963020472,-0.012468140964863
252,30,50,24.62653702902,49.3427506907501,20.9836201536797,0.365621200443966,5.37346297098003,0.657249309249877
270,30,50,26.4091646496713,47.9931935699458,19.9836201536797,1.05519627900661,3.59083535032875,2.0068064300542
288,30,50,28.3570987094458,46.0591042868868,18.9836201536797,8.05519627900661,1.64290129055416,3.94089571311318
306,30,50,30.2932637315666,43.7616358332555,17.7294849800572,15.0551962790066,-0.293263731566601,6.23836416674451
324,30,50,32.0876255983324,42.6585725838612,12.7294849800572,22.0551962790066,-2.08762559833243,7.34142741613883
342,30,50,33.69959375727,42.8460067476286,7.72948498005721,26.3561792894049,-3.69959375726997,7.15399325237136
360,30,50,35.0272442979041,44.3166445524179,2.72948498005721,25.0603497064466,-5.02724429790407,5.68335544758214
378,30,50,36.0632162014612,46.3676522166696,0,23.5603497064466,-6.06321620146123,3.63234778333043
396,30,50,36.5156633368344,47.9526920548498,0,22.0603497064466,-6.51566333683435,2.04730794515022
414,30,50,36.4050048916405,49.1274617505595,0,20.5603497064466,-6.40500489164047,0.872538249440531
432,30,50,35.8468289402323,50.4540222749245,0.536160714285714,18.5336979349816,-5.84682894023226,-0.454022274924498
450,30,50,35.0436928955059,51.9812407890402,3.51284722222222,14.0740566793762,-5.0436928955059,-1.98124078904017
468,30,50,34.2623092351588,53.5853813346831,6.31362730023002,7.0740566793762,-4.26230923515882,-3.58538133468309
486,30,50,33.5455481711609,54.5028073356544,8.51434737223722,0.953044578166079,-3.54554817116089,-4.50280733565437
504,30,50,32.9480513143695,54.0032586320451,9.78064277788208,0.987519886808054,-2.94805131436952,-4.00325863204515
522,30,50,32.7198187722915,52.5015877435226,9.78064277788208,4.4890951230935,-2.7198187722915,-2.50158774352259
540,30,50,32.9118042548827,51.2016186680162,8.78064277788208,1.48957137026578,-2.9118042548827,-1.20161866801621
558,30,50,33.4253703186462,50.2120576602816,7.66677788622367,0,-3.42537031864622,-0.212057660281587
576,30,50,34.0480708923949,48.3542313864831,5.70628183661871,0,-4.04807089239485,1.64576861351692
594,30,50,34.6132861278066,46.0727580082993,4.14582579101415,7,-4.61328612780665,3.92724199170069
612,30,50,35.1298550657692,43.9502987373174,2.93861331538063,14,-5.12985506576923,6.04970126268256
630,30,50,35.5433512039822,43.3916747633395,1.93861331538063,21,-5.54335120398218,6.60832523666054
648,30,50,35.7445734728635,44.3942555908862,0.938613315380626,19.7032286817867,-5.74457347286348,5.60574440911383
666,30,50,35.6411606156469,46.6479582623005,0.180159209100433,18.2032286817867,-5.64116061564694,3.35204173769948
684,30,50,35.2829875951008,48.6712445256545,0.142661715617377,16.7032286817867,-5.28298759510078,1.32875547434548
702,30,50,34.7235405743687,50.4199386396632,0.743221771622977,14.7137700526946,-4.7235405743687,-0.419938639663187
720,30,50,34.1178695665446,51.8719685027272,1.84383183262908,10.4731740585568,-4.11786956654457,-1.87196850272723
738,30,50,33.489419553334,52.8948690438797,3.20120580194335,3.80042361108708,-3.489419553334,-2.89486904387967
756,30,50,32.9016652517685,53.0762146000692,4.38591833976732,2.30042361108708,-2.90166525176853,-3.07621460006925
774,30,50,32.4292090465286,52.1576474481292,4.38591833976732,3.56498977686507,-2.42920904652858,-2.15764744812923
792,30,50,32.1616311134809,51.1402523120774,4.38591833976732,0.329584658336945,-2.16163111348085,-1.14025231207744
810,30,50,32.1484816970473,50.3297504872245,3.43036278421176,0,-2.14848169704725,-0.329750487224459
828,30,50,32.2735632279347,48.8909425369282,2.43036278421176,0,-2.27356322793472,1.10905746307179
846,30,50,32.394788168796,47.3617757452644,1.43036278421176,4.40916808149406,-2.39478816879603,2.63822425473563
864,30,50,32.5641700552779,45.9219924209303,0.430362784211761,11.4091680814941,-2.56417005527788,4.07800757906968
882,30,50,32.6500403318325,45.5630802798511,0,18.4091680814941,-2.65004033183251,4.43691972014889
900,30,50,32.6209148472973,46.6546149665769,0,16.9091680814941,-2.62091484729726,3.34538503342307
918,30,50,32.3996659887718,48.9882847257973,0,15.4091680814941,-2.3996659887718,1.01171527420274
936,30,50,31.9515904579975,50.9471777609709,0.0600144613159797,12.7124661690613,-1.9515904579975,-0.947177760970902
954,30,50,31.3538532643453,52.5476739211939,0.38651431057736,6.96182213208604,-1.35385326434527,-2.54767392119393
972,30,50,30.8040671652882,53.5462798732478,1.01134505737457,0,-0.804067165288245,-3.54627987324781
990,30,50,30.3089088715167,53.3564821299247,1.9327191031761,0,-0.308908871516699,-3.35648212992471
1008,30,50,29.8972894780586,51.9784146318481,3.02795719841419,0.533632286995516,0.102710521941361,-1.97841463184812
1026,30,50,29.6418793129436,50.7784137931428,4.51444368490068,0,0.35812068705642,-0.778413793142782
1044,30,50,29.56794737192,49.8007225345493,5.55405279187645,0,0.432052628079965,0.199277465450749
1062,30,50,29.575311766114,48.8078096566637,5.99173744008742,0,0.424688233885952,1.19219034333626
1080,30,50,29.6740091848935,47.8504001399775,6.14800622239298,1.95417223601298,0.325990815106508,2.14959986002254
1098,30,50,29.9135260958128,46.9223502362506,5.18415080070624,8.95417223601298,0.0864739041871978,3.07764976374942
1116,30,50,30.249849028894,46.4544715391151,4.18415080070624,15.954172236013,-0.24984902889398,3.54552846088494
1134,30,50,30.6192481489867,47.2414886637462,3.18415080070624,15.0106409528741,-0.619248148986653,2.75851133625382
1152,30,50,30.9438831366245,49.0218815002009,2.18415080070624,13.5106409528741,-0.943883136624457,0.978118499799074
1170,30,50,31.0446803134294,50.3429879746122,1.62527590411648,11.6188401357494,-1.04468031342944,-0.3429879746122
1188,30,50,30.9297977475287,51.1787905560189,1.65790859439386,9.19061434852141,-0.929797747528696,-1.17879055601888
1206,30,50,30.7457810006085,51.6453061826415,2.02434984545049,7.79048097072881,-0.745781000608467,-1.6453061826415
1224,30,50,30.5042399395003,51.728171810067,2.85193605234704,6.87332211281652,-0.504239939500273,-1.728171810067
1242,30,50,30.2498244251201,51.6686610676362,3.76102696143795,6.55776029481344,-0.249824425120138,-1.66866106763622
1260,30,50,30.044022664482,51.5898564892391,4.74233537265291,6.34384207114704,-0.0440226644820427,-1.58985648923912
1278,30,50,29.9020352135475,51.5527768178845,5.51665381111072,5.98191599498521,0.097964786452529,-1.55277681788449
1296,30,50,29.8545611186763,51.4896160896809,5.95626255932481,5.72548932148903,0.145438881323731,-1.48961608968088
1314,30,50,29.9016592686359,51.3285923451803,5.95626255932481,5.78299458688885,0.0983407313640647,-1.32859234518035
1332,30,50,30.0459307277351,51.0367349093335,5.45617921210027,6.17709021511118,-0.045930727735076,-1.03673490933355
1350,30,50,30.2705964643269,50.6683774079922,4.45617921210027,6.89402372721781,-0.270596464326864,-0.668377407992153
1368,30,50,30.5396070205889,50.27998824038,3.45617921210027,7.87073026557558,-0.539607020588868,-0.279988240379978
1386,30,50,30.8039184226576,49.9561318548371,2.45617921210027,8.92595223624198,-0.803918422657617,0.0438681451629463
1404,30,50,31.0092798433789,49.7792154042301,1.45617921210027,9.98854990146857,-1.00927984337891,0.220784595769885
1422,30,50,31.1028196770315,49.8080139268352,0.893017740112702,10.1526422655796,-1.10281967703151,0.191986073164841
1440,30,50,31.0760301962076,50.0746601961069,0.697013216931398,9.32376786145466,-1.07603019620761,-0.074660196106926
1458,30,50,30.9321015000352,50.4488068525782,0.795763085615083,8.15417721817981,-0.932101500035234,-0.448806852578194
1476,30,50,30.6773281972155,50.7476731307792,1.58192660762766,7.11563579191625,-0.677328197215509,-0.747673130779184
1494,30,50,30.3691563267734,50.9296221641862,2.47529836555273,6.31528591218741,-0.369156326773432,-0.929622164186213
1512,30,50,30.0640740218304,51.0435793060399,3.45631102378058,5.57531125024362,-0.0640740218303577,-1.04357930603992
1530,30,50,29.7969614213392,51.0895447384345,4.7321730927461,4.98075424420638,0.20303857866077,-1.08954473843445
1548,30,50,29.6241810176529,51.0397643108064,6.44583565700844,4.82810167015732,0.375818982347134,-1.03976431080638
1566,30,50,29.5577159573904,50.8981781367298,7.50184559592552,4.94005032304186,0.442284042609639,-0.898178136729783
1584,30,50,29.601209931585,50.6620867949318,7.8095674922617,5.35305768121894,0.398790068415011,-0.662086794931795
1602,30,50,29.7728321819624,50.3676071598301,7.62053157543751,6.01426510346826,0.227167818037625,-0.367607159830058
1620,30,50,30.1006947061005,50.0588942966488,6.62053157543751,6.90497708706041,-0.100694706100512,-0.0588942966488304
1638,30,50,30.5276888151493,49.7376830768884,5.62053157543751,8.43410110191683,-0.527688815149276,0.262316923111584
1656,30,50,30.9731299266293,49.3886660785843,4.62053157543751,10.6513211356816,-0.973129926629319,0.611333921415707
1674,30,50,31.3792404511567,49.2156504178633,3.62053157543751,12.7048313117621,-1.37924045115666,0.784349582136741
1692,30,50,31.6679698585697,49.4185505454435,2.62053157543751,12.8769232023376,-1.66796985856966,0.581449454556456
1710,30,50,31.818306571203,49.9592009619329,1.74373289104666,11.3887353885764,-1.81830657120302,0.040799038067064
1728,30,50,31.8243849544715,50.5460278873794,0.925753543000497,9.39147511460383,-1.82438495447146,-0.546027887379402
1746,30,50,31.6991165170951,50.881637162495,0.714484372073625,8.24642000697752,-1.69911651709513,-0.881637162494997
1764,30,50,31.4834607873161,50.9285161378755,1.18201450339221,7.7082659034363,-1.48346078731609,-0.928516137875462
1782,30,50,31.2196493353847,50.8901437577907,1.79709574649049,7.56708717308448,-1.21964933538467,-0.890143757790653
1800,30,50,30.9217225803065,50.9015702794409,2.54291699251894,7.20835252801436,-0.921722580306508,-0.901570279440904
1818,30,50,30.6243589165658,51.0161074384758,3.3716462742869,6.47692928086784,-0.624358916565825,-1.01610743847583
1836,30,50,30.3810745762939,51.1748426011092,4.23495562680489,5.6313752355141,-0.381074576293852,-1.17484260110917
1854,30,50,30.2065685003193,51.228505571424,4.75420985227971,4.98556000238348,-0.206568500319271,-1.22850557142402
1872,30,50,30.1161393341825,51.0762722765622,4.9547497674359,5.07740343120483,-0.116139334182538,-1.07627227656224
1890,30,50,30.1223281329712,50.7608119879133,4.89099839777757,5.63879617604722,-0.122328132971226,-0.7608119879133
1908,30,50,30.2272427941514,50.4156803554613,4.52226497183995,6.42995980307009,-0.227242794151358,-0.415680355461312
1926,30,50,30.3945465110878,50.113788835783,3.75434424107667,7.26049912676009,-0.394546511087785,-0.113788835782984
1944,30,50,30.5766754645296,49.8801372227533,2.90216904131343,8.23960018602147,-0.576675464529647,0.119862777246716
1962,30,50,30.7380311232102,49.7572807009746,2.14717455669521,9.18129194621857,-0.738031123210167,0.242719299025353
1980,30,50,30.8464786548925,49.8015537566816,1.59266420913605,9.32945381305809,-0.846478654892479,0.198446243318415
1998,30,50,30.8656526506172,50.0083536433148,1.28249202694042,8.69592457707842,-0.865652650617239,-0.00835364331476995
2016,30,50,30.7832244133698,50.2460232932685,1.28622371832954,7.90494357880585,-0.78322441336978,-0.246023293268493
2034,30,50,30.6120974617986,50.4278769959954,1.58326691222517,7.22399810564261,-0.612097461798612,-0.427876995995376
2052,30,50,30.388889422481,50.5549986400841,2.43268776164602,6.63378579315798,-0.388889422480958,-0.554998640084079
2070,30,50,30.1521953154632,50.6494820751927,3.37386423223426,6.09423215117089,-0.152195315463171,-0.649482075192672
2088,30,50,29.9341093521454,50.7105436146195,4.4972122498554,5.5938974304444,0.0658906478545873,-0.710543614619468
2106,30,50,29.7605497788788,50.7213667426675,5.89676848812132,5.30149357410369,0.239450221121199,-0.721366742667492
2124,30,50,29.6780129571787,50.6566174166535,6.79777085325252,5.28586721764914,0.321987042821284,-0.656617416653532
2142,30,50,29.6986731630843,50.5245760142277,7.06042364646396,5.47959186372911,0.30132683691572,-0.52457601422774
2160,30,50,29.8341665470552,50.3060571687195,6.89064435953696,5.9840851460496,0.165833452944817,-0.30605716871947
2178,30,50,30.1019462886337,50.0295187440921,5.89064435953696,6.80531254006087,-0.101946288633677,-0.0295187440921225
2196,30,50,30.456008557468,49.7296095168676,4.89064435953696,8.30003228010961,-0.45600855746796,0.270390483132395
2214,30,50,30.8289893127042,49.4324472222693,3.89064435953696,10.3327711024893,-0.828989312704238,0.567552777730675
2232,30,50,31.1687430939367,49.3241033824319,2.89064435953696,12.0984533218428,-1.16874309393665,0.675896617568107
2250,30,50,31.394822293439,49.5592069881162,1.89064435953696,12.0100104270388,-1.39482229343897,0.440793011883812
2268,30,50,31.4854786161863,50.0755346812319,1.1698644274524,10.424730845684,-1.48547861618628,-0.075534681231936
2286,30,50,31.4375061287471,50.5973472898865,0.925040882720012,8.70420289847872,-1.43750612874714,-0.597347289886471
2304,30,50,31.2652193945929,50.8690757122576,1.13772828482339,7.71599902578786,-1.26521939459287,-0.869075712257562
2322,30,50,31.0083638837397,50.9169637018924,1.84787321235962,7.18129592834689,-1.00836388373975,-0.916963701892357
2340,30,50,30.7180435802918,50.9130986882244,2.64897818473531,6.86913211189847,-0.718043580291798,-0.913098688224352
2358,30,50,30.4384326901519,50.9576336846398,3.51317571559951,6.35745462376978,-0.438432690151856,-0.957633684639831
2376,30,50,30.1998104880695,51.0519938055563,4.43625263867643,5.65657750269428,-0.19981048806946,-1.05199380555634
2394,30,50,30.0401981392521,51.0908450076403,5.01845080997705,5.0977182195849,-0.0401981392521407,-1.09084500764028
2412,30,50,29.9688493492964,50.9851087937268,5.26785846679211,5.1233811793796,0.0311506507035801,-0.985108793726795
2430,30,50,29.9931654710731,50.7144373748298,5.23607543892899,5.588370664542,0.00683452892694447,-0.714437374829821
2448,30,50,30.1184968004378,50.3864241496783,4.76791918417903,6.34362630949398,-0.118496800437796,-0.386424149678263
2466,30,50,30.3104840431584,50.0751342802812,3.86001959023292,7.22161836298754,-0.310484043158443,-0.0751342802812474
2484,30,50,30.5230288245486,49.8174657499802,2.86001959023292,8.41949129889574,-0.523028824548604,0.18253425001982
2502,30,50,30.7190605378596,49.675222348188,1.88190392842944,9.58626140262834,-0.71906053785964,0.324777651811985
2520,30,50,30.8539832047817,49.7364892425343,1.25025849206772,9.75294316728093,-0.853983204781731,0.263510757465717
2538,30,50,30.8844381226699,49.9915298543321,0.904423698283402,8.98991896168277,-0.884438122669874,0.00847014566786441
2556,30,50,30.794401871375,50.2829781379563,0.925458214011483,8.05638177308667,-0.794401871375005,-0.28297813795632
2574,30,50,30.5915703883772,50.5042673984356,1.63930975204795,7.25631510086398,-0.591570388377171,-0.50426739843563
2592,30,50,30.3280572558424,50.6587329296503,2.52668176569983,6.58695834795632,-0.328057255842417,-0.658732929650313
2610,30,50,30.0510238490303,50.7863182403051,3.50913790605071,5.92870606870701,-0.0510238490302584,-0.786318240305128
2628,30,50,29.7976492496138,50.8747257396448,4.805434202347,5.28891287054884,0.202350750386159,-0.874725739644774
2646,30,50,29.6267125771235,50.894064908097,6.49848954017425,4.88630510968606,0.373287422876512,-0.894064908096993
2664,30,50,29.5581809984138,50.8105291816094,7.55449947909132,4.88382965791611,0.441819001586239,-0.810529181609439
2682,30,50,29.5986865109442,50.5885360474234,7.86222137542751,5.27463797574118,0.401313489055827,-0.588536047423432
2700,30,50,29.7707413934994,50.2864786279313,7.67318545860331,6.00319788254286,0.229258606500601,-0.286478627931302
2718,30,50,30.1024143737662,49.9677567342963,6.67318545860331,7.0349203847664,-0.102414373766194,0.0322432657037126
2736,30,50,30.534844491501,49.649474794576,5.67318545860331,8.73682406052743,-0.534844491500959,0.350525205424049
2754,30,50,30.9857898634298,49.3342615879311,4.67318545860331,10.9735935218414,-0.985789863429844,0.665738412068919
2772,30,50,31.3957749649569,49.2228031755282,3.67318545860331,12.9501640069424,-1.39577496495687,0.777196824471822
2790,30,50,31.6855236001263,49.4825703648263,2.67318545860331,12.9071140855913,-1.68552360012626,0.517429635173748
2808,30,50,31.8339981402972,50.0553525660605,1.7911512776946,11.3426546657261,-1.8339981402972,-0.0553525660604919
2826,30,50,31.8383349370642,50.630480527793,0.993972393317595,9.26611556422862,-1.83833493706416,-0.63048052779299
2844,30,50,31.7133799872894,50.9395068215398,0.76788842910562,8.18028083786769,-1.71337998728944,-0.939506821539823
2862,30,50,31.5020038291342,50.9490632946308,1.22233469206252,7.8025022489711,-1.50200382913421,-0.949063294630797
2880,30,50,31.2433899963475,50.8908157439611,1.82736734057343,7.72490912235457,-1.24338999634746,-0.890815743961134
2898,30,50,30.9532981924321,50.9139949925263,2.56159590400888,7.31492198878709,-0.953298192432118,-0.913994992526312
2916,30,50,30.6612023081576,51.0496205089775,3.37620264558191,6.53708659357263,-0.661202308157588,-1.04962050897747
2934,30,50,30.4188076160425,51.2140479572073,4.22726647536914,5.67600655454081,-0.41880761604245,-1.21404795720731
2952,30,50,30.2432264901763,51.265505353454,4.78851849911442,5.01520505374837,-0.243226490176252,-1.26550535345402
2970,30,50,30.1517156852256,51.109631683155,4.97841595448852,5.12066455586473,-0.151715685225575,-1.10963168315499
2988,30,50,30.1563967285043,50.7897074616034,4.94034619422512,5.67009840342154,-0.156396728504262,-0.789707461603385
3006,30,50,30.2589474197391,50.4441662366814,4.56218970709985,6.45077703255667,-0.258947419739059,-0.444166236681397
3024,30,50,30.427453372802,50.141455563862,3.78865896227435,7.26335398113134,-0.427453372802013,-0.141455563861996
3042,30,50,30.6103537938156,49.9065943432607,2.93518286957855,8.17270816589821,-0.610353793815563,0.0934056567392645
3060,30,50,30.7746318329345,49.7723891002947,2.17663715149665,9.11968133193906,-0.774631832934535,0.227610899705347
3078,30,50,30.8857730708573,49.7949678833096,1.61517891970018,9.34213593789019,-0.885773070857319,0.205032116690376
3096,30,50,30.9074000132964,49.9813339237811,1.29047945260389,8.80438417680278,-0.907400013296442,0.0186660762188993
3114,30,50,30.8283090460195,50.2168100683956,1.28487668857363,8.02122395987108,-0.828309046019523,-0.216810068395631
3132,30,50,30.6597937144688,50.4145926282724,1.56077534887341,7.29435739057819,-0.659793714468762,-0.414592628272352
3150,30,50,30.4369691207379,50.5564966327797,2.39410868220674,6.67665986627065,-0.436969120737931,-0.556496632779705
3168,30,50,30.1977037085567,50.6558337390877,3.31718560528366,6.11712935738729,-0.197703708556698,-0.655833739087704
3186,30,50,29.9761597033776,50.7167483723548,4.3532216413197,5.61358883811113,0.0238402966223958,-0.716748372354793
3204,30,50,29.798271620867,50.7257494847286,5.76088972800242,5.31758855519569,0.201728379132955,-0.725749484728631
3222,30,50,29.7104275085259,50.660137920324,6.65934108159031,5.32772454641116,0.289572491474122,-0.66013792032399
3240,30,50,29.7245674347151,50.5303599248917,6.93133606014456,5.51833433269716,0.275432565284877,-0.530359924891712
3258,30,50,29.8463633860165,50.3210930549661,6.80274626160191,5.9917805601996,0.153636613983494,-0.321093054966148
3276,30,50,30.1001510676446,50.0546764244495,5.80274626160191,6.77126874531579,-0.100151067644557,-0.054676424449454
3294,30,50,30.4401645728735,49.7699334943124,4.80274626160191,8.13036756388892,-0.440164572873499,0.230066505687638
3312,30,50,30.8004121223142,49.476761650826,3.80274626160191,10.056023661248,-0.800412122314214,0.523238349173965
3330,30,50,31.1320031328146,49.3467943132041,2.80274626160191,11.8101311300947,-1.13200313281464,0.653205686795872
3348,30,50,31.3518457651634,49.5428935330778,1.80274626160191,11.8472964312181,-1.35184576516343,0.457106466922205
3366,30,50,31.4389697343809,50.0202828630573,1.10439514617999,10.4066773221795,-1.4389697343809,-0.020282863057318
3384,30,50,31.3893068839332,50.5331309631092,0.877035330111523,8.79264163122603,-1.38930688393316,-0.533130963109187
3402,30,50,31.2151323413937,50.8258137777409,1.09212924276144,7.76553749427882,-1.2151323413937,-0.825813777740919
3420,30,50,30.9538331550457,50.9114696979615,1.82452360895863,7.109133586536,-0.953833155045736,-0.911469697961486
3438,30,50,30.6582833079164,50.9326147314713,2.64419574010617,6.69172590790853,-0.658283307916438,-0.932614731471304
3456,30,50,30.3736973327825,50.9761660746156,3.52747649720396,6.17289311974905,-0.373697332782513,-0.976166074615563
3474,30,50,30.1317436621105,51.0482150511667,4.47609309799447,5.52809971681897,-0.131743662110473,-1.0482150511667
3492,30,50,29.9731139674855,51.0647713181316,5.19051310175458,5.06143068247582,0.0268860325144686,-1.06477131813165
3510,30,50,29.9063676291716,50.9508174505492,5.57796921024229,5.09649835008629,0.0936323708284341,-0.950817450549152
3528,30,50,29.9369059988876,50.6865861518058,5.57796921024229,5.54559310672866,0.0630940011123542,-0.686586151805798
3546,30,50,30.0694135514336,50.3630247644349,5.12648778682169,6.29041345815798,-0.0694135514336409,-0.36302476443489
3564,30,50,30.2779605214963,50.0497825241036,4.12648778682169,7.18756023725397,-0.277960521496301,-0.0497825241036267
3582,30,50,30.5198591419383,49.7849978496843,3.12648778682169,8.4496692879044,-0.519859141938266,0.215002150315726
3600,30,50,30.7494240037976,49.6226498380953,2.12648778682169,9.79006341933942,-0.749424003797621,0.377350161904701
3618,30,50,30.9188017719498,49.6599681734435,1.30844942799673,10.112946389379,-0.918801771949752,0.340031826556491
3636,30,50,30.9748335017241,49.9198753698729,0.851077734456845,9.46559684000408,-0.97483350172412,0.0801246301271092
3654,30,50,30.9065894714467,50.2408314288131,0.809365548539673,8.45820565467696,-0.906589471446715,-0.240831428813124
3672,30,50,30.7198013403948,50.5169789615855,1.33854156649415,7.50448432012939,-0.719801340394785,-0.516978961585529
3690,30,50,30.4534155918643,50.7027487659599,2.195684423637,6.73098639060365,-0.453415591864299,-0.702748765959925
3708,30,50,30.1598854744152,50.8295612452638,3.14339684193766,6.05582102070731,-0.159885474415177,-0.829561245263839
3726,30,50,29.8854884315371,50.9217056465235,4.29998047183089,5.39628495906439,0.114511568462866,-0.921705646523492
3744,30,50,29.681122630915,50.9572129480786,5.90000092591148,4.8846074709357,0.318877369084952,-0.957212948078627
3762,30,50,29.5767185845543,50.8923526119094,7.09829566032789,4.80701434431918,0.423281415445711,-0.892352611909445
3780,30,50,29.5795649956852,50.692758492429,7.5961142082639,5.11503221405818,0.420435004314825,-0.69275849242895
3798,30,50,29.7037843256965,50.4039963603562,7.67507196586359,5.76163968021906,0.296215674303546,-0.403996360356182
3816,30,50,29.9813385701385,50.0886285466879,6.68216416444515,6.66230576767924,0.0186614298615382,-0.0886285466879073
3834,30,50,30.3729932865537,49.7781104194519,5.68216416444515,8.08339226459991,-0.372993286553658,0.221889580548051
3852,30,50,30.8038720757588,49.4579452864333,4.68216416444515,10.1164541940349,-0.803872075758793,0.542054713566692
3870,30,50,31.221030513001,49.2736122025228,3.68216416444515,12.1166090047788,-1.221030513001,0.726387797477173
3888,30,50,31.5252882363488,49.4085523518222,2.68216416444515,12.4693883558589,-1.52528823634877,0.591447648177756
3906,30,50,31.6928814244164,49.8462123505555,1.871264706895,11.4221197456127,-1.69288142441645,0.15378764944451
3924,30,50,31.7187192585995,50.3785556717447,1.10292557790014,9.61303082001347,-1.71871925859949,-0.378555671744699
3942,30,50,31.612797611523,50.7470344289593,0.966522916384789,8.41293850522003,-1.61279761152296,-0.747034428959267
3960,30,50,31.4115321320644,50.8550065504023,1.43586489046256,7.75492351710085,-1.41153213206435,-0.855006550402322
3978,30,50,31.1589891733935,50.8582768493852,2.0799820863515,7.4616289705751,-1.15898917339348,-0.858276849385177
3996,30,50,30.8741400644185,50.8814197519242,2.84292486564305,7.0626955633652,-0.87414006441854,-0.881419751924213
4014,30,50,30.5977846821689,50.9685798429051,3.66645427740775,6.38739692046356,-0.597784682168946,-0.968579842905079
4032,30,50,30.3787201362364,51.087996282387,4.51916745570233,5.61486473162236,-0.378720136236353,-1.08799628238702
4050,30,50,30.2328116921314,51.1054804143305,4.91486772054109,5.12876107243146,-0.232811692131449,-1.10548041433051
4068,30,50,30.1724690241664,50.934045942378,5.01172547479269,5.29714069193725,-0.172469024166407,-0.934045942378042
4086,30,50,30.2064672473176,50.6252279142754,4.86684168366683,5.88904100346373,-0.206467247317647,-0.625227914275406
4104,30,50,30.3357446747587,50.2954004073873,4.33593941794756,6.69268418589074,-0.335744674758743,-0.295400407387348
4122,30,50,30.5134846254764,50.0110294657658,3.48689136717693,7.52643256720362,-0.513484625476416,-0.0110294657657732
4140,30,50,30.693991401527,49.7944870067653,2.63005559761546,8.67783029762155,-0.693991401527011,0.205512993234663
4158,30,50,30.8450874350891,49.7061499753429,1.91087366706146,9.64745123139698,-0.845087435089113,0.293850024657132
4176,30,50,30.9289724998848,49.8268732859329,1.4247558843734,9.53320832475778,-0.928972499884804,0.173126714067067
4194,30,50,30.9148671341218,50.1131979895648,1.21351582699956,8.6365707157914,-0.914867134121785,-0.113197989564767
4212,30,50,30.7957439597112,50.3927264860803,1.29685784179277,7.70742459588484,-0.795743959711238,-0.392726486080299
4230,30,50,30.5923507154455,50.5762303100398,2.01070937982924,6.98658686554958,-0.59235071544547,-0.576230310039776
4248,30,50,30.3494107732018,50.6830081888904,2.88343665255651,6.40329524608545,-0.349410773201754,-0.683008188890355
4266,30,50,30.1077006120054,50.7498530534605,3.83961195136129,5.85663874977221,-0.107700612005431,-0.74985305346047
4284,30,50,29.8952416159456,50.7796214748936,5.02143013317947,5.4491183245335,0.104758384054449,-0.77962147489356
4302,30,50,29.7630919414018,50.750643140409,6.06973725883467,5.31675240630622,0.236908058598218,-0.750643140409011
4320,30,50,29.7289752564053,50.6593033065727,6.6591861241456,5.37558074195456,0.271024743594708,-0.659303306572696
4338,30,50,29.7978422129823,50.4765306038707,6.72815956936919,5.70782337975975,0.202157787017732,-0.476530603870749
4356,30,50,29.9829290097783,50.2185962825769,5.90605406582957,6.36413370239969,0.0170709902216615,-0.218596282576911
4374,30,50,30.267864044692,49.9285752776011,4.90605406582957,7.40119956483768,-0.267864044692026,0.0714247223988664
4392,30,50,30.6057628794647,49.6367268010883,3.90605406582957,9.04295146622766,-0.605762879464724,0.363273198911678
4410,30,50,30.9395829082861,49.4315742438888,2.90605406582957,10.8558026756095,-0.939582908286052,0.568425756111196
4428,30,50,31.1819383770472,49.4711915648085,1.90605406582957,11.4268465290845,-1.1819383770472,0.528808435191451
4446,30,50,31.2995215959969,49.8029562307856,1.22709269322658,10.7693782449841,-1.29952159599694,0.197043769214389
4464,30,50,31.2835580561641,50.2725719896146,0.916703269458794,9.35274250551478,-1.28355805616413,-0.27257198961459
4482,30,50,31.1392166084252,50.6681068262617,0.966901165008557,8.09368909575424,-1.13921660842515,-0.668106826261706
4500,30,50,30.8954759136977,50.8753150129613,1.69417389228128,7.2371168640803,-0.895475913697744,-0.875315012961281
4518,30,50,30.6046172452627,50.9589262381681,2.52274532085271,6.59276750591267,-0.60461724526273,-0.958926238168054
4536,30,50,30.3155550563242,51.0165646992444,3.42336643886514,5.98945198820273,-0.315555056324179,-1.01656469924436
4554,30,50,30.0592048597952,51.0548950220334,4.40081004788769,5.44528099104615,-0.0592048597951802,-1.05489502203336
4572,30,50,29.8877154278085,51.0378526510284,5.44969560698116,5.17754716663137,0.112284572191459,-1.03785265102836
4590,30,50,29.81332605112,50.9384173008742,6.05022684615427,5.19180383954633,0.186673948880021,-0.9384173008742
4608,30,50,29.8392176134235,50.7251899524377,6.1529067927607,5.50993991819019,0.16078238657645,-0.725189952437717
4626,30,50,29.9676492814339,50.4407143991516,5.78307241424325,6.11203193281729,0.0323507185661001,-0.440714399151616
4644,30,50,30.1967998937495,50.1344399559216,4.78307241424325,6.95907062470815,-0.196799893749471,-0.134439955921607
4662,30,50,30.4822424346804,49.8458311641382,3.78307241424325,8.17616657715649,-0.482242434680373,0.154168835861796
4680,30,50,30.7684074039066,49.6068495489865,2.78307241424325,9.74377623197092,-0.768407403906572,0.39315045101354
4698,30,50,31.0034209639274,49.5382183481428,1.78307241424325,11.0234983039019,-1.00342096392736,0.461781651857223
4716,30,50,31.1251265087944,49.7454707771389,1.14931474412694,10.7689297067567,-1.12512650879444,0.254529222861109
4734,30,50,31.1205658463387,50.1821578598631,0.814470468648069,9.43671588084011,-1.12056584633874,-0.182157859863125
4752,30,50,30.9892919030953,50.6193060972662,0.876106814209258,8.09215651925444,-0.989291903095342,-0.619306097266218
4770,30,50,30.7446085554056,50.8779168786921,1.64043802440034,7.12462933529113,-0.744608555405584,-0.877916878692105
4788,30,50,30.4493203578758,50.9907741604564,2.51000324179165,6.40606646103963,-0.449320357875806,-0.990774160456411
4806,30,50,30.1535059281177,51.0538947924035,3.4623841941726,5.79237430720747,-0.153505928117717,-1.05389479240351
4824,30,50,29.8929623302792,51.0781474118418,4.62474581778883,5.31796464805585,0.107037669720825,-1.07814741184178
4842,30,50,29.7227270543633,51.0512802338315,6.12001081197391,5.08834938119188,0.277272945636707,-1.05128023383146
4860,30,50,29.6547638321671,50.9553362049567,7.02333374992423,5.09784380321894,0.345236167832919,-0.95533620495673
4878,30,50,29.6917285005625,50.7471493055546,7.25244023463386,5.40940623109801,0.308271499437534,-0.747149305554558
4896,30,50,29.8455285924398,50.4603466601577,7.00649827693588,6.02770169524194,0.154471407560226,-0.460346660157683
4914,30,50,30.138139348193,50.1434437948014,6.00649827693588,6.897102206654,-0.138139348192993,-0.143443794801442
4932,30,50,30.5170888216069,49.8224088503813,5.00649827693588,8.2629012550727,-0.517088821606865,0.177591149618713
4950,30,50,30.9090270449022,49.4974520769087,4.00649827693588,10.2297318242868,-0.909027044902224,0.502547923091271
4968,30,50,31.2582235420374,49.3364581598298,3.00649827693588,12.0716496975363,-1.2582235420374,0.663541840170183
4986,30,50,31.4916754985535,49.5165925512168,2.00649827693588,12.1823972434713,-1.49167549855351,0.483407448783204
5004,30,50,31.591825059665,50.010542767419,1.22851583030028,10.712131280726,-1.59182505966504,-0.0105427674190395
5022,30,50,31.5539355703897,50.5502469041298,0.897532955066428,8.80675447491062,-1.55393557038972,-0.55024690412985
5040,30,50,31.3895839700937,50.8536790343114,1.00438143374761,7.75443713779591,-1.38958397009366,-0.853679034311426
5058,30,50,31.1367370707218,50.8949915207244,1.65782420620543,7.26751457801104,-1.13673707072182,-0.894991520724389
5076,30,50,30.8441472878316,50.8741537833895,2.43319524511438,7.05898672242436,-0.844147287831635,-0.874153783389488
5094,30,50,30.5577818744166,50.9136562092386,3.27134553413172,6.56503672723869,-0.557781874416648,-0.913656209238567
5112,30,50,30.303570428145,51.0295092347011,4.16420267698886,5.81765409484192,-0.303570428145015,-1.0295092347011
5130,30,50,30.1214726434765,51.1018415815687,4.82575022571893,5.1558309928035,-0.121472643476515,-1.10184158156868
5148,30,50,30.0235703305548,51.031257751545,5.10262549058685,5.06918397001855,-0.0235703305547901,-1.03125775154501
5166,30,50,30.0195315334514,50.7813596721465,5.09460061346778,5.46250663180679,-0.0195315334514383,-0.781359672146465
5184,30,50,30.1156376312365,50.45629923364,4.7630054804286,6.18216200810546,-0.115637631236467,-0.456299233640031
5202,30,50,30.2874190743203,50.1399281216977,4.01040604157731,7.05156251951753,-0.28741907432028,-0.139928121697707
5220,30,50,30.4859995539062,49.8777179425699,3.03421556538683,8.11654963660886,-0.485999553906204,0.122282057430112
5238,30,50,30.6721278783101,49.7187596962057,2.11551240474819,9.25334251366614,-0.672127878310089,0.281240303794291
5256,30,50,30.8095552738164,49.7378928786593,1.44729689418286,9.54418666329781,-0.809555273816407,0.262107121340719
5274,30,50,30.857674874114,49.950401767394,1.0523505092163,8.9951132247254,-0.857674874113961,0.0495982326059874
5292,30,50,30.7913740972723,50.2131786282792,1.03509094454088,8.15924275697007,-0.791374097272275,-0.213178628279181
5310,30,50,30.6167922365831,50.4270643466741,1.32781353567789,7.40149892217188,-0.616792236583144,-0.427064346674101
5328,30,50,30.3757822121219,50.5875137232884,2.19112288819587,6.72668704418822,-0.375782212121862,-0.587513723288396
5346,30,50,30.1119378748108,50.7181665765439,3.15053248229181,6.08843873298394,-0.111937874810831,-0.718166576543908
5364,30,50,29.8656584237352,50.811277538521,4.34825111347052,5.47574726690079,0.134341576264827,-0.811277538520976
5382,30,50,29.6658084723735,50.8443096429151,5.9621235925905,5.04713331710418,0.334191527626526,-0.844309642915093
5400,36,50,29.5606891219975,50.7817475681813,5.9621235925905,4.99959392103058,6.43931087800251,-0.78174756818126
5418,36,50,29.5632132913228,50.6293609330887,10.9335798921852,5.20807702670995,6.43678670867725,-0.629360933088719
5436,36,50,29.6897650712023,50.3872467631556,14.4427542041118,5.72974845157369,6.31023492879766,-0.387246763155609
5454,36,50,29.9699841625761,50.091667522789,15.2198449212523,6.57249389032261,6.03001583742394,-0.0916675227889812
5472,36,50,30.2660267583312,49.7695409421739,15.7625237712634,8.04149288290434,5.73397324166883,0.230459057826124
5490,36,50,30.9540010565218,49.4269330532237,15.4161871376001,10.171959533283,5.04599894347824,0.573066946776329
5508,36,50,31.9755760584407,49.3942058220826,14.4161871376001,11.4853080584941,4.02442394155933,0.605794177917367
5526,36,50,33.0658186812947,49.0824034907706,13.4161871376001,14.0483609132349,2.93418131870528,0.917596509229377
5544,36,50,34.1476793661714,48.5188940930708,12.4161871376001,16.7640691253629,1.85232063382855,1.4811059069292
5562,36,50,35.1362345065087,48.3052891738884,11.4415230301144,20.2627750000394,0.863765493491272,1.69471082611161
5580,36,50,35.9789496856758,48.5019392806262,10.4454916777977,21.2628416711508,0.0210503143241851,1.49806071937383
5598,36,50,36.6491800281347,49.271457619989,9.03276050865734,19.9323594356836,-0.64918002813473,0.728542380011035
5616,36,50,37.1496273543254,50.1588921416484,8.00238456880772,18.266930354003,-1.14962735432542,-0.158892141648423
5634,36,50,37.481515449496,50.7450341000377,7.00238456880772,16.10478284858,-1.48151544949598,-0.745034100037671
5652,36,50,37.6982882144817,50.9984653245728,6.00238456880772,15.1404282518231,-1.69828821448165,-0.998465324572834
5670,36,50,37.8096103493512,50.8978234249232,5.12534388469266,15.1642396654274,-1.8096103493512,-0.897823424923239
5688,36,50,37.8490597978585,50.7275006336593,4.2502188430121,15.3894892977519,-1.84905979785845,-0.727500633659275
5706,36,50,37.8320392679017,50.7424817962225,3.63616723253932,15.089882399002,-1.83203926790173,-0.742481796222549
5724,36,50,37.7367876165018,50.9141156754713,3.3661746601204,14.3156320873956,-1.73678761650184,-0.914115675471258
5742,36,50,37.5579601853015,51.1255601562138,3.5301763001368,13.4147435964527,-1.55796018530147,-1.12556015621382
5760,36,50,37.2980356020255,51.2942964095048,4.10387690679363,12.5142596915505,-1.29803560202554,-1.29429640950484
5778,36,50,36.9910481872118,51.3941863647809,4.82218676594856,11.6769240162754,-0.991048187211753,-1.39418636478092
5796,36,50,36.6789696514721,51.4398279620435,5.64229258605438,10.9506614902311,-0.678969651472052,-1.43982796204354
5814,36,50,36.4046637367016,51.4224082761729,6.51326032798987,10.539687204196,-0.4046637367016,-1.42240827617289
5832,36,50,36.2067199989185,51.3316611768192,7.34330958907361,10.4306024450563,-0.206719998918487,-1.3316611768192
5850,36,50,36.0992102220452,51.1785466923779,7.62503941017517,10.5002399913,-0.0992102220452011,-1.17854669237792
5868,36,50,36.0867738259712,50.9664091839912,7.62702767938683,10.744493900083,-0.086773825971207,-0.966409183991203
5886,36,50,36.1656968986422,50.7085528228442,7.3516321002106,11.1861170794584,-0.165696898642246,-0.708552822844247
5904,36,50,36.3247549196518,50.4234454705916,6.66016736799884,11.8231579219963,-0.324754919651816,-0.423445470591645
5922,36,50,36.512299389968,50.1383408154544,5.74593567325837,12.6073230891522,-0.512299389967964,-0.138340815454356
5940,36,50,36.6923347704046,49.8889856752986,4.8890999036969,13.6208301300565,-0.692334770404628,0.111014324701422
5958,36,50,36.834283159407,49.7708289054873,4.21797368371664,14.5403282525952,-0.834283159406965,0.229171094512679
5976,36,50,36.897477607891,49.8499242593451,3.7849393502802,14.5120236955615,-0.897477607890991,0.15007574065487
5994,36,50,36.856928609057,50.1084260100619,3.68293247590388,13.7016012413035,-0.856928609057007,-0.108426010061919
6012,36,50,36.7139313357947,50.4024995386993,3.84267318663429,12.7446221913854,-0.713931335794712,-0.402499538699317
6030,36,50,36.4922498140072,50.6250436745148,4.66051705280529,11.9176328492907,-0.492249814007209,-0.625043674514792
6048,36,50,36.2352601453676,50.7618345294908,5.57601001055177,11.2458021874301,-0.23526014536764,-0.761834529490784
6066,36,50,35.9885731173133,50.8299053293906,6.59194626553185,10.6736323895568,0.0114268826867487,-0.829905329390584
6084,36,50,35.7802730480194,50.8379655386364,7.97125661035944,10.3373892599092,0.219726951980618,-0.837965538636425
6102,36,50,35.664109953958,50.7719425508118,9.15697641961321,10.3195508251611,0.335890046041968,-0.771942550811787
6120,36,50,35.6523309048857,50.6510396131525,9.6597039840586,10.4505135999845,0.347669095114284,-0.651039613152456
6138,36,50,35.7487410222078,50.4480638082101,9.72221179753529,10.844614795001,0.251258977792155,-0.44806380821008
6156,36,50,35.9762165741202,50.1777485874024,8.73083248719046,11.5499044675451,0.0237834258798415,-0.177748587402377
6174,36,50,36.3145955793344,49.8781217409338,7.73083248719046,12.7294063284097,-0.314595579334366,0.121878259066243
6192,36,50,36.6980911032014,49.5598927209823,6.73083248719046,14.5935104188936,-0.698091103201357,0.440107279017738
6210,36,50,37.0731188857019,49.3372119336191,5.73083248719046,16.5778446225489,-1.0731188857019,0.662788066380898
6228,36,50,37.3404199411468,49.4100386969747,4.73083248719046,17.1002179159316,-1.34041994114676,0.589961303025262
6246,36,50,37.4767261833755,49.7984143561171,3.96801080440163,16.2760675316368,-1.47672618337553,0.201585643882922
6264,36,50,37.4750241183879,50.3252676098579,3.45151400011764,14.4688934771809,-1.47502411838791,-0.325267609857931
6282,36,50,37.3420907677415,50.7322149969891,3.44435772495886,13.1885575570637,-1.34209076774148,-0.732214996989072
6300,36,50,37.1110691195853,50.8768393827367,4.11147423418064,12.4803373214883,-1.11106911958532,-0.876839382736733
6318,36,50,36.8297551675392,50.9010158749215,4.88282409643959,12.0740449993714,-0.829755167539247,-0.901015874921455
6336,36,50,36.5386475528177,50.9346038669549,5.72584735225354,11.6131553518164,-0.538647552817686,-0.934603866954888
6354,36,50,36.2723733546503,51.0061118960175,6.63493826134445,10.9818429555071,-0.272373354650298,-1.00611189601752
6372,36,50,36.0824173059183,51.0694838684704,7.42298762267807,10.361191012742,-0.082417305918284,-1.06948386847044
6390,36,50,35.9802696083486,51.0285944065946,7.76201855925104,10.1763619877395,0.0197303916514215,-1.02859440659464
6408,36,50,35.9716947471996,50.8099776986071,7.84349325117486,10.4913404604338,0.028305252800422,-0.809977698607057
6426,36,50,36.0628318803304,50.4944954757636,7.57290033434239,11.1711631880867,-0.0628318803304282,-0.494495475763593
6444,36,50,36.2400928987789,50.1714690373544,6.75260891502237,12.0223664842754,-0.240092898778926,-0.171469037354406
6462,36,50,36.4530989845319,49.8936572431744,5.75260891502237,13.122088679888,-0.453098984531898,0.106342756825569
6480,36,50,36.6630206483035,49.7009914759198,4.75260891502237,14.3811296656903,-0.663020648303522,0.299008524080222
6498,36,50,36.8306540072081,49.6883111202334,3.93863522428025,14.9859966416893,-0.830654007208139,0.311688879766621
6516,36,50,36.9036616185224,49.887143057291,3.48314458164236,14.5587526528015,-0.903661618522428,0.112856942709001
6534,36,50,36.8575254579943,50.1853539002126,3.40670334584238,13.6162858807966,-0.857525457994313,-0.185353900212604
6552,36,50,36.692648277113,50.4564963263757,3.6353752895539,12.6989786757962,-0.692648277113008,-0.456496326375714
6570,36,50,36.44225503356,50.64755638595,4.48571542560833,11.9370134404601,-0.442255033560016,-0.64755638595004
6588,36,50,36.1604575186823,50.784650298078,5.43166137155427,11.2601325806384,-0.160457518682279,-0.784650298077992
6606,36,50,35.8934685488333,50.886325066869,6.58824500144751,10.5978248272435,0.10653145116666,-0.886325066868977
6624,36,50,35.6705193268812,50.9285582229128,8.10998413188229,10.0968112158911,0.329480673118844,-0.928558222912756
6642,36,50,35.5426519003593,50.8729953296565,9.59631742322881,10.0247407469881,0.457348099640676,-0.872995329656504
6660,36,50,35.5226911792397,50.7238103946181,10.3656303840152,10.2064318720755,0.4773088207603,-0.723810394618098
6678,36,50,35.6249445530513,50.4836349586616,10.5769227892271,10.6896938907012,0.375055446948693,-0.483634958661575
6696,36,50,35.8747317416922,50.1879221279496,9.62635244702177,11.4732239585514,0.125268258307784,-0.187922127949626
6714,36,50,36.2621588591682,49.8650164817961,8.62635244702177,12.7318987375228,-0.262158859168188,0.134983518203882
6732,36,50,36.7184472537504,49.5211623956032,7.62635244702177,14.7152866056325,-0.718447253750398,0.478837604396787
6750,36,50,37.1784513352231,49.2492107255351,6.62635244702177,16.9539203466895,-1.17845133522305,0.750789274464864
6768,36,50,37.5320141379358,49.2625266419739,5.62635244702177,18.0227307727263,-1.53201413793582,0.737473358026101
6786,36,50,37.7506929575235,49.6270587163295,4.62635244702177,17.5331410872136,-1.75069295752355,0.372941283670471
6804,36,50,37.8260213991736,50.223956955787,3.74837026823477,15.8106941711367,-1.82602139917358,-0.223956955786996
6822,36,50,37.7620941913144,50.748336691164,3.42229552813923,14.0856661127754,-1.76209419131439,-0.748336691164042
6840,36,50,37.5879801884915,50.9966980051255,3.48914857299155,13.1213115160184,-1.58798018849153,-0.996698005125452
6858,36,50,37.336887137329,51.0221782448766,4.04091308210679,12.6273588785553,-1.33688713732897,-1.02217824487663
6876,36,50,37.0417422376484,51.0022754893743,4.73854355165178,12.3738109685648,-1.04174223764839,-1.00227548937431
6894,36,50,36.7483521620128,51.0400136516773,5.53306409959698,11.8332880714143,-0.748352162012814,-1.04001365167727
6912,36,50,36.4826935896566,51.1583387341728,6.38212070337057,11.0316077819186,-0.482693589656648,-1.15833873417282
6930,36,50,36.2808354412183,51.2239818755611,7.18800550270515,10.3280841968722,-0.280835441218322,-1.22398187556111
6948,36,50,36.156737753369,51.1425634287783,7.48350202209711,10.2407479523308,-0.156737753369029,-1.14256342877832
6966,36,50,36.1234735857135,50.8902897093317,7.52108423318386,10.5969689125786,-0.123473585713462,-0.890289709331718
6984,36,50,36.1880323538404,50.575083583034,7.30230981639627,11.2350077144294,-0.188032353840377,-0.575083583033972
7002,36,50,36.3411065467408,50.2679287472245,6.66664864129786,12.0013223637659,-0.341106546740797,-0.267928747224495
7020,36,50,36.5254878270674,50.0059725383431,5.81669369987401,12.7753038360241,-0.525487827067408,-0.00597253834314415
7038,36,50,36.7026813224711,49.8057993436688,4.95944877275197,13.8274462284398,-0.702681322471143,0.194200656331248
7056,36,50,36.842995593819,49.7316343783495,4.28688626592808,14.6993660768015,-0.842995593819019,0.268365621650489
7074,36,50,36.9075919551802,49.8533165423491,3.85043989091516,14.5578432916331,-0.90759195518023,0.146683457650894
7092,36,50,36.8744210833281,50.1327921085819,3.71771198312612,13.6851367605941,-0.874421083328095,-0.132792108581867
7110,36,50,36.738786373004,50.4171362841814,3.86841411807304,12.7501252013852,-0.738786373004004,-0.41713628418136
7128,36,50,36.5249697136876,50.6115871873936,4.66994083563029,11.9976531377145,-0.524969713687618,-0.611587187393553
7146,36,50,36.2771370264658,50.7280567634367,5.56922141116986,11.3783603834915,-0.277137026465773,-0.728056763436697
7164,36,50,36.0374813128908,50.7923451865825,6.5528279685469,10.8521682984076,-0.0374813128908329,-0.792345186582537
7182,36,50,35.8339280585724,50.8077986658012,7.930579112587,10.4786730828504,0.166071941427553,-0.807798665801229
7200,36,50,35.719243153973,50.759891514455,8.92814913432891,10.4076714746944,0.280756846027018,-0.759891514455035
7218,36,50,35.7061200238271,50.649095151247,9.35841463962852,10.5148228359135,0.293879976172896,-0.649095151247025
7236,36,50,35.7974745135777,50.4477187168116,9.3831090463454,10.90892403093,0.202525486422275,-0.447718716811551
7254,36,50,36.0200511426853,50.1772886805405,8.3831090463454,11.6142137034741,-0.0200511426853254,-0.177288680540457
7272,36,50,36.339069715389,49.8825616803885,7.3831090463454,12.7650868783954,-0.339069715389044,0.11743831961148
7290,36,50,36.6951176304383,49.5693319002946,6.3831090463454,14.586061364273,-0.695117630438311,0.430668099705414
7308,36,50,37.0391728407249,49.3712351086832,5.3831090463454,16.47439110307,-1.03917284072493,0.62876489131682
7326,36,50,37.2751167701787,49.469925088071,4.3831090463454,16.8391076638424,-1.27511677017866,0.53007491192902
7344,36,50,37.3813982851847,49.8694547611097,3.6851852720984,15.871335061884,-1.38139828518466,0.130545238890278
7362,36,50,37.3514530454862,50.3794924099742,3.39143789484284,14.2596044416637,-1.35145304548618,-0.379492409974176
7380,36,50,37.193015579033,50.7533791161827,3.5168294170813,13.0595121268702,-1.19301557903297,-0.753379116182671
7398,36,50,36.9401065841161,50.9080187286542,4.24357360312781,12.3274642056609,-0.940106584116087,-0.908018728654156
7416,36,50,36.6446589223369,50.9580447206301,5.06774942730364,11.77890557146,-0.644658922336944,-0.958044720630106
7434,36,50,36.3553410519444,51.0103161618978,5.95731997945088,11.2128324106502,-0.355341051944379,-1.01031616189782
7452,36,50,36.1037338213457,51.0648482597524,6.91885844098934,10.6290241164158,-0.103733821345699,-1.06484825975241
7470,36,50,35.9355558606382,51.0667336588509,7.81397422226974,10.2545513421634,0.0644441393617967,-1.06673365885087
7488,36,50,35.8622542522848,50.9650292405607,8.31048681241042,10.2640457641905,0.137745747715243,-0.96502924056071
7506,36,50,35.8876972506004,50.7298525244395,8.36290320825904,10.6518466775739,0.112302749399646,-0.729852524439458
7524,36,50,36.0151617948963,50.4266929032065,7.92917606794508,11.3097526422466,-0.0151617948963292,-0.426692903206458
7542,36,50,36.2323486442841,50.118650837911,6.92917606794508,12.1628874833574,-0.23234864428413,-0.118650837910955
7560,36,50,36.4950867981061,49.8407471754399,5.92917606794508,13.373527581111,-0.495086798106087,0.159252824560127
7578,36,50,36.7521359452512,49.6333643533041,4.92917606794508,14.8248735171681,-0.752135945251226,0.366635646695869
7596,36,50,36.9519708332801,49.606070672698,3.94942326261088,15.8137301516845,-0.951970833280136,0.393929327302033
7614,36,50,37.0385568919864,49.8329840956352,3.40738680875077,15.3904695467589,-1.03855689198636,0.167015904364845
7632,36,50,37.0004208232619,50.2431664136585,3.26783569815652,14.1367055171942,-1.00042082326189,-0.243166413658464
7650,36,50,36.8393061325813,50.6316381466049,3.44542653820793,12.9001850283372,-0.839306132581264,-0.631638146604857
7668,36,50,36.572675901193,50.8658385982903,4.27111461160242,12.0010085315645,-0.572675901193023,-0.865838598290303
7686,36,50,36.2664747219056,50.980508879835,5.19099591724041,11.2867413427272,-0.266474721905567,-0.980508879835014
7704,36,50,35.9757204210177,51.0577415107131,6.21839317751438,10.6096476979044,0.0242795789822594,-1.05774151071311
7722,36,50,35.7305058563003,51.0841161729701,7.60828487426528,10.0932013406956,0.269494143699674,-1.08411617297006
7740,36,50,35.5806716410297,51.0215036597603,9.19624977188333,9.97906056707483,0.419328358970304,-1.02150365976031
7758,36,50,35.5375170223979,50.8712276504639,10.1161049436223,10.1192786841458,0.462482977602129,-0.871227650463943
7776,36,50,35.6065118590604,50.6273453848032,10.3804034952662,10.5434339681142,0.393488140939574,-0.627345384803249
7794,36,50,35.8114901362249,50.3253989693322,9.65076426433078,11.2510936553657,0.18850986377511,-0.325398969332248
7812,36,50,36.162483591759,50.0045167552226,8.65076426433078,12.2155112619133,-0.162483591758956,-0.00451675522262462
7830,36,50,36.5982255242382,49.6642117603468,7.65076426433078,13.9515795777862,-0.598225524238224,0.335788239653169
7848,36,50,37.0461614412199,49.3287788320397,6.65076426433078,16.2356713831336,-1.04616144121988,0.671221167960269
7866,36,50,37.4087910486115,49.2238574760172,5.65076426433078,18.2198554233924,-1.40879104861149,0.776142523982756
7884,36,50,37.6451404913978,49.5047664957684,4.65076426433078,18.1031790336933,-1.64514049139776,0.495233504231571
7902,36,50,37.7412936784468,50.1697444250931,3.81157139480862,16.4280690046643,-1.74129367844683,-0.169744425093143
7920,36,50,37.6942354862077,50.821416120548,3.46808748659676,14.2488009874943,-1.69423548620765,-0.821416120548008
7938,36,50,37.519660252802,51.1822694879375,3.57476047462568,13.0578626746907,-1.51966025280197,-1.18226948793747
7956,36,50,37.2618406708761,51.222486897635,4.16955063381526,12.4501814232283,-1.26184067087605,-1.22248689763504
7974,36,50,36.9639312641426,51.1722345257367,4.89984983314101,12.2576342443798,-0.963931264142587,-1.17223452573667
7992,36,50,36.6756393741766,51.1631238917816,5.7099056990628,11.8984069220165,-0.675639374176612,-1.16312389178164
8010,36,50,36.4220626114329,51.2485276177738,6.56607008262444,11.1315828864828,-0.422062611432914,-1.24852761777379
8028,36,50,36.2377871994066,51.31890850261,7.12732210636972,10.3923854954148,-0.237787199406576,-1.31890850260996
8046,36,50,36.1325030389183,51.2413243471193,7.39605738826472,10.278056887279,-0.132503038918294,-1.24132434711927
8064,36,50,36.1159982226987,50.9784692171031,7.41225335951687,10.6272199018634,-0.115998222698742,-0.978469217103076
8082,36,50,36.1971163669457,50.6426787095624,7.12650505614742,11.2865080617487,-0.1971163669457,-0.642678709562439
8100,36,50,36.3469762138757,50.3122579180365,6.48873146577201,12.084621772933,-0.346976213875692,-0.312257918036465
8118,36,50,36.5226037486404,50.0310958120602,5.63922860346408,12.9058491669443,-0.522603748640378,-0.0310958120601512
8136,36,50,36.6892214883549,49.8516838449725,4.8349460600511,13.8115949920221,-0.689221488354882,0.148316155027537
8154,36,50,36.8130384203123,49.8073174427421,4.24982312198699,14.4175992675124,-0.813038420312296,0.192682557257903
8172,36,50,36.8597921993315,49.9274297097612,3.85487673702043,14.1627106596712,-0.859792199331501,0.072570290238815
8190,36,50,36.8089163344154,50.1654266459429,3.79008417771434,13.3929756657579,-0.808916334415407,-0.165426645942887
8208,36,50,36.6636309169417,50.3966807001423,3.99649774203428,12.5911824077184,-0.663630916941713,-0.396680700142312
8226,36,50,36.4532280632501,50.5660901446676,4.82002715379899,11.8973148289253,-0.453228063250123,-0.566090144667648
8244,36,50,36.2150140040834,50.6794009069662,5.73956738368404,11.3140232094612,-0.215014004083372,-0.679400906966187
8262,36,50,35.9886132437374,50.7409012648449,6.75688340100006,10.8040486205661,0.0113867562625884,-0.740901264844908
8280,36,50,35.8009858316102,50.7545374960423,8.28659510917813,10.500824873359,0.199014168389752,-0.754537496042303
8298,36,50,35.7032562048254,50.6998164877412,9.26232385658635,10.4466031063318,0.296743795174585,-0.699816487741188
8316,36,50,35.7078650332356,50.5869583467467,9.59998062580063,10.5703995299907,0.292134966764372,-0.58695834674667
8334,36,50,35.8190183387842,50.3824227422294,9.54606500374914,10.9923111542637,0.180981661215803,-0.382422742229366
8352,36,50,36.0725173248659,50.108407730035,8.54606500374914,11.7366353232454,-0.0725173248658564,-0.108407730035026
8370,36,50,36.4218253166879,49.8100361019338,7.54606500374914,13.0676140387394,-0.421825316687851,0.189963898066189
8388,36,50,36.7989302378523,49.4821182156081,6.54606500374914,15.0926161084471,-0.798930237852346,0.517881784391854
8406,36,50,37.154911132725,49.306448783515,5.54606500374914,17.03007202192,-1.15491113272505,0.693551216485012
8424,36,50,37.4001315343908,49.4729218604829,4.54606500374914,17.2215069587959,-1.40013153439078,0.527078139517087
8442,36,50,37.5119683115469,49.9478939703984,3.79421577890367,15.9076526593548,-1.51196831154693,0.0521060296016316
8460,36,50,37.4840170193838,50.4865055166104,3.44505170137741,14.0052381418016,-1.4840170193838,-0.486505516610436
8478,36,50,37.3273566334875,50.816398065155,3.56688168717574,12.8891902466288,-1.32735663348745,-0.816398065155042
8496,36,50,37.0801783094721,50.8801122949706,4.24730778571103,12.333321255923,-1.08017830947213,-0.880112294970559
8514,36,50,36.7925489410146,50.8659687882649,5.03321564478962,12.0832941967174,-0.792548941014601,-0.865968788264937
8532,36,50,36.5100914928763,50.8976786120746,5.87913709494068,11.633249192217,-0.51009149287632,-0.897678612074614
8550,36,50,36.2619132322442,50.9960326458752,6.78493419638995,10.9226667778158,-0.261913232244183,-0.996032645875204
8568,36,50,36.0894074604978,51.0627688207219,7.39721790051621,10.274483389345,-0.0894074604977959,-1.06276882072195
8586,36,50,36.0026869662066,50.9915791136075,7.64930151849681,10.1986928152531,-0.00268696620662467,-0.991579113607457
8604,36,50,36.0094178995485,50.7394056714374,7.62465833131127,10.6061316608431,-0.00941789954850236,-0.739405671437396
8622,36,50,36.1164741084937,50.4120526993986,7.25134728520457,11.351041017317,-0.116474108493705,-0.412052699398558
8640,36,50,36.2947844373739,50.0946474842476,6.42481490111011,12.2517071047772,-0.294784437373934,-0.0946474842476448
8658,36,50,36.4966671985016,49.8339603869781,5.44853370469174,13.4278471928004,-0.496667198501605,0.166039613021923
8676,36,50,36.6839663408527,49.6900708151101,4.52956650754981,14.5738566242445,-0.683966340852685,0.309929184889896
8694,36,50,36.8183809072399,49.7460517778159,3.90263399875357,14.7284161296541,-0.81838090723987,0.253948222184135
8712,36,50,36.8561292585154,49.9924247017637,3.5345222346999,13.9952753785832,-0.856129258515352,0.00757529823630421
8730,36,50,36.7767588643279,50.2627024452882,3.53825392608902,13.1201961141571,-0.776758864327938,-0.262702445288184
8748,36,50,36.5897859820068,50.4599938148823,4.09044529443964,12.3802687554275,-0.589785982006816,-0.459993814882267
8766,36,50,36.3430155809328,50.6002089941701,4.97072698458049,11.7511857648637,-0.34301558093285,-0.600208994170139
8784,36,50,36.0797114882886,50.7176473232278,5.94087623831183,11.136231187645,-0.0797114882885523,-0.717647323227794
8802,36,50,35.8366585889507,50.8027309308765,7.19087623831183,10.528073769476,0.163341411049331,-0.802730930876535
8820,36,50,35.6610454283888,50.8292315034139,8.93613551000171,10.1029986299311,0.338954571611218,-0.829231503413872
8838,36,50,35.5840424875632,50.7587561430907,10.0138378486158,10.0877258409501,0.415957512436819,-0.75875614309065
8856,36,50,35.6144683745728,50.5653547310192,10.3428836158907,10.4126708690469,0.385531625427177,-0.565354731019191
8874,36,50,35.7723571891454,50.2880787871811,10.1958007592148,11.087462517044,0.227642810854647,-0.288078787181142
8892,36,50,36.0943506769189,49.9810988643465,9.19580075921476,12.0657341709779,-0.0943506769189497,0.018901135653465
8910,36,50,36.5204621510519,49.6696433581057,8.19580075921476,13.7036880538298,-0.520462151051873,0.330356641894312
8928,36,50,36.9686794444451,49.343953508884,7.19580075921476,15.9491188632293,-0.968679444445051,0.656046491116037
8946,36,50,37.3808463537646,49.2090844728074,6.19580075921476,17.9314943616166,-1.38084635376465,0.79091552719261
8964,36,50,37.6744038945945,49.4467161323579,5.19580075921476,17.9724813277614,-1.67440389459453,0.553283867642079
8982,36,50,37.8275723331667,49.9968586865025,4.31376657830605,16.4704851205551,-1.82757233316674,0.00314131349750824
9000,36,50,37.8361986862208,50.5675129338248,3.47752964450814,14.438227056039,-1.83619868622079,-0.56751293382483
9018,36,50,37.7150295467468,50.8845337696719,3.25144568029616,13.3375539293284,-1.71502954674684,-0.884533769671854
9036,36,50,37.5056809915842,50.9087339707063,3.69924235244829,12.9275667957609,-1.50568099158425,-0.908733970706251
9054,36,50,37.2478553098796,50.8601700475883,4.29917834220666,12.8280490269247,-1.24785530987961,-0.86017004758834
9072,36,50,36.9546274998201,50.8856830437377,5.0334069056421,12.3815996478256,-0.954627499820099,-0.885683043737721
9090,36,50,36.6592385936216,51.0184929535729,5.85307903678964,11.6270247551379,-0.659238593621602,-1.01849295357292
9108,36,50,36.4137436859149,51.1795252885861,6.71218556599926,10.7775836606841,-0.413743685914937,-1.17952528858611
9126,36,50,36.2351047325684,51.2328370295811,7.27343758974454,10.1317684275535,-0.235104732568381,-1.23283702958108
9144,36,50,36.1411210682688,51.0821743203587,7.46684642038457,10.2236118563748,-0.14112106826876,-1.08217432035875
9162,36,50,36.1433831129202,50.7703173375677,7.43310063860729,10.7580563857731,-0.143383112920247,-0.770317337567676
9180,36,50,36.2440979545728,50.4296172315218,7.06119462026328,11.5183601659591,-0.244097954572815,-0.429617231521789
9198,36,50,36.4107343426761,50.1277247653056,6.29043456520899,12.3368790365742,-0.410734342676093,-0.127724765305572
9216,36,50,36.5923879827499,49.8892022730989,5.43782317541849,13.3216476925757,-0.592387982749941,0.110797726901069
9234,36,50,36.7561712287901,49.7546066739639,4.68044970776465,14.3126468743195,-0.756171228790095,0.245393326036137
9252,36,50,36.8677404823374,49.7910256796954,4.1224381152703,14.4731782886566,-0.867740482337354,0.208974320304605
9270,36,50,36.8898227670775,49.9958366475526,3.80505590343613,13.8763123339705,-0.889822767077462,0.00416335244744914
9288,36,50,36.8098966486832,50.2347306757302,3.80319872078221,13.090526089809,-0.80989664868325,-0.234730675730191
9306,36,50,36.6401044256438,50.4245577745757,4.08741912566222,12.3866987073276,-0.640104425643763,-0.424557774575689
9324,36,50,36.417582685889,50.5591780643823,4.92711378215077,11.7935129895402,-0.417582685889037,-0.559178064382266
9342,36,50,36.1802893491976,50.6564305269708,5.85734634029031,11.2339824806568,-0.180289349197572,-0.656430526970794
9360,36,50,35.9610503180572,50.7193348364052,6.92877491171888,10.7304419613807,0.0389496819427961,-0.719334836405238
9378,36,50,35.7856680425244,50.7290597995328,8.36286206009174,10.4344416784652,0.214331957475565,-0.729059799532848
9396,36,50,35.7004813480748,50.6634174332487,9.28061709009527,10.4445776696807,0.299518651925226,-0.663417433248661
9414,36,50,35.7178898748761,50.5323047051127,9.52160514110441,10.6351874559667,0.282110125123928,-0.532304705112679
9432,36,50,35.8458731197633,50.3206853461238,9.35740152862494,11.1086336834691,0.154126880236689,-0.32068534612381
9450,36,50,36.1083905397421,50.0508529912167,8.35740152862494,11.8881218685853,-0.108390539742118,-0.050852991216658
9468,36,50,36.4588645292942,49.7578590131527,7.35740152862494,13.2951845567868,-0.458864529294232,0.242140986847282
9486,36,50,36.8270064234203,49.4538881967684,6.35740152862494,15.2953485046514,-0.827006423420272,0.546111803231611
9504,36,50,37.1628199157165,49.3208318890895,5.35740152862494,17.0989494166728,-1.16281991571651,0.679168110910481
9522,36,50,37.386072971532,49.5316825334311,4.35740152862494,17.1225204243334,-1.38607297153196,0.46831746656887
9540,36,50,37.4755238091039,50.0353114997388,3.64116613174755,15.6024625999748,-1.47552380910389,-0.0353114997387962
9558,36,50,37.4267730636168,50.567528496055,3.39988970160096,13.7858741505926,-1.42677306361678,-0.567528496054976
9576,36,50,37.2527480437678,50.8584409661048,3.61353321699768,12.7545474149724,-1.2527480437678,-0.858440966104759
9594,36,50,36.9921007251266,50.9058405362702,4.33184307615261,12.2232867913052,-0.992100725126647,-0.90584053627024
9612,36,50,36.6975954036136,50.8942338571341,5.13739863170817,11.9660229783009,-0.697595403613612,-0.89423385713409
9630,36,50,36.4160690399295,50.9339901699244,6.00696384909947,11.4650093669484,-0.416069039929475,-0.933990169924414
9648,36,50,36.17643691267,51.033794922154,6.93719640723901,10.7450473847429,-0.176436912670027,-1.03379492215397
9666,36,50,36.0163117758683,51.0787826659808,7.53579462659873,10.1898746315191,-0.0163117758682603,-1.07878266598077
9684,36,50,35.9439720232113,50.9753396940226,7.85524419042722,10.1946168398074,0.0560279767886982,-0.975339694022573
9702,36,50,35.9677012863237,50.7060080386549,7.8447388852481,10.6596063249698,0.0322987136762549,-0.706008038654858
9720,36,50,36.0934590866351,50.3749307745275,7.38646361043776,11.4253524701044,-0.0934590866351428,-0.374930774527471
9738,36,50,36.2872958529092,50.0604394842082,6.47924903252775,12.3160644536966,-0.287295852909203,-0.0604394842081746
9756,36,50,36.5079880931582,49.8010756722304,5.47924903252775,13.5569200884776,-0.507988093158247,0.198924327769639
9774,36,50,36.7147358865795,49.6582842078354,4.47924903252775,14.7647728924216,-0.714735886579483,0.341715792164599
9792,36,50,36.8609565978376,49.7179553661493,3.75881050472822,14.9554375205356,-0.860956597837621,0.282044633850703
9810,36,50,36.9022375964305,49.9752861415245,3.37674510412141,14.2093317560749,-0.90223759643046,0.0247138584755362
9828,36,50,36.8218654264871,50.2710491529507,3.37302036252536,13.2507614880001,-0.821865426487051,-0.27104915295071
9846,36,50,36.6258643804078,50.4975047545872,4.07650556855186,12.4256927322705,-0.625864380407819,-0.497504754587176
9864,36,50,36.3609303613529,50.650590462187,4.95488394693024,11.7589731513514,-0.360930361352878,-0.650590462186983
9882,36,50,36.0779484750761,50.7745180798651,5.92710616915246,11.1223724853215,-0.0779484750761057,-0.774518079865054
9900,36,50,35.8167519170164,50.8720169531315,7.18609897490786,10.4689024161586,0.183248082983603,-0.872016953131492
9918,36,50,35.6374653828959,50.9087627312781,8.97447453377522,9.97495242097292,0.362534617104131,-0.908762731278053
9936,36,50,35.5598891260478,50.8404011669149,10.0857043660223,9.93899043792642,0.440110873952172,-0.840401166914887
9954,36,50,35.5903531995039,50.6172071235258,10.4367927399815,10.3188285659816,0.409646800496091,-0.61720712352583
9972,36,50,35.7499443364638,50.3097875915848,10.3238713010398,11.0635567446451,0.250055663536187,-0.309787591584836
9990,36,50,36.0784273343573,49.9868176373007,9.32387130103977,12.0477185137456,-0.0784273343573432,0.0131823626993324
10008,36,50,36.5144012181489,49.6723839528888,8.32387130103977,13.6856723965975,-0.51440121814894,0.327616047111221
10026,36,50,36.9733253359476,49.3391574036485,7.32387130103977,15.931103205997,-0.973325335947564,0.660842596351479
10044,36,50,37.3977494242764,49.1922345751804,6.32387130103977,17.9841283589541,-1.3977494242764,0.807765424819635
10062,36,50,37.7036035760133,49.416719753262,5.32387130103977,18.10751499748,-1.70360357601325,0.583280246737957
10080,36,50,37.8686599998375,49.9639151726414,4.42859939527891,16.6193271837188,-1.86865999983755,0.0360848273585788
10098,36,50,37.8886240243624,50.5455925446533,3.53563780432551,14.6137561530781,-1.88862402436236,-0.545592544653275
10116,36,50,37.7770363369199,50.8746003506756,3.22638924941222,13.4920112165101,-1.77703633691987,-0.874600350675607
10134,36,50,37.5755650705521,50.9128772642078,3.58486782602805,12.9980612213245,-1.5755650705521,-0.912877264207779
10152,36,50,37.3240653439352,50.8702949253317,4.14770935608269,12.8629908122814,-1.32406534393522,-0.870294925331748
10170,36,50,37.0317732709234,50.8843829608204,4.84954753816404,12.5117966799694,-1.03177327092339,-0.884382960820403
10188,36,50,36.7301958012884,51.0035660458223,5.65383708239996,11.7770465715428,-0.730195801288431,-1.00356604582232
10206,36,50,36.4716311247286,51.1767232850827,6.50074261985924,10.91843341742,-0.471631124728638,-1.1767232850827
10224,36,50,36.2762839463232,51.2557114220665,7.30662741919383,10.1735770930863,-0.276283946323225,-1.25571142206651
10242,36,50,36.161224589387,51.1374637893256,7.60212393858578,10.1872559440629,-0.161224589386975,-1.13746378932564
10260,36,50,36.1410574215488,50.8423067221812,7.61417334113624,10.6723221915365,-0.141057421548808,-0.842306722181249
10278,36,50,36.2192668450441,50.5077648689125,7.32168601951813,11.3675626600139,-0.219266845044054,-0.507764868912474
10296,36,50,36.3859027377313,50.2051764847976,6.55376528875485,12.1397741186356,-0.385902737731342,-0.205176484797605
10314,36,50,36.5812990917729,49.9569134832786,5.57678248232113,12.9882828301229,-0.581299091772863,0.0430865167214307
10332,36,50,36.7647041424004,49.7709786681551,4.71713089479654,14.1001062571767,-0.764704142400419,0.229021331844912
10350,36,50,36.9036296576187,49.7234900910137,4.03620739229628,14.9401098546225,-0.903629657618723,0.276509908986284
10368,36,50,36.9546589324805,49.8817770146506,3.60993129654811,14.642371520812,-0.95465893248047,0.118222985349441
10386,36,50,36.8944926019988,50.194486381852,3.55031571426833,13.6720211164993,-0.894492601998778,-0.194486381852002
10404,36,50,36.7296690326394,50.4970875369401,3.76462782167071,12.671937776221,-0.72966903263945,-0.497087536940064
10422,36,50,36.4879195665988,50.7083783153242,4.59507764866033,11.8494438125166,-0.487919566598762,-0.708378315324225
10440,36,50,36.2167437277272,50.8303398119922,5.51973518290691,11.187014906528,-0.21674372772722,-0.830339811992161
10458,36,50,35.9624774037546,50.8894346856341,6.58272730889116,10.6278092698779,0.0375225962453669,-0.889434685634072
10476,36,50,35.7523954253555,50.8926128949598,8.00825922378478,10.3232266608606,0.247604574644512,-0.892612894959782
10494,36,50,35.6359908881313,50.8214288601249,9.23290522455018,10.2924723253536,0.364009111868725,-0.821428860124939
10512,36,50,35.6244346976195,50.6950633265426,9.77292034497355,10.4359004937054,0.375565302380473,-0.695063326542567
10530,36,50,35.7244921782922,50.4840166502057,9.87145464722752,10.8436528219208,0.275507821707834,-0.484016650205731
10548,36,50,35.9592774909721,50.2084648849984,8.88854866432154,11.5605086204262,0.0407225090279226,-0.208464884998435
10566,36,50,36.3086334009573,49.9011298075255,7.88854866432154,12.7240820409474,-0.308633400957348,0.0988701924744575
10584,36,50,36.7059745081218,49.5713299109119,6.88854866432154,14.5962554345817,-0.705974508121791,0.428670089088079
10602,36,50,37.0974989010505,49.3297984369208,5.88854866432154,16.6437355197619,-1.09749890105052,0.670201563079246
10620,36,50,37.3816981140924,49.3827053101943,4.88854866432154,17.2863944689519,-1.38169811409236,0.617294689805675
10638,36,50,37.5345835683085,49.7612546856777,4.11891053546011,16.5527508883332,-1.53458356830846,0.238745314322344
10656,36,50,37.5484876560112,50.3003745343102,3.51010900475912,14.7527508883332,-1.54848765601118,-0.300374534310158
10674,36,50,37.4291740429168,50.7336056303906,3.46633699981098,13.4302339026266,-1.42917404291681,-0.733605630390613
10692,36,50,37.2089940534789,50.9012326445178,4.08637154212532,12.6581183058915,-1.20899405347887,-0.901232644517805
10710,36,50,36.9360427190056,50.9361382718455,4.82449662918479,12.1935943926295,-0.936042719005613,-0.936138271845543
10728,36,50,36.6453581014065,50.965629416711,5.6413980376355,11.7181089802392,-0.645358101406522,-0.965629416710989
10746,36,50,36.3759007731561,51.0226133203699,6.51802141425888,11.1147934625293,-0.375900773156076,-1.02261332036995
10764,36,50,36.1796409673612,51.0825150840178,7.35887626346695,10.490648923794,-0.179640967361181,-1.08251508401783
10782,36,50,36.0689066434005,51.0489943504863,7.65404749143657,10.2610336569301,-0.0689066434004602,-1.0489943504863
10800,36,55,36.0494752856402,50.8422860675197,7.68530074698402,10.2610336569301,-0.0494752856401846,4.15771393248031
10818,36,55,36.1264962319166,50.5276999945289,7.424184846011,17.2610336569301,-0.126496231916555,4.47230000547106
10836,36,55,36.2940233729337,50.3023805679425,6.6715854071597,24.2610336569301,-0.294023372933715,4.69761943205754
10854,36,55,36.4962798377256,51.3938178328042,5.69530421074134,22.7610336569301,-0.496279837725638,3.60618216719585
10872,36,55,36.682345597012,53.4738623230104,4.77633701359941,21.2610336569301,-0.682345597012045,1.52613767698957
10890,36,55,36.7058754462536,54.9948076753859,4.52025211338024,19.7610336569301,-0.705875446253629,0.00519232461407171
10908,36,55,36.5501891997116,56.0471045191349,4.80407425150701,16.9178542174603,-0.550189199711596,-1.04710451913493
10926,36,55,36.3431013409398,56.6852606660532,5.66472998921193,14.2636824521081,-0.343101340939832,-1.68526066605321
10944,36,55,36.0860305733077,56.7840190509736,6.63127274014129,13.2882545196598,-0.086030573307724,-1.78401905097361
10962,36,55,35.8375764482974,56.5086682241045,7.87187424390069,13.4777100958921,0.162423551702588,-1.50866822410449
10980,36,55,35.673601311435,56.2250902171218,9.37517229574914,13.7962798922494,0.326398688564957,-1.22509021712179
10998,36,55,35.6385291405139,56.0635742287918,10.1564985971458,13.9127791611326,0.361470859486118,-1.06357422879181
11016,36,55,35.7134113614929,55.9550076922299,10.3220797871226,13.947846828743,0.286588638507119,-0.955007692229863
11034,36,55,35.898229816898,55.7714822452712,9.80197576631842,14.1841034232839,0.10177018310204,-0.771482245271201
11052,36,55,36.2137856407059,55.4837400839453,8.80197576631842,14.7932149259267,-0.213785640705922,-0.483740083945335
11070,36,55,36.6046999676789,55.099948084767,7.80197576631842,15.8606252538429,-0.604699967678869,-0.0999480847669503
11088,36,55,37.0074263433993,54.6583705421601,6.80197576631842,17.8608013256802,-1.00742634339925,0.341629457839858
11106,36,55,37.3512452418807,54.3511311622479,5.80197576631842,20.0435142394035,-1.35124524188069,0.64886883775209
11124,36,55,37.5805112421803,54.419060009037,4.80197576631842,20.5543041819891,-1.58051124218031,0.58093999096301
11142,36,55,37.6817848127511,54.9166902835991,3.98881848658016,19.1271317408622,-1.6817848127511,0.0833097164009189
11160,36,55,37.6436598893875,55.5342183783144,3.61750541576117,17.1460689469023,-1.64365988938749,-0.534218378314392
11178,36,55,37.472432722044,55.9139379354588,3.75142878830106,15.9227773080034,-1.47243272204402,-0.913937935458833
11196,36,55,37.2062724942312,56.0066628911669,4.37146333061539,15.2347450964519,-1.2062724942312,-1.00666289116691
11214,36,55,36.8978017389897,55.9969717031095,5.12485420607779,14.9369181302424,-0.897801738989713,-0.99697170310948
11232,36,55,36.5943035269438,56.0084142247137,5.96050880217807,14.5359165468569,-0.594303526943818,-1.00841422471373
11250,36,55,36.3288004744903,56.0897562914083,6.85159791108896,13.8488546516899,-0.328800474490315,-1.08975629140826
11268,36,55,36.1373275040536,56.1548416967933,7.57602680592328,13.1698002977531,-0.137327504053587,-1.15484169679328
11286,36,55,36.0294306401948,56.0853159784208,7.88985581310909,13.066677225802,-0.0294306401948319,-1.08531597842079
11304,36,55,36.0134997084941,55.8375517078463,7.93011431506904,13.4394596196938,-0.0134997084941304,-0.837551707846323
11322,36,55,36.0970293979599,55.5148231848091,7.6800830611623,14.1097810749642,-0.0970293979599148,-0.514823184809117
11340,36,55,36.2622290534926,55.1970202956619,6.93248245499965,14.9431915759365,-0.262229053492639,-0.197020295661858
11358,36,55,36.4589207884471,54.9248899593137,5.95656835169147,15.9452266568552,-0.458920788447067,0.0751100406863401
11376,36,55,36.648326200165,54.7413375371432,5.03839845992367,17.0938814263089,-0.64832620016503,0.258662462856819
11394,36,55,36.7973799514201,54.7219737127226,4.32567285927992,17.7959948003538,-0.79737995142014,0.27802628727737
11412,36,55,36.8592597593703,54.9044947665173,3.90607819587224,17.4113424299335,-0.859259759370289,0.09550523348274
11430,36,55,36.8074297279167,55.2056334485795,3.84128563656615,16.4647606419457,-0.807429727916734,-0.205633448579505
11448,36,55,36.6457637950207,55.4785117391179,4.08490661361449,15.5435424189404,-0.645763795020741,-0.478511739117877
11466,36,55,36.4062533209223,55.6673642876421,4.93899914030488,14.7769204455987,-0.406253320922346,-0.667364287642137
11484,36,55,36.1388093408795,55.7910177443519,5.88970336565699,14.1316926043526,-0.138809340879497,-0.791017744351947
11502,36,55,35.8873090539445,55.8660145333454,7.05828574113592,13.546590791482,0.112690946055451,-0.866014533345371
11520,36,55,35.6808223495589,55.8849416742529,8.58721136097063,13.1476573842722,0.31917765044107,-0.884941674252943
11538,36,55,35.5694256780129,55.8213252222306,9.87002404656274,13.0892795796314,0.43057432198713,-0.821325222230591
11556,36,55,35.5651273579379,55.6799367704224,10.3807435437005,13.2591042513823,0.434872642062118,-0.679936770422415
11574,36,55,35.6820636315145,55.4468926710418,10.4849237755015,13.7294830970472,0.317936368485547,-0.44689267104178
11592,36,55,35.9451272231674,55.1530743415322,9.50379170002979,14.5078584154735,0.0548727768325534,-0.153074341532211
11610,36,55,36.3287299277633,54.8263438005636,8.50379170002979,15.8806461296789,-0.328729927763327,0.173656199436387
11628,36,55,36.757174942214,54.4782110806605,7.50379170002979,17.9553211855611,-0.75717494221405,0.521788919339507
11646,36,55,37.1776195715411,54.2508403244102,6.50379170002979,20.1016401331724,-1.1776195715411,0.749159675589809
11664,36,55,37.4886017472913,54.3553976536908,5.50379170002979,20.5812924657099,-1.48860174729127,0.644602346309156
11682,36,55,37.6635365444176,54.7911219117973,4.69076937247584,19.6347106777221,-1.66353654441756,0.208878088202653
11700,36,55,37.6953438176461,55.3447147870897,3.93654736886869,17.8015752857981,-1.69534381764613,-0.344714787089735
11718,36,55,37.5923650734869,55.7494064225622,3.80868952944947,16.54149367274,-1.59236507348692,-0.749406422562195
11736,36,55,37.3915926509375,55.8840759288376,4.28985109575417,15.8452831411021,-1.39159265093745,-0.884075928837618
11754,36,55,37.1377929020686,55.8995254671041,4.94329386821199,15.4389908189852,-1.1377929020686,-0.899525467104112
11772,36,55,36.8535412863094,55.923859750297,5.71041715588323,15.0252985809381,-0.853541286309401,-0.92385975029697
11790,36,55,36.5799196983206,55.9914910152553,6.53358788759054,14.4006797116986,-0.579919698320637,-0.991491015255306
11808,36,55,36.3655846999201,56.0895881661155,7.38379031674034,13.6617791617079,-0.365584699920106,-1.08958816611547
11826,36,55,36.2272090508724,56.0959561905156,7.73205642776877,13.225163122599,-0.227209050872389,-1.09595619051564
11844,36,55,36.1747666485955,55.9194999580636,7.80395968520422,13.4181596866754,-0.174766648595508,-0.919499958063597
11862,36,55,36.2154851859458,55.6136519256767,7.63038803524038,14.018690275951,-0.215485185945781,-0.613651925676706
11880,36,55,36.3503784412388,55.2898520362257,7.09698358131319,14.8010184415573,-0.350378441238831,-0.289852036225696
11898,36,55,36.528753382655,55.0113470012075,6.24702863988934,15.6347668228701,-0.528753382655019,-0.0113470012074899
11916,36,55,36.7066809790127,54.7960163897289,5.38937688725326,16.7645010575215,-0.706680979012745,0.203983610271067
11934,36,55,36.852493583876,54.7141069181715,4.67019495669927,17.7072378618946,-0.852493583875962,0.285893081828462
11952,36,55,36.9310282098975,54.8397142144368,4.18407717401121,17.551208159855,-0.93102820989747,0.160285785563175
11970,36,55,36.9117296625562,55.1288078394528,4.00809502008879,16.6499818075401,-0.911729662556219,-0.128807839452847
11988,36,55,36.7879743971714,55.4041427237148,4.09387805178667,15.7188670562685,-0.787974397171432,-0.40414272371477
12006,36,55,36.5806654891798,55.5834712355945,4.8774601413389,14.9980293259332,-0.580665489179836,-0.583471235594459
12024,36,55,36.3346688199672,55.6865780638164,5.76085236748731,14.4249496245125,-0.33466881996722,-0.686578063816398
12042,36,55,36.0929609395646,55.7506855311209,6.72470778917406,13.9117467119764,-0.092960939564577,-0.750685531120851
12060,36,55,35.8812905119031,55.7809173773461,7.94092400539028,13.5042262867377,0.118709488096869,-0.78091737734605
12078,36,55,35.7556219660101,55.753899813253,8.98923113104547,13.3718603685104,0.244378033989882,-0.753899813252985
12096,36,55,35.7295118994016,55.6637413285096,9.5786799963564,13.4306887041587,0.270488100598392,-0.663741328509573
12114,36,55,35.8063502730924,55.4725773510906,9.61456945681818,13.7918302143869,0.193649726907566,-0.472577351090621
12132,36,55,36.0021051587102,55.2051312860797,8.65305419562865,14.4810081828341,-0.00210515871024342,-0.205131286079677
12150,36,55,36.2979265214144,54.9106084764932,7.65305419562865,15.5641243137348,-0.297926521414382,0.0893915235067624
12168,36,55,36.6463036489346,54.6161821826384,6.65305419562865,17.2430895016851,-0.646303648934605,0.383817817361603
12186,36,55,36.9869949370896,54.4165125368968,5.65305419562865,19.0484308443266,-0.986994937089648,0.583487463103168
12204,36,55,37.223401374029,54.4665627333654,4.65305419562865,19.5726803351316,-1.22340137402898,0.5334372666346
12222,36,55,37.3321638909773,54.808817379777,3.97479499685836,18.8718717097946,-1.33216389097728,0.191182620222975
12240,36,55,37.3071234167118,55.2969525340196,3.69690257699318,17.4017306674819,-1.30712341671177,-0.296952534019582
12258,36,55,37.1543202220165,55.7018667919091,3.76621637043807,16.1422906503669,-1.15432022201647,-0.701866791909083
12276,36,55,36.9033614467633,55.9085724013699,4.50151048808513,15.2800573488052,-0.903361446763334,-0.908572401369902
12294,36,55,36.6064758114597,55.9920956727952,5.33253541883305,14.6259618862242,-0.606475811459745,-0.992095672795152
12312,36,55,36.3151836157675,56.0489632749151,6.23315653684548,14.012269732392,-0.315183615767481,-1.04896327491512
12330,36,55,36.0587691716403,56.0850461874493,7.21060014586803,13.4570969791683,-0.0587691716403143,-1.08504618744925
12348,36,55,35.8882843637085,56.0599706432646,8.2594857049615,13.2241031446484,0.111715636291535,-1.05997064326459
12366,36,55,35.815366436763,55.9494972714522,8.83959940724714,13.2591708122588,0.184633563236986,-0.949497271452202
12384,36,55,35.8428974643852,55.731786813907,8.94227935385357,13.6005285024825,0.157102535614811,-0.731786813907021
12402,36,55,35.9729967523915,55.447086789378,8.57244497533612,14.1980367658947,0.0270032476084907,-0.447086789378041
12420,36,55,36.2030921362993,55.1445720101547,7.57244497533612,15.0106137144694,-0.203092136299276,-0.144572010154668
12438,36,55,36.4873602106879,54.8576730536226,6.57244497533612,16.2058026528158,-0.48736021068791,0.142326946377409
12456,36,55,36.77167903947,54.6134982449448,5.57244497533612,17.7734123076302,-0.771679039470044,0.386501755055207
12474,36,55,37.0050772673572,54.5389452361257,4.57244497533612,19.0531343795612,-1.00507726735719,0.461054763874266
12492,36,55,37.125866088544,54.7411109671698,3.93868730521981,18.8393468988111,-1.12586608854397,0.258889032830226
12510,36,55,37.1207816607763,55.1742721092642,3.64887341120078,17.5358540624032,-1.1207816607763,-0.174272109264152
12528,36,55,36.9889797860685,55.6163149559704,3.71050975676197,16.1912947008176,-0.988979786068469,-0.616314955970431
12546,36,55,36.7436760975953,55.8846058866381,4.48211469503357,15.2015765263964,-0.743676097595284,-0.884605886638084
12564,36,55,36.447014214722,56.0058119077281,5.35167991242488,14.4626112817321,-0.44701421472196,-1.00581190772814
12582,36,55,36.153083152034,56.0721449995654,6.30249958455602,13.811029958638,-0.153083152034043,-1.07214499956544
12600,36,55,35.8951605354718,56.0948667990189,7.45064773270417,13.3327334219187,0.104839464528155,-1.09486679901892
12618,36,55,35.7285008450932,56.0537629460295,8.92246576247503,13.1415382067015,0.27149915490682,-1.05376294602949
12636,36,55,35.6645508340318,55.9445063245871,9.75937338879578,13.1789631618695,0.335449165968164,-0.944506324587067
12654,36,55,35.7059157056501,55.730521949955,9.97023793342878,13.4970992405134,0.294084294349901,-0.730521949954991
12672,36,55,35.8627353393486,55.4432196625984,9.65768367053591,14.1247036286416,0.137264660651446,-0.443219662598352
12690,36,55,36.1553738108162,55.12713157582,8.65768367053591,15.0002621418083,-0.155373810816215,-0.12713157582003
12708,36,55,36.5280348551828,54.8102610881183,7.65768367053591,16.387008121918,-0.528034855182838,0.189738911881733
12726,36,55,36.911205100555,54.4937601742357,6.65768367053591,18.3705615732013,-0.911205100555009,0.506239825764325
12744,36,55,37.2460096093508,54.3537358347417,5.65768367053591,20.1484804556523,-1.2460096093508,0.646264165258344
12762,36,55,37.464336393055,54.5579121925411,4.65768367053591,20.1620870548529,-1.46433639305501,0.442087807458933
12780,36,55,37.5494866434491,55.0697869109495,3.90899666640137,18.5869406657833,-1.54948664344907,-0.0697869109495173
12798,36,55,37.4969800094418,55.6076939699243,3.64229443943778,16.6785576357799,-1.49698000944178,-0.607693969924313
12816,36,55,37.319831028175,55.8919572073626,3.94091332708242,15.6652085687395,-1.31983102817499,-0.891957207362559
12834,36,55,37.056484887183,55.9175451149634,4.63001730127218,15.2079434686292,-1.05648488718301,-0.917545114963417
12852,36,55,36.7578692868633,55.8913492545739,5.42788964169772,15.0311614997242,-0.757869286863269,-0.891349254573925
12870,36,55,36.4712662201324,55.9332202892985,6.2884237663268,14.5301478883718,-0.471266220132435,-0.933220289298539
12888,36,55,36.2327478532646,56.053903406048,7.20097129484391,13.7743650041821,-0.232747853264613,-1.05390340604802
12906,36,55,36.0711936668851,56.1210847326294,7.75946737077017,13.1056737873882,-0.0711936668850939,-1.12108473262943
12924,36,55,35.9950033084536,56.0180448802957,7.97537497019267,13.1009265763747,0.00499669154639548,-1.01804488029573
12942,36,55,36.0142689108199,55.7317716803246,7.92875986266009,13.6048355476573,-0.014268910819851,-0.731771680324599
12960,36,55,36.1350143478413,55.3859919724667,7.50341139305239,14.4119987970733,-0.135014347841341,-0.385991972466726
12978,36,55,36.3223949788147,55.0676307999555,6.59517307013955,15.325511784718,-0.322394978814685,-0.0676307999554666
12996,36,55,36.5277303502154,54.8154623048537,5.59517307013955,16.4953970352078,-0.527730350215421,0.184537695146332
13014,36,55,36.7141880335823,54.6875853166885,4.67542395466834,17.6147137003915,-0.714188033582317,0.312414683311516
13032,36,55,36.8421201566614,54.7610416714791,4.04533620754919,17.7296876943691,-0.842120156661444,0.238958328520937
13050,36,55,36.8659272378766,55.0205477534933,3.73516402535356,16.9438954530753,-0.865927237876647,-0.0205477534933323
13068,36,55,36.7700486312881,55.3015728181874,3.78080347371154,16.0330998463247,-0.77004863128807,-0.301572818187388
13086,36,55,36.5672667995529,55.5102007523694,4.49995359432761,15.2556266342639,-0.567266799552868,-0.510200752369428
13104,36,55,36.305766251344,55.6583704452008,5.39342438470561,14.5862698813562,-0.305766251344046,-0.658370445200774
13122,36,55,36.0339041373386,55.7769623718635,6.3824353737166,13.9453534017526,-0.0339041373386237,-0.776962371863547
13140,36,55,35.7876182313281,55.8570080947934,7.6923984733476,13.3330238390123,0.212381768671946,-0.857008094793436
13158,36,55,35.6239341918274,55.8676925093132,9.29978052424803,12.9855836398565,0.376065808172612,-0.867692509313201
13176,36,55,35.5629301859557,55.7786267032731,10.3038974034528,13.0148067910863,0.4370698140443,-0.778626703273069
13194,36,55,35.6109654490236,55.5608157598063,10.5921964391422,13.4168004180166,0.389034550976405,-0.56081575980631
13212,36,55,35.7909225058729,55.2670544257681,10.3164104490705,14.1289585550326,0.209077494127058,-0.267054425768094
13230,36,55,36.1224270277652,54.9559312201987,9.3164104490705,15.154650060102,-0.122427027765184,0.0440687798013499
13248,36,55,36.5485260755516,54.6389232040165,8.3164104490705,16.8750801676289,-0.548526075551621,0.3610767959835
13266,36,55,36.9908121004342,54.3349520024523,7.3164104490705,19.0493028118254,-0.990812100434226,0.665047997547731
13284,36,55,37.3853377778496,54.243196079128,6.3164104490705,20.9979985346631,-1.3853377778496,0.756803920872017
13302,36,55,37.6588329621513,54.5124634116269,5.3164104490705,20.8943109353655,-1.65883296215128,0.487536588373146
13320,36,55,37.791440809042,55.0999531206972,4.44438409796644,19.2885315335,-1.79144080904202,-0.0999531206971724
13338,36,55,37.7815930949947,55.678622581676,3.7802212199273,17.167956312261,-1.78159309499466,-0.678622581676038
13356,36,55,37.6435243816335,55.9837952204224,3.65252089003478,16.0773607234975,-1.64352438163354,-0.983795220422437
13374,36,55,37.4205665772954,55.9831966426911,4.15766115837421,15.7383046077423,-1.42056657729545,-0.983196642691112
13392,36,55,37.1523164281045,55.9170946559898,4.80646250209081,15.6812720300426,-1.15231642810447,-0.917094655989843
13410,36,55,36.8646552998561,55.9418116644238,5.5746253272694,15.260138531422,-0.864655299856054,-0.941811664423795
13428,36,55,36.5850232514825,56.082090187814,6.40302769413331,14.4701392711217,-0.585023251482497,-1.08209018781402
13446,36,55,36.3596345508751,56.2314843824166,7.26768934826865,13.6104533314734,-0.359634550875086,-1.23148438241657
13464,36,55,36.204523336794,56.2527872346784,7.73443380567821,13.0684231821869,-0.204523336794011,-1.25278723467837
13482,36,55,36.1364716564538,56.0640790582783,7.86683716304906,13.2454019026027,-0.136471656453828,-1.06407905827827
13500,36,55,36.1656771841886,55.7296483791233,7.73594443373114,13.8421973202047,-0.165677184188624,-0.729648379123347
13518,36,55,36.2929494568653,55.3782061156298,7.21796675085471,14.6547678558415,-0.292949456865308,-0.378206115629837
13536,36,55,36.475617782391,55.0752462616633,6.37121111348701,15.5036873247822,-0.475617782390991,-0.0752462616633238
13554,36,55,36.6646873177885,54.8427063347163,5.45277371564458,16.5733367279216,-0.664687317788534,0.157293665283731
13572,36,55,36.8255880098195,54.7314028669208,4.68742567009933,17.5535696009246,-0.825588009819469,0.268597133079155
13590,36,55,36.9199709720966,54.8114015553332,4.18553435171202,17.5777354155914,-0.919970972096564,0.188598444666766
13608,36,55,36.9162634868542,55.0633152560168,3.93146794493692,16.8100823244692,-0.916263486854248,-0.0633152560168071
13626,36,55,36.8034859454417,55.3369823678956,3.99208012798571,15.9173981093094,-0.803485945441729,-0.336982367895558
13644,36,55,36.6008602751859,55.5379558947962,4.70331154659463,15.1574671939381,-0.60086027518593,-0.537955894796177
13662,36,55,36.3538992423281,55.6737036144094,5.58050452905077,14.50915108068,-0.353899242328055,-0.673703614409398
13680,36,55,36.102260909474,55.7647567716348,6.54204299058923,13.9191789811052,-0.102260909474026,-0.764756771634751
13698,36,55,35.8771850442901,55.806494369084,7.74039009802725,13.4600098585651,0.122814955709906,-0.806494369084035
13716,36,55,35.7331466169428,55.7856578033445,8.93242382385949,13.2783906773905,0.266853383057224,-0.785657803344549
13734,36,55,35.6891134672372,55.6954135292738,9.6297044294975,13.3273077086703,0.310886532762829,-0.695413529273836
13752,36,55,35.7497665379736,55.506027080632,9.77102413816149,13.6736819922486,0.250233462026365,-0.506027080632002
13770,36,55,35.9293251368188,55.2409932610782,9.17664004306003,14.3471010998314,0.0706748631812246,-0.240993261078216
13788,36,55,36.2217814925144,54.9475614586161,8.17664004306003,15.3373942658281,-0.22178149251436,0.0524385413838502
13806,36,55,36.578185628237,54.6530830458508,7.17664004306003,16.9603436473528,-0.578185628236966,0.346916954149222
13824,36,55,36.937231483276,54.4178089521886,6.17664004306003,18.8630954940936,-0.937231483275966,0.582191047811392
13842,36,55,37.2235841029253,54.412600000299,5.17664004306003,19.8992643049963,-1.22358410292529,0.587399999700992
13860,36,55,37.3881927497946,54.7186096674044,4.38005919437783,19.4154078430842,-1.3881927497946,0.281390332595592
13878,36,55,37.4177720316989,55.218696696791,3.79784273667499,17.8948640466041,-1.41777203169888,-0.218696696791042
13896,36,55,37.3148625023956,55.6645877432234,3.73626760508298,16.5296576060176,-1.31486250239556,-0.66458774322335
13914,36,55,37.1029127479427,55.8922545507645,4.39251760508298,15.6269361663834,-1.10291274794267,-0.89225455076447
13932,36,55,36.8307125933241,55.9704043881501,5.15739012632944,14.9793453832829,-0.830712593324066,-0.970404388150143
13950,36,55,36.5378648987278,56.0109910439467,6.00041338214339,14.4497098531597,-0.537864898727797,-1.01099104394675
13968,36,55,36.2664752925314,56.0472669957013,6.9095042912343,13.9055388560031,-0.266475292531432,-1.04726699570126
13986,36,55,36.0737891955324,56.0766193373937,7.70880544869226,13.3890924987944,-0.0737891955323846,-1.07661933739368
14004,36,55,35.9725677589876,56.0304190150315,8.07402528293864,13.2394548290011,0.0274322410124483,-1.03041901503146
14022,36,55,35.9656402396869,55.8284400138973,8.15549997486247,13.5029881272968,0.0343597603130661,-0.828440013897321
14040,36,55,36.0565109272684,55.5342620268529,7.88490705802999,14.0896701967745,-0.0565109272684197,-0.5342620268529
14058,36,55,36.2325016457738,55.2194299477512,7.06591811075694,14.8838608392968,-0.232501645773837,-0.219429947751152
14076,36,55,36.4461026483269,54.9312809461085,6.06591811075694,15.9209267017347,-0.446102648326899,0.0687190538914848
14094,36,55,36.6581011045607,54.7163076231541,5.06591811075694,17.1926237967972,-0.6581011045607,0.283692376845899
14112,36,55,36.8294189737335,54.6690382770891,4.25194442001482,18.1499283693973,-0.829418973733461,0.330961722910949
14130,36,55,36.9071183364292,54.8468109837058,3.77243348296257,17.8385782420268,-0.907118336429235,0.153189016294206
14148,36,55,36.8664634534382,55.1916279052281,3.66786122798426,16.7845769407906,-0.866463453438165,-0.191627905228081
14166,36,55,36.7057544234103,55.5227906864154,3.88928180268261,15.7066731408072,-0.705754423410269,-0.522790686415433
14184,36,55,36.4530327960055,55.7443339832501,4.73673942980125,14.8547555545737,-0.453032796005481,-0.744333983250115
14202,36,55,36.1653871072878,55.8780730020782,5.68136483696738,14.1585450229358,-0.165387107287827,-0.878073002078168
14220,36,55,35.8924505234508,55.9600655174213,6.83794846686061,13.5141956647681,0.10754947654916,-0.960065517421341
14238,36,55,35.6657024638125,55.984594385879,8.33984960754503,13.0780542172842,0.334297536187513,-0.984594385879021
14256,36,55,35.5353538218805,55.9218372506912,9.82618289889154,12.9921276725457,0.464646178119537,-0.921837250691233
14274,36,55,35.5130520247995,55.7789700807738,10.6086890624675,13.1339067715624,0.486947975200508,-0.778970080773789
14292,36,55,35.6124907053797,55.5419566161113,10.8306776125317,13.5928260905854,0.387509294620308,-0.541956616111307
14310,36,55,35.8567933100719,55.2420232183873,9.88579572276797,14.3483694795807,0.143206689928135,-0.242023218387331
14328,36,55,36.2388960081751,54.9107223843732,8.88579572276797,15.5473269079039,-0.238896008175132,0.0892776156268411
14346,36,55,36.6918173863547,54.5559520742415,7.88579572276797,17.4879681188912,-0.691817386354749,0.444047925758547
14364,36,55,37.1500776132274,54.2631539925318,6.88579572276797,19.7582050198867,-1.15007761322737,0.736846007468159
14382,36,55,37.5031360549558,54.2494730104156,5.88579572276797,21.0562154465278,-1.50313605495581,0.750526989584358
14400,36,55,37.7224503602138,54.5994894634195,4.88579572276797,20.6337652353027,-1.72245036021383,0.400510536580512
14418,36,55,37.7989424444173,55.2252942278893,4.02458427514363,18.9020590351012,-1.79894244441734,-0.225294227889336
14436,36,55,37.7349747670571,55.7878409275463,3.71108725752676,16.8199569876906,-1.73497476705712,-0.787840927546341
14454,36,55,37.5566874683449,56.0609453028673,3.87508889754316,15.8044362348287,-1.55668746834493,-1.06094530286731
14472,36,55,37.300485230132,56.0439787553031,4.44878950419999,15.536702410414,-1.30048523013204,-1.04397875530312
14490,36,55,37.0027998793088,55.982047112653,5.16303439632744,15.433928722882,-1.00279987930876,-0.982047112653021
14508,36,55,36.714496671119,56.0259748868599,5.96635849605043,14.8970444121606,-0.714496671119036,-1.02597488685993
14526,36,55,36.4621497932088,56.1749081135202,6.81095309064502,14.0609895460601,-0.462149793208788,-1.17490811352025
14544,36,55,36.272195780354,56.2663348738815,7.42934949379227,13.2874083382319,-0.272195780353982,-1.26633487388155
14562,36,55,36.1587423114878,56.1871929925617,7.68551518394079,13.1866533937762,-0.158742311487757,-1.18719299256172
14580,36,55,36.1368492934998,55.9195429575077,7.69756458649125,13.5770328074761,-0.136849293499829,-0.91954295750773
14598,36,55,36.2129897145884,55.5853360008553,7.40843080286759,14.2348530194673,-0.212989714588439,-0.585336000855278
14616,36,55,36.363083832413,55.2650543043806,6.76856915133279,15.0282459249642,-0.363083832412997,-0.265054304380584
14634,36,55,36.5384845766577,54.9946966687278,5.91816483866433,15.862990421428,-0.538484576657666,0.00530333127217375
14652,36,55,36.7036305445392,54.8173854765578,5.11286544913322,16.8369618739889,-0.703630544539202,0.182614523442226
14670,36,55,36.8257266405927,54.7801772972835,4.52432753370982,17.5134946435449,-0.825726640592706,0.219822702716471
14688,36,55,36.8706506950424,54.921351437321,4.15276228729754,17.2150161088032,-0.870650695042436,0.0786485626789712
14706,36,55,36.8175247070664,55.19059549212,4.0856693006113,16.3562002337219,-0.817524707066354,-0.190595492119996
14724,36,55,36.6686668049778,55.4406783170087,4.28862809753024,15.493882009383,-0.668666804977825,-0.440678317008704
14742,36,55,36.4534661545381,55.6100542972684,5.11881677677553,14.7896453344092,-0.453466154538127,-0.610054297268356
14760,36,55,36.2135024173509,55.7125559900802,6.03835700666058,14.2075569788489,-0.213502417350938,-0.712555990080205
14778,36,55,35.9873034323931,55.7630670355648,7.0556730239766,13.7269307082538,0.0126965676069233,-0.763067035564802
14796,36,55,35.8006041313145,55.7647070565902,8.58538473215467,13.4705530183747,0.199395868685521,-0.764707056590169
14814,36,55,35.7044028278347,55.7055825809854,9.56111347956289,13.4417379297465,0.295597172165287,-0.705582580985357
14832,36,55,35.7104753044413,55.5981848368629,9.84445905622361,13.5627154279318,0.289524695558711,-0.598184836862885
14850,36,55,35.8224094742566,55.4022131381961,9.79054343417213,13.9765442062748,0.177590525743376,-0.402213138196132
14868,36,55,36.0757991225342,55.1351637262203,8.79054343417213,14.7038858105934,-0.075799122534228,-0.135163726220263
14886,36,55,36.4245916483227,54.8412103777542,7.79054343417213,15.9427240472697,-0.424591648322689,0.158789622245848
14904,36,55,36.7968398550288,54.5120485581071,6.79054343417213,17.9178055758256,-0.796839855028779,0.487951441892918
14922,36,55,37.1474471275157,54.3175588306691,5.79054343417213,19.8629270476395,-1.14744712751568,0.682441169330865
14940,36,55,37.3879796445696,54.4655430607399,4.79054343417213,20.1038710199144,-1.38797964456963,0.534456939260068
14958,36,55,37.4969623744874,54.9271582629498,4.04299317657035,18.8566679845997,-1.4969623744874,0.072841737050183
14976,36,55,37.4670319071548,55.4645342747686,3.69831796667198,16.9557184351048,-1.46703190715478,-0.46453427476861
14994,36,55,37.3081426728207,55.8056832587405,3.82064430604864,15.818170281921,-1.30814267282073,-0.805683258740515
15012,36,55,37.0577559363579,55.8797463709484,4.5097482802384,15.2298169258411,-1.05775593635794,-0.879746370948411
15030,36,55,36.766209881169,55.8707508125198,5.29993901593322,14.9797898666355,-0.766209881169047,-0.870750812519773
15048,36,55,36.4804341055949,55.9016866775884,6.1579271816137,14.5297448621351,-0.48043410559491,-0.901686677588359
15066,36,55,36.2296059728893,55.9991249097674,7.07367809736461,13.8191624477339,-0.229605972889253,-0.999124909767389
15084,36,55,36.0558045446827,56.0647096683746,7.71193456749499,13.1709790592631,-0.0558045446827151,-1.06470966837462
15102,36,55,35.9682994927489,55.992642767702,8.03542829980393,13.0951884851712,0.0317005072510739,-0.992642767702037
15120,36,55,35.9753090432089,55.7387517368209,8.03542829980393,13.5026273307612,0.024690956791062,-0.738751736820916
15138,36,55,36.0836259451016,55.4093688031198,7.67640279759564,14.2475366872351,-0.0836259451016161,-0.40936880311979
15156,36,55,36.2654275784721,55.0885885307368,6.85231404957662,15.1482027746953,-0.265427578472099,-0.0885885307368142
15174,36,55,36.4769444492837,54.8234260935407,5.85231404957662,16.3740633960219,-0.476944449283657,0.176573906459339
15192,36,55,36.6767191467122,54.6729972822275,4.87451051953561,17.5879515486856,-0.676719146712159,0.327002717772487
15210,36,55,36.8247553916079,54.7234116319974,4.15916708634277,17.8055970204006,-0.824755391607923,0.276588368002649
15228,36,55,36.8759876383412,54.9735921087169,3.75741476237653,17.1059231395824,-0.875987638341172,0.0264078912831138
15246,36,55,36.8067492599852,55.2561607866671,3.73619767297543,16.2036675004846,-0.80674925998521,-0.256160786667081
15264,36,55,36.6230980854553,55.4682826236122,4.11657205144867,15.4359261081115,-0.623098085455261,-0.468282623612183
15282,36,55,36.3702566467218,55.6184006054143,4.98765219082149,14.777219480978,-0.370256646721849,-0.618400605414308
15300,36,55,36.096479761175,55.7463076339065,5.95193790510721,14.1310159268584,-0.0964797611750399,-0.74630763390654
15318,36,55,35.841336535447,55.8468135867339,7.18382196307822,13.4864022971266,0.158663464553044,-0.846813586733859
15336,36,55,35.6401579365192,55.886425970582,8.83858147203375,12.9994797373417,0.359842063480784,-0.886425970582039
15354,36,55,35.5355315251707,55.8241544114178,10.1056931362492,12.941101932701,0.464468474829275,-0.824154411417801
15372,36,55,35.53925673752,55.6503783318791,10.6556421100557,13.1911217755457,0.46074326247998,-0.650378331879054
15390,36,55,35.6705095755759,55.38628424516,10.7499944486458,13.7647008048735,0.329490424424137,-0.386284245159999
15408,36,55,35.9601634143102,55.0787081508175,9.76359989082269,14.642692858367,0.0398365856897556,-0.0787081508175476
15426,36,55,36.369916229103,54.7511086574827,8.76359989082269,16.1791961768505,-0.369916229102962,0.248891342517268
15444,36,55,36.824904657322,54.4052877779713,7.76359989082269,18.3654572012052,-0.824904657322037,0.594712222028711
15462,36,55,37.2688110121714,54.2109215805123,6.76359989082269,20.4795996132426,-1.26881101217135,0.789078419487737
15480,36,55,37.5998436778035,54.3573900490771,5.76359989082269,20.834723428833,-1.59984367780351,0.642609950922875
15498,36,55,37.7911221475272,54.8211388684914,4.85227947141625,19.7823864571006,-1.79112214752718,0.178861131508611
15516,36,55,37.8370681800969,55.3740118184377,3.97954930257267,17.9205014541368,-1.83706818009691,-0.374011818437694
15534,36,55,37.748794882492,55.7565060223787,3.69088554263423,16.6993540655951,-1.74879488249199,-0.756506022378659
15552,36,55,37.5647684906071,55.8649308858174,3.85488718265063,16.036984882204,-1.56476849060712,-0.864930885817401
15570,36,55,37.3210545029199,55.8625238198173,4.41772871270527,15.7436903356782,-1.32105450291986,-0.862523819817255
15588,36,55,37.0356787529347,55.8776035665754,5.11535918225026,15.3447569284683,-1.03567875293474,-0.877603566575374
15606,36,55,36.7451397858167,55.9689494131058,5.90987973019547,14.6694582855667,-0.745139785816718,-0.968949413105832
15624,36,55,36.4850436991329,56.1058683885102,6.75403557435131,13.8673310974435,-0.485043699132937,-1.10586838851025
15642,36,55,36.2879525639188,56.1596692195878,7.55658268555446,13.2473738311233,-0.287952563918765,-1.15966921958783
15660,36,55,36.1715241117322,56.0562128958884,7.84758423944625,13.2330718473852,-0.171524111732182,-1.05621289588842
15678,36,55,36.1479870596759,55.7977703408822,7.85758523954626,13.6421937505597,-0.147987059675891,-0.797770340882174
15696,36,55,36.2213154882415,55.4904503392192,7.59787456634886,14.296930768705,-0.22131548824148,-0.490450339219194
15714,36,55,36.3808840251906,55.1995566044805,6.89538907743682,15.0470002195801,-0.380884025190639,-0.199556604480534
15732,36,55,36.5697661322044,54.9548773425316,5.97942410606599,15.890220143102,-0.56976613220435,0.045122657468383
15750,36,55,36.7480860217737,54.7689075011149,5.12016797757909,17.0020435701558,-0.748086021773709,0.231092498885062
15768,36,55,36.885511089773,54.7214267592378,4.44060819555109,17.8420471676016,-0.885511089773004,0.278573240762178
15786,36,55,36.9413721046358,54.8804128217554,3.99379746374193,17.5443088337911,-0.941372104635832,0.119587178244636
15804,36,55,36.8920162979506,55.1897326535546,3.91018721612696,16.5739584294785,-0.892016297950583,-0.18973265355465
15822,36,55,36.7386526542226,55.4802755174241,4.08987748684454,15.6024004128663,-0.738652654222648,-0.480275517424133
15840,36,55,36.5080938641602,55.6721057810176,4.90838282492283,14.8357784395246,-0.508093864160152,-0.672105781017606
15858,36,55,36.2460691881943,55.7813442912361,5.82066352667722,14.2083706244448,-0.246069188194305,-0.781344291236074
15876,36,55,35.9982822851107,55.8385589586727,6.82365753865327,13.6657693300038,0.0017177148892884,-0.838558958672728
15894,36,55,35.7906247960735,55.8484784810797,8.18729390228963,13.3258045856069,0.209375203926456,-0.848478481079681
15912,36,55,35.6740102072228,55.7881648548537,9.35324804142683,13.2755651402974,0.325989792777179,-0.788164854853655
15930,36,55,35.6604532897353,55.669179136569,9.84370544626743,13.400969351986,0.339546710264656,-0.669179136569028
15948,36,55,35.7533116425373,55.4625713632237,9.92805295801583,13.8165449918205,0.246688357462659,-0.46257136322366
15966,36,55,35.9757987653712,55.1896705106665,8.93706196702484,14.5164241627471,0.0242012346287765,-0.189670510666488
15984,36,55,36.3078576710713,54.8939548134082,7.93706196702484,15.6736231281653,-0.307857671071297,0.106045186591828
16002,36,55,36.6837709108462,54.5808408003655,6.93706196702484,17.4768597066394,-0.683770910846249,0.419159199634478
16020,36,55,37.0525226421649,54.3611202762116,5.93706196702484,19.4292444506477,-1.05252264216492,0.638879723788378
16038,36,55,37.314120351666,54.4278994630264,4.93706196702484,19.9284379305696,-1.31412035166599,0.572100536973565
16056,36,55,37.4452776981159,54.8028656777251,4.19044937600262,19.1598482463396,-1.44527769811594,0.197134322274934
16074,36,55,37.4395435528587,55.3154792751336,3.7495873921237,17.5490137711867,-1.43954355285873,-0.315479275133598
16092,36,55,37.3031217737494,55.7250035101025,3.76777086334835,16.2687971235242,-1.30312177374937,-0.725003510102468
16110,36,55,37.0688078921174,55.9079714123148,4.45026344495073,15.472551064429,-1.06880789211742,-0.907971412314751
16128,36,55,36.7840731625088,55.9656631090918,5.23238634997866,14.8863638326854,-0.784073162508832,-0.965663109091814
16146,36,55,36.4926439138406,56.0104414914018,6.0878435771173,14.3567283025622,-0.49264391384061,-1.01044149140179
16164,36,55,36.229530878975,56.0568950461037,7.00657149231165,13.7729200083279,-0.229530878975019,-1.05689504610373
16182,36,55,36.0461754383894,56.0767087103905,7.73589010035499,13.2985103491762,-0.0461754383893975,-1.07670871039054
