Tempo,Referencia_Temperatura,Referencia_Umidade,Saida_Temperatura,Saida_Umidade,Controle_Temperatura,Controle_Umidade,Erro_Temperatura,Erro_Umidade
18,30,50,22,50,0,0,8,0
36,30,50,22,50,0,0,8,0
54,30,50,22,50,0,0,8,0
72,30,50,22,50,0,0,8,0
90,30,50,22,50,0,0,8,0
108,30,50,22,50,0,0,8,0
126,30,50,22,50,0,0,8,0
144,30,50,22,50,3.29760000000001,0,8,0
162,30,50,22,50,6.59520000000002,0,8,0
180,30,50,22,50,9.89280000000004,0,8,0
198,30,50,22.016894635549,50,13.0682416481995,0,7.98310536445101,0
216,30,50,22.3326683790683,50,14.1491103722201,0,7.66733162093167,0
234,30,50,22.9376427010718,50,14.3083992573835,0,7.06235729892817,0
252,30,50,23.8218266341205,49.7264272422169,13.4570534289321,0.15012913022809,6.17817336587948,0.273572757783093
270,30,50,24.9549811738093,48.9772554606422,11.655183108536,0.542849946273513,5.04501882619069,1.02274453935784
288,30,50,26.1448637354725,47.8023291979177,10.0586975341668,1.17021126643197,3.85513626452752,2.19767080208226
306,30,50,27.3047853897861,46.2746717551138,8.43505950811714,2.05285032691965,2.69521461021387,3.72532824488622
324,30,50,28.3407004537051,44.632326238078,7.09965882305767,3.11639411371947,1.6592995462949,5.36767376192201
342,30,50,29.1713335587426,43.1357861943838,6.28232302220796,4.27644407288762,0.828666441257408,6.86421380561615
360,30,50,29.816060456746,41.949047872439,5.57414507784646,5.47435898032149,0.183939543254013,8.05095212756095
378,30,50,30.2754777459008,41.2129328559633,5.13169722258063,6.62630811456782,-0.275477745900815,8.78706714403666
396,30,50,30.5800900898101,40.9506664349536,4.81339136373993,7.69165737485398,-0.580090089810056,9.04933356504639
414,30,50,30.7787211338692,41.1128653814958,4.46266337903563,8.64472415113312,-0.778721133869183,8.88713461850416
432,30,50,30.8857420591593,41.6345162625213,4.23159612034321,9.46071774944919,-0.885742059159291,8.36548373747868
450,30,50,30.9292678492661,42.4100237613097,4.01715615923531,10.1420218249715,-0.929267849266125,7.58997623869031
468,30,50,30.9242760655109,43.3541364641235,3.85947744166795,10.6849664505535,-0.924276065510895,6.64586353587649
486,30,50,30.8730657895728,44.4009557374445,3.82706509700248,11.0893648056007,-0.873065789572834,5.59904426255551
504,30,50,30.7906511166585,45.4898248671508,3.84040702759848,11.3637366747906,-0.790651116658474,4.51017513284923
522,30,50,30.6828098590274,46.5865283657547,3.93587742957073,11.5103916428716,-0.682809859027437,3.41347163424525
540,30,50,30.558882750385,47.6590115978339,4.0815428486213,11.539547438799,-0.558882750384967,2.34098840216613
558,30,50,30.4332372523432,48.6770977292133,4.22076668512161,11.4646630594763,-0.433237252343204,1.32290227078666
576,30,50,30.3129128466704,49.6185389574775,4.3658344891288,11.2988383823229,-0.312912846670415,0.381461042522488
594,30,50,30.2075098762197,50.4573706552742,4.47574785380379,11.0613857048264,-0.207509876219738,-0.457370655274161
612,30,50,30.1229920201823,51.1742663308064,4.54298227568566,10.7704075459725,-0.122992020182284,-1.17426633080636
630,30,50,30.0600014231844,51.7572091844191,4.5802188786409,10.4435729649354,-0.0600014231843531,-1.75720918441912
648,30,50,30.0196515418929,52.1988036150926,4.573325532625,10.0988375495896,-0.0196515418928698,-2.19880361509264
666,30,50,29.9990357626347,52.502283179087,4.53882816176489,9.75008400588876,0.000964237365302267,-2.50228317908703
684,30,50,29.9943649265257,52.6767598577153,4.48335085187223,9.40957607992076,0.00563507347427361,-2.67675985771525
702,30,50,30.0026080530606,52.7359457969537,4.40575974761529,9.08705856301993,-0.00260805306061584,-2.73594579695373
720,30,50,30.0193540699603,52.6981983644638,4.31944619408607,8.78893763624703,-0.019354069960265,-2.69819836446381
738,30,50,30.0415164999656,52.5818562635204,4.22404083454034,8.52028853274037,-0.0415164999655531,-2.58185626352036
756,30,50,30.0664482466204,52.4054445541551,4.12302957276984,8.28386906409195,-0.0664482466204213,-2.40544455415512
774,30,50,30.0913996870883,52.1865679035155,4.02364142039472,8.08074301696046,-0.0913996870882769,-2.18656790351545
792,30,50,30.1147601430921,51.9403108073026,3.92555769507005,7.91106113897496,-0.114760143092116,-1.94031080730264
810,30,50,30.1348961434878,51.6803242351012,3.83424114255947,7.7734681966857,-0.134896143487754,-1.6803242351012
828,30,50,30.1505478818189,51.4180344567811,3.75302689075693,7.66591418337995,-0.15054788181892,-1.41803445678112
846,30,50,30.1611301712731,51.1626892104372,3.6825163358765,7.585748642643,-0.161130171273147,-1.16268921043724
864,30,50,30.166113869588,50.9219508584273,3.62608043593402,7.52966656540639,-0.166113869588003,-0.921950858427266
882,30,50,30.1655339680546,50.7013467771106,3.58347294703921,7.49431263464928,-0.165533968054628,-0.701346777110572
900,30,50,30.159786245664,50.5046871756493,3.55427762510694,7.47620616085675,-0.159786245663994,-0.504687175649266
918,30,50,30.1494052600924,50.3342090176474,3.53848051810261,7.47194768873263,-0.14940526009239,-0.334209017647353
936,30,50,30.135286118758,50.1904852413323,3.53384381746657,7.47848558693479,-0.135286118758039,-0.190485241332269
954,30,50,30.1183600082996,50.072941727735,3.53906772750286,7.49301597675223,-0.1183600082996,-0.072941727734964
972,30,50,30.0995789116731,49.979977874263,3.55247513802072,7.51315202373623,-0.0995789116731132,0.0200221257370288
990,30,50,30.0799319478364,49.909228627793,3.57181844866673,7.53692658756786,-0.0799319478363714,0.0907713722069943
1008,30,50,30.0602488362528,49.8579707262887,3.59575638414086,7.56271070941612,-0.0602488362527751,0.142029273711287
1026,30,50,30.0412750805429,49.8232311616505,3.62252144115187,7.58927361204918,-0.0412750805429205,0.176768838349474
1044,30,50,30.0236286218918,49.8020498730361,3.6505949601706,7.61568903756901,-0.0236286218917954,0.197950126963946
1062,30,50,30.007749653006,49.7916441089951,3.67893408920826,7.64129284137599,-0.00774965300596619,0.208355891004871
1080,30,50,29.993973151307,49.7894446355375,3.70630235922401,7.66567261775392,0.00602684869303971,0.210555364462451
1098,30,50,29.9824881360815,49.7932193089272,3.73192305970649,7.68858093883768,0.0175118639185179,0.20678069107278
1116,30,50,29.973359263827,49.8010744092281,3.75520608502916,7.70991718561107,0.0266407361730252,0.198925590771935
1134,30,50,29.9665647067621,49.8114502509092,3.77561921979396,7.72968939331069,0.0334352932378614,0.188549749090825
1152,30,50,29.9619795735905,49.8231416110206,3.79300838018072,7.74796193181596,0.0380204264094601,0.176858388979397
1170,30,50,29.9594161002521,49.8352447844307,3.80727739867068,7.76484564996359,0.0405838997478654,0.164755215569272
1188,30,50,29.9586390617481,49.8471364809977,3.8184772729417,7.78046314629472,0.0413609382518629,0.152863519002345
1206,30,50,29.9593722515527,49.8584401998928,3.82684589755384,7.79492943920895,0.0406277484473314,0.141559800107188
1224,30,50,29.9613314967934,49.8689670424809,3.83261441269113,7.80834836709005,0.0386685032065905,0.131032957519125
1242,30,50,29.9642299771588,49.8786839696148,3.83611559551194,7.82079626338043,0.0357700228411559,0.121316030385245
1260,30,50,29.967791889394,49.8876646866837,3.83770927818843,7.83232414927561,0.0322081106059713,0.112335313316251
1278,30,50,29.9717684046886,49.89604568741,3.83772184524568,7.84295975494146,0.0282315953113574,0.103954312590005
1296,30,50,29.975937193488,49.9039986320062,3.83650794129906,7.85270684719146,0.0240628065120063,0.0960013679938498
1314,30,50,29.9801111048536,49.9116956848632,3.83437472471683,7.86155482074505,0.0198888951463587,0.0883043151367531
1332,30,50,29.9841397946947,49.9192902944087,3.83159333610463,7.86948267281819,0.015860205305259,0.0807097055912749
1350,30,50,29.9879063821462,49.9269047420226,3.8284149832786,7.87646448214663,0.0120936178537505,0.0730952579773643
1368,30,50,29.9913290584806,49.9346185189558,3.82503097458789,7.88247720694358,0.00867094151943348,0.0653814810441915
1386,30,50,29.9943560216135,49.9424685054649,3.821601885093,7.88750356343064,0.00564397838650166,0.0575314945350556
1404,30,50,29.9969615382395,49.9504496894564,3.81825163365142,7.89153680400651,0.0030384617604895,0.0495503105436228
1422,30,50,29.9991431735516,49.9585188519684,3.81505964434988,7.89458388198731,0.00085682644842322,0.0414811480316004
1440,30,50,30.0009156928308,49.9666031091234,3.81208329146583,7.89666606416854,-0.000915692830837145,0.0333968908765598
1458,30,50,30.0023075608727,49.9746066443871,3.80934960190344,7.89782041873272,-0.00230756087268347,0.0253933556129198
1476,30,50,30.0033569180075,49.9824195539339,3.80686348179291,7.89809899164125,-0.00335691800746929,0.0175804460661482
1494,30,50,30.004107081491,49.9899267563975,3.80461875760683,7.89756727793676,-0.00410708149100003,0.0100732436025055
1512,30,50,30.0046040630692,49.9970149114434,3.80259442952487,7.89630272332876,-0.00460406306922323,0.00298508855664181
1530,30,50,30.0048934850906,50.0035797538797,3.8007650642532,7.89439178927628,-0.00489348509055532,-0.00357975387971976
1548,30,50,30.0050183856553,50.0095314397055,3.79910341533536,7.89192730263888,-0.00501838565527635,-0.00953143970545511
1566,30,50,30.0050180595536,50.0147983147111,3.79758032478438,7.88900565275146,-0.00501805955364887,-0.014798314711058
1584,30,50,30.0049267119123,50.0193298841779,3.79617096083879,7.88572367606229,-0.00492671191232574,-0.019329884177921
1602,30,50,30.0047731226065,50.0230976977206,3.7948534878048,7.8821761766456,-0.00477312260651885,-0.023097697720587
1620,30,50,30.0045806029514,50.0260952543599,3.79361015618855,7.87845348598548,-0.00458060295137841,-0.0260952543599018
1638,30,50,30.0043670369065,50.0283369041184,3.79242907057585,7.87463940081733,-0.00436703690647988,-0.0283369041183903
1656,30,50,30.004145508373,50.0298555409021,3.79130207023069,7.8708097282197,-0.00414550837303551,-0.0298555409020764
1674,30,50,30.0039248474107,50.0306999635592,3.7902254860061,7.86703106395614,-0.00392484741067278,-0.0306999635592291
1692,30,50,30.0037103050888,50.0309316970956,3.78919938942118,7.8633601229843,-0.00371030508879144,-0.0309316970955535
1710,30,50,30.0035043808071,50.0306215656067,3.78822602048784,7.85984348815533,-0.00350438080713289,-0.0306215656066939
1728,30,50,30.0033074671057,50.029846428675,3.78730985719019,7.85651763586769,-0.00330746710566387,-0.029846428675036
1746,30,50,30.0031185497604,50.0286859364533,3.78645622577526,7.85340937576699,-0.00311854976037296,-0.0286859364533143
1764,30,50,30.0029358168657,50.0272196285112,3.78567052095655,7.85053649664601,-0.00293581686565858,-0.0272196285111903
1782,30,50,30.0027571099638,50.0255244447031,3.78495792137612,7.84790860070148,-0.00275710996384504,-0.0255244447030591
1800,30,50,30.002580349443,50.0236725938296,3.7843224183085,7.84552811904022,-0.00258034944300078,-0.0236725938296161
1818,30,50,30.0024038060189,50.0217299524409,3.78376667002558,7.84339136051744,-0.00240380601889001,-0.0217299524408574
1836,30,50,30.0022262745949,50.0197549057103,3.7832917808192,7.8414896106817,-0.00222627459489289,-0.0197549057103217
1854,30,50,30.0020471894953,50.017797614814,3.78289700775533,7.83981021950951,-0.00204718949526139,-0.0177976148139578
1872,30,50,30.0018666261661,50.0158997296782,3.78257998589748,7.83833761321616,-0.00186662616609823,-0.0158997296782388
1890,30,50,30.0016852635266,50.0140944283418,3.78233674365611,7.83705424514517,-0.00168526352659981,-0.0140944283418065
1908,30,50,30.0015043015572,50.0124067642801,3.78216188620855,7.83594143427077,-0.00150430155719761,-0.0124067642801435
1926,30,50,30.0013253334413,50.0108542595186,3.78204894684153,7.83498008478894,-0.00132533344130081,-0.0108542595186378
1944,30,50,30.0011502193837,50.0094476522083,3.78199058124986,7.83415129559094,-0.00115021938371029,-0.00944765220826582
1962,30,50,30.0009809471437,50.0081917707108,3.78197891719891,7.83343683917363,-0.000980947143723654,-0.00819177071082322
1980,30,50,30.0008194979583,50.0070864616422,3.78200586493063,7.83281952929197,-0.000819497958325144,-0.00708646164218862
1998,30,50,30.0006677342019,50.0061275225759,3.78206334910662,7.83228348426936,-0.000667734201911685,-0.00612752257586635
2016,30,50,30.0005272982079,50.00530761389,3.78214360087214,7.8318142901449,-0.000527298207899207,-0.005307613890011
2034,30,50,30.0003995379304,50.0046171035882,3.7822393460935,7.83139908671571,-0.000399537930380944,-0.00461710358822387
2052,30,50,30.0002854572978,50.0040448302742,3.78234396241375,7.83102658401636,-0.000285457297799496,-0.00404483027419644
2070,30,50,30.0001856863178,50.003578770933,3.78245162133286,7.83068702364641,-0.000185686317792033,-0.00357877093303216
2088,30,50,30.0001004769362,50.0032065989578,3.78255734228044,7.83037210190967,-0.000100476936228944,-0.00320659895780295
2106,30,50,30.0000297163137,50.0029161380041,3.78265703444918,7.83007486220236,-2.97163136551148e-05,-0.00291613800409607
2124,30,50,29.9999729555228,50.0026957117975,3.78274749739155,7.82978957019344,2.70444771679479e-05,-0.00269571179752859
2142,30,50,29.9999294523989,50.002534396379,3.78282637451406,7.82951158081012,7.05476011013673e-05,-0.00253439637895525
2160,30,50,29.9998982211107,50.0024221884171,3.78289210185307,7.82923720253321,0.000101778889273874,-0.00242218841714248
2178,30,50,29.9998780874064,50.0023500982664,3.782943824617,7.82896356692319,0.000121912593584739,-0.00235009826639043
2196,30,50,29.9998677457356,50.0023101820583,3.78298130206021,7.82868850624167,0.00013225426444663,-0.00231018205827382
2214,30,50,29.9998658141167,50.0022955262868,3.78300481327525,7.82841044181902,0.000134185883258198,-0.00229552628677254
2232,30,50,29.9998708861221,50.0023001955221,3.78301505140981,7.82812828558984,0.000129113877875398,-0.00230019552208205
2250,30,50,29.9998815769861,50.0023191560325,3.78301302640494,7.82784135422805,0.00011842301394438,-0.00231915603249888
2268,30,50,29.9998965627224,50.0023481845435,3.78299997372789,7.82754929612326,0.00010343727760187,-0.00234818454352137
2286,30,50,29.9999146121446,50.0023837700642,3.78297726789624,7.82725203037291,8.53878554281096e-05,-0.00238377006422041
2304,30,50,29.9999346106966,50.0024230161976,3.78294635115233,7.82694969604618,6.53893034083808e-05,-0.00242301619761776
2322,30,50,29.9999555767701,50.0024635481957,3.78290867103561,7.82664261071639,4.44232299088299e-05,-0.00246354819569206
2340,30,50,29.9999766709514,50.0025034284656,3.78286562967421,7.82633123645618,2.3329048598697e-05,-0.00250342846563001
2358,30,50,29.9999971986125,50.0025410827992,3.78281854664917,7.82601615172583,2.80138750596848e-06,-0.00254108279924026
2376,30,50,30.0000166071458,50.002575237858,3.78276863057435,7.82569802799606,-1.66071458131967e-05,-0.00257523785802505
2394,30,50,30.000034478614,50.0026048702297,3.78271696167841,7.82537760967472,-3.44786139585551e-05,-0.00260487022970324
2412,30,50,30.0000505188561,50.002629166222,3.78266448309786,7.82505569645884,-5.05188561383818e-05,-0.0026291662220288
2430,30,50,30.0000645442308,50.002647491064,3.7826119983442,7.82473312739028,-6.45442308346844e-05,-0.00264749106401041
2448,30,50,30.0000764667622,50.0026593661694,3.78256017549891,7.82441076596879,-7.64667621879767e-05,-0.00265936616936813
2466,30,50,30.0000862786482,50.0026644526396,3.7825095552041,7.8240894860976,-8.62786482045408e-05,-0.00266445263963533
2484,30,50,30.0000940368692,50.0026625393805,3.78246056153923,7.82377015865921,-9.40368691573212e-05,-0.00266253938048067
2502,30,50,30.0000998484132,50.0026535343287,3.78241351521504,7.82345363868394,-9.98484132246347e-05,-0.00265353432872928
2520,30,50,30.000103856665,50.0026374573339,3.78236864713343,7.82314075325299,-0.000103856664967594,-0.00263745733388987
2538,30,50,30.0001062292348,50.0026144336395,3.78232611219529,7.82283229024174,-0.000106229234816624,-0.00261443363945091
2556,30,50,30.0001071474221,50.00258468709,3.78228600257949,7.82252898811223,-0.000107147422131249,-0.0025846870899926
2574,30,50,30.0001067974402,50.0025485324467,3.78224835972924,7.82223152696278,-0.000106797440164286,-0.00254853244669562
2592,30,50,30.0001053633575,50.0025063665188,3.78221318520627,7.82194052098645,-0.000105363357452148,-0.00250636651884406
2610,30,50,30.0001030216955,50.0024586579691,3.78218044994256,7.82165651250455,-0.000103021695501582,-0.00245865796914302
2628,30,50,30.0000999375507,50.002405935876,3.78215010190028,7.82137996766244,-9.99375506722799e-05,-0.00240593587599847
2646,30,50,30.0000962620447,50.0023487772914,3.7821220723519,7.82111127382246,-9.62620446571805e-05,-0.002348777291445
2664,30,50,30.0000921309233,50.0022877941016,3.78209628068497,7.82085073865143,-9.21309233419265e-05,-0.00228779410157642
2682,30,50,30.0000876640875,50.0022236195937,3.78207263804091,7.82059859082268,-8.76640874523105e-05,-0.00222361959370687
2700,30,50,30.0000829658467,50.0021568951431,3.78205104996787,7.8203549822173,-8.29658466869887e-05,-0.00215689514311634
2718,30,50,30.0000781257142,50.0020882574183,3.78203141820773,7.82011999146903,-7.8125714217947e-05,-0.00208825741826502
2736,30,50,30.0000732195589,50.0020183264864,3.78201364191878,7.81989362865538,-7.32195589208118e-05,-0.0020183264863789
2754,30,50,30.000068310969,50.0019476951305,3.78199761845086,7.81967584092767,-6.83109689596506e-05,-0.00194769513051085
2772,30,50,30.0000634527045,50.0018769196277,3.78198324383335,7.81946651885508,-6.34527044525157e-05,-0.00187691962773329
2790,30,50,30.0000586881369,50.0018065121668,3.78197041314746,7.81926550325581,-5.86881369066816e-05,-0.00180651216675187
2808,30,50,30.0000540526075,50.0017369349974,3.78195902083421,7.81907259230017,-5.40526075241132e-05,-0.00173693499742456
2826,30,50,30.0000495746543,50.0016685963385,3.78194896103862,7.81888754867979,-4.95746542767961e-05,-0.00166859633849015
2844,30,50,30.0000452770789,50.0016018479993,3.78194012803495,7.81871010666006,-4.52770789003409e-05,-0.00160184799933205
2862,30,50,30.0000411778454,50.0015369846118,3.78193241673422,7.81853997885787,-4.11778454036948e-05,-0.00153698461177498
2880,30,50,30.0000372908115,50.0014742443251,3.78192572329705,7.81837686261146,-3.72908114698589e-05,-0.00147424432510945
2898,30,50,30.0000336263067,50.0014138107785,3.78191994582582,7.81822044584042,-3.36263066813558e-05,-0.00141381077854419
2916,30,50,30.0000301915784,50.0013558161438,3.78191498510937,7.81807041232042,-3.01915784106654e-05,-0.00135581614379987
2934,30,50,30.0000269911284,50.0013003450196,3.78191074539837,7.81792644632468,-2.69911284469515e-05,-0.00130034501957255
2952,30,50,30.0000240269667,50.0012474389564,3.78190713516657,7.8177882366098,-2.40269666882398e-05,-0.00124743895641188
2970,30,50,30.0000212988065,50.0011971013997,3.78190406782864,7.81765547974485,-2.12988064873798e-05,-0.00119710139970408
2988,30,50,30.0000188042239,50.001149302853,3.78190146238517,7.81752788280213,-1.88042238526975e-05,-0.00114930285295145
3006,30,50,30.0000165388003,50.0011039860836,3.78189924396337,7.81740516544311,-1.65388002564271e-05,-0.00110398608356377
3024,30,50,30.0000144962639,50.0010610712185,3.78189734423871,7.81728706144515,-1.44962639083701e-05,-0.00106107121845866
3042,30,50,30.0000126686406,50.0010204606028,3.7818957017222,7.81717331972293,-1.26686406431986e-05,-0.00102046060280259
3060,30,50,30.0000110464215,50.0009820433224,3.78189426190635,7.81706370490396,-1.10464215197226e-05,-0.000982043322395043
3078,30,50,30.00000961875,50.0009456993174,3.78189297727291,7.81695799751981,-9.61875004534818e-06,-0.000945699317426829
3096,30,50,30.0000083736291,50.0009113030397,3.78189180716642,7.81685599387492,-8.37362907546435e-06,-0.000911303039686118
3114,30,50,30.0000072981446,50.0008787266287,3.78189071754626,7.81675750565265,-7.29814456690292e-06,-0.000878726628691595
3132,30,50,30.0000063787014,50.0008478426015,3.78188968063271,7.81666235931472,-6.37870136444008e-06,-0.000847842601537252
3150,30,50,30.000005601265,50.0008185260681,3.78188867446429,7.81657039534536,-5.60126504467462e-06,-0.000818526068101733
3168,30,50,30.0000049516031,50.0007906564963,3.78188768238669,7.8164814673861,-4.95160309554876e-06,-0.000790656496334918
3186,30,50,30.0000044155186,50.0007641190623,3.7818866924936,7.81639544130092,-4.4155185818795e-06,-0.00076411906226781
3204,30,50,30.0000039790699,50.0007388056262,3.78188569703915,7.81631219420588,-3.97906990201591e-06,-0.000738805626184558
3222,30,50,30.000003628771,50.0007146153804,3.78188469184059,7.81623161349079,-3.6287710152294e-06,-0.000714615380417172
3240,30,50,30.0000033517675,50.0006914552157,3.78188367568831,7.81615359585576,-3.35176746801835e-06,-0.000691455215672931
3258,30,50,30.0000031359848,50.0006692398523,3.78188264977778,7.81607804637946,-3.1359848300383e-06,-0.000669239852300052
3276,30,50,30.0000029702474,50.0006478917809,3.78188161717524,7.8160048776322,-2.97024737960783e-06,-0.000647891780850784
3294,30,50,30.0000028443661,50.0006273410528,3.78188058232694,7.8159340088425,-2.84436612929539e-06,-0.000627341052805264
3312,30,50,30.0000027491965,50.0006075249584,3.78187955061809,7.81586536512276,-2.74919650422589e-06,-0.00060752495838301
3330,30,50,30.0000026766669,50.0005883876235,3.78187852798661,7.81579887675687,-2.67666691655677e-06,-0.000588387623508879
3348,30,50,30.0000026197806,50.0005698795533,3.78187752059212,7.81573447855066,-2.61978055604573e-06,-0.00056987955329646
3366,30,50,30.0000025725932,50.0005519571448,3.78187653454118,7.81567210924417,-2.57259319269565e-06,-0.000551957144836024
3384,30,50,30.0000025301703,50.0005345821871,3.78187557566684,7.81561171098395,-2.53017032036951e-06,-0.000534582187142973
3402,30,50,30.0000024885275,50.0005177213627,3.78187464935761,7.81555322885237,-2.48852746409511e-06,-0.000517721362690793
3420,30,50,30.0000024445572,50.0005013457607,3.78187376043394,7.81549661045097,-2.44455721087888e-06,-0.00050134576068217
3438,30,50,30.0000023959468,50.0004854304097,3.78187291306527,7.81544180553401,-2.39594679740662e-06,-0.000485430409717935
3456,30,50,30.0000023410898,50.0004699538345,3.78187211072244,7.8153887656888,-2.34108982510861e-06,-0.000469953834539183
3474,30,50,30.0000022789952,50.0004548976399,3.78187135616127,7.81533744405918,-2.27899517213359e-06,-0.000454897639890817
3492,30,50,30.0000022091961,50.0004402461228,3.78187065143,7.81528779510867,-2.20919610427472e-06,-0.000440246122771271
3510,30,50,30.000002131662,50.0004259859133,3.78186999789631,7.81523977442003,-2.13166198648196e-06,-0.000425985913281579
3528,30,50,30.0000020467145,50.0004121056437,3.78186939628969,7.81519333852805,-2.0467144636882e-06,-0.000412105643661675
3546,30,50,30.0000019549498,50.0003985956445,3.78186884675314,7.81514844478259,-1.95494981625188e-06,-0.000398595644497846
3564,30,50,30.0000018571684,50.000385447667,3.78186834890247,7.81510505123915,-1.85716841372141e-06,-0.000385447666957361
3582,30,50,30.000001754312,50.0003726546298,3.78186790188873,7.81506311657419,-1.75431200943876e-06,-0.00037265462979974
3600,30,50,30.0000016474093,50.0003602103899,3.78186750446132,7.81502260002267,-1.64740925256979e-06,-0.000360210389942495
3618,30,50,30.0000015375293,50.0003481095355,3.78186715503052,7.81498346133544,-1.53752930742712e-06,-0.000348109535494245
3636,30,50,30.0000014257434,50.0003363472002,3.78186685172709,7.81494566075389,-1.42574341310819e-06,-0.000336347200246223
3654,30,50,30.0000013130939,50.0003249188988,3.78186659245813,7.81490915899986,-1.3130939180428e-06,-0.000324918898797932
3672,30,50,30.0000012005702,50.0003138203815,3.78186637495882,7.81487391727826,-1.20057015351449e-06,-0.000313820381535379
3690,30,50,30.0000010890905,50.0003030475087,3.78186619683903,7.81483989729052,-1.08909049600925e-06,-0.000303047508680265
3708,30,50,30.0000009794898,50.0002925961428,3.78186605562529,7.8148070612567,-9.79489819030732e-07,-0.000292596142784873
3726,30,50,30.0000008725116,50.000282462059,3.78186594879771,7.81477537194424,-8.72511606075932e-07,-0.000282462058976307
3744,30,50,30.000000768804,50.000272640872,3.78186587382219,7.81474479270167,-7.68803957384989e-07,-0.000272640872026386
3762,30,50,30.0000006689187,50.0002631279796,3.78186582817866,7.81471528749543,-6.68918723079059e-07,-0.000263127979550859
3780,30,50,30.0000005733132,50.0002539185203,3.78186580938461,7.81468682094828,-5.73313215568305e-07,-0.000253918520272123
3798,30,50,30.0000004823538,50.0002450073462,3.78186581501541,7.81465935837795,-4.82353812003566e-07,-0.000245007346208581
3816,30,50,30.0000003963209,50.0002363890078,3.78186584272142,7.81463286583462,-3.96320949391793e-07,-0.000236389007838511
3834,30,50,30.0000003154152,50.0002280577507,3.78186589024144,7.81460731013638,-3.15415157103871e-07,-0.00022805775070367
3852,30,50,30.0000002397636,50.0002200075222,3.78186595541441,7.81458265890165,-2.39763629394929e-07,-0.000220007522187871
3870,30,50,30.0000001694272,50.0002122319872,3.781866036188,7.81455888057775,-1.69427167406866e-07,-0.00021223198721998
3888,30,50,30.0000001044072,50.0002047245512,3.78186613062537,7.81453594446542,-1.04407202883294e-07,-0.000204724551174706
3906,30,50,30.0000000446527,50.0001974783889,3.78186623691015,7.81451382073845,-4.46527224085003e-08,-0.000197478388869854
3924,30,50,29.999999990067,50.000190486478,3.78186635334942,7.81449248045862,9.93299309470785e-09,-0.000190486477976037
3942,30,50,29.9999999405141,50.0001837416357,3.78186647837526,7.81447189558561,5.94859272950998e-08,-0.000183741635709112
3960,30,50,29.9999998958248,50.0001772365575,3.78186661054504,7.81445203898207,1.04175249759919e-07,-0.000177236557490801
3978,30,50,29.9999998558024,50.0001709638565,3.78186674853998,7.81443288441382,1.44197574769578e-07,-0.000170963856454875
3996,30,50,29.9999998202283,50.0001649161027,3.78186689116328,7.81441440654569,1.7977168198513e-07,-0.00016491610274727
4014,30,50,29.9999997888664,50.0001590858617,3.78186703733654,7.81439658093311,2.11133585281686e-07,-0.00015908586169644
4032,30,50,29.999999761468,50.0001534657303,3.78186718609552,7.81437938400986,2.38531995933045e-07,-0.000153465730278413
4050,30,50,29.9999997377758,50.0001480483711,3.78186733658543,7.81436279307246,2.62224222780105e-07,-0.000148048371059417
4068,30,50,29.9999997175276,50.0001428265433,3.78186748805492,7.81434678626162,2.82472377932663e-07,-0.000142826543296337
4086,30,50,29.99999970046,50.0001377931308,3.78186763985014,7.81433134254109,2.99540008796839e-07,-0.000137793130775776
4104,30,50,29.9999996863109,50.0001329411662,3.78186779140805,7.81431644167451,3.13689056952171e-07,-0.000132941166199885
4122,30,50,29.9999996748229,50.0001282638521,3.78186794224933,7.81430206420054,3.25177147431077e-07,-0.000128263852118948
4140,30,50,29.9999996657447,50.0001237545782,3.78186809197155,7.81428819140686,3.34255254585969e-07,-0.000123754578183366
4158,30,50,29.9999996588343,50.0001194069351,3.78186824024184,7.8142748053032,3.41165666384313e-07,-0.000119406935056077
4176,30,50,29.9999996538597,50.0001152147249,3.78186838678971,7.81426188859391,3.46140261342498e-07,-0.000115214724942803
4194,30,50,29.9999996506009,50.000111171969,3.78186853140028,7.8142494246504,3.49399130072925e-07,-0.000111171969038537
4212,30,50,29.9999996488506,50.0001072729121,3.78186867390724,7.81423739748352,3.5114944552106e-07,-0.000107272912131862
4230,30,50,29.9999996484154,50.0001035120246,3.78186881418655,7.81422579171643,3.51584645841285e-07,-0.000103512024608676
4248,30,50,29.9999996491161,50.0000998840022,3.78186895215039,7.81421459255789,3.5088389083171e-07,-9.98840021892988e-05
4266,30,50,29.9999996507883,50.0000963837636,3.78186908774125,7.81420378577628,3.49211731531796e-07,-9.63837636476228e-05
4284,30,50,29.999999653282,50.0000930064469,3.78186922092687,7.81419335767441,3.46718046273509e-07,-9.30064468889213e-05
4302,30,50,29.9999996564618,50.0000897474035,3.78186935169557,7.81418329506538,3.43538189895298e-07,-8.97474035355117e-05
4320,30,50,29.9999996602067,50.0000866021925,3.78186948005176,7.81417358524925,3.39793292170043e-07,-8.66021924821325e-05
4338,30,50,29.9999996644093,50.0000835665725,3.78186960601225,7.814164215991,3.35590737421398e-07,-8.35665724565615e-05
4356,30,50,29.9999996689752,50.000080636494,3.78186972960315,7.81415517549934,3.31024807564972e-07,-8.06364940046933e-05
4374,30,50,29.9999996738226,50.000077808091,3.7818698508568,7.81414645240683,3.26177392651061e-07,-7.78080909853429e-05
4392,30,50,29.9999996788812,50.0000750776718,3.78186996980964,7.81413803575089,3.21118825752365e-07,-7.50776718092538e-05
4410,30,50,29.9999996840913,50.0000724417105,3.78187008650002,7.81412991495607,3.15908749826121e-07,-7.2441710543103e-05
4428,30,50,29.9999996894029,50.000069896838,3.78187020096688,7.81412207981723,3.10597055630524e-07,-6.98968380277165e-05
4446,30,50,29.9999996947752,50.0000674398332,3.78187031324843,7.81411452048371,3.05224823193839e-07,-6.74398332023429e-05
4464,30,50,29.9999997001747,50.0000650676145,3.78187042338117,7.81410722744459,2.99825259730824e-07,-6.50676144999807e-05
4482,30,50,29.9999997055754,50.0000627772317,3.78187053139946,7.81410019151475,2.94424644664559e-07,-6.27772316903474e-05
4500,30,50,29.9999997109568,50.0000605658579,3.78187063733485,7.8140934038218,2.89043207146733e-07,-6.05658579218016e-05
4518,30,50,29.999999716304,50.0000584307823,3.7818707412162,7.81408685579384,2.83696010683343e-07,-5.84307822748542e-05
4536,30,50,29.9999997216063,50.0000563694027,3.78187084306934,7.81408053914796,2.78393734731708e-07,-5.63694026567418e-05
4554,30,50,29.9999997268566,50.0000543792191,3.78187094291727,7.81407444587948,2.73143420770339e-07,-5.43792191081138e-05
4572,30,50,29.9999997320508,50.0000524578276,3.78187104078049,7.81406856825174,2.67949179288962e-07,-5.24578275999943e-05
4590,30,50,29.9999997371872,50.0000506029143,3.78187113667698,7.81406289878655,2.62812768880849e-07,-5.06029142570696e-05
4608,30,50,29.9999997422658,50.00004881225,3.78187123062275,7.81405743025523,2.57734168229717e-07,-4.88122499575638e-05
4626,30,50,29.9999997472879,50.0000470836854,3.78187132263218,7.81405215567,2.52712055726079e-07,-4.70836854304935e-05
4644,30,50,29.9999997522558,50.0000454151467,3.78187141271809,7.81404706827601,2.47744189607602e-07,-4.54151466513508e-05
4662,30,50,29.9999997571722,50.0000438046308,3.78187150089253,7.81404216154361,2.42827795204903e-07,-4.38046307777995e-05
4680,30,50,29.9999997620402,50.0000422502023,3.78187158716679,7.81403742916111,2.37959831395074e-07,-4.22502023056381e-05
4698,30,50,29.9999997668628,50.0000407499896,3.78187167155187,7.81403286502784,2.33137228633495e-07,-4.07499896084573e-05
4716,30,50,29.9999997716429,50.0000393021819,3.78187175405886,7.81402846324747,2.2835709145852e-07,-3.93021818752004e-05
4734,30,50,29.9999997763832,50.0000379050262,3.78187183469904,7.8140242181217,2.2361681573102e-07,-3.79050262040437e-05
4752,30,50,29.9999997810858,50.0000365568251,3.78187191348424,7.8140201241441,2.18914198768516e-07,-3.65568251297077e-05
4770,30,50,29.9999997857525,50.0000352559343,3.78187199042715,7.81401617599423,2.142475246103e-07,-3.52559342502445e-05
4788,30,50,29.9999997903844,50.0000340007602,3.78187206554116,7.81401236853197,2.0961556401744e-07,-3.40007601664638e-05
4806,30,50,29.9999997949824,50.0000327897586,3.78187213884093,7.81400869679195,2.05017627763482e-07,-3.27897586487325e-05
4824,30,50,29.9999997995465,50.0000316214328,3.78187221034225,7.81400515597826,2.00453541765455e-07,-3.16214328393016e-05
4842,30,50,29.9999998040764,50.0000304943318,3.78187228006209,7.81400174145923,1.95923622214877e-07,-3.04943318099049e-05
4860,30,50,29.9999998085714,50.0000294070491,3.78187234801879,7.81399844876238,1.91428647156044e-07,-2.94070491193565e-05
4878,30,50,29.9999998130302,50.0000283582215,3.78187241423204,7.81399527356951,1.86969813853466e-07,-2.83582214848366e-05
4896,30,50,29.9999998174513,50.0000273465277,3.78187247872285,7.81399221171187,1.82548689053874e-07,-2.7346527687655e-05
4914,30,50,29.9999998218329,50.0000263706874,3.78187254151351,7.81398925916551,1.78167148590092e-07,-2.63706874079617e-05
4932,30,50,29.9999998261727,50.0000254294602,3.78187260262761,7.81398641204667,1.73827324090325e-07,-2.54294602086702e-05
4950,30,50,29.9999998304684,50.0000245216446,3.78187266209001,7.8139836666073,1.69531560345604e-07,-2.45216446188579e-05
4968,30,50,29.9999998347177,50.0000236460771,3.78187271992653,7.81398101923075,1.65282326491933e-07,-2.36460771247948e-05
4986,30,50,29.9999998389178,50.0000228016313,3.78187277616433,7.81397846642742,1.61082208904872e-07,-2.28016313457147e-05
5004,30,50,29.9999998430662,50.0000219872171,3.78187283083131,7.81397600483067,1.56933822381689e-07,-2.1987217131425e-05
5022,30,50,29.9999998471602,50.0000212017798,3.78187288395639,7.8139736311927,1.5283979237779e-07,-2.1201779752289e-05
5040,30,50,29.9999998511973,50.000020444299,3.78187293556918,7.81397134238057,1.48802691057881e-07,-2.04442990394682e-05
5058,30,50,29.999999855175,50.0000197137886,3.78187298570001,7.81396913537237,1.44825015979677e-07,-1.97137885606935e-05
5076,30,50,29.9999998590909,50.0000190092948,3.78187303437969,7.81396700725345,1.4090914390863e-07,-1.90092948031406e-05
5094,30,50,29.9999998629427,50.0000183298964,3.78187308163959,7.81396495521266,1.3705731660707e-07,-1.83298963989387e-05
5112,30,50,29.9999998667284,50.0000176747032,3.78187312751135,7.81396297653889,1.33271608859786e-07,-1.76747032156754e-05
5130,30,50,29.9999998704461,50.0000170428556,3.78187317202687,7.81396106861751,1.29553910710456e-07,-1.70428555890112e-05
5148,30,50,29.9999998740941,50.0000164335235,3.78187321521819,7.81395922892703,1.2590591325079e-07,-1.64335235055546e-05
5166,30,50,29.9999998776709,50.0000158459058,3.78187325711751,7.81395745503581,1.22329112173247e-07,-1.58459057644222e-05
5184,30,50,29.9999998811752,50.0000152792291,3.7818732977567,7.81395574459892,1.18824758033043e-07,-1.52792291459036e-05
5202,30,50,29.9999998846061,50.0000147327476,3.78187333716789,7.81395409535499,1.15393913091566e-07,-1.47327475872316e-05
5220,30,50,29.9999998879626,50.0000142057414,3.78187337538272,7.81395250512328,1.12037405131105e-07,-1.42057413938801e-05
5238,30,50,29.9999998912442,50.0000136975164,3.78187341243256,7.81395097180083,1.08755831007556e-07,-1.36975163513853e-05
5256,30,50,29.9999998944504,50.000013207403,3.78187344834871,7.81394949335957,1.05549606388422e-07,-1.32074030148033e-05
5274,30,50,29.9999998975811,50.0000127347558,3.78187348316173,7.81394806784376,1.02418912462099e-07,-1.2734755777899e-05
5292,30,50,29.9999999006362,50.0000122789522,3.78187351690199,7.81394669336727,9.93637527813007e-08,-1.22789522123412e-05
5310,30,50,29.9999999036161,50.0000118393922,3.78187354959923,7.81394536811113,9.63839354994889e-08,-1.183939218663e-05
5328,30,50,29.9999999065209,50.0000114154971,3.78187358128268,7.81394409032114,9.34790946871544e-08,-1.14154971413427e-05
5346,30,50,29.9999999093513,50.0000110067093,3.78187361198112,7.81394285830547,9.0648715200814e-08,-1.10067093430644e-05
5364,30,50,29.9999999121079,50.0000106124911,3.78187364172258,7.81394167043246,8.78921184721548e-08,-1.06124911170014e-05
5382,30,50,29.9999999147915,50.0000102323241,3.78187367053461,7.81394052512846,8.52085015878856e-08,-1.02323241435442e-05
5400,30,50,29.9999999174031,50.0000098657088,3.78187369844406,7.81393942087568,8.25969337370225e-08,-9.86570877614668e-06
5418,36,50,29.9999999199436,50.0000095121633,47.1654737254772,7.81393835621029,6.00000008005638,-9.51216330946636e-06
5436,36,50,29.9999999224143,50.0000091712234,23.5476737516596,7.81393732972038,6.00000007758571,-9.1712233825092e-06
5454,36,50,29.9999999248163,50.0000088424413,26.0208737770163,7.81393634004417,6.00000007518371,-8.84244130361367e-06
5472,36,50,30.2222676706017,50.0000085253854,26.8869446557761,7.8139353858682,5.77773232939831,-8.52538540385694e-06
5490,36,50,34.0333537794547,50.0000082196395,2.67861799582928,7.81393446592558,1.96664622054529,-8.21963951125326e-06
5508,36,50,35.7101729935531,50.0000079248023,7.93736850282558,7.81393357899436,0.289827006446892,-7.92480231837089e-06
5526,36,50,37.5490280059099,46.40085337843,2.05245849504312,9.78904860640542,-1.54902800590986,3.59914662156997
5544,36,50,39.2785121636375,42.1031786956635,0,11.9053690122686,-3.27851216363748,7.89682130433654
5562,36,50,38.904813573904,39.7030208533959,8.87132416895402,13.3674519213173,-2.90481357390401,10.2969791466041
5580,36,50,38.9542176000274,37.5498741011906,5.69171094504725,15.3399317468651,-2.95421760002736,12.4501258988094
5598,36,50,38.4456249336048,37.6861321324918,8.36624599174864,16.3621258425214,-2.44562493360476,12.3138678675082
5616,36,50,37.783519443506,39.2800316847811,9.93396414088622,16.9980896071702,-1.78351944350599,10.7199683152189
5634,36,50,37.8563384854772,41.079782952648,5.79310633770175,17.6027137341587,-1.85633848547717,8.92021704735205
5652,36,50,37.6348964224484,43.4102279538632,6.94573619893584,17.7377316981272,-1.63489642244836,6.58977204613679
5670,36,50,37.6426934722117,45.080384093612,5.25251373450308,18.0537487917682,-1.6426934722117,4.91961590638805
5688,36,50,37.7549283927357,46.3192562335605,3.79777513981257,18.2809717982226,-1.75492839273568,3.68074376643952
5706,36,50,37.5090849615976,47.4804160266617,5.34004272141218,18.3204069184213,-1.50908496159764,2.51958397333834
5724,36,50,37.3624437901284,48.2597526692399,4.70925139436336,18.414740115084,-1.3624437901284,1.74024733076007
5742,36,50,37.0664968274574,49.1878761229106,5.64985703822739,18.2617012799066,-1.06649682745739,0.812123877089377
5760,36,50,36.6640897533372,50.2039232629988,6.83296626890779,17.9764335882726,-0.664089753337237,-0.203923262998757
5778,36,50,36.4069152895629,51.1525610909836,6.66888698853769,17.6221413878985,-0.40691528956286,-1.15256109098362
5796,36,50,36.1121882710095,52.1843148990051,7.51388653080872,17.0951673871393,-0.112188271009529,-2.18431489900506
5814,36,50,35.9213882931706,53.0245978775645,7.56562040508164,16.564452933579,0.0786117068294061,-3.02459787756448
5832,36,50,35.8471271235664,53.6423068026816,7.30528325994454,16.0185707604991,0.152872876433648,-3.6423068026816
5850,36,50,35.7768999535059,54.0661783419489,7.55315733942578,15.4627499820035,0.223100046494132,-4.0661783419489
5868,36,50,35.7953269449336,54.1869862274997,7.20649812536535,14.9857065501677,0.204673055066408,-4.18698622749969
5886,36,50,35.8296026365654,54.1201607710051,7.12316031497394,14.5401244113132,0.17039736343456,-4.1201607710051
5904,36,50,35.8548965993637,53.8997723918785,7.15955542583367,14.1516213958826,0.145103400636302,-3.89977239187854
5922,36,50,35.911326872635,53.5445870559546,6.92133311088874,13.8348198369793,0.0886731273650057,-3.54458705595458
5940,36,50,35.9464549889024,53.154361084785,6.94927385982596,13.5547583530379,0.0535450110976328,-3.15436108478504
5958,36,50,35.9830152830168,52.7265201577738,6.85974686436533,13.335817002114,0.0169847169832096,-2.72652015777378
5976,36,50,36.0282456140455,52.2893496353558,6.69868797212617,13.1665262844486,-0.0282456140455025,-2.28934963535585
5994,36,50,36.0581208295569,51.8743611795028,6.66771349121858,13.036032658003,-0.0581208295568558,-1.87436117950281
6012,36,50,36.0942653668195,51.4645540169501,6.51232176879499,12.9569106836339,-0.0942653668195135,-1.46455401695012
6030,36,50,36.1246699760962,51.0831421707387,6.41079653704254,12.9126023133057,-0.124669976096214,-1.0831421707387
6048,36,50,36.1429664086135,50.7347734415648,6.35932783137622,12.9014937580465,-0.142966408613461,-0.734773441564776
6066,36,50,36.1591146517006,50.4167540349858,6.26319762808119,12.9219514901493,-0.159114651700591,-0.416754034985786
6084,36,50,36.1617670451524,50.1469948430342,6.24865280762172,12.9599802921383,-0.16176704515243,-0.14699484303425
6102,36,50,36.1555063970021,49.9221254524662,6.23877460705099,13.0149745303833,-0.1555063970021,0.0778745475337672
6120,36,50,36.1440114459782,49.744016463447,6.23056583459836,13.079860754402,-0.144011445978208,0.255983536552989
6138,36,50,36.1234861731888,49.6159655788399,6.26962855946953,13.1475414058489,-0.123486173188844,0.384034421160138
6156,36,50,36.1009244815135,49.5283500390029,6.29260797798437,13.2178797272897,-0.100924481513488,0.471649960997141
6174,36,50,36.0765394599355,49.4787525457827,6.3292157274762,13.2855179129866,-0.076539459935475,0.52124745421726
6192,36,50,36.0506681046972,49.4605540540496,6.37869331694462,13.3490491914468,-0.0506681046972091,0.539445945950405
6210,36,50,36.0273353415853,49.4646424326046,6.41401621289201,13.4084437928605,-0.0273353415852711,0.535357567395359
6228,36,50,36.0051851584316,49.4874345194205,6.46144517900917,13.4612683441217,-0.00518515843160827,0.512565480579468
6246,36,50,35.9855372524114,49.5220261574177,6.50505393452985,13.5083828110248,0.0144627475886239,0.477973842582273
6264,36,50,35.969482234498,49.5637933845764,6.54166397228108,13.5496045702771,0.0305177655019619,0.436206615423586
6282,36,50,35.9559005152603,49.6102943824783,6.58263212894556,13.5845395339253,0.0440994847397462,0.389705617521656
6300,36,50,35.9459062398792,49.6574235423476,6.61401443802013,13.6144111034169,0.0540937601208142,0.342576457652441
6318,36,50,35.9391768880918,49.7036208773585,6.64150903048138,13.6392282700112,0.0608231119082205,0.296379122641497
6336,36,50,35.9351851234965,49.7473348151433,6.66618058404486,13.6596617934108,0.0648148765034762,0.252665184856653
6354,36,50,35.9343170958471,49.7868078762895,6.68181544851926,13.6766841298551,0.0656829041529292,0.213192123710471
6372,36,50,35.9357557907652,49.8218951403157,6.69471269590274,13.6905560758387,0.0642442092348432,0.178104859684304
6390,36,50,35.9391965341065,49.8519902601789,6.70257168499652,13.7021120783755,0.0608034658934713,0.148009739821063
6408,36,50,35.9443843881949,49.8770536905814,6.7050856482863,13.7118619756462,0.0556156118050879,0.122946309418602
6426,36,50,35.9505522990125,49.8977016958181,6.70597209101819,13.7200669712101,0.0494477009875212,0.102298304181943
6444,36,50,35.9574751624569,49.9142047633201,6.70311913713409,13.7272269082962,0.042524837543084,0.0857952366798784
6462,36,50,35.9647183829562,49.9273550567328,6.69837911671557,13.7334577660659,0.0352816170438288,0.0726449432672212
6480,36,50,35.9718431497425,49.9379136192681,6.69290300487658,13.7388950752443,0.0281568502574672,0.0620863807319267
6498,36,50,35.9787247618595,49.9464299445457,6.68573312235008,13.7436928306197,0.0212752381404755,0.0535700554542586
6516,36,50,35.9850615682805,49.9536461642886,6.67860855329461,13.7477932993183,0.0149384317194716,0.0463538357113862
6534,36,50,35.9907231715194,49.9600221752641,6.67138498919204,13.7512403214322,0.00927682848058708,0.0399778247358569
6552,36,50,35.9956736983693,49.9659274162148,6.66403310013506,13.754018890247,0.00432630163067671,0.0340725837852318
6570,36,50,35.9998027195435,49.9717131158286,6.65748846717194,13.7560624433575,0.000197280456482929,0.0282868841714148
6588,36,50,36.0031520915354,49.9774995973347,6.65130686562738,13.7573853535172,-0.00315209153542639,0.0225004026653366
6606,36,50,36.0057488851952,49.9833973922881,6.64579594136671,13.7579494751752,-0.00574888519523142,0.0166026077118602
6624,36,50,36.0076218914346,49.989435708722,6.6411754492047,13.7577461211815,-0.00762189143457448,0.0105642912779587
6642,36,50,36.0088776128569,49.9955361867859,6.6370988538712,13.7568068337328,-0.00887761285685684,0.00446381321409461
6660,36,50,36.0095823090148,50.0016365965826,6.63380463041711,13.7551435445363,-0.00958230901475332,-0.00163659658264237
6678,36,50,36.0098279932119,50.0076095316246,6.63114272972811,13.7528144876972,-0.00982799321187855,-0.00760953162463807
6696,36,50,36.0097204950725,50.0133130420138,6.62893726470407,13.7498889986921,-0.00972049507248585,-0.0133130420137988
6714,36,50,36.0093329516061,50.0186272089397,6.627265192764,13.7464387098033,-0.00933295160611181,-0.0186272089397406
6732,36,50,36.0087551254763,50.0234128110651,6.62591094696297,13.7425644472417,-0.0087551254762559,-0.0234128110651284
6750,36,50,36.0080586728152,50.0275648456731,6.62482517792694,13.7383614226747,-0.00805867281520989,-0.0275648456730977
6768,36,50,36.0072966704486,50.031004067719,6.62398460290819,13.7339298047302,-0.00729667044856797,-0.0310040677189534
6786,36,50,36.0065242579506,50.0336680436633,6.62324835386585,13.7293749324529,-0.00652425795058775,-0.0336680436632975
6804,36,50,36.0057739691817,50.0355380680726,6.62262525696375,13.724788836017,-0.00577396918166073,-0.035538068072583
6822,36,50,36.0050709702576,50.0366180057769,6.62206570017597,13.720261630835,-0.00507097025756309,-0.0366180057769014
6840,36,50,36.0044348825458,50.0369378362253,6.62151775122318,13.7158728755687,-0.00443488254578028,-0.0369378362253485
6858,36,50,36.0038706922836,50.0365567519311,6.62100309933255,13.711687388252,-0.00387069228364112,-0.0365567519311298
6876,36,50,36.0033820291889,50.0355462614141,6.62048754599101,13.7077615779425,-0.00338202918891994,-0.0355462614140976
6894,36,50,36.0029663172589,50.033994518942,6.61997436877297,13.7041364088817,-0.00296631725892382,-0.0339945189420092
6912,36,50,36.0026154339089,50.0319989346759,6.61948102662173,13.7008402618031,-0.00261543390892882,-0.031998934675876
6930,36,50,36.0023222184001,50.029657778536,6.61899725257508,13.6978910368879,-0.00232221840010993,-0.0296577785359915
6948,36,50,36.0020760727894,50.0270717819263,6.61854476696362,13.6952935936961,-0.00207607278935029,-0.0270717819262742
6966,36,50,36.0018666775921,50.0243362011804,6.61813269848486,13.693044110591,-0.00186667759207637,-0.0243362011804038
6984,36,50,36.0016853102663,50.0215386885254,6.61776409355206,13.6911304223313,-0.00168531026626795,-0.0215386885253679
7002,36,50,36.001522806882,50.0187588800118,6.61745572981466,13.6895327632713,-0.00152280688195106,-0.0187588800117879
7020,36,50,36.0013724914449,50.0160639807367,6.61720825365033,13.6882270794029,-0.00137249144490426,-0.0160639807366749
7038,36,50,36.001229145477,50.0135097640634,6.61702534335444,13.6871851497704,-0.00122914547697661,-0.0135097640634001
7056,36,50,36.0010886569751,50.0111399620097,6.61691116580918,13.6863764874012,-0.00108865697507099,-0.0111399620097004
7074,36,50,36.000949193872,50.0089855341785,6.61685990906676,13.6857700781533,-0.000949193871974785,-0.00898553417852099
7092,36,50,36.0008098224728,50.0070667062711,6.61686993488788,13.6853346650419,-0.000809822472788824,-0.00706670627110384
7110,36,50,36.0006707876433,50.0053931575605,6.61693537477302,13.6850403228475,-0.000670787643343829,-0.00539315756051906
7128,36,50,36.0005334730048,50.0039654183899,6.6170471503763,13.6848589983278,-0.000533473004765028,-0.00396541838993869
7146,36,50,36.0003995094652,50.0027768230207,6.61719877686677,13.6847648044614,-0.000399509465239589,-0.00277682302071725
7164,36,50,36.0002710716659,50.0018143899856,6.61738024096573,13.6847347720672,-0.000271071665864042,-0.00181438998559713
7182,36,50,36.0001504239265,50.0010607057094,6.61758234899879,13.6847487431969,-0.000150423926491783,-0.00106070570943473
7200,36,50,36.0000395905591,50.0004953177932,6.61779709930821,13.6847894949318,-3.95905590551138e-05,-0.000495317793195227
7218,36,50,35.9999404971506,50.0000957648401,6.61801532598052,13.6848428024836,5.95028493819427e-05,-9.57648400827793e-05
7236,36,50,35.9998545962534,49.9998389942958,6.61823006039598,13.6848970968849,0.000145403746614647,0.000161005704207184
7254,36,50,35.999782883788,49.9997021272329,6.61843497992098,13.6849433829624,0.000217116212006374,0.000297872767120566
7272,36,50,35.9997259352495,49.9996632067758,6.61862440567034,13.6849749513645,0.000274064750513503,0.000336793224150256
7290,36,50,35.9996837593858,49.9997018929157,6.61879469124106,13.6849870266756,0.000316240614239405,0.00029810708425515
7308,36,50,35.9996559450971,49.9997997186482,6.61894275787476,13.6849765623965,0.000344054902946311,0.000200281351816045
7326,36,50,35.9996416755171,49.9999404078217,6.61906680449625,13.6849418887549,0.000358324482917283,5.95921783173026e-05
7344,36,50,35.9996397568353,50.0001099875405,6.61916632779979,13.6848824465201,0.000360243164656993,-0.000109987540511725
7362,36,50,35.9996487659569,50.000296716975,6.61924133529009,13.6847985694146,0.000351234043058923,-0.00029671697504341
7380,36,50,35.9996670778321,50.0004910544158,6.61929288428354,13.684691219632,0.000332922167920913,-0.000491054415832082
7398,36,50,35.999692960887,50.0006854574068,6.61932259397346,13.6845618261149,0.000307039113025098,-0.000685457406845558
7416,36,50,35.999724673203,50.0008741652173,6.61933240888768,13.6844121252691,0.000275326796980835,-0.000874165217311429
7434,36,50,35.9997604962935,50.001052992815,6.6193247771618,13.6842440182814,0.000239503706517041,-0.00105299281501914
7452,36,50,35.9997988169273,50.0012190543044,6.61930219612336,13.6840594941535,0.000201183072661593,-0.00121905430435731
7470,36,50,35.9998381668972,50.001370536727,6.61926723716995,13.6838605451997,0.000161833102772846,-0.00137053672703757
7488,36,50,35.9998772455215,50.0015064784868,6.61922249621839,13.6836491167482,0.000122754478510956,-0.0015064784868315
7506,36,50,35.9999149570512,50.0016265508101,6.61917035202518,13.6834270827676,8.50429487826432e-05,-0.00162655081008722
7524,36,50,35.9999504096408,50.0017308956522,6.61911305182179,13.6831962174432,4.95903592465652e-05,-0.00173089565222995
7542,36,50,35.9999829177227,50.0018199719269,6.61905260561627,13.6829581923397,1.70822773171153e-05,-0.00181997192688499
7560,36,50,36.0000119995987,50.0018944346875,6.61899072891274,13.6827145755883,-1.19995986693766e-05,-0.00189443468754291
7578,36,50,36.0000373551988,50.0019550520863,6.61892890901324,13.6824668311047,-3.7355198848843e-05,-0.00195505208630209
7596,36,50,36.0000588516537,50.0020026334786,6.61886833776143,13.6822163288021,-5.88516536694783e-05,-0.00200263347856833
7614,36,50,36.0000764998541,50.0020379887707,6.61880994936562,13.6819643484243,-7.64998540887518e-05,-0.0020379887707378
7632,36,50,36.0000904270505,50.0020619046523,6.61875445733896,13.6817120848844,-9.0427050494668e-05,-0.00206190465227252
7650,36,50,36.0001008554797,50.0020751298944,6.61870234192209,13.6814606546676,-0.000100855479701067,-0.00207512989440772
7668,36,50,36.0001080757844,50.0020783776925,6.61865391018233,13.6812110963566,-0.000108075784439166,-0.00207837769246311
7686,36,50,36.0001124245027,50.0020723306589,6.61860931499686,13.680964372622,-0.000112424502702879,-0.00207233065890478
7704,36,50,36.0001142651479,50.0020576499319,6.61856857504889,13.6807213698501,-0.000114265147921344,-0.00205764993186364
7722,36,50,36.000113968915,50.0020349881659,6.6185316209423,13.6804828953151,-0.000113968915016471,-0.00203498816591718
7740,36,50,36.000111901139,50.0020049987105,6.61849830604785,13.6802496756061,-0.000111901139021597,-0.00200499871046134
7758,36,50,36.0001084097967,50.0019683446249,6.61846843317415,13.68002235332,-0.000108409796709452,-0.00196834462494166
7776,36,50,36.0001038162623,50.0019257047556,6.61844177856363,13.6798014842496,-0.000103816262324585,-0.00192570475559251
7794,36,50,36.0000984103402,50.0018777751691,6.61841809857679,13.6795875358347,-9.84103401648895e-05,-0.00187777516906351
7812,36,50,36.0000924464863,50.0018252686924,6.61839714842372,13.6793808856073,-9.24464863132357e-05,-0.00182526869240007
7830,36,50,36.0000861425525,50.001768910501,6.61837868938754,13.6791818215045,-8.61425524831816e-05,-0.00176891050099925
7848,36,50,36.0000796806411,50.0017094310289,6.61836249226749,13.6789905434415,-7.96806411145212e-05,-0.00170943102894228
7866,36,50,36.0000732085644,50.0016475575408,6.61834834528336,13.6788071659704,-7.32085644230551e-05,-0.00164755754079238
7884,36,50,36.0000668428556,50.0015840037294,6.61833605278161,13.6786317227875,-6.68428556309664e-05,-0.00158400372939127
7902,36,50,36.000060672244,50.0015194591299,6.61832543609596,13.6784641722253,-6.06722440466001e-05,-0.00151945912993767
7920,36,50,36.0000547612567,50.0014545787153,6.61831633407781,13.6783044038862,-5.4761256670588e-05,-0.00145457871528265
7938,36,50,36.000049154256,50.0013899728978,6.61830859953832,13.6781522463435,-4.91542559899472e-05,-0.00138997289778331
7956,36,50,36.0000438790934,50.0013261990785,6.61830209870229,13.678007475274,-4.38790933827704e-05,-0.00132619907854803
7974,36,50,36.0000389505582,50.0012637546278,6.61829670896164,13.677869822116,-3.89505582347738e-05,-0.00126375462777162
7992,36,50,36.000034373563,50.0012030716652,6.61829231622832,13.6777389828544,-3.43735629826369e-05,-0.00120307166518074
8010,36,50,36.0000301457251,50.001144513962,6.61828881418656,13.6776146266094,-3.01457250770909e-05,-0.00114451396204629
8028,36,50,36.000026259612,50.0010883756665,6.61828610229467,13.677496403997,-2.62596120137459e-05,-0.00108837566651232
8046,36,50,36.0000227045102,50.0010348819892,6.61828408483932,13.6773839549095,-2.27045101723888e-05,-0.00103488198917034
8064,36,50,36.0000194677137,50.0009841916372,6.61828267066014,13.6772769156226,-1.94677137415056e-05,-0.000984191637229515
8082,36,50,36.0000165355159,50.0009364006678,6.61828177240909,13.6771749251586,-1.65355158827651e-05,-0.000936400667796988
8100,36,50,36.0000138938222,50.0008915476394,6.61828130683756,13.6770776307385,-1.38938221780904e-05,-0.000891547639376711
8118,36,50,36.0000115285098,50.0008496196691,6.61828119502655,13.6769846923605,-1.15285098161166e-05,-0.000849619669139656
8136,36,50,36.0000094256145,50.0008105591144,6.61828136260886,13.6768957864749,-9.42561450045787e-06,-0.000810559114384546
8154,36,50,36.0000075713362,50.0007742706434,6.61828174047472,13.6768106087573,-7.57133623352502e-06,-0.000774270643418618
8172,36,50,36.0000059519792,50.0007406283595,6.61828226516382,13.6767288760729,-5.95197920461032e-06,-0.000740628359515938
8190,36,50,36.0000045538438,50.0007094827887,6.61828287934215,13.6766503276663,-4.55384375186441e-06,-0.000709482788685989
8208,36,50,36.000003363094,50.0006806675282,6.61828353229104,13.6765747256689,-3.36309398107915e-06,-0.000680667528172307
8226,36,50,36.0000023656609,50.0006540053707,6.61828418008772,13.6765018550293,-2.36566093292367e-06,-0.000654005370726907
8244,36,50,36.0000015471707,50.0006293138203,6.61828478580048,13.6764315229399,-1.54717065470322e-06,-0.000629313820269317
8262,36,50,36.0000008929191,50.0006064099004,6.61828531948297,13.6763635578717,-8.92919111095125e-07,-0.000606409900420601
8280,36,50,36.0000003879049,50.0005851142156,6.61828575796496,13.6762978083077,-3.87904854903809e-07,-0.000585114215553517
8298,36,50,36.0000000169019,50.0005652542695,6.61828608458999,13.6762341412524,-1.69019074292009e-08,-0.000565254269474735
8316,36,50,35.9999997645802,50.0005466670458,6.61828628875413,13.6761724406073,2.35419811644988e-07,-0.000546667045810523
8334,36,50,35.99999961566,50.0005292009019,6.61828636535579,13.6761126054732,3.84340040682218e-07,-0.000529200901915772
8352,36,50,35.9999995550855,50.0005127168362,6.61828631419061,13.6760545484385,4.44914469710511e-07,-0.000512716836183813
8370,36,50,35.9999995682145,50.0004970891941,6.61828613924618,13.6759981939059,4.3178550868106e-07,-0.000497089194126943
8388,36,50,35.9999996410051,50.0004822058993,6.61828584799939,13.675943476488,3.58994860505391e-07,-0.000482205899253074
8406,36,50,35.9999997601937,50.000467968286,6.61828545070249,13.6758903395056,2.39806311697066e-07,-0.000467968286031351
8424,36,50,35.9999999134546,50.0004542906149,6.61828495967375,13.6758387336042,8.65454055087866e-08,-0.000454290614911201
8442,36,50,36.0000000895336,50.0004410993489,6.61828438864632,13.675788615502,-8.95335503514616e-08,-0.000441099348854834
8460,36,50,36.000000278351,50.0004283322578,6.61828375215681,13.6757399468729,-2.78350952953588e-07,-0.000428332257811803
8478,36,50,36.0000004710724,50.0004159374149,6.61828306500166,13.6756926933664,-4.71072354457647e-07,-0.000415937414913969
8496,36,50,36.000000660144,50.000403872138,6.61828234177355,13.6756468237563,-6.60143953723491e-07,-0.000403872137965777
8514,36,50,36.0000008392955,50.0003921019186,6.61828159646682,13.6756023092155,-8.39295509535987e-07,-0.000392101918578192
8532,36,50,36.0000010035119,50.0003805993756,6.61828084216694,13.6755591227029,-1.00351186915759e-06,-0.000380599375610302
8550,36,50,36.0000011489767,50.0003693432584,6.61828009081602,13.6755172384544,-1.14897672176539e-06,-0.00036934325844129
8568,36,50,36.0000012729933,50.0003583175185,6.61827935304714,13.6754766315655,-1.27299334451436e-06,-0.00035831751848292
8586,36,50,36.0000013738864,50.0003475104614,6.61827863808799,13.6754372776552,-1.37388643395298e-06,-0.000347510461381262
8604,36,50,36.0000014508904,50.0003369139852,6.61827795372067,13.6753991525995,-1.45089040870516e-06,-0.000336913985194087
8622,36,50,36.0000015040292,50.0003265229061,6.61827730628982,13.6753622323249,-1.5040292353774e-06,-0.000326522906085813
8640,36,50,36.000001533992,50.0003163343694,6.61827670075425,13.6753264926533,-1.53399201963111e-06,-0.000316334369351523
8658,36,50,36.0000015420091,50.0003063473405,6.61827614076749,13.6752919091893,-1.54200911595126e-06,-0.000306347340469415
8676,36,50,36.0000015297322,50.0002965621699,6.61827562878313,13.6752584572446,-1.52973220224339e-06,-0.000296562169850745
8694,36,50,36.0000014991213,50.0002869802236,6.61827516617647,13.6752261117911,-1.49912131064411e-06,-0.00028698022356366
8712,36,50,36.0000014523414,50.000277603572,6.61827475337376,13.6751948474405,-1.45234143644757e-06,-0.000277603571987584
8730,36,50,36.0000013916702,50.0002684347288,6.61827438998566,13.6751646384438,-1.39167021728781e-06,-0.000268434728837974
8748,36,50,36.0000013194178,50.0002594764332,6.61827407493859,13.6751354587084,-1.31941781944533e-06,-0.000259476433228656
8766,36,50,36.0000012378595,50.0002507314681,6.61827380660034,13.6751072818296,-1.23785953576316e-06,-0.000250731468121046
8784,36,50,36.000001149181,50.0002422025098,6.61827358289728,13.6750800811339,-1.14918102411821e-06,-0.000242202509838307
8802,36,50,36.0000010554357,50.0002338920037,6.61827340142158,13.6750538297318,-1.05543566064625e-06,-0.000233892003663527
8820,36,50,36.0000009585133,50.0002258020619,6.61827325952644,13.6750285005782,-9.58513254545323e-07,-0.000225802061891045
8838,36,50,36.0000008601191,50.0002179343811,6.61827315440906,13.6750040665388,-8.60119087064959e-07,-0.000217934381140594
8856,36,50,36.0000007617619,50.0002102901768,6.61827308318234,13.6749805004608,-7.61761910439418e-07,-0.000210290176823946
8874,36,50,36.0000006647497,50.0002028701327,6.61827304293424,13.6749577752459,-6.64749720158397e-07,-0.000202870132746114
8892,36,50,36.0000005701919,50.0001956743647,6.61827303077677,13.6749358639253,-5.70191886595239e-07,-0.000195674364746878
8910,36,50,36.0000004790063,50.0001887023973,6.61827304388531,13.6749147397341,-4.79006317277708e-07,-0.000188702397252882
8928,36,50,36.0000003919305,50.0001819531517,6.61827307952908,13.6748943761844,-3.91930470300395e-07,-0.000181953151731307
8946,36,50,36.0000003095351,50.0001754249465,6.61827313509411,13.6748747471362,-3.0953508201037e-07,-0.000175424946533553
8964,36,50,36.0000002322396,50.0001691155071,6.61827320810027,13.6748558268644,-2.32239578679128e-07,-0.00016911550712706
8982,36,50,36.0000001603284,50.0001630219859,6.6182732962125,13.674837590121,-1.60328411880073e-07,-0.000163021985940759
9000,36,50,36.0000000939676,50.000157140991,6.61827339724806,13.6748200121928,-9.39675786071348e-08,-0.000157140990992843
9018,36,50,36.0000000332208,50.0001514686221,6.6182735091804,13.6748030689521,-3.32207719111466e-08,-0.000151468622128448
9036,36,50,35.9999999780648,50.0001460005138,6.61827363014029,13.6747867369017,2.19352287444963e-08,-0.000146000513801425
9054,36,50,35.9999999284039,50.0001407318833,6.61827375841426,13.6747709932122,7.15961334663007e-08,-0.000140731883270462
9072,36,50,35.9999998840829,50.0001356575828,6.61827389244274,13.6747558157528,1.15917075049765e-07,-0.000135657582831072
9090,36,50,35.9999998448993,50.0001307721548,6.61827403081552,13.6747411831154,1.55100735810265e-07,-0.000130772154840031
9108,36,50,35.9999998106131,50.0001260698883,6.6182741722671,13.6747270746306,1.89386852866846e-07,-0.000126069888324309
9126,36,50,35.999999780957,50.0001215448758,6.61827431567124,13.674713470378,2.19043045035505e-07,-0.000121544875767654
9144,36,50,35.9999997556432,50.0001171910692,6.61827446003456,13.6747003511899,2.44356812117985e-07,-0.000117191069165301
9162,36,50,35.9999997343713,50.0001130023341,6.61827460449013,13.6746876986491,2.65628713691513e-07,-0.000113002334060752
9180,36,50,35.9999997168335,50.0001089725008,6.61827474829019,13.6746754950812,2.83166507131227e-07,-0.000108972500825644
9198,36,50,35.9999997027198,50.0001050954124,6.61827489079892,13.6746637235424,2.97280216443596e-07,-0.000105095412351375
9216,36,50,35.999999691722,50.0001013649675,6.61827503148486,13.6746523678029,3.08277989802264e-07,-0.000101364967498796
9234,36,50,35.9999996835374,50.00009777516,6.6182751699129,13.6746414123275,3.16462603677792e-07,-9.77751599577914e-05
9252,36,50,35.9999996778714,50.0000943201121,6.61827530573643,13.6746308422524,3.22128585139581e-07,-9.43201121401671e-05
9270,36,50,35.9999996744402,50.000090994104,6.61827543868924,13.6746206433602,3.25559824432275e-07,-9.09941039708428e-05
9288,36,50,35.9999996729724,50.0000877915966,6.6182755685772,13.6746108020538,3.2702760677239e-07,-8.77915966412957e-05
9306,36,50,35.999999673211,50.0000847072514,6.61827569527031,13.6746013053281,3.26789034943431e-07,-8.47072514389424e-05
9324,36,50,35.9999996749142,50.0000817359437,6.61827581869492,13.6745921407419,3.2508582137325e-07,-8.173594371641e-05
9342,36,50,35.9999996778567,50.0000788727726,6.61827593882579,13.6745832963897,3.22143336006775e-07,-7.8872772562022e-05
9360,36,50,35.9999996818301,50.0000761130664,6.61827605567862,13.6745747608731,3.1816993839584e-07,-7.61130663562426e-05
9378,36,50,35.9999996866434,50.0000734523847,6.61827616930312,13.6745665232733,3.13356579795254e-07,-7.34523847114588e-05
9396,36,50,35.9999996921234,50.0000708865172,6.61827627977628,13.6745585731244,3.07876632632542e-07,-7.08865172356354e-05
9414,36,50,35.9999996981141,50.0000684114796,6.61827638719613,13.6745509003871,3.01885918929656e-07,-6.84114795816981e-05
9432,36,50,35.999999704477,50.0000660235072,6.61827649167646,13.6745434954247,2.95523008730925e-07,-6.60235072302839e-05
9450,36,50,35.9999997110904,50.0000637190474,6.61827659334117,13.6745363489796,2.88909589585273e-07,-6.37190474392924e-05
9468,36,50,35.9999997178489,50.0000614947498,6.61827669232022,13.6745294521512,2.82151098929262e-07,-6.14947498149832e-05
9486,36,50,35.9999997246625,50.0000593474559,6.61827678874573,13.6745227963759,2.75337491473238e-07,-5.93474558741036e-05
9504,36,50,35.9999997314559,50.0000572741878,6.61827688274851,13.6745163734078,2.68544098958046e-07,-5.7274187845735e-05
9522,36,50,35.9999997381674,50.0000552721373,6.61827697445537,13.674510175301,2.61832610704005e-07,-5.52721372599763e-05
9540,36,50,35.9999997447478,50.0000533386533,6.61827706398728,13.6745041943939,2.55252189163002e-07,-5.33386532879376e-05
9558,36,50,35.9999997511594,50.0000514712312,6.61827715145725,13.6744984232937,2.48840557048879e-07,-5.14712312309484e-05
9576,36,50,35.9999997573748,50.0000496675014,6.61827723696938,13.6744928548633,2.42625176838374e-07,-4.96675014147741e-05
9594,36,50,35.9999997633755,50.0000479252183,6.61827732061837,13.6744874822085,2.36624472904623e-07,-4.79252183254175e-05
9612,36,50,35.9999997691511,50.0000462422505,6.61827740248847,13.6744822986665,2.30848939963835e-07,-4.62422504767801e-05
9630,36,50,35.9999997746976,50.0000446165708,6.61827748265419,13.6744772977961,2.25302358103363e-07,-4.46165707757018e-05
9648,36,50,35.9999997800171,50.0000430462476,6.61827756118012,13.6744724733673,2.19982879912095e-07,-4.30462475975446e-05
9666,36,50,35.9999997851159,50.0000415294365,6.61827763812129,13.6744678193535,2.14884060767417e-07,-4.15294365225805e-05
9684,36,50,35.9999997900041,50.0000400643729,6.6182777135241,13.6744633299231,2.09995860700474e-07,-4.00643728823979e-05
9702,36,50,35.9999997946945,50.0000386493648,6.61827778742663,13.6744589994321,2.05305504152875e-07,-3.86493648107944e-05
9720,36,50,35.9999997992017,50.0000372827872,6.61827785986008,13.6744548224178,2.0079833973341e-07,-3.728278716153e-05
9738,36,50,35.9999998035415,50.0000359630759,6.61827793084892,13.6744507935926,1.96458501022789e-07,-3.59630759163565e-05
9756,36,50,35.9999998077304,50.0000346887233,6.61827800041235,13.6744469078378,1.92269560272962e-07,-3.46887232893778e-05
9774,36,50,35.9999998117849,50.0000334582733,6.61827806856506,13.6744431601991,1.88215068419595e-07,-3.34582733430011e-05
9792,36,50,35.9999998157211,50.0000322703182,6.61827813531774,13.6744395458808,1.84278945880578e-07,-3.22703181794282e-05
9810,36,50,35.9999998195541,50.0000311234946,6.61827820067844,13.6744360602416,1.80445887565384e-07,-3.11234945584715e-05
9828,36,50,35.9999998232984,50.000030016481,6.61827826465288,13.6744326987901,1.76701604459595e-07,-3.00164809701187e-05
9846,36,50,35.999999826967,50.0000289479951,6.6182783272454,13.6744294571808,1.73033043893156e-07,-2.89479951121052e-05
9864,36,50,35.9999998305715,50.0000279167917,6.61827838845947,13.6744263312095,1.69428517438064e-07,-2.79167917227596e-05
9882,36,50,35.9999998341222,50.0000269216607,6.61827844829822,13.6744233168103,1.65877779068069e-07,-2.69216606767486e-05
9900,36,50,35.9999998376279,50.0000259614254,6.61827850676498,13.6744204100509,1.62372060685811e-07,-2.5961425436094e-05
9918,36,50,35.999999841096,50.0000250349417,6.61827856386346,13.67441760713,1.58904036595686e-07,-2.50349416859308e-05
9936,36,50,35.9999998445322,50.0000241410962,6.61827861959842,13.6744149043731,1.55467809292986e-07,-2.41410961621114e-05
9954,36,50,35.9999998479412,50.0000232788058,6.61827867397563,13.6744122982292,1.52058817093348e-07,-2.32788057701327e-05
9972,36,50,35.9999998513263,50.0000224470167,6.6182787270022,13.6744097852675,1.48673748867623e-07,-2.24470167182744e-05
9990,36,50,35.9999998546896,50.0000216447038,6.61827877868663,13.6744073621743,1.45310423249612e-07,-2.16447038354772e-05
10008,36,50,35.9999998580323,50.0000208708701,6.61827882903903,13.6744050257492,1.41967689160083e-07,-2.08708700526472e-05
10026,36,50,35.9999998613547,50.0000201245459,6.61827887807101,13.6744027729023,1.38645283698224e-07,-2.01245458697485e-05
10044,36,50,35.9999998646563,50.000019404789,6.61827892579573,13.6744006006511,1.35343711349378e-07,-1.94047889578997e-05
10062,36,50,35.9999998679359,50.0000187106838,6.61827897222805,13.6743985061169,1.32064144509059e-07,-1.87106837614692e-05
10080,36,50,35.9999998711917,50.0000180413412,6.6182790173842,13.674396486522,1.28808274268977e-07,-1.80413411854374e-05
10098,36,50,35.9999998744218,50.0000173958982,6.61827906128193,13.6743945391865,1.25578225151912e-07,-1.73958982330191e-05
10116,36,50,35.9999998776236,50.0000167735177,6.61827910394022,13.6743926615255,1.22376427214022e-07,-1.67735177356576e-05
10134,36,50,35.9999998807944,50.000016173388,6.61827914537947,13.6743908510458,1.19205552095991e-07,-1.61733880190695e-05
10152,36,50,35.9999998839316,50.0000155947226,6.61827918562121,13.674389105343,1.16068420652482e-07,-1.55947225977116e-05
10170,36,50,35.9999998870321,50.0000150367598,6.61827922468762,13.6743874220988,1.12967875054437e-07,-1.50367598195089e-05
10188,36,50,35.9999998900932,50.0000144987625,6.61827926260234,13.6743857990778,1.09906807210791e-07,-1.44987624963733e-05
10206,36,50,35.999999893112,50.0000139800176,6.61827929938937,13.6743842341251,1.0688802376535e-07,-1.39800175560367e-05
10224,36,50,35.9999998960858,50.0000134798356,6.61827933507334,13.6743827251632,1.03914210569656e-07,-1.34798356157262e-05
10242,36,50,35.9999998990121,50.0000129975506,6.61827936967966,13.6743812701894,1.00987932682983e-07,-1.29975505558377e-05
10260,36,50,35.9999999018885,50.0000125325191,6.61827940323377,13.6743798672732,9.81115420017886e-08,-1.25325190509784e-05
10278,36,50,35.9999999047128,50.0000120841201,6.61827943576174,13.6743785145538,9.52872127868432e-08,-1.20841200796917e-05
10296,36,50,35.9999999074831,50.0000116517544,6.61827946728954,13.6743772102374,9.25168777143881e-08,-1.16517543986561e-05
10314,36,50,35.9999999101978,50.000011234844,6.6182794978433,13.6743759525952,8.98022349815619e-08,-1.12348440381993e-05
10332,36,50,35.9999999128553,50.0000108328317,6.61827952744913,13.6743747399603,8.71447412009729e-08,-1.08328317196538e-05
10350,36,50,35.9999999154544,50.0000104451803,6.61827955613304,13.6743735707262,8.45456114006993e-08,-1.04451802798167e-05
10368,36,50,35.9999999179942,50.0000100713721,6.61827958392063,13.6743724433441,8.20057906025795e-08,-1.00713721025159e-05
10386,36,50,35.999999920474,50.0000097109085,6.61827961083753,13.6743713563208,7.95260106656315e-08,-9.71090851464851e-06
10404,36,50,35.9999999228933,50.0000093633092,6.61827963690875,13.674370308217,7.71067476534881e-08,-9.36330916090355e-06
10422,36,50,35.9999999252517,50.0000090281114,6.61827966215907,13.6743692976449,7.47482644669617e-08,-9.02811140690574e-06
10440,36,50,35.9999999275494,50.0000087048697,6.61827968661275,13.6743683232664,7.24506108440437e-08,-8.70486974235973e-06
10458,36,50,35.9999999297864,50.0000083931551,6.61827971029353,13.6743673837913,7.02136304653322e-08,-8.39315513445626e-06
10476,36,50,35.999999931963,50.0000080925545,6.61827973322468,13.6743664779755,6.80369893757415e-08,-8.09255449496504e-06
10494,36,50,35.9999999340798,50.00000780267,6.61827975542892,13.6743656046195,6.59201901953566e-08,-7.80267001943002e-06
10512,36,50,35.9999999361374,50.0000075231186,6.61827977692831,13.6743647625663,6.3862572119433e-08,-7.52311864715693e-06
10530,36,50,35.9999999381366,50.0000072535315,6.61827979774451,13.6743639507002,6.1863360656389e-08,-7.25353147856822e-06
10548,36,50,35.9999999400784,50.0000069935532,6.61827981789835,13.6743631679452,5.99216392060953e-08,-6.993553242296e-06
10566,36,50,35.9999999419636,50.0000067428417,6.61827983741016,13.6743624132635,5.80363916924398e-08,-6.7428417054316e-06
10584,36,50,35.9999999437935,50.0000065010672,6.61827985629982,13.6743616856542,5.62065380904642e-08,-6.50106721877819e-06
10602,36,50,35.9999999455691,50.0000062679122,6.61827987458633,13.6743609841518,5.4430898899227e-08,-6.26791218394374e-06
10620,36,50,35.9999999472918,50.0000060430706,6.61827989228829,13.674360307825,5.27082448797955e-08,-6.04307057727738e-06
10638,36,50,35.9999999489627,50.0000058262475,6.61827990942369,13.6743596557757,5.10373041606726e-08,-5.8262474524895e-06
10656,36,50,35.9999999505832,50.0000056171586,6.61827992601007,13.6743590271374,4.94167906595067e-08,-5.61715855695866e-06
10674,36,50,35.9999999521546,50.0000054155299,6.61827994206409,13.6743584210743,4.7845361450527e-08,-5.41552986987881e-06
10692,36,50,35.9999999536783,50.0000052210972,6.61827995760224,13.6743578367802,4.63216878188177e-08,-5.22109719014452e-06
10710,36,50,35.9999999551556,50.0000050336058,6.6182799726403,13.6743572734775,4.48444339440357e-08,-5.03360576686873e-06
10728,36,50,35.9999999565877,50.0000048528099,6.61827998719362,13.6743567304159,4.3412271111265e-08,-4.85280993700599e-06
10746,36,50,35.9999999579761,50.0000046784727,6.618280001277,13.674356206872,4.20238777110171e-08,-4.67847272744848e-06
10764,36,50,35.999999959322,50.0000045103656,6.61828001490488,13.6743557021476,4.0677960555513e-08,-4.51036557080897e-06
10782,36,50,35.9999999606268,50.000004348268,6.6182800280912,13.6743552155695,3.93732477732556e-08,-4.34826796436028e-06
10800,36,50,35.9999999618915,50.0000041919672,6.61828004084933,13.6743547464883,3.81084745981752e-08,-4.19196716450188e-06
10818,36,55,35.9999999631176,50.0000040412579,6.61828005319254,16.4182154053886,3.68824402130485e-08,4.99999595874212
10836,36,55,35.999999964306,50.0670722261061,6.61828006513356,16.0450486217481,3.56939722223615e-08,4.93292777389385
10854,36,55,35.9999999654581,50.6273836885273,6.61828007668443,16.3450765938381,3.45418911251727e-08,4.37261631147265
10872,36,55,35.9869310110364,51.0695587560257,6.71277647777431,16.735027686181,0.0130689889636386,3.93044124397427
10890,36,55,35.9321710643051,51.5325560204038,7.05728043755725,17.0380312750909,0.0678289356949051,3.46744397959615
10908,36,55,35.8854396882254,52.0288448261312,7.1850117843718,17.2708398331887,0.114560311774625,2.97115517386875
10926,36,55,35.835423302512,52.5372360299522,7.39067063454178,17.4434090572742,0.164576697488002,2.4627639700478
10944,36,55,35.7906824448142,53.0420186264634,7.56451614164125,17.5589203100556,0.209317555185777,1.95798137353664
10962,36,55,35.7732321860341,53.5309833049724,7.58241705932576,17.6215572586362,0.226767813965921,1.46901669502762
10980,36,55,35.7655125416805,53.9859990792883,7.6558259624003,17.6408835351786,0.234487458319535,1.01400092071165
10998,36,55,35.7749954679393,54.372181980789,7.65034557264095,17.6367304218426,0.225004532060723,0.627818019210991
11016,36,55,35.7987617727249,54.6872300494581,7.61248430220968,17.6121086860983,0.20123822727507,0.312769950541934
11034,36,55,35.824286812412,54.9390096864718,7.61422112389136,17.570847851987,0.175713187587974,0.0609903135282082
11052,36,55,35.8566016553689,55.1257122642269,7.56399003141025,17.5230484952253,0.143398344631066,-0.125712264226891
11070,36,55,35.8889434880994,55.2640139084799,7.52976906792427,17.4670677236833,0.111056511900586,-0.264013908479868
11088,36,55,35.9190466446658,55.3623522440083,7.49852113788914,17.4072453366458,0.0809533553341808,-0.362352244008306
11106,36,55,35.9503008279274,55.4258653590933,7.43680718979587,17.3471664643383,0.0496991720726214,-0.425865359093343
11124,36,55,35.9783315936331,55.4651752785367,7.39052274992551,17.2861672602546,0.0216684063669277,-0.465175278536726
11142,36,55,36.0046720171583,55.4819992036592,7.33088918535997,17.2282198608083,-0.00467201715825638,-0.481999203659207
11160,36,55,36.0294323455233,55.480662046294,7.26447268131018,17.173985299865,-0.0294323455233183,-0.480662046294043
11178,36,55,36.0500394512769,55.4662396221834,7.21100921751908,17.1236808680853,-0.050039451276902,-0.466239622183423
11196,36,55,36.0677862335743,55.4401921332415,7.15167307099277,17.0790369351725,-0.0677862335742816,-0.440192133241496
11214,36,55,36.0814303879896,55.4074326040823,7.10224804541821,17.0390336838884,-0.0814303879895988,-0.40743260408226
11232,36,55,36.0904294701496,55.3711860224009,7.06294528149799,17.0036338234712,-0.0904294701495729,-0.37118602240092
11250,36,55,36.0958488607127,55.333581123414,7.0256173172694,16.9726955873047,-0.0958488607126782,-0.333581123414035
11268,36,55,36.0971716894031,55.2978374043211,7.00010979161855,16.945015948039,-0.0971716894030692,-0.297837404321079
11286,36,55,36.0952755077557,55.2648011542948,6.97951847282634,16.9205108814822,-0.0952755077556873,-0.264801154294751
11304,36,55,36.0909937314909,55.2352153119843,6.96296017409615,16.8986051569989,-0.090993731490876,-0.235215311984334
11322,36,55,36.0844993910599,55.2095897118159,6.95379123180855,16.8787424499826,-0.0844993910598646,-0.209589711815909
11340,36,55,36.0767934813697,55.1871646828033,6.94643829405493,16.8609578252929,-0.0767934813697266,-0.187164682803342
11358,36,55,36.068257230976,55.1676980908777,6.94299708484332,16.8448554494229,-0.0682572309760445,-0.167698090877678
11376,36,55,36.0592171874735,55.1506128399894,6.94310650794751,16.8303497388761,-0.0592171874735072,-0.150612839989449
11394,36,55,36.0502607246139,55.135157742814,6.94414715445314,16.8174573143434,-0.0502607246138567,-0.135157742814002
11412,36,55,36.0414938249697,55.1210763900901,6.94787244958922,16.8059811623352,-0.0414938249696917,-0.121076390090067
11430,36,55,36.0332063959758,55.1078644600548,6.95256891591696,16.7959841948675,-0.0332063959758457,-0.107864460054806
11448,36,55,36.0256383690309,55.0952127821702,6.95756473014446,16.7874364757169,-0.025638369030851,-0.0952127821701794
11466,36,55,36.018809407287,55.0829981576694,6.96346452004486,16.780279961979,-0.0188094072869802,-0.0829981576694081
11484,36,55,36.0128849792128,55.0709645118636,6.96885271185143,16.7745793260659,-0.0128849792127568,-0.0709645118635507
11502,36,55,36.0078759637567,55.0590756313243,6.97399733509545,16.7702845055494,-0.00787596375673871,-0.0590756313242906
11520,36,55,36.003740983222,55.0473147794366,6.9788675493792,16.7673804228307,-0.00374098322195948,-0.0473147794365758
11538,36,55,36.0004868423681,55.0356670988493,6.98287394409756,16.7658566466109,-0.000486842368097484,-0.0356670988493022
11556,36,55,35.9980009494485,55.0242681774077,6.98649713351457,16.7656223303044,0.00199905055146132,-0.0242681774076985
11574,36,55,35.9961995122073,55.0132256110676,6.98953670890801,16.7666139010764,0.00380048779274489,-0.0132256110675968
11592,36,55,35.9949974314495,55.0026916201981,6.99196148525934,16.7687250624826,0.00500256855048065,-0.00269162019810665
11610,36,55,35.9942661828397,54.9928599709348,6.99408366203929,16.7718167448275,0.00573381716034049,0.00714002906521216
11628,36,55,35.9939244826618,54.9838726587065,6.99573800419912,16.7757627258409,0.00607551733823897,0.0161273412935259
11646,36,55,35.9938789133437,54.9758839873233,6.99708594273316,16.7804031778283,0.00612108665625044,0.0241160126767141
11664,36,55,35.9940413088744,54.9690117647646,6.99823667934982,16.7855820043569,0.00595869112563463,0.0309882352353839
11682,36,55,35.9943558970809,54.9633211721085,6.99912436731057,16.7911509249803,0.00564410291910633,0.0366788278915351
11700,36,55,35.9947588354006,54.9588600807009,6.99990536753553,16.7969534103812,0.00524116459941126,0.0411399192990984
11718,36,55,35.995206591385,54.9556233369163,7.00058040844598,16.8028530045718,0.0047934086150363,0.0443766630836819
11736,36,55,35.995669681841,54.9535724399424,7.00115489652409,16.8087222111821,0.00433031815904883,0.0464275600576158
11754,36,55,35.996118149036,54.9526462533094,7.00171091561684,16.8144443338498,0.00388185096403504,0.0473537466906322
11772,36,55,35.996539742241,54.9527479015842,7.00221280235358,16.81992540921,0.00346025775902348,0.0472520984157683
11790,36,55,35.9969255609575,54.9537674061602,7.0026827178425,16.8250836333745,0.00307443904254967,0.0462325938397612
11808,36,55,35.9972704554231,54.955580292592,7.00313394038081,16.8298559590661,0.0027295445768587,0.0444197074079966
11826,36,55,35.9975785117643,54.9580495169793,7.00353140005873,16.8341985250279,0.00242148823565458,0.0419504830207202
11844,36,55,35.9978524722967,54.9610396953655,7.00388822148391,16.8380807251151,0.00214752770329341,0.038960304634486
11862,36,55,35.998098355409,54.9644140816022,7.00418686734628,16.8414893398786,0.00190164459097986,0.0355859183978424
11880,36,55,35.9983239113768,54.9680418448688,7.00440904297994,16.8444241393688,0.00167608862319923,0.0319581551312282
11898,36,55,35.9985342769673,54.9718037234389,7.00455968739762,16.8468954343616,0.00146572303269465,0.0281962765611468
11916,36,55,35.9987357270154,54.9755905150411,7.00462202848425,16.8489245717589,0.0012642729845993,0.0244094849589302
11934,36,55,35.9989326652533,54.9793087001683,7.00459518571964,16.8505393518835,0.0010673347466934,0.0206912998317392
11952,36,55,35.9991274906176,54.9828803552288,7.00448282275052,16.8517732412611,0.000872509382375597,0.0171196447712418
11970,36,55,35.999322337453,54.9862423901138,7.00428080968685,16.8526638938386,0.000677662547005298,0.0137576098861558
11988,36,55,35.9995171206554,54.9893483003699,7.00399903422883,16.8532502572827,0.000482879344573917,0.0106516996300883
12006,36,55,35.9997108902432,54.992165593146,7.00364402146933,16.8535723145026,0.00028910975683516,0.00783440685404457
12024,36,55,35.9999021285375,54.9946749626143,7.00322303195247,16.8536693627641,9.78714625148314e-05,0.00532503738571677
12042,36,55,36.0000881314719,54.9968692877579,7.0027500614745,16.8535788184059,-8.81314719123338e-05,0.00313071224212536
12060,36,55,36.0002662377554,54.9987508759303,7.00223475214897,16.8533360717206,-0.000266237755369048,0.00124912406967326
12078,36,55,36.0004335612229,55.000330426151,7.00168965505571,16.85297340095,-0.000433561222870082,-0.000330426150959795
12096,36,55,36.0005871456066,55.0016250627615,7.00112803997275,16.8525198445565,-0.000587145606644413,-0.0016250627615193
12114,36,55,36.0007245890322,55.0026563384838,7.000560081814,16.8520011527746,-0.000724589032159884,-0.00265633848378144
12132,36,55,36.0008437400021,55.0034491666678,6.99999754594727,16.8514394643308,-0.00084374000213927,-0.00344916666775674
12150,36,55,36.0009430294105,55.0040300926707,6.9994499623155,16.8508536491698,-0.000943029410464646,-0.00403009267072463
12168,36,55,36.0010215835582,55.0044261786155,6.9989250119637,16.8502593988888,-0.00102158355824145,-0.00442617861548911
12186,36,55,36.0010790298951,55.0046641856579,6.99843013644934,16.8496694036408,-0.00107902989509512,-0.00466418565794413
12204,36,55,36.0011156913917,55.0047695745317,6.99797008110538,16.849093783276,-0.00111569139165368,-0.00476957453170712
12222,36,55,36.0011324398533,55.0047660965295,6.99754851420484,16.8485402808603,-0.00113243985328637,-0.0047660965295222
12240,36,55,36.0011305904241,55.004675388598,6.99716792566573,16.848014614192,-0.00113059042405439,-0.00467538859797401
12258,36,55,36.0011119175162,55.004516673821,6.99682887037772,16.8475208190873,-0.00111191751616246,-0.00451667382100851
12276,36,55,36.0010784580629,55.0043067919644,6.99653127076031,16.8470614674595,-0.00107845806290641,-0.00430679196439598
12294,36,55,36.0010324528351,55.0040601602437,6.99627387731413,16.8466379820153,-0.00103245283514752,-0.00406016024366807
12312,36,55,36.0009762683297,55.0037888967459,6.9960544942078,16.8462508533129,-0.000976268329679897,-0.00378889674591676
12330,36,55,36.0009122553,55.0035030389092,6.99587061069242,16.8458998203295,-0.000912255300036691,-0.00350303890917303
12348,36,55,36.0008427148073,55.0032107065078,6.99571903788498,16.8455840729916,-0.000842714807319567,-0.00321070650782929
12366,36,55,36.0007698135225,55.0029183679887,6.99559639403872,16.8453023679076,-0.000769813522516927,-0.00291836798871969
12384,36,55,36.0006955195268,55.002631077825,6.99549925583335,16.8450531473025,-0.000695519526779265,-0.00263107782502914
12402,36,55,36.0006215882651,55.0023526858501,6.99542406262441,16.844834639258,-0.000621588265133255,-0.00235268585014126
12420,36,55,36.0005495163531,55.0020860751352,6.99536747701737,16.84464491178,-0.000549516353103741,-0.00208607513521031
12438,36,55,36.0004805367736,55.0018333381792,6.99532632541497,16.8444819373922,-0.000480536773565632,-0.00183333817916775
12456,36,55,36.000415624356,55.0015959405845,6.99529764618193,16.8443436317598,-0.000415624355973421,-0.00159594058452228
12474,36,55,36.0003554929678,55.001374868385,6.99527884018973,16.8442278791939,-0.00035549296781312,-0.00137486838502809
12492,36,55,36.0003006223762,55.0011707266723,6.99526757194648,16.8441325640426,-0.000300622376229853,-0.00117072667225671
12510,36,55,36.0002512783622,55.0009838313894,6.9952618374634,16.8440555847884,-0.000251278362192409,-0.000983831389390843
12528,36,55,36.0002075365573,55.000814273793,6.99525996757199,16.8439948707897,-0.000207536557290666,-0.000814273792968834
12546,36,55,36.0001693175688,55.0006619607225,6.9952605559824,16.84394839939,-0.000169317568833094,-0.000661960722467825
12564,36,55,36.0001364125027,55.0005266509181,6.99526249138062,16.8439142057939,-0.000136412502669714,-0.000526650918061478
12582,36,55,36.000108513419,55.0004079722676,6.99526490158088,16.8438903982863,-0.000108513419043277,-0.00040797226760958
12600,36,55,36.0000852425957,55.0003054337773,6.9952671151999,16.8438751706842,-8.5242595666557e-05,-0.000305433777342046
12618,36,55,36.0000661747467,55.0002184361885,6.99526865701547,16.8438668130968,-6.61747466708107e-05,-0.000218436188461624
12636,36,55,36.0000508609755,55.0001462754959,6.99526919099721,16.8438637250458,-5.08609755200951e-05,-0.000146275495865211
12654,36,55,36.0000388468808,55.0000881501018,6.99526850328224,16.843864424833,-3.88468808409925e-05,-8.81501017744313e-05
12672,36,55,36.0000296867266,55.0000431683829,6.99526648071815,16.8438675585015,-2.96867266484924e-05,-4.31683829233975e-05
12690,36,55,36.000022956433,55.0000103566902,6.99526307498007,16.8438719077246,-2.29564330140875e-05,-1.03566902112107e-05
12708,36,55,36.0000182611207,54.9999886721992,6.99525829558193,16.8438763941485,-1.82611206724914e-05,1.1327800805816e-05
12726,36,55,36.0000152408434,54.999977016456,6.99525218919915,16.8438800827158,-1.52408433962137e-05,2.29835439711223e-05
12744,36,55,36.0000135741185,54.999974251286,6.99524482466845,16.8438821821894,-1.35741185474103e-05,2.57487140373769e-05
12762,36,55,36.000012978267,54.9999792170759,6.99523629002792,16.843882042898,-1.29782670086342e-05,2.07829240821411e-05
12780,36,55,36.0000132091265,54.9999907507684,6.99522668007315,16.8438791528826,-1.32091265072631e-05,9.24923156730983e-06
12798,36,55,36.0000140590362,55.0000077047656,6.99521609380638,16.8438731313177,-1.40590362462945e-05,-7.70476564326827e-06
12816,36,55,36.0000153537467,55.000028965161,6.9952046329707,16.8438637201936,-1.53537467042497e-05,-2.8965161007477e-05
12834,36,55,36.0000169493147,55.0000534682903,6.99519239729059,16.8438507745962,-1.6949314726844e-05,-5.34682902681993e-05
12852,36,55,36.0000187282505,55.0000802159993,6.99517948633733,16.8438342513781,-1.87282505379471e-05,-8.02159993185114e-05
12870,36,55,36.0000205958348,55.000108288275,6.99516599850039,16.843814197195,-2.05958347549995e-05,-0.000108288274951462
12888,36,55,36.0000224766985,55.0001368532805,6.99515203031364,16.8437907359483,-2.24766985326141e-05,-0.000136853280508831
12906,36,55,36.0000243114278,55.0001651748086,6.9951376781612,16.8437640559458,-2.43114278006828e-05,-0.000165174808593349
12924,36,55,36.0000260537598,55.0001926166278,6.99512303720546,16.8437343973842,-2.60537597540633e-05,-0.000192616627785469
12942,36,55,36.0000276681067,55.0002186442124,6.99510820167919,16.843702040159,-2.76681066964102e-05,-0.000218644212381491
12960,36,55,36.0000291274377,55.0002428238824,6.99509326503464,16.8436672923959,-2.9127437684906e-05,-0.000242823882445009
12978,36,55,36.0000304116871,55.0002648195092,6.99507831871145,16.843630479935,-3.04116871490123e-05,-0.000264819509183667
12996,36,55,36.0000315064243,55.0002843873419,6.99506345196616,16.8435919367864,-3.15064243281427e-05,-0.000284387341920933
13014,36,55,36.0000324018722,55.0003013691317,6.99504875085695,16.8435519967907,-3.24018722466235e-05,-0.000301369131662454
13032,36,55,36.0000330922198,55.0003156839985,6.99503429703371,16.8435109864788,-3.30922197662176e-05,-0.000315683998486804
13050,36,55,36.000033575076,55.0003273194866,6.9950201670563,16.8434692191217,-3.35750760456222e-05,-0.000327319486615352
13068,36,55,36.0000338511208,55.0003363220645,6.9950064311411,16.8434269900119,-3.38511208255454e-05,-0.000336322064512729
13086,36,55,36.0000339238394,55.0003427874968,6.99499315229082,16.8433845728556,-3.39238394104768e-05,-0.000342787496833807
13104,36,55,36.0000337992956,55.0003468513632,6.9949803856272,16.8433422172217,-3.37992956360722e-05,-0.000346851363154599
13122,36,55,36.000033485955,55.0003486799463,6.99496817761994,16.8433001469593,-3.34859549724342e-05,-0.000348679946256425
13140,36,55,36.0000329944811,55.0003484617482,6.99495656579859,16.8432585594387,-3.29944810744109e-05,-0.000348461748231443
13158,36,55,36.0000323375155,55.0003463997491,6.99494557855479,16.8432176255264,-3.23375154636096e-05,-0.000346399749076909
13176,36,55,36.000031529435,55.0003427045237,6.99493523512262,16.8431774901614,-3.15294349917394e-05,-0.000342704523653481
13194,36,55,36.0000305860615,55.0003375882944,6.99492554590776,16.8431382734101,-3.05860615270603e-05,-0.000337588294385682
13212,36,55,36.0000295243504,55.0003312599148,6.99491651288198,16.8431000719034,-2.95243504240261e-05,-0.000331259914787552
13230,36,55,36.0000283620533,55.0003239207882,6.99490813019924,16.8430629605397,-2.836205334944e-05,-0.000323920788190435
13248,36,55,36.0000271173623,55.0003157616756,6.99490038497496,16.843026994369,-2.71173623218601e-05,-0.00031576167563685
13266,36,55,36.0000258085577,55.0003069603204,6.99489325810222,16.8429922105796,-2.5808557666096e-05,-0.000306960320429539
13284,36,55,36.0000244536607,55.0002976798214,6.99488672519576,16.8429586305148,-2.44536606928136e-05,-0.000297679821393615
13302,36,55,36.0000230701073,55.0002880676568,6.99488075754862,16.8429262616693,-2.30701072823081e-05,-0.000288067656754265
13320,36,55,36.0000216744543,55.0002782552651,6.99487532307663,16.8428950996192,-2.16744543308778e-05,-0.000278255265136806
13338,36,55,36.0000202821216,55.0002683580931,6.99487038727082,16.8428651298515,-2.02821215893323e-05,-0.000268358093080678
13356,36,55,36.0000189071803,55.0002584760116,6.99486591407156,16.8428363294736,-1.89071803404772e-05,-0.000258476011573805
13374,36,55,36.0000175621904,55.0002486940198,6.99486186668381,16.8428086687833,-1.75621904361378e-05,-0.000248694019767015
13392,36,55,36.0000162580863,55.0002390831581,6.99485820831569,16.8427821126939,-1.62580862976824e-05,-0.000239083158128039
13410,36,55,36.0000150041141,55.0002297015608,6.99485490280681,16.8427566220111,-1.50041141324664e-05,-0.000229701560783724
13428,36,55,36.0000138078154,55.0002205955917,6.99485191517037,16.8427321545642,-1.38078154350296e-05,-0.000220595591713391
13446,36,55,36.0000126750538,55.0002118010151,6.99484921203017,16.8427086661966,-1.2675053810085e-05,-0.000211801015055357
13464,36,55,36.0000116100807,55.0002033441615,6.9948467619539,16.8426861116238,-1.16100806621944e-05,-0.000203344161533892
13482,36,55,36.0000106156322,55.0001952430625,6.99484453570187,16.8426644451682,-1.06156322132733e-05,-0.000195243062520944
13500,36,55,36.0000096930527,55.0001875085293,6.9948425063825,16.8426436213804,-9.6930527178074e-06,-0.000187508529293723
13518,36,55,36.0000088424368,55.000180145164,6.9948406495327,16.8426235955581,-8.84243679877272e-06,-0.000180145164030421
13536,36,55,36.000008062784,55.000173152294,6.99483894313411,16.8426043241724,-8.06278404752447e-06,-0.000173152294003387
13554,36,55,36.0000073521605,55.0001665248246,6.9948373675693,16.8425857652108,-7.35216048042275e-06,-0.000166524824557257
13572,36,55,36.0000067078609,55.0001602540113,6.99483590553452,16.8425678784477,-6.7078609262694e-06,-0.000160254011305483
13590,36,55,36.0000061265675,55.0001543281536,6.9948345419181,16.8425506256484,-6.12656747023266e-06,-0.000154328153641359
13608,36,55,36.0000056045004,55.0001487332134,6.99483326365044,16.8425339707168,-5.60450041575677e-06,-0.000148733213421792
13626,36,55,36.0000051375581,55.0001434533645,6.99483205954006,16.8425178797918,-5.13755807673988e-06,-0.000143453364486845
13644,36,55,36.0000047214435,55.0001384714781,6.9948309200981,16.8425023213,-4.72144347440917e-06,-0.000138471478138058
13662,36,55,36.0000043517762,55.0001337695505,6.99482983736106,16.8424872659689,-4.35177618385296e-06,-0.000133769550487273
13680,36,55,36.0000040241887,55.000129329077,6.99482880471509,16.8424726868081,-4.02418865519394e-06,-0.000129329076969498
13698,36,55,36.0000037344067,55.0001251313789,6.99482781672728,16.8424585590599,-3.7344067393974e-06,-0.000125131378858612
13716,36,55,36.0000034783149,55.0001211578861,6.99482686898554,16.8424448601271,-3.47831493741069e-06,-0.000121157886148637
13734,36,55,36.000003252007,55.0001173903807,6.99482595795117,16.8424315694795,-3.25200699080597e-06,-0.000117390380722782
13752,36,55,36.0000030518232,55.0001138112027,6.9948250808229,16.8424186685434,-3.05182317106301e-06,-0.000113811202723468
13770,36,55,36.0000028743754,55.0001104034232,6.99482423541572,16.842406140579,-2.87437542567659e-06,-0.000110403423192906
13788,36,55,36.0000027165621,55.0001071509851,6.99482342005204,16.8423939705467,-2.71656205086401e-06,-0.00010715098507319
13806,36,55,36.0000025755734,55.0001040388149,6.99482263346621,16.8423821449677,-2.57557340432868e-06,-0.000104038814924934
13824,36,55,36.0000024488901,55.0001010529071,6.99482187472202,16.8423706517796,-2.44889010048155e-06,-0.000101052907091059
13842,36,55,36.0000023342754,55.0000981803823,6.99482114314048,16.8423594801916,-2.3342753650013e-06,-9.81803822668326e-05
13860,36,55,36.0000022297628,55.0000954095224,6.99482043823865,16.8423486205409,-2.22976278507758e-06,-9.54095223661966e-05
13878,36,55,36.0000021336407,55.0000927297834,6.99481975967789,16.8423380641511,-2.13364069168165e-06,-9.27297834465435e-05
13896,36,55,36.0000020444344,55.0000901317888,6.99481910721957,16.842327803198,-2.04443436047086e-06,-9.01317888448716e-05
13914,36,55,36.0000019608868,55.0000876073044,6.99481848068894,16.8423178305802,-1.96088680581852e-06,-8.76073044224768e-05
13932,36,55,36.0000018819391,55.0000851491984,6.99481787994446,16.8423081397991,-1.88193905614753e-06,-8.51491983837604e-05
13950,36,55,36.0000018067104,55.0000827513875,6.9948173048531,16.8422987248479,-1.8067104150532e-06,-8.27513875236718e-05
13968,36,55,36.0000017344792,55.0000804087727,6.9948167552701,16.8422895801105,-1.73447923401682e-06,-8.04087726606895e-05
13986,36,55,36.0000016646645,55.0000781171651,6.99481623102267,16.8422807002708,-1.66466453066505e-06,-7.81171651311752e-05
14004,36,55,36.0000015968086,55.000075873207,6.99481573189779,16.8422720802332,-1.59680860178923e-06,-7.58732069670032e-05
14022,36,55,36.0000015305609,55.0000736742868,6.99481525763255,16.8422637150534,-1.5305608798144e-06,-7.36742867530893e-05
14040,36,55,36.000001465663,55.0000715184532,6.99481480790761,16.8422555998799,-1.46566301850726e-06,-7.15184532396052e-05
14058,36,55,36.0000014019353,55.0000694043287,6.99481438234266,16.842247729906,-1.40193529318822e-06,-6.94043286912915e-05
14076,36,55,36.0000013392642,55.0000673310237,6.99481398049446,16.8422401003309,-1.3392642088661e-06,-6.73310236791735e-05
14094,36,55,36.0000012775913,55.0000652980548,6.99481360185656,16.8422327063299,-1.27759131629546e-06,-6.52980547783955e-05
14112,36,55,36.0000012169032,55.0000633052664,6.99481324586064,16.842225543033,-1.21690315779688e-06,-6.3305266444047e-05
14130,36,55,36.0000011572223,55.0000613527581,6.99481291187927,16.8422186055106,-1.15722227889137e-06,-6.1352758066846e-05
14148,36,55,36.0000010985992,55.0000594408171,6.99481259923019,16.842211888766,-1.09859917074573e-06,-5.94408171323835e-05
14166,36,55,36.0000010411052,55.0000575698588,6.99481230718118,16.8422053877328,-1.0411051647452e-06,-5.75698588107798e-05
14184,36,55,36.0000009848261,55.0000557403725,6.99481203495629,16.842199097278,-9.84826108663128e-07,-5.57403725309769e-05
14202,36,55,36.0000009298569,55.0000539528756,6.99481178174215,16.8421930122081,-9.29856859954725e-07,-5.39528755751917e-05
14220,36,55,36.0000008762964,55.0000522078736,6.99481154669534,16.8421871272789,-8.76296439855651e-07,-5.22078735798459e-05
14238,36,55,36.0000008242439,55.0000505058279,6.99481132894968,16.8421814372073,-8.24243883812414e-07,-5.0505827886127e-05
14256,36,55,36.0000007737947,55.0000488471293,6.9948111276235,16.8421759366851,-7.7379472429584e-07,-4.88471293280668e-05
14274,36,55,36.000000725038,55.0000472320781,6.99481094182721,16.8421706203932,-7.25038042048709e-07,-4.72320780602331e-05
14292,36,55,36.0000006780541,55.0000456608688,6.99481077067045,16.8421654830173,-6.78054064451317e-07,-4.56608688352844e-05
14310,36,55,36.0000006329123,55.0000441335813,6.99481061326895,16.8421605192629,-6.32912275477793e-07,-4.4133581297956e-05
14328,36,55,36.0000005896701,55.0000426501747,6.99481046875062,16.8421557238704,-5.89670058559477e-07,-4.26501747057273e-05
14346,36,55,36.0000005483717,55.0000412104863,6.99481033626174,16.8421510916295,-5.4837170182509e-07,-4.1210486330101e-05
14364,36,55,36.0000005090479,55.0000398142331,6.99481021497206,16.8421466173923,-5.09047850982824e-07,-3.98142330908513e-05
14382,36,55,36.0000004717154,55.0000384610159,6.99481010407882,16.8421422960866,-4.7171539563351e-07,-3.84610159045451e-05
14400,36,55,36.0000004363775,55.000037150326,6.99481000281155,16.8421381227264,-4.36377526114029e-07,-3.71503259941619e-05
14418,36,55,36.0000004030242,55.000035881553,6.99480991043424,16.8421340924223,-4.03024245088091e-07,-3.58815529608592e-05
14436,36,55,36.0000003716331,55.0000346539939,6.99480982624793,16.8421302003901,-3.71633070983535e-07,-3.46539939428681e-05
14454,36,55,36.0000003421698,55.0000334668635,6.99480974959314,16.8421264419583,-3.42169833800199e-07,-3.34668635488811e-05
14472,36,55,36.0000003145898,55.0000323193043,6.99480967984975,16.8421228125744,-3.14589840400004e-07,-3.23193042888192e-05
14490,36,55,36.000000288839,55.0000312103971,6.99480961643846,16.8421193078093,-2.88838968742766e-07,-3.12103970969702e-05
14508,36,55,36.0000002648549,55.0000301391718,6.99480955882035,16.8421159233612,-2.6485493265227e-07,-3.01391717698607e-05
14526,36,55,36.0000002425686,55.0000291046171,6.99480950649584,16.8421126550585,-2.42568638952889e-07,-2.91046171270182e-05
14544,36,55,36.0000002219054,55.0000281056907,6.99480945900495,16.8421094988606,-2.21905366970532e-07,-2.81056907098787e-05
14562,36,55,36.0000002027862,55.0000271413279,6.9948094159245,16.8421064508593,-2.02786182512682e-07,-2.71413279051558e-05
14580,36,55,36.0000001851291,55.0000262104504,6.99480937686754,16.8421035072779,-1.85129103158488e-07,-2.621045041451e-05
14598,36,55,36.0000001688502,55.000025311974,6.99480934148139,16.8421006644705,-1.68850249337993e-07,-2.53119740207808e-05
14616,36,55,36.000000153865,55.0000244448156,6.99480930944495,16.8420979189201,-1.5386501672765e-07,-2.44448156081489e-05
14634,36,55,36.000000140089,55.0000236078995,6.99480928046747,16.8420952672367,-1.40088985745024e-07,-2.36078994504396e-05
14652,36,55,36.0000001274388,55.0000228001626,6.99480925428598,16.8420927061542,-1.27438823938064e-07,-2.2800162639669e-05
14670,36,55,36.0000001158331,55.00002202056,6.9948092306628,16.8420902325276,-1.15833103109253e-07,-2.20205599532619e-05
14688,36,55,36.0000001051929,55.0000212680679,6.99480920938415,16.8420878433291,-1.0519287485522e-07,-2.12680678544075e-05
14706,36,55,36.0000000954423,55.0000205416879,6.99480919025731,16.8420855356449,-9.54422745280681e-08,-2.0541687931086e-05
14724,36,55,36.0000000865089,55.0000198404496,6.99480917310908,16.8420833066709,-8.6508912033878e-08,-1.98404496032367e-05
14742,36,55,36.0000000783242,55.0000191634124,6.99480915778341,16.8420811537087,-7.83242484203583e-08,-1.91634123822837e-05
14760,36,55,36.0000000708238,55.0000185096674,6.99480914414008,16.8420790741617,-7.08237735125294e-08,-1.85096674201191e-05
14778,36,55,36.0000000639472,55.0000178783387,6.99480913205248,16.842077065531,-6.39471977592621e-08,-1.78783387099202e-05
14796,36,55,36.0000000576385,55.0000172685838,6.99480912140646,16.8420751254108,-5.76384806549868e-08,-1.72685837753761e-05
14814,36,55,36.0000000518458,55.000016679594,6.99480911209871,16.8420732514848,-5.18458378451214e-08,-1.66795939975373e-05
14832,36,55,36.0000000465217,55.0000161105945,6.99480910403532,16.842071441522,-4.65216913880795e-08,-1.61105945011286e-05
14850,36,55,36.0000000416225,55.0000155608439,6.99480909713097,16.842069693373,-4.16225205412957e-08,-1.55608438916488e-05
14868,36,55,36.0000000371087,55.0000150296336,6.99480909130741,16.8420680049658,-3.71087480743881e-08,-1.50296336229871e-05
14886,36,55,36.0000000329445,55.0000145162871,6.99480908649291,16.8420663743026,-3.29445200009104e-08,-1.45162871305615e-05
14904,36,55,36.0000000290975,55.0000140201589,6.99480908262114,16.8420647994563,-2.90975208372402e-08,-1.40201588791911e-05
14922,36,55,36.0000000255387,55.0000135406332,6.9948090796308,16.8420632785668,-2.55387107017668e-08,-1.35406331693844e-05
14940,36,55,36.0000000222421,55.0000130771229,6.99480907746439,16.8420618098384,-2.22421476792078e-08,-1.30771228796789e-05
14958,36,55,36.0000000191847,55.0000126290681,6.99480907606843,16.8420603915367,-1.91846751818048e-08,-1.2629068137926e-05
14976,36,55,36.0000000163457,55.0000121959349,6.99480907539242,16.8420590219855,-1.63457229973574e-08,-1.21959348717837e-05
14994,36,55,36.0000000137071,55.0000117772134,6.9948090753885,16.8420576995648,-1.37070799155481e-08,-1.17772134444749e-05
15012,36,55,36.0000000112526,55.0000113724172,6.9948090760117,16.8420564227076,-1.12525952999931e-08,-1.13724171768581e-05
15030,36,55,36.0000000089681,55.0000109810809,6.99480907721862,16.8420551898986,-8.96805829597724e-09,-1.09810809050259e-05
15048,36,55,36.0000000068409,55.0000106027597,6.99480907896842,16.8420539996712,-6.84088519165016e-09,-1.06027596729064e-05
15066,36,55,36.00000000486,55.0000102370273,6.99480908122159,16.8420528506062,-4.85999862576136e-09,-1.02370272827557e-05
15084,36,55,36.0000000030156,55.0000098834751,6.99480908394042,16.8420517413293,-3.01561442483944e-09,-9.88347507302478e-06
15102,36,55,36.0000000012991,55.0000095417107,6.99480908708882,16.8420506705104,-1.29905686208076e-09,-9.5417107246476e-06
15120,36,55,35.9999999997027,55.000009211357,6.99480909063186,16.842049636861,2.97347924060887e-10,-9.21135698206399e-06
15138,36,55,35.9999999982195,55.0000088920508,6.99480909453633,16.8420486391334,1.7804708818403e-09,-8.89205075083055e-06
15156,36,55,35.9999999968435,55.000008583442,6.99480909877009,16.8420476761193,3.15645820592181e-09,-8.58344198206851e-06
15174,36,55,35.9999999955691,55.0000082851928,6.99480910330239,16.842046746648,4.43085923507169e-09,-8.28519281981244e-06
15192,36,55,35.9999999943913,55.0000079969768,6.99480910810374,16.842045849586,5.60872592814121e-09,-7.99697676256983e-06
15210,36,55,35.9999999933053,55.0000077184779,6.99480911314588,16.8420449838352,6.69469102376752e-09,-7.71847793146208e-06
15228,36,55,35.9999999923069,55.0000074493903,6.99480911840192,16.8420441483324,7.69306041092932e-09,-7.44939033836545e-06
15246,36,55,35.9999999913921,55.0000071894174,6.99480912384611,16.8420433420477,8.60785576151102e-09,-7.18941740984747e-06
15264,36,55,35.9999999905571,55.0000069382713,6.994809129454,16.8420425639843,9.44287847914893e-09,-6.93827134057301e-06
15282,36,55,35.9999999897982,55.0000066956727,6.99480913520242,16.8420418131768,1.02017594372228e-08,-6.69567270961124e-06
15300,36,55,35.999999989112,55.00000646135,6.99480914106943,16.8420410886909,1.08879874005652e-08,-6.46135003279369e-06
15318,36,55,35.9999999884951,55.0000062350395,6.99480914703422,16.8420403896223,1.15049232363162e-08,-6.23503945718085e-06
15336,36,55,35.9999999879441,55.0000060164844,6.99480915307743,16.842039715096,1.20558638627699e-08,-6.01648441289626e-06
15354,36,55,35.999999987456,55.0000058054354,6.99480915918071,16.8420390642654,1.25440138276645e-08,-5.80543539285827e-06
15372,36,55,35.9999999870275,55.0000056016497,6.9948091653271,16.8420384363116,1.2972535046174e-08,-5.6016496898792e-06
15390,36,55,35.9999999866555,55.0000054048912,6.99480917150067,16.8420378304426,1.33445254846265e-08,-5.40489124034593e-06
15408,36,55,35.999999986337,55.0000052149304,6.99480917768673,16.8420372458924,1.36630404767857e-08,-5.21493041816257e-06
15426,36,55,35.9999999860689,55.0000050315439,6.9948091838717,16.8420366819209,1.39310856184238e-08,-5.03154392106353e-06
15444,36,55,35.9999999858484,55.0000048545147,6.99480919004313,16.8420361378122,1.4151623872749e-08,-4.85451465692677e-06
15462,36,55,35.9999999856724,55.0000046836316,6.99480919618955,16.8420356128748,1.43275613595506e-08,-4.68363155192719e-06
15480,36,55,35.9999999855383,55.0000045186895,6.9948092023005,16.8420351064402,1.44617402497715e-08,-4.51868953632584e-06
15498,36,55,35.9999999854431,55.0000043594894,6.99480920836654,16.8420346178628,1.4556945870936e-08,-4.35948939525588e-06
15516,36,55,35.9999999853841,55.0000042058377,6.99480921437924,16.8420341465189,1.46159067071494e-08,-4.20583767635208e-06
15534,36,55,35.9999999853587,55.0000040575466,6.99480922033094,16.842033691806,1.4641273082816e-08,-4.05754664001279e-06
15552,36,55,35.9999999853644,55.0000039144341,6.99480922621477,16.8420332531423,1.46356029517847e-08,-3.91443411729142e-06
15570,36,55,35.9999999853986,55.0000037763235,6.99480923202479,16.842032829966,1.46013832136305e-08,-3.77632345305301e-06
15588,36,55,35.999999985459,55.0000036430434,6.99480923775569,16.8420324217346,1.45410012919456e-08,-3.64304339939281e-06
15606,36,55,35.9999999855433,55.000003514428,6.99480924340284,16.8420320279245,1.44567451343391e-08,-3.51442804458202e-06
15624,36,55,35.9999999856492,55.0000033903167,6.99480924896242,16.8420316480301,1.43508245287194e-08,-3.39031669227552e-06
15642,36,55,35.9999999857747,55.0000032705537,6.99480925443092,16.8420312815634,1.42253142598747e-08,-3.27055374782503e-06
15660,36,55,35.9999999859178,55.0000031549887,6.99480925980555,16.8420309280534,1.40821967420379e-08,-3.15498868985742e-06
15678,36,55,35.9999999860766,55.0000030434759,6.99480926508405,16.8420305870454,1.39233549134588e-08,-3.04347585711184e-06
15696,36,55,35.9999999862495,55.0000029358744,6.9948092702644,16.8420302581007,1.37505367092672e-08,-2.93587441291265e-06
15714,36,55,35.9999999864346,55.0000028320482,6.99480927534542,16.8420299407959,1.3565426115747e-08,-2.83204823858796e-06
15732,36,55,35.9999999866304,55.0000027318657,6.99480928032579,16.8420296347222,1.33695579052073e-08,-2.7318657416231e-06
15750,36,55,35.9999999868356,55.0000026351998,6.99480928520486,16.8420293394852,1.31643744794019e-08,-2.63519980592264e-06
15768,36,55,35.9999999870488,55.0000025419277,6.99480928998226,16.8420290547045,1.29512258695286e-08,-2.54192765680727e-06
15786,36,55,35.9999999872687,55.0000024519308,6.99480929465779,16.8420287800126,1.27313484199476e-08,-2.4519307544324e-06
15804,36,55,35.9999999874941,55.0000023650946,6.99480929923145,16.842028515055,1.25058718936089e-08,-2.36509463036327e-06
15822,36,55,35.9999999877241,55.0000022813088,6.99480930370375,16.8420282594899,1.2275862104616e-08,-2.28130878099364e-06
15840,36,55,35.9999999879577,55.0000022004666,6.994809308075,16.842028012987,1.20422640748075e-08,-2.20046657517514e-06
15858,36,55,35.999999988194,55.0000021224651,6.99480931234595,16.8420277752277,1.18059517717484e-08,-2.12246509789793e-06
15876,36,55,35.9999999884323,55.000002047205,6.99480931651741,16.8420275459047,1.15677210033027e-08,-2.04720504370925e-06
15894,36,55,35.9999999886717,55.0000019745906,6.99480932059034,16.8420273247213,1.13282894176336e-08,-1.97459060302663e-06
15912,36,55,35.9999999889117,55.0000019045293,6.99480932456579,16.8420271113912,1.10883036086307e-08,-1.90452931292384e-06
15930,36,55,35.9999999891517,55.000001836932,6.99480932844488,16.8420269056379,1.08483391159098e-08,-1.83693199318213e-06
15948,36,55,35.9999999893911,55.0000017717126,6.99480933222887,16.8420267071948,1.0608914635668e-08,-1.77171258997078e-06
15966,36,55,35.9999999896295,55.0000017087881,6.99480933591901,16.8420265158046,1.03704849152564e-08,-1.70878809768737e-06
15984,36,55,35.9999999898665,55.0000016480784,6.99480933951672,16.8420263312188,1.01334620694615e-08,-1.6480784097439e-06
16002,36,55,35.9999999901018,55.0000015895062,6.9948093430234,16.8420261531976,9.89820847507872e-09,-1.58950624751242e-06
16020,36,55,35.999999990335,55.000001532997,6.99480934644052,16.8420259815098,9.66504387633904e-09,-1.53299703242737e-06
16038,36,55,35.9999999905658,55.0000014784788,6.99480934976946,16.8420258159319,9.43423117405473e-09,-1.47847883624763e-06
16056,36,55,35.999999990794,55.0000014258822,6.99480935301187,16.8420256562485,9.20602616361066e-09,-1.42588222473705e-06
16074,36,55,35.9999999910194,55.0000013751402,6.99480935616918,16.8420255022514,8.98062779697284e-09,-1.37514018661022e-06
16092,36,55,35.9999999912418,55.0000013261881,6.99480935924301,16.8420253537401,8.75822081525257e-09,-1.32618808379448e-06
16110,36,55,35.9999999914611,55.0000012789635,6.9948093622348,16.8420252105206,8.538947326997e-09,-1.27896348089962e-06
16128,36,55,35.9999999916771,55.0000012334062,6.99480936514627,16.842025072406,8.32294944075329e-09,-1.23340616653422e-06
16146,36,55,35.9999999918897,55.000001189458,6.99480936797887,16.8420249392158,8.11032663250444e-09,-1.18945797566994e-06
16164,36,55,35.9999999920988,55.0000011470628,6.99480937073427,16.8420248107758,7.90117837823345e-09,-1.14706278253607e-06
16182,36,55,35.9999999923044,55.0000011061664,6.99480937341388,16.842024686918,7.6955615213592e-09,-1.10616639403815e-06
16200,36,55,35.9999999925065,55.0000010667165,6.99480937601943,16.84202456748,7.49354711615524e-09,-1.06671649291457e-06
