Tempo,Referencia_Temperatura,Referencia_Umidade,Saida_Temperatura,Saida_Umidade,Controle_Temperatura,Controle_Umidade,Erro_Temperatura,Erro_Umidade
18,30,50,22,50,0,0,8,0
36,30,50,22,50,0,0,8,0
54,30,50,22,50,0,0,8,0
72,30,50,22,50,0,0,8,0
90,30,50,22,50,0,0,8,0
108,30,50,22,50,0,0,8,0
126,30,50,22,50,0,0,8,0
144,30,50,22,50,3.29760000000001,0,8,0
162,30,50,22,50,6.59520000000002,0,8,0
180,30,50,22,50,9.89280000000004,0,8,0
198,30,50,22,50,13.1904000000001,0,8,0
216,30,50,22.2363550048307,50,14.779011502071,0,7.76364499516927,0
234,30,50,22.8171780136789,50,14.8072768598083,0,7.18282198632106,0
252,30,50,23.7307569843708,49.7796859187175,13.6880208310616,0.120902247972254,6.26924301562919,0.220314081282517
270,30,50,24.9657780885878,49.0804393622057,11.3149573600065,0.489808316835758,5.03422191141223,0.919560637794334
288,30,50,26.3888206681135,47.9479974235389,8.47110122805941,1.09079100452043,3.61117933188651,2.05200257646107
306,30,50,27.8205407578863,46.4457440663254,5.79553472461969,1.94990304486551,2.17945924211375,3.55425593367455
324,30,50,29.1198131258262,44.7443579903943,3.52522385096935,3.02998805165287,0.880186874173813,5.25564200960574
342,30,50,30.1556252105381,43.1394724695948,2.04837991277264,4.22489188872957,-0.155625210538101,6.86052753040519
360,30,50,30.8540213828608,41.8641189477619,1.43863668776191,5.45063668598674,-0.854021382860825,8.13588105223806
378,30,50,31.2170205227973,41.0938364780707,1.49888324786753,6.61493006325227,-1.21702052279728,8.90616352192934
396,30,50,31.2875836518513,40.9367667861527,2.06551538744637,7.63049418855482,-1.28758365185127,9.06323321384733
414,30,50,31.1456795590919,41.372502780734,2.86766890595036,8.45489127203182,-1.14567955909191,8.62749721926601
432,30,50,30.8894560023549,42.2987436720185,3.63099989367104,9.06893485405619,-0.889456002354926,7.70125632798147
450,30,50,30.6041469289084,43.5662857403896,4.21313377949182,9.47612942414932,-0.604146928908428,6.43371425961038
468,30,50,30.3548919490024,44.9942304403878,4.52570096722224,9.70655492277491,-0.354891949002393,5.00576955961219
486,30,50,30.1800278600536,46.419688108928,4.55990150727555,9.79627030321473,-0.180027860053553,3.58031189107199
504,30,50,30.0874436640825,47.721471729842,4.39473681995602,9.78147712664889,-0.0874436640824605,2.27852827015796
522,30,50,30.0644220219128,48.8234478455836,4.12255045131264,9.69610273587225,-0.0644220219128329,1.17655215441641
540,30,50,30.0864479854991,49.7013090436659,3.83662515059879,9.56327978692076,-0.0864479854990847,0.298690956334127
558,30,50,30.12516508778,50.3708971533154,3.61682331387826,9.39677629543512,-0.125165087780033,-0.370897153315362
576,30,50,30.1576558361888,50.8697331726535,3.49866397851967,9.20409575402201,-0.157655836188791,-0.869733172653547
594,30,50,30.1704566041528,51.2444098094501,3.4824070294578,8.98731123428797,-0.170456604152768,-1.24440980945006
612,30,50,30.160031586977,51.5364701539557,3.54318808590866,8.74735213936065,-0.160031586976977,-1.53647015395571
630,30,50,30.1317094943279,51.7734624525423,3.6366756016765,8.48686907439395,-0.131709494327865,-1.77346245254228
648,30,50,30.0958742997315,51.9681390846824,3.71833628627819,8.21068064436808,-0.0958742997315234,-1.96813908468241
666,30,50,30.0637969771105,52.1201707596772,3.75492584517004,7.92646664211523,-0.0637969771105276,-2.1201707596772
684,30,50,30.0445671632115,52.2211222107025,3.72818358616616,7.64393722501191,-0.0445671632114752,-2.22112221070246
702,30,50,30.0428460185644,52.261245972707,3.63863706423517,7.37301705380274,-0.0428460185644468,-2.26124597270696
720,30,50,30.0582652791418,52.2343814993294,3.50200103235482,7.12259140658021,-0.0582652791417821,-2.23438149932941
738,30,50,30.0863469007622,52.1411066816462,3.34198776562477,6.89926453842622,-0.086346900762166,-2.14110668164616
756,30,50,30.1200887983824,51.9897797183255,3.18453433981421,6.70656735928781,-0.120088798382369,-1.98977971832547
774,30,50,30.1519363899833,51.794980522982,3.05148318309287,6.54507017969231,-0.151936389983284,-1.79498052298197
792,30,50,30.1755901799356,51.5747217934986,2.95631316158881,6.41287004334685,-0.175590179935643,-1.57472179349857
810,30,50,30.1871323160623,51.3472764586128,2.90333682554995,6.30639377993839,-0.187132316062275,-1.34727645861277
828,30,50,30.1854561897252,51.1281893063125,2.88851126290833,6.22141052195876,-0.185456189725237,-1.12818930631253
846,30,50,30.1720171604234,50.9283647551685,2.9019498313968,6.15384866444033,-0.172017160423405,-0.928364755168545
864,30,50,30.1500476988508,50.7534088684289,2.93145712779835,6.100357323246,-0.15004769885077,-0.753408868428892
882,30,50,30.1235702520992,50.6040465567671,2.96552108916516,6.05859275016773,-0.123570252099228,-0.604046556767088
900,30,50,30.0964517024607,50.4774217556441,2.99553163906713,6.02717187951417,-0.0964517024606977,-0.477421755644123
918,30,50,30.0716823934284,50.3687861562027,3.01694620009854,6.00542173232596,-0.0716823934284108,-0.368786156202738
936,30,50,30.0510117687066,50.2731057348234,3.02915039631378,5.9930432678719,-0.0510117687066263,-0.273105734823432
954,30,50,30.0349325290726,50.1863069835876,3.03449968374772,5.98976376646628,-0.0349325290726412,-0.186306983587635
972,30,50,30.022933399554,50.1059573446206,3.03694082761312,5.99508171989554,-0.0229333995539953,-0.105957344620577
990,30,50,30.0139121173384,50.0313584614846,3.04053874879319,6.00814559378062,-0.0139121173384034,-0.0313584614846221
1008,30,50,30.0066136226397,49.9631940531595,3.04834762408015,6.02775543920855,-0.00661362263971199,0.0368059468404738
1026,30,50,29.9999870712914,49.9029118172833,3.0617979268096,6.05246925407133,1.29287085570695e-05,0.0970881827167034
1044,30,50,29.9934028109203,49.8520478295269,3.080595850525,6.08076547488454,0.00659718907971296,0.147952170473104
1062,30,50,29.9867094320024,49.8116764458695,3.10308070124321,6.11120727015659,0.0132905679975792,0.188323554130534
1080,30,50,29.9801550227387,49.7820844955068,3.1268452267694,6.14257366958326,0.0198449772612541,0.217915504493234
1098,30,50,29.9742244353027,49.7626997440522,3.14940518322815,6.17393258708353,0.0257755646972555,0.237300255947751
1116,30,50,29.9694495966029,49.7522399672222,3.16876566023431,6.20464917659282,0.0305504033971431,0.247760032777805
1134,30,50,29.9662450167596,49.7489988475883,3.18376618544288,6.23434257145278,0.03375498324041,0.251001152411668
1152,30,50,29.9648036635346,49.7511741850738,3.1941667227148,6.26281062929954,0.0351963364654075,0.248825814926199
1170,30,50,29.9650653612371,49.7571548608437,3.20051469669928,6.28994567933449,0.0349346387629126,0.24284513915633
1188,30,50,29.966750944975,49.7657081083457,3.20386496548145,6.31566262132512,0.0332490550250206,0.234291891654308
1206,30,50,29.9694414128084,49.7760458773528,3.20544629013057,6.33985206060321,0.0305585871915888,0.223954122647207
1224,30,50,29.9726746558198,49.7877815574601,3.20636375222682,6.36236289217884,0.0273253441802481,0.212218442539857
1242,30,50,29.9760343058476,49.800810340069,3.20739473084152,6.38301141066512,0.0239656941524196,0.199189659931044
1260,30,50,29.9792122698044,49.8151577848769,3.20890424193073,6.40160795082389,0.0207877301955648,0.184842215123069
1278,30,50,29.9820361841989,49.8308388053748,3.21087372516277,6.41799009984169,0.0179638158010533,0.169161194625204
1296,30,50,29.9844630113804,49.8477574813783,3.21301078516229,6.43205246865362,0.0155369886196013,0.152242518621676
1314,30,50,29.9865473742904,49.8656625062088,3.21489699541247,6.44376568539204,0.013452625709558,0.134337493791151
1332,30,50,29.988397047633,49.8841569259361,3.2161317717739,6.4531814201347,0.0116029523670456,0.115843074063946
1350,30,50,29.990128333039,49.902748427112,3.21643958101233,6.4604241831849,0.00987166696096864,0.0972515728879841
1368,30,50,29.9918312790713,49.9209201149791,3.21572385514088,6.46567343198319,0.00816872092867627,0.0790798850208674
1386,30,50,29.9935502744909,49.9382011404173,3.21406689444818,6.46914107476583,0.00644972550908207,0.061798859582666
1404,30,50,29.9952808645846,49.954220844616,3.21168731815391,6.47104947321043,0.00471913541542079,0.0457791553840252
1422,30,50,29.9969797364589,49.9687373282233,3.20887415382012,6.47161385380885,0.00302026354112073,0.0312626717767301
1440,30,50,29.9985824780227,49.9816390180049,3.20591786764561,6.47103128708738,0.00141752197727385,0.0183609819950661
1458,30,50,30.0000231427383,49.9929241831396,3.2030548216026,6.46947650549662,-2.31427382999527e-05,0.00707581686044989
1476,30,50,30.0012505528542,50.0026672692282,3.2004351010973,6.46710328305781,-0.00125055285423059,-0.00266726922817639
1494,30,50,30.0022381508352,50.0109819226846,3.1981160901385,6.46404921476939,-0.00223815083522894,-0.0109819226845715
1512,30,50,30.0029864165143,50.0179891372908,3.19607768436547,6.46044152258445,-0.00298641651430387,-0.0179891372907974
1530,30,50,30.0035188096674,50.0237959222929,3.19425099485061,6.45640189129724,-0.00351880966744744,-0.0237959222929476
1548,30,50,30.0038734992644,50.0284862768358,3.19255103453238,6.45204910038553,-0.0038734992644045,-0.0284862768358209
1566,30,50,30.0040936380437,50.0321230452454,3.1909050103906,6.44749908524826,-0.00409363804367047,-0.0321230452454273
1584,30,50,30.0042186882057,50.034757062885,3.18927069856914,6.44286281804106,-0.0042186882056896,-0.034757062884978
1602,30,50,30.0042785286076,50.0364391405777,3.18764285390996,6.43824289749108,-0.00427852860763878,-0.0364391405776558
1620,30,50,30.0042910658438,50.0372308037901,3.18604880866571,6.43372991003115,-0.00429106584383732,-0.0372308037900879
1638,30,50,30.0042631118875,50.0372109416215,3.18453667337354,6.42939950642741,-0.00426311188745032,-0.0372109416215451
1656,30,50,30.00419359349,50.0364771496807,3.18316052059848,6.42531081995212,-0.00419359349004367,-0.0364771496807208
1674,30,50,30.0040778263031,50.0351421137344,3.18196668683286,6.42150644722107,-0.00407782630307452,-0.0351421137343806
1692,30,50,30.0039116169739,50.0333265265332,3.18098418639397,6.41801383595773,-0.00391161697386622,-0.0333265265332372
1710,30,50,30.003694265452,50.0311505816828,3.18022063852294,6.41484765654673,-0.00369426545204732,-0.0311505816827662
1728,30,50,30.0034299955347,50.028726047954,3.179663539275,6.41201261356347,-0.00342999553474854,-0.0287260479540379
1746,30,50,30.0031278076052,50.0261504293086,3.1792855174236,6.4095061776084,-0.00312780760519971,-0.0261504293085864
1764,30,50,30.0028001146902,50.0235039725153,3.17905158730834,6.40732085061075,-0.00280011469019215,-0.0235039725152788
1782,30,50,30.0024607278364,50.0208495200247,3.17892637797711,6.40544576559869,-0.00246072783640727,-0.0208495200246688
1800,30,50,30.0021227872512,50.0182346000182,3.17887975542444,6.40386761105843,-0.00212278725123127,-0.0182346000181539
1818,30,50,30.0017971224757,50.0156948034115,3.17888995961087,6.40257101729152,-0.00179712247568986,-0.0156948034114706
1836,30,50,30.0014913248735,50.0132574413754,3.1789441325922,6.40153862334851,-0.00149132487351977,-0.0132574413753801
1854,30,50,30.0012095936405,50.0109446577492,3.17903673345944,6.4007510547066,-0.00120959364054585,-0.0109446577492349
1872,30,50,30.0009532282236,50.0087754962603,3.17916670647814,6.40018699675333,-0.000953228223579572,-0.00877549626027729
1890,30,50,30.0007215213628,50.006766787215,3.17933436041606,6.39982347044161,-0.000721521362827104,-0.0067667872150281
1908,30,50,30.0005127701504,50.0049330303193,3.17953876854268,6.39963633011806,-0.000512770150429276,-0.00493303031925763
1926,30,50,30.0003251582884,50.0032856497946,3.1797761963694,6.39960093134991,-0.000325158288365657,-0.00328564979457724
1944,30,50,30.0001573471395,50.0018320640585,3.18003971123387,6.39969287241923,-0.000157347139481345,-0.00183206405852587
1962,30,50,30.0000087162688,50.0005749590705,3.18031981633564,6.3998887014092,-8.71626879472842e-06,-0.000574959070483771
1980,30,50,29.9998792882225,49.9995120206231,3.18060574458035,6.40016649733151,0.000120711777547911,0.000487979376934788
1998,30,50,29.9997694376151,49.9986362151326,3.1808869699169,6.40050626876139,0.000230562384878397,0.00136378486737954
2016,30,50,29.9996795124187,49.9979365563145,3.1811545354911,6.40089015501709,0.000320487581284112,0.00206344368550049
2034,30,50,29.9996094874202,49.9973991890289,3.18140192350948,6.40130245210809,0.000390512579755864,0.00260081097114551
2052,30,50,29.9995587357422,49.9970085763636,3.18162535417259,6.40172951090546,0.000441264257844409,0.00299142363640925
2070,30,50,29.9995259576469,49.99674858922,3.18182355492289,6.40215956504907,0.000474042353076243,0.00325141077995283
2088,30,50,29.9995092600954,49.9966033538862,3.18199715294991,6.40258254194365,0.000490739904620341,0.00339664611384194
2106,30,50,29.999506346072,49.9965577903032,3.18214789677338,6.40298989580871,0.000493653928032245,0.00344220969677167
2124,30,50,29.9995147550636,49.9965978498237,3.18227790723715,6.40337448261449,0.000485244936445639,0.0034021501762993
2142,30,50,29.9995320957386,49.9967105191091,3.18238910821523,6.40373047822276,0.000467904261448382,0.0032894808908992
2160,30,50,29.9995562251926,49.9968836871833,3.18248291384679,6.40405332721835,0.00044377480742952,0.00311631281674352
2178,30,50,29.9995853501156,49.9971059745884,3.18256017408454,6.40433970286169,0.000414649884369567,0.00289402541162787
2196,30,50,29.9996180474266,49.9973666028725,3.18262132131812,6.40458745839243,0.000381952573402344,0.00263339712746813
2214,30,50,29.9996532199618,49.9976553489909,3.18266662789259,6.40479555505188,0.000346780038199768,0.0023446510090892
2232,30,50,29.9996900134533,49.9979625932067,3.1826964793742,6.40496396024743,0.000309986546724872,0.00203740679329911
2250,30,50,29.9997277234415,49.9982794395516,3.18271158648587,6.40509351768749,0.000272276558540341,0.00172056044840474
2268,30,50,29.9997657161668,49.9985978702568,3.18271309056698,6.40518579797877,0.000234283833187021,0.00140212974319809
2286,30,50,29.9998033784489,49.9989108912882,3.18270255283237,6.40524294186302,0.000196621551101117,0.00108910871181678
2304,30,50,29.9998401011245,49.9992126332975,3.18268184769094,6.40526750869746,0.000159898875466524,0.000787366702539316
2322,30,50,29.999875291479,49.9994983867862,3.18265299918566,6.40526234048659,0.000124708521035188,0.000501613213799601
2340,30,50,29.9999084040813,49.9997645671321,3.18261800531206,6.4052304478032,9.15959187324233e-05,0.000235432867938812
2358,30,50,29.9999389772317,50.0000086199223,3.18257868907964,6.40517491950811,6.10227683388587e-05,-8.61992231904196e-06
2376,30,50,29.9999666635188,50.0002288867801,3.18253660154116,6.40509885435248,3.33364811595516e-05,-0.00022888678013544
2394,30,50,29.999991246708,50.0004244553621,3.18249298545116,6.40500531002555,8.75329202898456e-06,-0.000424455362065146
2412,30,50,30.000012641945,50.0005950149525,3.1824487931553,6.40489726424749,-1.26419449877346e-05,-0.000595014952537554
2430,30,50,30.0000308807399,50.0007407327944,3.18240474190359,6.40477758294961,-3.08807398532451e-05,-0.000740732794376697
2448,30,50,30.0000460854053,50.0008621582449,3.18236138540831,6.40464899199502,-4.60854052732884e-05,-0.000862158244949285
2466,30,50,30.0000584391043,50.0009601542187,3.18231918183554,6.40451405071161,-5.84391043148003e-05,-0.000960154218745402
2484,30,50,30.0000681574298,50.0010358497864,3.18227854397312,6.40437512720933,-6.81574297516363e-05,-0.00103584978638338
2502,30,50,30.0000754659161,50.0010906050462,3.18223986487757,6.404234376654,-7.54659160691062e-05,-0.00109060504617986
2520,30,50,30.000080585696,50.0011259794435,3.1822035196991,6.40409372419114,-8.05856959793516e-05,-0.00112597944348636
2538,30,50,30.0000837273004,50.0011436969215,3.18216984995329,6.40395485407713,-8.37273003924111e-05,-0.0011436969214742
2556,30,50,30.0000850908742,50.0011456046333,3.18213913937044,6.40381920595109,-8.50908741512058e-05,-0.00114560463331514
2574,30,50,30.0000848701281,50.0011336253786,3.18211159053932,6.4036879783206,-8.48701280560249e-05,-0.00113362537860695
2592,30,50,30.0000832572192,50.0011097066065,3.18208730945726,6.40356213848848,-8.32572191526992e-05,-0.00110970660645648
2610,30,50,30.0000804462945,50.0010757702719,3.18206630176874,6.40344243751658,-8.04462945289686e-05,-0.00107577027193884
2628,30,50,30.0000766343767,50.0010336679533,3.18204848095359,6.40332942851019,-7.66343766827049e-05,-0.00103366795325144
2646,30,50,30.0000720193054,50.0009851446721,3.18203368587298,6.40322348652768,-7.20193054277729e-05,-0.000985144672100091
2664,30,50,30.0000667953217,50.0009318132494,3.18202170341459,6.4031248287069,-6.67953217110551e-05,-0.00093181324942293
2682,30,50,30.0000611474173,50.0008751392712,3.18201229162749,6.40303353364112,-6.11474172913518e-05,-0.000875139271158787
2700,30,50,30.0000552457278,50.0008164352596,3.18200519950567,6.40294955950964,-5.52457278111262e-05,-0.000816435259636705
2718,30,50,30.0000492410625,50.0007568617196,3.18200018105261,6.40287276086816,-4.9241062548333e-05,-0.000756861719636959
2736,30,50,30.0000432622573,50.0006974324441,3.18199700294906,6.40280290426701,-4.32622572859032e-05,-0.000697432444127344
2754,30,50,30.000037415549,50.0006390217473,3.18199544662053,6.40273968297208,-3.74155490447947e-05,-0.00063902174732533
2772,30,50,30.0000317857322,50.000582371956,3.18199530647387,6.40268273103384,-3.17857322329473e-05,-0.000582371955964334
2790,30,50,30.0000264385565,50.0005281002995,3.18199638642537,6.40263163683126,-2.64385565174052e-05,-0.000528100299533207
2808,30,50,30.000021423706,50.0004767050837,3.18199849663693,6.40258595606523,-2.14237059985578e-05,-0.00047670508373443
2826,30,50,30.0000167777469,50.0004285715558,3.18200145178,6.40254522404184,-1.67777468575991e-05,-0.000428571555758595
2844,30,50,30.0000125266001,50.0003839781077,3.1820050713811,6.40250896700496,-1.25266001091973e-05,-0.000383978107656446
2862,30,50,30.0000086873223,50.0003431034298,3.18200918208675,6.40247671226279,-8.68732233882952e-06,-0.000343103429791825
2880,30,50,30.0000052691973,50.0003060349923,3.18201362116829,6.40244799690139,-5.26919725984953e-06,-0.000306034992334503
2898,30,50,30.0000022743056,50.0002727789045,3.18201824035193,6.40242237496881,-2.274305597183e-06,-0.000272778904516713
2916,30,50,29.9999996978256,50.0002432708811,3.18202290909319,6.40239942312142,3.02174420596657e-07,-0.00024327088105025
2934,30,50,29.9999975283194,50.0002173878126,3.18202751665732,6.40237874482422,2.47168057398994e-06,-0.000217387812575964
2952,30,50,29.9999957482005,50.0001949593334,3.1820319727148,6.4023599732708,4.25179954888222e-06,-0.000194959333391864
2970,30,50,29.9999943344796,50.0001757788077,3.18203620650949,6.4023427732267,5.66552044034552e-06,-0.000175778807651739
2988,30,50,29.9999932597891,50.0001596132864,3.18204016492892,6.4023268420035,6.74021094937416e-06,-0.000159613286442095
3006,30,50,29.9999924936009,50.0001462121754,3.18204380995249,6.40231190974623,7.506399136048e-06,-0.000146212175430094
3024,30,50,29.9999920035109,50.0001353145468,3.1820471159652,6.40229773917727,7.99648907445771e-06,-0.000135314546767518
3042,30,50,29.9999917564536,50.0001266551879,3.18205006733472,6.4022841248968,8.24354641792979e-06,-0.000126655187933977
3060,30,50,29.9999917197356,50.0001199695797,3.18205265648866,6.40227089230423,8.28026438881579e-06,-0.000119969579706947
3078,30,50,29.9999918618242,50.0001149980291,3.18205488255962,6.40225789618175,8.13817577594023e-06,-0.000114998029054902
3096,30,50,29.9999921528743,50.0001114891602,3.18205675052144,6.40224501897293,7.84712571544333e-06,-0.000111489160204314
3114,30,50,29.999992565024,50.0001092029085,3.18205827064792,6.40223216879267,7.43497597355258e-06,-0.00010920290845462
3132,30,50,29.9999930725171,50.0001079130901,3.18205945809886,6.40221927721521,6.92748291442058e-06,-0.000107913090090506
3150,30,50,29.9999936517191,50.0001074095586,3.18206033246302,6.40220629689961,6.3482809302684e-06,-0.000107409558566474
3168,30,50,29.9999942810905,50.0001074999165,3.18206091715097,6.40219319912134,5.7189094704313e-06,-0.000107499916495613
3186,30,50,29.9999949411605,50.0001080107401,3.182061238605,6.40217997128136,5.05883945578489e-06,-0.000108010740078157
3204,30,50,29.9999956145225,50.0001087882848,3.18206132536183,6.40216661446073,4.38547746028917e-06,-0.000108788284791217
3222,30,50,29.9999962858527,50.0001096986708,3.1820612070502,6.40215314107807,3.71414726885178e-06,-0.000109698670833325
3240,30,50,29.9999969419367,50.0001106275832,3.18206091342039,6.40213957269332,3.05806331368785e-06,-0.000110627583183032
3258,30,50,29.9999975716822,50.000111479554,3.18206047349744,6.40212593798568,2.42831782415465e-06,-0.000111479554036009
3276,30,50,29.9999981660977,50.0001121769176,3.18205991491723,6.40211227091935,1.83390227448399e-06,-0.000112176917618001
3294,30,50,29.9999987182229,50.0001126585357,3.18205926347152,6.40209860909973,1.28177710578825e-06,-0.000112658535655896
3312,30,50,29.9999992230064,50.0001128783863,3.18205854284904,6.40208499231507,7.76993644535651e-07,-0.000112878386275383
3330,30,50,29.9999996771375,50.0001128040933,3.18205777453622,6.40207146125543,3.22862522494916e-07,-0.000112804093312491
3348,30,50,30.0000000788447,50.000112415452,3.18205697782524,6.40205805639974,-7.88446783417385e-08,-0.000112415452008463
3366,30,50,30.0000004276775,50.0001117029857,3.18205616987885,6.40204481706305,-4.27677470327126e-07,-0.000111702985677198
3384,30,50,30.000000724289,50.0001106665504,3.1820553658105,6.40203178059726,-7.24288966580389e-07,-0.000110666550355631
3402,30,50,30.0000009702324,50.0001093139928,3.18205457875536,6.40201898173988,-9.70232363783907e-07,-0.00010931399282299
3420,30,50,30.0000011677799,50.0001076598626,3.18205381992289,6.4020064521051,-1.16777994563222e-06,-0.000107659862557341
3438,30,50,30.0000013197676,50.000105724178,3.18205309863802,6.40199421981045,-1.31976755923802e-06,-0.00010572417803445
3456,30,50,30.0000014294632,50.0001035312517,3.1820524223829,6.4019823092303,-1.42946316827874e-06,-0.000103531251674838
3474,30,50,30.000001500455,50.0001011085821,3.18205179685569,6.40197074086518,-1.5004550419917e-06,-0.000101108582057918
3492,30,50,30.0000015365541,50.0000984858256,3.18205122605827,6.40195953131377,-1.53655412304943e-06,-9.84858255606014e-05
3510,30,50,30.0000015417057,50.0000956938607,3.18205071241837,6.40194869333288,-1.54170572130852e-06,-9.56938607004076e-05
3528,30,50,30.0000015199073,50.0000927639572,3.18205025694487,6.40193823597029,-1.51990727204065e-06,-9.27639572125827e-05
3546,30,50,30.000001475131,50.0000897270581,3.18204985940763,6.40192816475546,-1.47513102888297e-06,-8.97270580679788e-05
3564,30,50,30.0000014112522,50.0000866131776,3.18204951853119,6.40191848193437,-1.41125222796745e-06,-8.66131776007251e-05
3582,30,50,30.0000013319847,50.0000834509135,3.18204923218765,6.40190918673619,-1.33198472695994e-06,-8.34509135358985e-05
3600,30,50,30.0000012408262,50.0000802670661,3.1820489975796,6.40190027566148,-1.24082620800436e-06,-8.02670660817739e-05
3618,30,50,30.000001141015,50.0000770863538,3.18204881140341,6.40189174278336,-1.14101496251351e-06,-7.70863537979949e-05
3636,30,50,30.0000010354992,50.0000739312144,3.18204866999035,6.40188358005444,-1.03549916730117e-06,-7.39312144446558e-05
3654,30,50,30.0000009269186,50.0000708216787,3.18204856942474,6.40187577761379,-9.26918609422955e-07,-7.08216786904359e-05
3672,30,50,30.0000008175976,50.0000677753057,3.18204850564268,6.4018683240888,-8.17597619828803e-07,-6.77753057303221e-05
3690,30,50,30.0000007095474,50.0000648071712,3.18204847451477,6.40186120688785,-7.09547368415997e-07,-6.48071712134879e-05
3708,30,50,30.0000006044752,50.0000619299,3.18204847191744,6.40185441247951,-6.04475228982437e-07,-6.19298999637863e-05
3726,30,50,30.0000005037989,50.0000591537371,3.1820484937967,6.4018479266553,-5.03798915474363e-07,-5.91537370908668e-05
3744,30,50,30.0000004086636,50.0000564866521,3.18204853622497,6.40184173477285,-4.08663638040707e-07,-5.64866521415297e-05
3762,30,50,30.0000003199608,50.0000539344714,3.18204859545293,6.40183582197732,-3.19960783201623e-07,-5.39344714027834e-05
3780,30,50,30.0000002383474,50.0000515010333,3.18204866795418,6.40183017339942,-2.38347439562858e-07,-5.15010333330679e-05
3798,30,50,30.0000001642663,50.0000491883619,3.18204875046269,6.4018247743292,-1.64266317881356e-07,-4.91883619417877e-05
3816,30,50,30.0000000979661,50.0000469968527,3.18204884000091,6.40181961036544,-9.79660725874965e-08,-4.69968526886078e-05
3834,30,50,30.000000039522,50.0000449254654,3.18204893389814,6.40181466754108,-3.95220354221237e-08,-4.49254654455444e-05
3852,30,50,29.9999999888574,50.0000429719193,3.18204902979882,6.40180993242569,1.11425784155017e-08,-4.29719192851508e-05
3870,30,50,29.9999999457648,50.0000411328843,3.18204912566226,6.40180539220646,5.42352047716577e-08,-4.11328843341607e-05
3888,30,50,29.9999999099276,50.0000394041668,3.18204921975408,6.40180103474919,9.00723904351253e-08,-3.94041668059231e-05
3906,30,50,29.9999998809413,50.0000377808841,3.18204931063228,6.40179684864111,1.19058693570651e-07,-3.77808841278693e-05
3924,30,50,29.9999998583336,50.000036257628,3.18204939712888,6.4017928232174,1.41666436803689e-07,-3.62576280110716e-05
3942,30,50,29.9999998415831,50.0000348286141,3.18204947832968,6.40178894857311,1.58416867179767e-07,-3.48286140763321e-05
3960,30,50,29.999999830137,50.0000334878175,3.18204955355232,6.40178521556215,1.69863007215554e-07,-3.34878174825803e-05
3978,30,50,29.9999998234255,50.0000322290942,3.18204962232453,6.4017816157853,1.76574513233163e-07,-3.22290942023074e-05
3996,30,50,29.9999998208753,50.0000310462882,3.18204968436266,6.4017781415685,1.79124661769947e-07,-3.10462881571993e-05
4014,30,50,29.9999998219207,50.0000299333244,3.18204973955004,6.40177478593335,1.78079314849811e-07,-2.99333243987121e-05
4032,30,50,29.9999998260122,50.0000288842888,3.18204978791628,6.40177154256104,1.73987849905188e-07,-2.88842888167551e-05
4050,30,50,29.9999998326242,50.0000278934947,3.18204982961663,6.40176840575143,1.67375787896162e-07,-2.78934947317566e-05
4068,30,50,29.9999998412611,50.0000269555368,3.1820498649118,6.40176537037851,1.58738927780178e-07,-2.69555368461738e-05
4086,30,50,29.9999998514612,50.0000260653332,3.18204989414817,6.40176243184354,1.48538777722251e-07,-2.60653332446736e-05
4104,30,50,29.9999998628008,50.0000252181561,3.18204991773901,6.40175958602709,1.37199165806123e-07,-2.52181561464226e-05
4122,30,50,29.9999998748961,50.0000244096522,3.18204993614669,6.40175682924094,1.25103888137801e-07,-2.44096521555548e-05
4140,30,50,29.9999998874047,50.0000236358532,3.18204994986597,6.40175415818082,1.12595262891091e-07,-2.36358532035297e-05
4158,30,50,29.9999999000263,50.000022893179,3.18204995940974,6.40175156988055,9.99736613493951e-08,-2.28931790360321e-05
4176,30,50,29.9999999125022,50.0000221784326,3.18204996529574,6.40174906166832,8.74977708065217e-08,-2.21784325660224e-05
4194,30,50,29.9999999246144,50.0000214887892,3.1820499680358,6.4017466311255,7.53856461699343e-08,-2.14887891516469e-05
4212,30,50,29.9999999361836,50.000020821781,3.18204996812691,6.40174427604825,6.38164223687454e-08,-2.0821780957192e-05
4230,30,50,29.9999999470675,50.0000201752774,3.18204996604369,6.40174199441234,5.29325241416245e-08,-2.01752774131592e-05
4248,30,50,29.9999999571577,50.0000195474628,3.18204996223296,6.40173978434106,4.28423305720571e-08,-1.9547462791536e-05
4266,30,50,29.9999999663769,50.0000189368116,3.18204995710943,6.40173764407652,3.36231309461255e-08,-1.89368116068067e-05
4284,30,50,29.9999999746758,50.0000183420627,3.18204995105249,6.40173557195432,2.53242227188366e-08,-1.83420627166697e-05
4302,30,50,29.9999999820299,50.0000177621927,3.18204994440441,6.40173356638132,1.79701267200016e-08,-1.77621926980009e-05
4320,30,50,29.9999999884363,50.000017196389,3.182049937469,6.40173162581678,1.15637455166961e-08,-1.71963889670224e-05
4338,30,50,29.9999999939105,50.0000166440233,3.18204993051139,6.4017297487564,6.08946493230178e-09,-1.66440233044796e-05
4356,30,50,29.9999999984839,50.000016104626,3.18204992375835,6.4017279337193,1.51612056242811e-09,-1.61046259634645e-05
4374,30,50,30.0000000022002,50.000015577861,3.18204991739942,6.40172617923763,-2.20017781771276e-09,-1.557786097095e-05
4392,30,50,30.0000000051134,50.0000150635026,3.18204991158823,6.40172448384865,-5.11343500875228e-09,-1.5063502637247e-05
4410,30,50,30.0000000072853,50.0000145614138,3.18204990644483,6.401722846089,-7.28530835658603e-09,-1.45614137920802e-05
4428,30,50,30.0000000087829,50.0000140715257,3.182049902058,6.40172126449091,-8.78286243732873e-09,-1.40715257259671e-05
4446,30,50,30.0000000096765,50.0000135938201,3.18204989848799,6.40171973758015,-9.67654045780364e-09,-1.35938200713781e-05
4464,30,50,30.0000000100383,50.0000131283126,3.18204989576949,6.40171826387538,-1.0038334607998e-08,-1.31283126165727e-05
4482,30,50,30.0000000099402,50.0000126750392,3.18204989391451,6.40171684188881,-9.94020155076214e-09,-1.26750392226427e-05
4500,30,50,30.0000000094527,50.0000122340435,3.18204989291568,6.40171547012778,-9.45265554719299e-09,-1.22340435382284e-05
4518,30,50,30.0000000086436,50.0000118053668,3.18204989274883,6.40171414709718,-8.64364579911125e-09,-1.18053667961249e-05
4536,30,50,30.0000000075776,50.0000113890393,3.18204989337608,6.40171287130248,-7.57760076908198e-09,-1.13890392583471e-05
4554,30,50,30.0000000063147,50.0000109850735,3.18204989474848,6.40171164125316,-6.31469276868302e-09,-1.09850734730799e-05
4572,30,50,30.0000000049103,50.000010593459,3.1820498968083,6.40171045546649,-4.91031570959422e-09,-1.05934590237666e-05
4590,30,50,30.0000000034147,50.0000102141587,3.18204989949165,6.40170931247134,-3.41468364695174e-09,-1.02141586850735e-05
4608,30,50,30.0000000018727,50.000009847106,3.18204990273017,6.40170821081215,-1.87265314366414e-09,-9.84710595730576e-06
4626,30,50,30.0000000003236,50.0000094922036,3.18204990645318,6.4017071490527,-3.23620241715616e-10,-9.49220361690095e-06
4644,30,50,29.9999999988016,50.0000091493233,3.18204991058925,6.40170612577982,1.19844401069713e-09,-9.1493233469464e-06
4662,30,50,29.9999999973351,50.0000088183062,3.18204991506758,6.40170513960676,2.66485500333147e-09,-8.81830621324298e-06
4680,30,50,29.999999995948,50.0000084989638,3.1820499198194,6.40170418917633,4.05202271736016e-09,-8.49896382959514e-06
4698,30,50,29.9999999946588,50.0000081910802,3.18204992477886,6.40170327316373,5.34117106099075e-09,-8.19108017680037e-06
4716,30,50,29.999999993482,50.0000078944138,3.18204992988387,6.40170239027893,6.51800746709341e-09,-7.89441381954248e-06
4734,30,50,29.9999999924276,50.0000076087006,3.18204993507695,6.40170153926876,7.57239249082886e-09,-7.60870055671603e-06
4752,30,50,29.9999999915021,50.0000073336562,3.18204994030542,6.40170071891856,8.49792058943422e-09,-7.33365624938642e-06
4770,30,50,29.9999999907085,50.0000070689799,3.18204994552192,6.40169992805347,9.29153642914571e-09,-7.06897986901822e-06
4788,30,50,29.9999999900469,50.0000068143565,3.18204995068455,6.40169916553938,9.95312632312562e-09,-6.81435653149265e-06
4806,30,50,29.9999999895149,50.0000065694606,3.18204995575676,6.40169843028341,1.04850954585345e-08,-6.56946060217933e-06
4824,30,50,29.999999989108,50.0000063339587,3.18204996070745,6.40169772123424,1.08919770980265e-08,-6.33395866600495e-06
4842,30,50,29.9999999888199,50.0000061075124,3.18204996551078,6.40169703738196,1.11800559920994e-08,-6.10751243357299e-06
4860,30,50,29.999999988643,50.0000058897814,3.18204997014581,6.40169637775773,1.1356988238731e-08,-5.88978141990992e-06
4878,30,50,29.9999999885685,50.0000056804255,3.1820499745964,6.40169574143321,1.14314815391481e-08,-5.68042547399727e-06
4896,30,50,29.999999988587,50.0000054791071,3.18204997885069,6.40169512751967,1.14129719008815e-08,-5.47910708803556e-06
4914,30,50,29.9999999886886,50.0000052854934,3.18204998290092,6.40169453516702,1.13113642896678e-08,-5.2854934295965e-06
4932,30,50,29.9999999888632,50.0000050992582,3.18204998674278,6.40169396356262,1.11367555177821e-08,-5.09925817482326e-06
4950,30,50,29.9999999891007,50.0000049200831,3.18204999037538,6.40169341192996,1.08992566083543e-08,-4.92008308583536e-06
4968,30,50,29.9999999893912,50.0000047476593,3.18204999380052,6.4016928795273,1.06087831852619e-08,-4.74765931102183e-06
4986,30,50,29.9999999897251,50.0000045816885,3.1820499970223,6.40169236564613,1.02748849428735e-08,-4.58168847927709e-06
5004,30,50,29.9999999900933,50.0000044218835,3.1820500000471,6.4016918696097,9.90666393363426e-09,-4.42188353844131e-06
5022,30,50,29.9999999904874,50.0000042679694,3.18205000288276,6.40169139077145,9.5126324595185e-09,-4.26796939478891e-06
5040,30,50,29.9999999908994,50.0000041196833,3.18205000553842,6.40169092851342,9.10064912318376e-09,-4.11968332514334e-06
5058,30,50,29.9999999913221,50.0000039767752,3.18205000802424,6.40169048224477,8.67786553726546e-09,-3.97677523977791e-06
5076,30,50,29.9999999917493,50.0000038390077,3.18205001035108,6.40169005140021,8.2507014553812e-09,-3.83900770373202e-06
5094,30,50,29.9999999921752,50.0000037061559,3.18205001253003,6.40168963543856,7.8248021395666e-09,-3.70615590838952e-06
5112,30,50,29.9999999925949,50.0000035780075,3.18205001457258,6.40168923384131,7.40507744012575e-09,-3.57800745831582e-06
5130,30,50,29.9999999930043,50.000003454362,3.18205001649002,6.40168884611126,6.99569113749021e-09,-3.45436201598659e-06
5148,30,50,29.9999999933999,50.0000033350309,3.18205001829339,6.40168847177125,6.60008581121474e-09,-3.33503090388376e-06
5166,30,50,29.999999993779,50.0000032198367,3.18205001999351,6.40168811036293,6.22103968339616e-09,-3.21983666395909e-06
5184,30,50,29.9999999941393,50.0000031086125,3.18205002160057,6.40168776144558,5.8606914876691e-09,-3.10861245367278e-06
5202,30,50,29.9999999944794,50.0000030012015,3.18205002312418,6.40168742459514,5.52059020719753e-09,-3.00120147755933e-06
5220,30,50,29.9999999947982,50.0000028974564,3.18205002457346,6.40168709940311,5.20177323437565e-09,-2.89745641168793e-06
5238,30,50,29.9999999950952,50.0000027972387,3.1820500259566,6.40168678547574,4.90478413439632e-09,-2.79723872154136e-06
5256,30,50,29.9999999953702,50.0000027004181,3.18205002728115,6.40168648243312,4.62975080495198e-09,-2.70041806516019e-06
5274,30,50,29.9999999956236,50.0000026068716,3.18205002855395,6.40168618990846,4.37644231965351e-09,-2.60687164654883e-06
5292,30,50,29.9999999958557,50.0000025164836,3.18205002978098,6.4016859075474,4.14431156059436e-09,-2.51648362592505e-06
5310,30,50,29.9999999960674,50.0000024291445,3.18205003096764,6.40168563500736,3.93256627262417e-09,-2.42914450154785e-06
5328,30,50,29.9999999962598,50.0000023447506,3.18205003211845,6.401685371957,3.74019393234448e-09,-2.3447505554941e-06
5346,30,50,29.999999996434,50.0000022632033,3.1820500332374,6.40168511807566,3.56603280238232e-09,-2.26320331364604e-06
5364,30,50,29.9999999965912,50.0000021844091,3.18205003432778,6.40168487305296,3.40880035309965e-09,-2.18440908383855e-06
5382,30,50,29.9999999967329,50.0000021082784,3.18205003539232,6.40168463658837,3.26713944787116e-09,-2.10827843716288e-06
5400,30,50,29.9999999968603,50.0000020347259,3.18205003643325,6.40168440839077,3.13965387022108e-09,-2.03472585269537e-06
5418,36,50,29.9999999969751,50.0000019636693,46.5656500374522,6.40168418817823,6.00000000302493,-1.96366925564462e-06
5436,36,50,29.9999999970784,50.0000018950298,22.9478500384506,6.40168397567761,6.00000000292156,-1.89502975445066e-06
5454,36,50,29.9999999971718,50.0000018287313,25.4210500394293,6.40168377062432,6.00000000282819,-1.82873129261907e-06
5472,36,50,29.9999999972565,50.0000017647004,27.8942500403889,6.40168357276208,6.00000000274353,-1.76470037160925e-06
5490,36,50,33.1095132759527,50.0000017028659,7.8838033289467,6.40168338184264,2.89048672404726,-1.70286585898793e-06
5508,36,50,35.9485710350004,50.0000016431587,2.06888941643989,6.40168319762564,0.05142896499963,-1.64315873973919e-06
5526,36,50,38.0364920439525,47.1015245183334,0,7.99228672109407,-2.03649204395247,2.89847548166661
5544,36,50,40.3178010729592,42.3785498679936,0,10.3891368200481,-4.31780107295919,7.62145013200642
5562,36,50,41.174410718017,39.9443174775397,1.94667301080665,11.7568070812241,-5.17441071801704,10.0556825224603
5580,36,50,40.8682068816322,37.6571979010137,5.7527854137383,13.7673054373311,-4.8682068816322,12.3428020989863
5598,36,50,40.1782329357938,36.8366867224192,7.40350876738919,15.2764348759744,-4.1782329357938,13.1633132775808
5616,36,50,39.3952849739435,38.4057809259131,8.34207298073144,15.8487038858426,-3.3952849739435,11.5942190740869
5634,36,50,38.7466662674273,40.7297789350601,8.22778972170171,16.2664103691443,-2.74666626742734,9.27022106493988
5652,36,50,38.4251029824168,43.1631671661835,6.60019092957987,16.4856378328715,-2.42510298241679,6.8368328338165
5670,36,50,38.3461431474344,45.3709322436946,4.77317251818324,16.5557657794099,-2.34614314743436,4.62906775630537
5688,36,50,38.3900515684867,47.0417078785388,3.14525124112838,16.6119338241088,-2.39005156848674,2.95829212146121
5706,36,50,38.4558563636544,48.1655705725654,1.8751996016054,16.6658515572363,-2.45585636365436,1.83442942743464
5724,36,50,38.4011446903015,48.990347434654,1.54464598563894,16.6456116965385,-2.40114469030146,1.00965256534597
5742,36,50,38.1644109978523,49.6585209164984,2.02870706934432,16.5556534113756,-2.16441099785233,0.341479083501596
5760,36,50,37.7589500237238,50.3538695506234,3.03882651394802,16.340779010542,-1.75895002372383,-0.353869550623415
5778,36,50,37.2234136801305,51.2029399683862,4.42288935415711,15.9627927758703,-1.22341368013052,-1.20293996838616
5796,36,50,36.6434424823251,52.1831151899241,5.78335818794345,15.4393420274006,-0.643442482325128,-2.18311518992411
5814,36,50,36.1136193507445,53.2244206439891,6.82706557827917,14.7887665244938,-0.1136193507445,-3.22442064398913
5832,36,50,35.7012833774534,54.2123594974919,7.4577322827025,14.0533803644397,0.298716622546593,-4.2123594974919
5850,36,50,35.4507595057326,55.0025874060643,7.59925820152442,13.2973209514201,0.549240494267409,-5.00258740606426
5868,36,50,35.3705227936311,55.4953301591899,7.31641164760461,12.5720672478776,0.629477206368911,-5.4953301591899
5886,36,50,35.4330826975473,55.6407683594672,6.77462716823984,11.9220906623308,0.566917302452687,-5.64076835946721
5904,36,50,35.5935038248158,55.4393284351581,6.12041121966293,11.3796824309685,0.406496175184188,-5.43932843515807
5922,36,50,35.798200970305,54.9509247589931,5.50547703482677,10.9538768261748,0.201799029694996,-4.95092475899312
5940,36,50,35.9963288680954,54.2678780102901,5.04620055426343,10.639874898425,0.00367113190458213,-4.26787801029005
5958,36,50,36.1520983072894,53.4916599127478,4.78296645133995,10.4228102301409,-0.152098307289421,-3.49165991274779
5976,36,50,36.2468356965268,52.718907507304,4.71262676879042,10.2799512805121,-0.246835696526823,-2.71890750730401
5994,36,50,36.2785656512909,52.0215803897484,4.79342002086363,10.1895460754097,-0.278565651290918,-2.02158038974844
6012,36,50,36.2593677599004,51.4398821912512,4.95538524118157,10.1339548982671,-0.259367759900385,-1.43988219125117
6030,36,50,36.2083993981483,50.9852876787782,5.13352365632377,10.1004890136077,-0.208399398148266,-0.985287678778249
6048,36,50,36.1459442078648,50.644696821706,5.27757400219139,10.0831644397828,-0.145944207864829,-0.644696821706049
6066,36,50,36.0890029144163,50.3906052074248,5.35754912117093,10.0808648617154,-0.089002914416298,-0.390605207424812
6084,36,50,36.0479048862992,50.1922294460534,5.37041630739103,10.0948842248798,-0.0479048862992073,-0.192229446053418
6102,36,50,36.025758063297,50.0227577160721,5.33208995639105,10.1274334364275,-0.0257580632970047,-0.0227577160721353
6120,36,50,36.0197802312174,49.8647154971119,5.26839033550972,10.1795790050575,-0.0197802312174034,0.135284502888112
6138,36,50,36.0233775089876,49.7117197796054,5.20823184475862,10.2501623731114,-0.0233775089875934,0.288280220394569
6156,36,50,36.0288769861332,49.5664043697519,5.17447387848864,10.335930382641,-0.0288769861331915,0.433595630248121
6174,36,50,36.029866992324,49.4370854875861,5.1793269224091,10.431887897018,-0.0298669923239743,0.56291451241394
6192,36,50,36.0225662636541,49.3337055562508,5.22410943881408,10.5322119960994,-0.0225662636541131,0.666294443749244
6210,36,50,36.0063533968423,49.2640205710399,5.3002891610842,10.6313860727721,-0.00635339684233571,0.735979428960064
6228,36,50,35.9833762443287,49.2313921097198,5.39330723853984,10.7249589121039,0.0166237556712971,0.768607890280165
6246,36,50,35.9575094722931,49.2340746017308,5.48727568480257,10.8100509650339,0.0424905277068888,0.765925398269246
6264,36,50,35.9331453863018,49.2658327605211,5.56847558229554,10.8854975384273,0.0668546136982258,0.73416723947895
6282,36,50,35.9140695087603,49.3176666617518,5.6280158662798,10.9515595782093,0.0859304912396723,0.682333338248242
6300,36,50,35.9026709771053,49.3798607694829,5.66290318426465,11.0094567303039,0.0973290228946979,0.620139230517054
6318,36,50,35.8996439545055,49.4438244674112,5.67534288221035,11.0608285660792,0.100356045494536,0.556175532588838
6336,36,50,35.9041169937954,49.503413437546,5.67120387849811,11.10721956582,0.0958830062046161,0.496586562454041
6354,36,50,35.9141009745682,49.5554594524435,5.6579876936321,11.1497416102379,0.0858990254318215,0.444540547556514
6372,36,50,35.9271040914883,49.5995624429283,5.64279027510325,11.1889287046549,0.0728959085117395,0.400437557071683
6390,36,50,35.9407258591537,49.6373681259247,5.63088846923723,11.2247604921962,0.0592741408463269,0.362631874075291
6408,36,50,35.9531064415048,49.6715660679302,5.62503648803922,11.256829653257,0.0468935584952206,0.328433932069771
6426,36,50,35.963166793882,49.7049008595064,5.62546059130635,11.2845704211741,0.0368332061180467,0.295099140493626
6444,36,50,35.9706244474699,49.7394220433602,5.63046737114753,11.3074777921112,0.0293755525301265,0.260577956639835
6462,36,50,35.9758334797455,49.7760732758106,5.63734115175566,11.3252758869273,0.0241665202545391,0.223926724189411
6480,36,50,35.9795250654927,49.8146433769325,5.64326168835082,11.3380009982481,0.020474934507277,0.185356623067463
6498,36,50,35.9825264038574,49.854011075354,5.64605283979701,11.3459973582526,0.0174735961425938,0.145988924645977
6516,36,50,35.9855280572556,49.8925551385599,5.64460302094458,11.3498478083322,0.0144719427443647,0.107444861440129
6534,36,50,35.9889419556454,49.9286015333616,5.63893651184891,11.3502657572514,0.0110580443545913,0.0713984666384064
6552,36,50,35.9928606426432,49.9607961538753,5.63000551667341,11.3479810151796,0.00713935735677751,0.0392038461247495
6570,36,50,35.9971047237578,49.9883305017906,5.6193015172791,11.3436473886288,0.00289527624224206,0.0116694982093577
6588,36,50,36.0013272482627,50.01100163528,5.6084189511873,11.3377863809379,-0.00132724826269737,-0.0110016352799818
6606,36,50,36.0051370346797,50.0291281717015,5.59868646559612,11.3307715202789,-0.00513703467973414,-0.0291281717014584
6624,36,50,36.0082078077512,50.0433716976469,5.59093230436524,11.322847684065,-0.00820780775117669,-0.0433716976468972
6642,36,50,36.0103501584976,50.0545256934679,5.58541182140438,11.3141720171271,-0.0103501584975874,-0.0545256934679372
6660,36,50,36.0115369102351,50.063326994788,5.58188057117902,11.3048618347926,-0.0115369102351224,-0.0633269947879853
6678,36,50,36.0118857518395,50.0703273862868,5.57976331260605,11.2950364988593,-0.0118857518395146,-0.0703273862868485
6696,36,50,36.0116119163164,50.0758415086661,5.57836093854811,11.2848441979887,-0.0116119163163759,-0.0758415086661444
6714,36,50,36.0109679309735,50.0799655582615,5.57704013329007,11.2744704986076,-0.0109679309735355,-0.0799655582614776
6732,36,50,36.0101870107897,50.0826460591182,5.57536530336048,11.2641304622315,-0.0101870107897284,-0.082646059118197
6750,36,50,36.0094422191715,50.0837711569115,5.5731556763683,11.2540495167382,-0.00944221917151822,-0.0837711569114816
6768,36,50,36.0088273486562,50.0832573939114,5.57047075002229,11.2444400287006,-0.00882734865616897,-0.0832573939114098
6786,36,50,36.0083592896201,50.0811118676858,5.56754270013651,11.235480070393,-0.00835928962008836,-0.0811118676857774
6804,36,50,36.0079967377011,50.0774598459343,5.56468311414242,11.2272990224625,-0.00799673770106324,-0.077459845934257
6822,36,50,36.0076674738046,50.0725379824701,5.56219107737196,11.2199722335514,-0.0076674738045952,-0.0725379824701093
6840,36,50,36.0072961825243,50.0666613080972,5.56028339934737,11.213524427094,-0.00729618252427855,-0.0666613080972098
6858,36,50,36.0068263629511,50.0601766021894,5.55905843018432,11.2079396359352,-0.00682636295108807,-0.0601766021893582
6876,36,50,36.0062326414726,50.0534152480246,5.55849455548396,11.203174484952,-0.00623264147263569,-0.053415248024649
6894,36,50,36.0055227997793,50.0466561211042,5.55847624416757,11.1991715565085,-0.00552279977932102,-0.0466561211042062
6912,36,50,36.0047313257923,50.0401046176425,5.55883583130545,11.1958702592221,-0.00473132579233493,-0.0401046176424984
6930,36,50,36.0039078498179,50.0338890031597,5.55939807956189,11.1932137533924,-0.00390784981794212,-0.0338890031597003
6948,36,50,36.0031042705729,50.0280711479461,5.56001673868166,11.1911516756401,-0.00310427057287654,-0.0280711479460791
6966,36,50,36.0023638424418,50.0226661442631,5.56059653364884,11.1896393976925,-0.00236384244180954,-0.0226661442630771
6984,36,50,36.0017143333034,50.0176645239936,5.56109874684254,11.1886351609113,-0.0017143333034042,-0.0176645239935738
7002,36,50,36.0011659655343,50.0130516304777,5.56153273615766,11.1880965816285,-0.00116596553431947,-0.0130516304776975
7020,36,50,36.0007135938183,50.0088205841313,5.56193846685042,11.187977801143,-0.000713593818296943,-0.00882058413134246
7038,36,50,36.0003417168763,50.0049775598175,5.56236607848846,11.1882280876101,-0.000341716876263831,-0.00497755981754722
7056,36,50,36.0000305715036,50.0015401667039,5.56285788364152,11.1887921422358,-3.05715035580079e-05,-0.00154016670391854
7074,36,50,35.999761687317,49.9985311481686,5.56343646041389,11.1896118732368,0.000238312683002562,0.00146885183139034
7092,36,50,35.9995217574528,49.9959702155643,5.56410028689296,11.1906290744449,0.0004782425472456,0.00402978443566582
7110,36,50,35.9993043170468,49.9938666430466,5.56482630805531,11.1917883205137,0.000695682953164578,0.00613335695336303
7128,36,50,35.9991093370206,49.9922144910367,5.56557735154092,11.1930394556487,0.000890662979365686,0.00778550896325925
7146,36,50,35.9989412987401,49.9909912952146,5.56631162976826,11.1943392504496,0.00105870125989327,0.00900870478538707
7164,36,50,35.9988065431546,49.9901600547482,5.56699167570158,11.1956520574074,0.00119345684544214,0.00983994525183363
7182,36,50,35.9987106836131,49.9896736022469,5.5675907559501,11.1969495394312,0.00128931638691654,0.0103263977530901
7200,36,50,35.9986566861351,49.989480059171,5.5680958011131,11.1982097231517,0.00134331386491482,0.0105199408290133
7218,36,50,35.9986439359185,49.9895280820673,5.56850689877153,11.1994157130164,0.00135606408154842,0.0104719179326551
7236,36,50,35.9986683116843,49.9897709044375,5.56883417265618,11.2005543943156,0.00133168831567332,0.0102290955624724
7254,36,50,35.9987230512243,49.9901686440465,5.56909329288026,11.2016153743696,0.00127694877572537,0.00983135595346596
7272,36,50,35.9988000542472,49.9906888337387,5.56930090799748,11.2025902944685,0.00119994575279492,0.00931116626129835
7290,36,50,35.9988912422837,49.991305527931,5.56947102906538,11.2034725256707,0.00110875771630958,0.00869447206898144
7308,36,50,35.9989896621676,49.9919975669805,5.56961295535993,11.2042571669035,0.00101033783237625,0.00800243301948456
7326,36,50,35.9990901440132,49.9927466301777,5.56973085144683,11.2049412101644,0.000909855986762409,0.00725336982227986
7344,36,50,35.9991894656818,49.9935356031553,5.5698246841334,11.2055237282783,0.000810534318183898,0.00646439684470579
7362,36,50,35.9992860974735,49.9943475844312,5.56989198082242,11.2060059678751,0.000713902526527477,0.0056524155688038
7380,36,50,35.99937967938,49.9951656255706,5.56992980145654,11.2063912796655,0.00062032062000128,0.00483437442944989
7398,36,50,35.9994704099971,49.9959730991826,5.56993640173646,11.20668487334,0.000529590002877001,0.00402690081740786
7416,36,50,35.9995585061877,49.9967544581948,5.56991225250885,11.2068934313189,0.000441493812331828,0.00324554180518533
7434,36,50,35.9996438405324,49.9974961034761,5.56986030402992,11.2070246449855,0.000356159467607142,0.00250389652393324
7452,36,50,35.9997257984262,49.9981871071772,5.5697855846134,11.2070867458168,0.000274201573780886,0.00181289282280517
7470,36,50,35.9998033362002,49.9988196224477,5.56969435977485,11.2070880942815,0.000196663799798102,0.00118037755225942
7488,36,50,35.9998751787604,49.9993889156944,5.56959313278775,11.2070368675437,0.000124821239630535,0.000611084305639054
7506,36,50,35.9999400759862,49.9998930560446,5.56948774559445,11.206940860478,5.99240137901802e-05,0.000106943955444194
7524,36,50,35.999997040818,50.000332366895,5.569382761947,11.2068073902953,2.95918203363499e-06,-0.000332366895037239
7542,36,50,36.0000455127505,50.0007087761845,5.56928121213748,11.2066432781912,-4.55127504821462e-05,-0.000708776184531246
7560,36,50,36.0000854198371,50.0010251962231,5.56918467979994,11.2064548741053,-8.54198370774384e-05,-0.0010251962230754
7578,36,50,36.000117141642,50.001285029888,5.56909363802632,11.2062480924789,-0.000117141642022034,-0.00128502988795987
7596,36,50,36.000141398101,50.0014918515827,5.56900790575815,11.2060284354014,-0.000141398100979018,-0.00149185158271337
7614,36,50,36.0001591012245,50.0016492627076,5.56892709646794,11.2058009912992,-0.000159101224475933,-0.0016492627075948
7632,36,50,36.0001712075139,50.0017608836643,5.56885096123932,11.205570408914,-0.000171207513915306,-0.00176088366428928
7650,36,50,36.0001786010081,50.0018304238491,5.56877957430249,11.2053408550996,-0.00017860100812328,-0.00183042384905718
7668,36,50,36.0001820237771,50.0018617686242,5.56871335690335,11.2051159695105,-0.000182023777071549,-0.00186176862415266
7686,36,50,36.0001820565453,50.0018590344783,5.56865297367958,11.2048988294503,-0.00018205654525616,-0.00185903447825808
7704,36,50,36.0001791404254,50.0018265644418,5.56859915776065,11.2046919348762,-0.000179140425352387,-0.00182656444179941
7722,36,50,36.0001736236336,50.0017688585869,5.56855252504467,11.2044972183569,-0.00017362363355744,-0.00176885858689957
7740,36,50,36.0001658151776,50.0016904534143,5.56851342743578,11.2043160792649,-0.000165815177552986,-0.00169045341426965
7758,36,50,36.0001560301551,50.0015957755194,5.56848187493213,11.2041494370279,-0.000156030155082476,-0.00159577551943357
7776,36,50,36.0001446168836,50.001488998031,5.56845753393276,11.2039977956733,-0.000144616883602566,-0.00148899803103575
7794,36,50,36.0001319626792,50.0013739240177,5.56843978973252,11.2038613114088,-0.000131962679219555,-0.00137392401765624
7812,36,50,36.0001184809762,50.0012539119314,5.56842784871051,11.2037398562609,-0.000118480976162516,-0.00125391193139279
7830,36,50,36.0001045864321,50.0011318473249,5.56842085155647,11.20363307321,-0.00010458643212985,-0.00113184732494176
7848,36,50,36.0000906662051,50.0010101553957,5.56841797219832,11.2035404210242,-9.06662050539353e-05,-0.00101015539568294
7866,36,50,36.0000770548811,50.0008908423487,5.56841848552016,11.2034612094362,-7.70548810962168e-05,-0.000890842348695742
7884,36,50,36.000064018232,50.0007755509668,5.56842179745057,11.2033946269495,-6.40182320452709e-05,-0.000775550966835681
7902,36,50,36.0000517479581,50.0006656168767,5.56842744071,11.2033397642297,-5.17479580608438e-05,-0.000665616876730724
7920,36,50,36.0000403666827,50.000562115758,5.56843504636496,11.2032956358115,-4.03666826898075e-05,-0.000562115758043547
7938,36,50,36.0000299403485,50.0004658967314,5.56844430439462,11.203261201995,-2.99403484689265e-05,-0.00046589673141284
7956,36,50,36.0000204941366,50.0003776019763,5.56845492584832,11.2032353916758,-2.04941365780087e-05,-0.000377601976325082
7974,36,50,36.0000120281039,50.0002976762186,5.56846661580863,11.2032171257813,-1.2028103910211e-05,-0.000297676218593779
7992,36,50,36.0000045296448,50.0002263715437,5.56847906163959,11.2032053402245,-4.52964479791262e-06,-0.000226371543746495
8010,36,50,35.9999979812517,50.0001637530191,5.56849193628183,11.2031990069555,2.01874831873283e-06,-0.000163753019080559
8028,36,50,35.9999923634584,50.0001097092427,5.56850491273839,11.2031971517833,7.63654158220106e-06,-0.000109709242707368
8046,36,50,35.99998765397,50.0000639698138,5.56851768397371,11.2031988680523,1.234602999034e-05,-6.39698138442668e-05
8064,36,50,35.99998382462,50.0000261295058,5.56852998229503,11.2032033258345,1.61753799901021e-05,-2.61295057555344e-05
8082,36,50,35.9999808379107,49.9999956771652,5.56854159355834,11.2032097768719,1.916208927355e-05,4.32283475504391e-06
8100,36,50,35.9999786445707,49.9999720263824,5.56855236363028,11.2032175559496,2.13554292542995e-05,2.79736176054257e-05
8118,36,50,35.9999771829777,49.9999545448429,5.56856219679367,11.203226079626,2.28170222555946e-05,4.54551571067441e-05
8136,36,50,35.9999763806366,49.9999425798527,5.56857104764119,11.2032348432766,2.36193634322035e-05,5.7420147321352e-05
8154,36,50,35.9999761573409,49.9999354785365,5.56857890912361,11.2032434172621,2.38426590684071e-05,6.45214635426328e-05
8172,36,50,35.9999764292913,49.9999326023415,5.56858579970206,11.2032514427864,2.35707086702064e-05,6.739765849062e-05
8190,36,50,35.9999771133306,49.9999333364498,5.56859175210981,11.2032586277287,2.28866693561258e-05,6.66635502071244e-05
8208,36,50,35.9999781305653,49.9999370953329,5.56859680532321,11.2032647425008,2.18694347324799e-05,6.29046670752587e-05
8226,36,50,35.9999794088936,49.9999433259108,5.56860100026802,11.2032696158253,2.05911063844155e-05,5.66740892082862e-05
8244,36,50,35.9999808842748,49.9999515096362,5.56860437884135,11.2032731302718,1.9115725152119e-05,4.84903638025003e-05
8262,36,50,35.9999825008559,49.99996116444,5.56860698518754,11.2032752174162,1.74991440928807e-05,3.8835560019379e-05
8280,36,50,35.9999842102744,49.9999718469794,5.56860886791628,11.2032758525733,1.57897256229944e-05,2.81530206365233e-05
8298,36,50,35.9999859705414,49.999983155175,5.56861008206101,11.2032750491563,1.40294586472578e-05,1.68448249766584e-05
8316,36,50,35.9999877448871,49.9999947306979,5.56861068994039,11.2032728528126,1.22551128924897e-05,5.26930208621934e-06
8334,36,50,35.9999895008509,50.0000062609224,5.56861076056848,11.2032693355428,1.04991490772477e-05,-6.26092242583809e-06
8352,36,50,35.9999912097561,50.0000174798913,5.56861036771673,11.2032645900259,8.7902439176446e-06,-1.74798913405994e-05
8370,36,50,35.9999928465721,50.0000281679959,5.56860958706732,11.2032587243487,7.15342788026874e-06,-2.81679959073244e-05
8388,36,50,35.9999943900603,50.0000381502956,5.56860849305908,11.2032518572776,5.60993968434786e-06,-3.81502955946189e-05
8406,36,50,35.9999958230428,50.0000472936203,5.56860715601142,11.2032441141462,4.17695719079347e-06,-4.72936203408381e-05
8424,36,50,35.9999971326317,50.0000555027625,5.56860563996408,11.2032356233631,2.86736829480105e-06,-5.55027625210869e-05
8442,36,50,35.9999983102918,50.0000627161469,5.56860400145126,11.2032265134947,1.68970816361025e-06,-6.27161468926829e-05
8460,36,50,35.9999993516721,50.0000689013635,5.5686022892002,11.2032169108469,6.48327940666604e-07,-6.89013635195579e-05
8478,36,50,36.0000002562046,50.0000740508755,5.56860054456958,11.2032069374637,-2.56204643278579e-07,-7.40508754688562e-05
8496,36,50,36.0000010265258,50.0000781781018,5.56859880243749,11.2031967094712,-1.02652584388352e-06,-7.81781018019956e-05
8514,36,50,36.0000016678014,50.0000813139569,5.56859709223856,11.2031863357132,-1.66780135657518e-06,-8.13139568691668e-05
8532,36,50,36.0000021870474,50.000083503827,5.56859543889676,11.2031759166501,-2.18704742849241e-06,-8.35038270494692e-05
8550,36,50,36.0000025925236,50.0000848049024,5.5685938635016,11.2031655435103,-2.59252356471507e-06,-8.480490244267e-05
8568,36,50,36.0000028932448,50.0000852837579,5.56859238368137,11.2031552976925,-2.89324480462483e-06,-8.52837578690924e-05
8586,36,50,36.0000030986297,50.00008501409,5.56859101371637,11.2031452504212,-3.09862966929586e-06,-8.50140899544272e-05
8604,36,50,36.000003218271,50.0000840745529,5.56858976449836,11.2031354626506,-3.21827104698968e-06,-8.40745529160358e-05
8622,36,50,36.0000032617984,50.0000825466795,5.5685886434584,11.2031259852011,-3.261798440235e-06,-8.25466794793783e-05
8640,36,50,36.0000032387925,50.0000805129123,5.56858765457079,11.2031168591016,-3.23879248753656e-06,-8.0512912290942e-05
8658,36,50,36.0000031587158,50.0000780547964,5.56858679850165,11.2031081161017,-3.15871579914528e-06,-7.80547963756817e-05
8676,36,50,36.0000030308345,50.00007525139,5.56858607292368,11.2030997793131,-3.03083454866737e-06,-7.52513899513474e-05
8694,36,50,36.0000028641195,50.0000721779417,5.56858547297163,11.2030918639364,-2.86411953709376e-06,-7.21779416537061e-05
8712,36,50,36.0000026671284,50.0000689048611,5.56858499178565,11.2030843780367,-2.66712837060368e-06,-6.89048610524878e-05
8730,36,50,36.0000024478802,50.0000654969839,5.56858462107513,11.2030773233379,-2.44788019188036e-06,-6.54969838933539e-05
8748,36,50,36.0000022137387,50.0000620131091,5.5685843516414,11.2030706960099,-2.21373873898756e-06,-6.20131091153553e-05
8766,36,50,36.0000019713191,50.0000585057676,5.56858417381388,11.2030644874373,-1.97131906531922e-06,-5.8505767562167e-05
8784,36,50,36.0000017264285,50.0000550211737,5.56858407777977,11.203058684958,-1.72642852191984e-06,-5.50211736509709e-05
8802,36,50,36.0000014840464,50.0000515993117,5.56858405380757,11.2030532725688,-1.48404640043509e-06,-5.15993116749769e-05
8820,36,50,36.0000012483399,50.0000482741158,5.56858409238442,11.2030482315942,-1.24833989900708e-06,-4.82741157838973e-05
8838,36,50,36.000001022709,50.0000450737135,5.56858418429567,11.2030435413157,-1.02270901436441e-06,-4.50737135082591e-05
8856,36,50,36.0000008098503,50.0000420207146,5.5685843206756,11.2030391795602,-8.0985026329472e-07,-4.20207145594986e-05
8874,36,50,36.0000006118287,50.0000391325359,5.56858449305404,11.2030351232406,-6.11828660623814e-07,-3.91325359316852e-05
8892,36,50,36.0000004301495,50.0000364217607,5.56858469341058,11.2030313488464,-4.30149512453681e-07,-3.64217606545481e-05
8910,36,50,36.0000002658241,50.0000338965292,5.56858491424282,11.2030278328795,-2.65824056100428e-07,-3.3896529203048e-05
8928,36,50,36.0000001194269,50.0000315609619,5.56858514864022,11.2030245522317,-1.19426893263608e-07,-3.15609618866119e-05
8946,36,50,35.9999999911454,50.0000294156071,5.5685853903566,11.2030214845026,8.85460593735843e-09,-2.94156070737017e-05
8964,36,50,35.9999998808235,50.0000274579066,5.56858563386769,11.2030186082594,1.19176476687244e-07,-2.74579066470437e-05
8982,36,50,35.9999997880031,50.000025682667,5.56858587440528,11.2030159032406,2.1199694799634e-07,-2.56826669584598e-05
9000,36,50,35.9999997119646,50.0000240825225,5.5685861079644,11.2030133505076,2.88035423068322e-07,-2.40825224580021e-05
9018,36,50,35.9999996517702,50.0000226483796,5.56858633128083,11.2030109325505,3.48229811208967e-07,-2.26483795842114e-05
9036,36,50,35.9999996063078,50.0000213698303,5.56858654178645,11.2030086333526,3.93692232592002e-07,-2.13698303070942e-05
9054,36,50,35.9999995743361,50.0000202355284,5.56858673754753,11.2030064384205,4.25663920111674e-07,-2.02355283960287e-05
9072,36,50,35.999999554529,50.0000192335242,5.56858691719409,11.203004334784,4.45470959675731e-07,-1.9233524241713e-05
9090,36,50,35.9999995455169,50.0000183515579,5.56858707984965,11.2030023109709,4.54483121359317e-07,-1.83515578839888e-05
9108,36,50,35.9999995459227,50.0000175773117,5.56858722506373,11.2030003569609,4.54077280664933e-07,-1.75773116950495e-05
9126,36,50,35.9999995543931,50.000016898626,5.5685873527529,11.2029984641216,4.45606850973945e-07,-1.68986259723169e-05
9144,36,50,35.9999995696224,50.0000163036811,5.56858746314875,11.2029966251303,4.30377554039296e-07,-1.63036810505446e-05
9162,36,50,35.9999995903707,50.000015781149,5.56858755675276,11.2029948338839,4.09629315356597e-07,-1.5781148960059e-05
9180,36,50,35.9999996154765,50.0000153203176,5.5685876342959,11.2029930853995,3.84523545449156e-07,-1.5320317643841e-05
9198,36,50,35.9999996438654,50.0000149111895,5.56858769669999,11.2029913757099,3.5613462046058e-07,-1.49111894813814e-05
9216,36,50,35.9999996745555,50.0000145445554,5.56858774504016,11.2029897017552,3.25444531767971e-07,-1.45445554409207e-05
9234,36,50,35.9999997066602,50.0000142120462,5.56858778050754,11.2029880612734,2.93339766699319e-07,-1.4212046181683e-05
9252,36,50,35.9999997393904,50.0000139061612,5.56858780437135,11.2029864526925,2.60609645863497e-07,-1.39061611577063e-05
9270,36,50,35.999999772054,50.0000136202774,5.56858781794374,11.2029848750273,2.27945989195177e-07,-1.36202774143612e-05
9288,36,50,35.9999998040563,50.0000133486401,5.56858782254553,11.2029833277792,1.95943741232441e-07,-1.33486400883953e-05
9306,36,50,35.9999998348971,50.000013086337,5.56858781947725,11.2029818108448,1.65102861160449e-07,-1.30863369989243e-05
9324,36,50,35.9999998641686,50.0000128292603,5.56858780999419,11.2029803244296,1.35831427883204e-07,-1.28292603278624e-05
9342,36,50,35.9999998915499,50.0000125740581,5.56858779528716,11.2029788689711,1.08450080915645e-07,-1.25740581253808e-05
9360,36,50,35.9999999168023,50.0000123180785,5.56858777646835,11.2029774450688,8.31977189363897e-08,-1.23180785394084e-05
9378,36,50,35.9999999397616,50.0000120593094,5.56858775456258,11.2029760534224,6.02383849468424e-08,-1.20593093555499e-05
9396,36,50,35.9999999603312,50.0000117963149,5.56858773050095,11.2029746947782,3.96687838133403e-08,-1.17963149079969e-05
9414,36,50,35.9999999784736,50.0000115281721,5.56858770511904,11.2029733698826,2.1526403770622e-08,-1.15281721022598e-05
9432,36,50,35.9999999942023,50.0000112544069,5.56858767915672,11.2029720794432,5.79774450670811e-09,-1.12544068784359e-05
9450,36,50,36.0000000075738,50.0000109749321,5.56858765325852,11.2029708240968,-7.57377449644991e-09,-1.0974932123986e-05
9468,36,50,36.0000000186802,50.0000106899876,5.56858762797625,11.2029696043841,-1.86802395774066e-08,-1.06899876328725e-05
9486,36,50,36.0000000276422,50.0000104000828,5.56858760377226,11.2029684207301,-2.76422156275657e-08,-1.04000827860773e-05
9504,36,50,36.0000000346025,50.0000101059424,5.56858758102225,11.2029672734311,-3.4602500420533e-08,-1.01059424366667e-05
9522,36,50,36.0000000397204,50.0000098084564,5.56858756002043,11.2029661626458,-3.97203976376659e-08,-9.80845641151973e-06
9540,36,50,36.0000000431666,50.0000095086331,5.568587540985,11.2029650883913,-4.31665654332392e-08,-9.50863307735972e-06
9558,36,50,36.0000000451185,50.0000092075572,5.56858752406376,11.2029640505437,-4.51184973826457e-08,-9.20755717714883e-06
9576,36,50,36.0000000457565,50.0000089063524,5.56858750934111,11.2029630488414,-4.57564510725206e-08,-8.90635240580195e-06
9594,36,50,36.0000000452597,50.0000086061486,5.56858749684597,11.2029620828907,-4.52597390676601e-08,-8.60614861863951e-06
9612,36,50,36.0000000438036,50.0000083080539,5.56858748655843,11.2029611521754,-4.38036380501217e-08,-8.30805392126877e-06
9630,36,50,36.0000000415566,50.0000080131315,5.56858747841813,11.2029602560656,-4.15566034916992e-08,-8.01313145615268e-06
9648,36,50,36.000000038678,50.0000077223805,5.56858747233122,11.2029593938302,-3.86780101280237e-08,-7.72238053059482e-06
9666,36,50,36.0000000353164,50.000007436722,5.56858746817732,11.2029585646486,-3.53163613908691e-08,-7.43672201508616e-06
9684,36,50,36.000000031608,50.0000071569876,5.56858746581549,11.2029577676231,-3.1607996220373e-08,-7.15698756437178e-06
9702,36,50,36.0000000276762,50.0000068839121,5.56858746509045,11.2029570017923,-2.76761511486256e-08,-6.88391210701411e-06
9720,36,50,36.0000000236305,50.0000066181295,5.568587465837,11.2029562661433,-2.3630526868601e-08,-6.61812947555518e-06
9738,36,50,36.0000000195672,50.0000063601706,5.56858746788463,11.2029555596244,-1.95671674418918e-08,-6.36017059463256e-06
9756,36,50,36.0000000155686,50.0000061104639,5.56858747106134,11.2029548811566,-1.5568630828966e-08,-6.1104639144105e-06
9774,36,50,36.0000000117044,50.0000058693378,5.56858747519691,11.202954229645,-1.17044152148083e-08,-5.86933784063604e-06
9792,36,50,36.0000000080316,50.0000056370247,5.56858748012553,11.202953603989,-8.03159139195486e-09,-5.63702472788918e-06
9810,36,50,36.0000000045955,50.0000054136663,5.5685874856888,11.2029530030915,-4.59547777609259e-09,-5.4136662939186e-06
9828,36,50,36.0000000014305,50.0000051993199,5.56858749173693,11.2029524258678,-1.43054990076052e-09,-5.19931994347189e-06
9846,36,50,35.9999999985613,50.0000049939661,5.56858749813102,11.2029518712526,1.43870693136705e-09,-4.99396608688585e-06
9864,36,50,35.9999999960031,50.0000047975159,5.56858750474407,11.2029513382064,3.99685973206942e-09,-4.79751589210764e-06
9882,36,50,35.9999999937635,50.0000046098194,5.56858751146142,11.2029508257211,6.23650464603998e-09,-4.60981939909288e-06
9900,36,50,35.9999999918427,50.0000044306738,5.56858751818178,11.202950332824,8.15733613990233e-09,-4.43067384026108e-06
9918,36,50,35.9999999902348,50.0000042598318,5.56858752481697,11.2029498585817,9.76515224238028e-09,-4.25983176910449e-06
9936,36,50,35.9999999889291,50.0000040970091,5.56858753129168,11.202949402102,1.10708668898951e-08,-4.09700906800481e-06
9954,36,50,35.9999999879104,50.0000039418926,5.56858753754335,11.2029489625365,1.20896146427185e-08,-3.94189258656752e-06
9972,36,50,35.9999999871602,50.0000037941473,5.56858754352125,11.2029485390807,1.28398411902708e-08,-3.794147275471e-06
9990,36,50,35.9999999866575,50.0000036534229,5.56858754918585,11.2029481309749,1.33424791215475e-08,-3.6534228797791e-06
10008,36,50,35.9999999863798,50.00000351936,5.568587554508,11.2029477375039,1.36202018552467e-08,-3.5193599927652e-06
10026,36,50,35.9999999863033,50.0000033915955,5.56858755946804,11.202947357996,1.36967486241701e-08,-3.39159548445878e-06
10044,36,50,35.9999999864037,50.0000032697674,5.56858756405472,11.2029469918221,1.35963063030431e-08,-3.26976743281193e-06
10062,36,50,35.999999986657,50.0000031535193,5.56858756826432,11.2029466383938,1.33429978177446e-08,-3.15351925195273e-06
10080,36,50,35.9999999870395,50.0000030425034,5.56858757209991,11.202946297162,1.29604700305208e-08,-3.04250336569112e-06
10098,36,50,35.9999999875285,50.0000029363842,5.5685875755698,11.2029459676145,1.2471460308916e-08,-2.93638419890385e-06
10116,36,50,35.9999999881024,50.0000028348407,5.56858757868732,11.202945649274,1.18975549412426e-08,-2.83484065732864e-06
10134,36,50,35.999999988741,50.000002737568,5.56858758146981,11.2029453416956,1.12589759737602e-08,-2.73756796076441e-06
10152,36,50,35.9999999894257,50.0000026442791,5.56858758393698,11.2029450444644,1.05742969935818e-08,-2.64427914942189e-06
10170,36,50,35.9999999901396,50.000002554706,5.56858758611144,11.2029447571932,9.86044312867307e-09,-2.5547059578912e-06
10188,36,50,35.9999999908674,50.0000024685993,5.5685875880171,11.2029444795203,9.13256315016042e-09,-2.46859934804888e-06
10206,36,50,35.999999991596,50.0000023857297,5.56858758967848,11.2029442111067,8.4039584180573e-09,-2.38572967958817e-06
10224,36,50,35.9999999923138,50.0000023058865,5.56858759112082,11.2029439516345,7.68616104096509e-09,-2.30588653238328e-06
10242,36,50,35.9999999930111,50.0000022288782,5.56858759236892,11.2029437008043,6.98891966521842e-09,-2.22887824463669e-06
10260,36,50,35.9999999936797,50.0000021545313,5.56858759344698,11.2029434583334,6.32027052915873e-09,-2.15453126628518e-06
10278,36,50,35.9999999943133,50.0000020826893,5.56858759437842,11.2029432239541,5.68665825539938e-09,-2.08268926371602e-06
10296,36,50,35.999999994907,50.0000020132121,5.56858759518526,11.2029429974118,5.09300690509917e-09,-2.01321211790173e-06
10314,36,50,35.9999999954572,50.0000019459748,5.56858759588811,11.2029427784635,4.54284787565484e-09,-1.94597481595338e-06
10332,36,50,35.9999999959615,50.0000018808663,5.56858759650618,11.2029425668767,4.03848332553025e-09,-1.88086627872508e-06
10350,36,50,35.9999999964189,50.0000018177881,5.56858759705661,11.2029423624277,3.58105722852997e-09,-1.81778808894251e-06
10368,36,50,35.9999999968292,50.0000017566533,5.5685875975551,11.2029421649009,3.1707543257653e-09,-1.75665330459651e-06
10386,36,50,35.9999999971931,50.0000016973852,5.56858759801551,11.2029419740877,2.80691381249198e-09,-1.69738517286078e-06
10404,36,50,35.9999999975119,50.000001639916,5.56858759844967,11.2029417897857,2.48812881409322e-09,-1.63991595059088e-06
10422,36,50,35.9999999977876,50.0000015841857,5.5685875988681,11.2029416117982,2.2124382326183e-09,-1.58418572482333e-06
10440,36,50,35.9999999980226,50.0000015301413,5.56858759927938,11.2029414399333,1.97739069562886e-09,-1.53014130432894e-06
10458,36,50,35.9999999982198,50.0000014777352,5.56858759969045,11.2029412740038,1.78015824303657e-09,-1.47773522485295e-06
10476,36,50,35.9999999983823,50.0000014269247,5.56858760010707,11.2029411138267,1.6176784356503e-09,-1.42692474014439e-06
10494,36,50,35.9999999985133,50.000001377671,5.56858760053345,11.2029409592228,1.486711198595e-09,-1.3776709835156e-06
10512,36,50,35.9999999986161,50.0000013299381,5.56858760097257,11.2029408100167,1.38392408643995e-09,-1.32993814361271e-06
10530,36,50,35.999999998694,50.0000012836928,5.5685876014265,11.2029406660366,1.30599175918178e-09,-1.28369279650542e-06
10548,36,50,35.9999999987504,50.0000012389033,5.56858760189599,11.2029405271143,1.24960308767186e-09,-1.23890329462029e-06
10566,36,50,35.9999999987884,50.0000011955392,5.56858760238147,11.2029403930849,1.21159615673605e-09,-1.19553921251736e-06
10584,36,50,35.9999999988111,50.0000011535709,5.56858760288222,11.202940263787,1.18892273803795e-09,-1.15357094188084e-06
10602,36,50,35.9999999988213,50.0000011129693,5.56858760339722,11.2029401390627,1.17873355520715e-09,-1.11296927229887e-06
10620,36,50,35.9999999988216,50.0000010737052,5.56858760392488,11.2029400187577,1.17838538926662e-09,-1.0737051567844e-06
10638,36,50,35.9999999988145,50.0000010357494,5.56858760446325,11.2029399027213,1.18545528948744e-09,-1.03574943466356e-06
10656,36,50,35.9999999988022,50.0000009990727,5.56858760501008,11.2029397908063,1.19775478424344e-09,-9.99072717888794e-07
10674,36,50,35.9999999987866,50.0000009636452,5.56858760556319,11.2029396828692,1.21336540814809e-09,-9.6364520629777e-07
10692,36,50,35.9999999987694,50.0000009294367,5.56858760611999,11.2029395787704,1.23058896406292e-09,-9.29436666297079e-07
10710,36,50,35.999999998752,50.0000008964164,5.56858760667801,11.2029394783741,1.24796883937961e-09,-8.96416409545964e-07
10728,36,50,35.9999999987357,50.0000008645533,5.56858760723496,11.2029393815483,1.26430421687473e-09,-8.64553271640034e-07
10746,36,50,35.9999999987214,50.0000008338157,5.56858760778834,11.2029392881649,1.27858612586351e-09,-8.33815690270967e-07
10764,36,50,35.99999999871,50.0000008041717,5.56858760833598,11.2029391980998,1.29002586390925e-09,-8.04171733648218e-07
10782,36,50,35.999999998702,50.0000007755892,5.56858760887589,11.2029391112327,1.29803368054127e-09,-7.75589214185857e-07
10800,36,50,35.9999999986978,50.0000007480357,5.56858760940612,11.2029390274474,1.30218325011811e-09,-7.48035716924278e-07
10818,36,55,35.9999999986978,50.0000007214788,5.56858760992504,13.9468000577425,1.30221167182754e-09,4.9999992785212
10836,36,55,35.999999998702,50.0980276619254,5.56858761043122,13.5566443926853,1.29799815340448e-09,4.90197233807459
10854,36,55,35.9999999987105,50.6387318315394,5.56858761092334,13.8695153670725,1.28952848399422e-09,4.36126816846057
10872,36,55,35.9791429482018,51.0722517196276,5.71939660089958,14.2591639297354,0.0208570517981812,3.92774828037237
10890,36,55,35.9225267997812,51.5310694207818,6.04666571628397,14.5625103076437,0.0774732002187903,3.4689305792182
10908,36,55,35.8732738051742,52.0227055956203,6.18853355081278,14.7972661604172,0.126726194825828,2.97729440437973
10926,36,55,35.8199751468016,52.5268891291664,6.41197472049972,14.9720107281651,0.180024853198361,2.47311087083358
10944,36,55,35.7732585487437,53.028616763754,6.59220078297318,15.0896557910599,0.226741451256345,1.97138323624596
10962,36,55,35.7528025687601,53.5158919231313,6.63042549139508,15.1542622229663,0.247197431239911,1.48410807686872
10980,36,55,35.7521816981982,53.9684378361325,6.64785671027817,15.1764464977273,0.247818301801765,1.03156216386749
10998,36,55,35.7713709895358,54.3542908802759,6.60855746869707,15.174128268537,0.228629010464175,0.645709119724074
11016,36,55,35.8106819926974,54.6676131567293,6.50200084073174,15.1525492953091,0.189318007302589,0.332386843270662
11034,36,55,35.8587558267593,54.9181587076932,6.40337895602198,15.1140072621862,0.141244173240679,0.0818412923067697
11052,36,55,35.9095006184325,55.1028218941117,6.30373358097774,15.0696098442924,0.0904993815674757,-0.102821894111734
11070,36,55,35.958400486961,55.2362388434144,6.20812576326865,15.0186870913067,0.0415995130389817,-0.236238843414398
11088,36,55,35.9989691569132,55.3343671577021,6.14457833588299,14.9614119324439,0.00103084308676671,-0.33436715770209
11106,36,55,36.0298361886382,55.4048066226456,6.09822895110002,14.900867615984,-0.0298361886381997,-0.404806622645609
11124,36,55,36.0515259746012,55.4585539966707,6.06332559521516,14.8357864902217,-0.0515259746012191,-0.458553996670659
11142,36,55,36.0646062278509,55.502416242239,6.04182654359762,14.7665121348477,-0.064606227850895,-0.502416242239008
11160,36,55,36.0717909089375,55.5370457199733,6.02012578266858,14.6951575381296,-0.0717909089375439,-0.537045719973293
11178,36,55,36.0755932843677,55.5634850558536,5.99428269992454,14.6223865681321,-0.0755932843676987,-0.563485055853583
11196,36,55,36.0775276621656,55.5807210757979,5.9656710655609,14.5499388382149,-0.0775276621655721,-0.580721075797896
11214,36,55,36.0789787786646,55.586516945204,5.93163336211239,14.4799614337092,-0.0789787786646059,-0.586516945203954
11232,36,55,36.0803477062602,55.5805635421053,5.89549032176993,14.4135834352309,-0.080347706260234,-0.58056354210526
11250,36,55,36.0812438445022,55.5631719700175,5.86184416172651,14.3519930046456,-0.0812438445022252,-0.563171970017507
11268,36,55,36.0812147043618,55.535476644007,5.83246300686721,14.2960054973654,-0.0812147043618197,-0.535476644007005
11286,36,55,36.0796490772589,55.5000346620709,5.8101800131593,14.2456734068424,-0.0796490772588712,-0.50003466207086
11304,36,55,36.0760843127339,55.4595378419617,5.79631592043045,14.2009341926546,-0.0760843127338759,-0.459537841961662
11322,36,55,36.0705059662292,55.4165132899662,5.78978738042117,14.1615163803359,-0.07050596622922,-0.416513289966218
11340,36,55,36.0631860427676,55.3732468310827,5.7893948199478,14.1269451901616,-0.063186042767569,-0.373246831082717
11358,36,55,36.0546616075933,55.3311862069992,5.79315562691712,14.0968847587013,-0.054661607593296,-0.331186206999213
11376,36,55,36.0456575113159,55.2910398104512,5.79866062445496,14.0710729064704,-0.0456575113159303,-0.291039810451181
11394,36,55,36.0368583060684,55.2530053600618,5.80430981909153,14.0493033624575,-0.0368583060683534,-0.253005360061756
11412,36,55,36.0288176888111,55.2168280941105,5.80899196845171,14.0314983779484,-0.0288176888110527,-0.216828094110546
11430,36,55,36.0218992833114,55.1821254995579,5.81217291578643,14.01759602638,-0.0218992833113703,-0.182125499557884
11448,36,55,36.0162227469635,55.148627544659,5.81410610860718,14.0074947847276,-0.0162227469634786,-0.148627544659035
11466,36,55,36.0117126517373,55.1162420949002,5.81534536854255,14.0010492028468,-0.0117126517372839,-0.116242094900159
11484,36,55,36.0081661634015,55.0851387154698,5.81654850296606,13.9980147504366,-0.00816616340149778,-0.0851387154698244
11502,36,55,36.0053156459311,55.0557150312913,5.81837145750543,13.9980504608913,-0.00531564593107703,-0.0557150312913279
11520,36,55,36.0029082066056,55.0284751403968,5.82119210381897,14.0007518306443,-0.00290820660564606,-0.0284751403967931
11538,36,55,36.000755503034,55.0039349648809,5.82508992959479,14.0056670765286,-0.000755503033978755,-0.00393496488094058
11556,36,55,35.9987513810511,54.9825162780086,5.82990848417244,14.0123360828481,0.00124861894893513,0.0174837219914181
11574,36,55,35.9968740666133,54.9644639431184,5.83528235023393,14.0203272633544,0.00312593338666289,0.0355360568816181
11592,36,55,35.9951641127272,54.9498268936076,5.84077135071248,14.029253785729,0.00483588727279027,0.0501731063923643
11610,36,55,35.9936913634897,54.9384691651202,5.84597782960953,14.038787573243,0.00630863651034019,0.0615308348798251
11628,36,55,35.9925259577941,54.9301099453082,5.85060058194228,14.0486616978715,0.00747404220594916,0.0698900546918395
11646,36,55,35.9917138260935,54.9243876197021,5.85448581494641,14.0586602266043,0.00828617390652653,0.0756123802978976
11664,36,55,35.9912633052604,54.920917989179,5.85762735706621,14.0686080504928,0.00873669473958216,0.0790820108209829
11682,36,55,35.9911451867403,54.9193404167583,5.86012360056701,14.0783592217242,0.00885481325971682,0.0806595832416974
11700,36,55,35.9913008733206,54.9193482411225,5.86213420882024,14.087786091633,0.00869912667940298,0.0806517588774796
11718,36,55,35.9916561019908,54.9206963197067,5.86382847550902,14.0967743756539,0.00834389800917279,0.0793036802933003
11736,36,55,35.9921362999997,54.9231926673356,5.8653404224181,14.1052217397809,0.00786370000032122,0.0768073326644014
11754,36,55,35.9926786331134,54.9266814336267,5.86674858678734,14.1130391604464,0.00732136688655771,0.0733185663733309
11772,36,55,35.9932392487285,54.9310219283068,5.86807120249689,14.1201548789157,0.00676075127149289,0.0689780716932233
11790,36,55,35.9937951477196,54.9360714770415,5.86927633792836,14.1265180406627,0.00620485228043322,0.0639285229585198
11808,36,55,35.9943409795417,54.9416759596721,5.87030461322762,14.1321009060859,0.00565902045826761,0.0583240403278609
11826,36,55,35.9948828784404,54.9476682009377,5.87109255696286,14.1368993364002,0.00511712155964972,0.0523317990622942
11844,36,55,35.9954313796924,54.9538738457675,5.87159228867712,14.1409308415462,0.00456862030757321,0.0461261542325389
11862,36,55,35.9959950790815,54.9601218722684,5.87178474686006,14.1442307806437,0.00400492091851845,0.0398781277315834
11880,36,55,35.9965764743076,54.9662560662389,5.8716829857343,14.1468476382147,0.00342352569244042,0.0337439337610519
11898,36,55,35.9971704469793,54.9721448615174,5.87132758136532,14.1488379940079,0.00282955302073873,0.0278551384826429
11916,36,55,35.9977651028442,54.9776874309397,5.87077709458619,14.1502620566253,0.0022348971557804,0.0223125690603041
11934,36,55,35.9983443288839,54.9828151190559,5.87009602842035,14.1511803144858,0.00165567111613996,0.0171848809441357
11952,36,55,35.9988910813267,54.9874887701723,5.86934391227478,14.1516513913799,0.00110891867332441,0.0125112298277372
11970,36,55,35.999390460004,54.9916931084616,5.8685677540855,14.1517310708523,0.000609539996034414,0.00830689153843167
11988,36,55,35.9998319230778,54.995429741665,5.8677985117486,14.1514721998425,0.000168076922228977,0.00457025833500069
12006,36,55,36.0002102888215,54.9987104198721,5.86705168388594,14.1509250375112,-0.000210288821477889,0.00128958012794556
12024,36,55,36.0005255295257,55.0015516799328,5.86633094683401,14.1501377045823,-0.000525529525738477,-0.00155167993283101
12042,36,55,36.0007816548653,55.003971466252,5.86563320788585,14.1491564543083,-0.000781654865285475,-0.00397146625202538
12060,36,55,36.0009851060734,55.0059877834361,5.8649536964839,14.1480256072495,-0.000985106073414954,-0.00598778343611173
12078,36,55,36.0011431076453,55.0076189345377,5.86428989717358,14.1467871601424,-0.00114310764526238,-0.00761893453771734
12096,36,55,36.0012623421125,55.0088846644196,5.86364364129891,14.1454801672194,-0.00126234211245446,-0.00888466441956837
12114,36,55,36.0013481516126,55.0098075018701,5.86302134078865,14.1441400446175,-0.00134815161264612,-0.00980750187014223
12132,36,55,36.0014043088403,55.0104137087121,5.86243272485549,14.1427979659388,-0.00140430884026443,-0.0104137087120648
12150,36,55,36.0014332630257,55.0107334959457,5.8618887123228,14.1414804717438,-0.00143326302567459,-0.0107334959456651
12168,36,55,36.0014366758693,55.0108004380484,5.86139915167181,14.1402093553045,-0.00143667586929297,-0.0108004380483919
12186,36,55,36.0014160397742,55.010650233479,5.86097100597804,14.1390018271328,-0.00141603977421312,-0.010650233478998
12204,36,55,36.0013731996593,55.0103191059345,5.86060733805826,14.1378709033075,-0.00137319965934068,-0.0103191059345136
12222,36,55,36.0013106616227,55.0098421831007,5.86030720244702,14.1368259314675,-0.00131066162268212,-0.00984218310070162
12240,36,55,36.0012316497194,55.0092521399954,5.86006630454129,14.135873162899,-0.00123164971944334,-0.00925213999535401
12258,36,55,36.001139941193,55.0085782924961,5.85987814293719,14.1350162908958,-0.00113994119297445,-0.00857829249608244
12276,36,55,36.0010395569133,55.0078462004772,5.85973530322247,14.1342569033577,-0.00103955691333368,-0.00784620047718931
12294,36,55,36.000934403407,55.0070777245571,5.85963059976582,14.1335948300641,-0.000934403406979811,-0.00707772455707811
12312,36,55,36.0008279553198,55.006291403334,5.8595578621984,14.1330283924487,-0.000827955319778084,-0.006291403334032
12330,36,55,36.0007230403934,55.0055029852892,5.85951228737519,14.1325545832135,-0.00072304039338178,-0.00550298528915505
12348,36,55,36.0006217539673,55.0047259601751,5.85949038920017,14.1321692111361,-0.00062175396728037,-0.00472596017508664
12366,36,55,36.0005254957758,55.0039719780945,5.85948966266994,14.131867043326,-0.000525495775846707,-0.003971978094512
12384,36,55,36.0004350963564,55.0032511021124,5.85950811660785,14.1316419671934,-0.000435096356412146,-0.00325110211238666
12402,36,55,36.0003509878913,55.0025718964823,5.85954382268236,14.131487180889,-0.000350987891273746,-0.00257189648225165
12420,36,55,36.0002733745459,55.0019413952176,5.85959459086809,14.1313954078823,-0.000273374545884053,-0.00194139521757108
12438,36,55,36.0002023676999,55.0013650173749,5.85965782634864,14.1313591220949,-0.000202367699870365,-0.00136501737485872
12456,36,55,36.0001380674156,55.0008464960379,5.85973056674796,14.1313707657197,-0.000138067415647924,-0.00084649603789444
12474,36,55,36.0000805880571,55.0003878721952,5.85980965582329,14.131422942567,-8.05880570879935e-05,-0.000387872195176442
12492,36,55,36.0000300393145,54.9999895795064,5.85989198617329,14.1315085744637,-3.00393145451494e-05,1.04204936093311e-05
12510,36,55,35.9999864816722,54.9996506194654,5.85997474064977,14.1316210148977,1.35183278189288e-05,0.000349380534643728
12528,36,55,35.999949876948,54.9993688051752,5.86005557661553,14.1317541208682,5.01230520271179e-05,0.000631194824769921
12546,36,55,35.9999200509766,54.9991410396246,5.86013272136262,14.1319022892945,7.99490233518441e-05,0.000858960375396123
12564,36,55,35.99989667874,54.9989635920744,5.86020497340773,14.1320604673821,0.000103321259956601,0.00103640792562487
12582,36,55,35.9998792945224,54.998832342369,5.86027162658399,14.1322241469048,0.000120705477556271,0.00116765763101512
12600,36,55,35.9998673229994,54.9987429744602,5.86033234740623,14.1323893508672,0.000132677000614478,0.00125702553977192
12618,36,55,35.9998601228701,54.9986911135197,5.86038703995291,14.1325526182433,0.000139877129932131,0.001308886480345
12636,36,55,35.9998570331954,54.998672412423,5.8604357277452,14.132710989365,0.000142966804602906,0.0013275875769807
12654,36,55,35.9998574137385,54.9986826009116,5.86047847165672,14.1328619918507,0.000142586261489441,0.00131739908839279
12672,36,55,35.9998606735066,54.9987175135604,5.86051533042606,14.1330036252229,0.00013932649336823,0.00128248643963502
12690,36,55,35.9998662853151,54.9987731112249,5.86054635916614,14.1331343417505,0.00013371468492096,0.00122688877511479
12708,36,55,35.9998737875543,54.998845506204,5.86057163361775,14.13325302144,0.000126212445749729,0.00115449379602239
12726,36,55,35.999882776723,54.9989309956519,5.86059128479163,14.1333589401631,0.000117223277037226,0.0010690043480821
12744,36,55,35.9998928953619,54.9990261024206,5.86060552979554,14.1334517312273,0.000107104638054523,0.000973897579413574
12762,36,55,35.9999038198185,54.9991276186861,5.86061468885351,14.1335313418887,9.61801815151375e-05,0.000872381313939741
12780,36,55,35.9999152511202,54.999232645988,5.86061918415372,14.1335979870957,8.47488798427776e-05,0.000767354011969701
12798,36,55,35.9999269106028,54.9993386256369,5.86061952160225,14.1336521030147,7.30893972189506e-05,0.000661374363076561
12816,36,55,35.9999385403052,54.9994433553092,5.8606162605855,14.13369430266,6.14596947769996e-05,0.000556644690767882
12834,36,55,35.9999499068859,54.9995449902967,5.86060997883486,14.1337253353481,5.0093114147387e-05,0.000455009703294706
12852,36,55,35.9999608071407,54.9996420305173,5.86060123940955,14.1337460509317,3.91928592833324e-05,0.0003579694826783
12870,36,55,35.9999710731393,54.9997332964216,5.86059056513492,14.1337573690201,2.89268606792348e-05,0.000266703578354566
12888,36,55,35.9999805754222,54.9998178979934,5.86057842327498,14.1337602528074,1.94245777649371e-05,0.00018210200656199
12906,36,55,35.9999892234188,54.9998952010984,5.86056522055922,14.133755686798,1.0776581198968e-05,0.000104798901602976
12924,36,55,35.9999969630155,54.9999647946707,5.86055130655149,14.1337446576323,3.03698454473533e-06,3.5205329268706e-05
12942,36,55,36.0000037718435,55.0000264609811,5.86053698212018,14.1337281373359,-3.77184354505289e-06,-2.64609810756156e-05
12960,36,55,36.0000096532403,55.0000801498755,5.8605225095275,14.1337070685545,-9.65324034751802e-06,-8.01498754654517e-05
12978,36,55,36.0000146299328,55.0001259567317,5.86050812124344,14.1336823516011,-1.46299327923316e-05,-0.000125956731700683
12996,36,55,36.0000187383387,55.0001641031471,5.86049402569282,14.1336548333619,-1.87383386531792e-05,-0.000164103147149319
13014,36,55,36.0000220240631,55.0001949191143,5.86048040939323,14.1336252982275,-2.20240631136903e-05,-0.000194919114321124
13032,36,55,36.0000245387954,55.0002188255979,5.8604674360237,14.1335944612324,-2.45387954365128e-05,-0.000218825597947614
13050,36,55,36.0000263384778,55.0002363168592,5.86045524366266,14.1335629635111,-2.63384777667852e-05,-0.000236316859201224
13068,36,55,36.000027482392,55.0002479424066,5.86044394167465,14.1335313700426,-2.74823919781397e-05,-0.000247942406573998
13086,36,55,36.0000280327185,55.0002542889307,5.86043360855234,14.1335001695096,-2.80327185464557e-05,-0.000254288930690905
13104,36,55,36.0000280541546,55.0002559628936,5.86042429156512,14.1334697759758,-2.80541546260338e-05,-0.000255962893582762
13122,36,55,36.0000276133007,55.0002535745436,5.86041600849576,14.1334405320021,-2.76133007020007e-05,-0.000253574543606305
13140,36,55,36.000026777688,55.0002477240309,5.86040875122077,14.1334127128064,-2.6777688049151e-05,-0.000247724030899121
13158,36,55,36.0000256144762,55.0002389900603,5.86040249051552,14.1333865310999,-2.56144762289523e-05,-0.000238990060324795
13176,36,55,36.0000241889638,55.0002279212194,5.86039718131209,14.1333621423006,-2.41889637848658e-05,-0.000227921219433824
13194,36,55,36.0000225631104,55.0002150298349,5.8603927676758,14.1333396499075,-2.25631104058266e-05,-0.000215029834855329
13212,36,55,36.0000207942637,55.0002007879987,5.86038918696128,14.1333191109004,-2.07942636976099e-05,-0.000200787998707597
13230,36,55,36.0000189342316,55.0001856252987,5.86038637288393,14.133300541091,-1.89342316048169e-05,-0.000185625298698255
13248,36,55,36.000017028766,55.0001699277798,5.86038425750353,14.1332839203922,-1.7028766023941e-05,-0.000169927779751333
13266,36,55,36.0000151174444,55.0001540377409,5.86038277233088,14.1332691979861,-1.51174444482649e-05,-0.000154037740948354
13284,36,55,36.000013233875,55.0001382540923,5.86038184887549,14.1332562973655,-1.32338750233885e-05,-0.000138254092298951
13302,36,55,36.0000114061154,55.0001228331242,5.86038141896926,14.1332451212118,-1.1406115405066e-05,-0.000122833124166277
13320,36,55,36.0000096571903,55.0001079896478,5.86038141513337,14.133235556053,-9.65719033985124e-06,-0.000107989647787576
13338,36,55,36.0000080056117,55.0000938985294,5.86038177114309,14.1332274766389,-8.00561173974756e-06,-9.3898529449632e-05
13356,36,55,36.0000064658385,55.0000806966592,5.86038242282475,14.1332207499662,-6.46583850283378e-06,-8.06966591824221e-05
13374,36,55,36.0000050486513,55.0000684853748,5.86038330901566,14.1332152388981,-5.04865134587362e-06,-6.84853747827674e-05
13392,36,55,36.0000037614504,55.0000573333184,5.86038437255838,14.1332108053395,-3.76145040092979e-06,-5.73333184235025e-05
13410,36,55,36.0000026085046,55.000047279653,5.86038556118531,14.133207312952,-2.60850457323158e-06,-4.72796529891184e-05
13428,36,55,36.0000015911894,55.000038337524,5.86038682817418,14.1332046294134,-1.5911893598286e-06,-3.83375239607631e-05
13446,36,55,36.0000007082454,55.0000304976297,5.86038813270551,14.1332026282466,-7.08245373459704e-07,-3.04976296874315e-05
13464,36,55,35.9999999560776,55.0000237317623,5.86038943990944,14.1332011902542,4.39224407955408e-08,-2.37317622975297e-05
13482,36,55,35.9999993290986,55.0000179961997,5.86039072064659,14.1332002046025,6.70901400212642e-07,-1.7996199680681e-05
13500,36,55,35.9999988201062,55.0000132348614,5.8603919510948,14.1331995695981,1.17989382886208e-06,-1.3234861427236e-05
13518,36,55,35.9999984206732,55.0000093821779,5.86039311223339,14.1331991931964,1.57932678490624e-06,-9.38217786483619e-06
13536,36,55,35.9999981215271,55.0000063656556,5.86039418930369,14.1331989932771,1.87847291499565e-06,-6.36565564349212e-06
13554,36,55,35.9999979128952,55.0000041081489,5.86039517130701,14.1331988977153,2.08710480364971e-06,-4.10814890727806e-06
13572,36,55,35.9999977848014,55.0000025298602,5.86039605057099,14.1331988442707,2.21519862009245e-06,-2.52986023951962e-06
13590,36,55,35.9999977273056,55.0000015500997,5.8603968223886,14.1331987803183,2.27269435981725e-06,-1.55009968239028e-06
13608,36,55,35.9999977306882,55.0000010888266,5.86039748471505,14.1331986624404,2.26931179980738e-06,-1.08882663596432e-06
13626,36,55,35.9999977855851,55.0000010679912,5.86039803789675,14.1331984559014,2.21441487724405e-06,-1.06799120658252e-06
13644,36,55,35.9999978830864,55.0000014126833,5.86039848440519,14.1331981340298,2.11691361329258e-06,-1.41268326103727e-06
13662,36,55,35.9999980148076,55.0000020520902,5.86039882855786,14.1331976775295,1.98519240512951e-06,-2.05209023818043e-06
13680,36,55,35.9999981729449,55.0000029202628,5.8603990762162,14.1331970737452,1.8270550938837e-06,-2.92026282977531e-06
13698,36,55,35.9999983503193,55.0000039566887,5.8603992344651,14.1331963159053,1.6496806978239e-06,-3.95668871533417e-06
13716,36,55,35.999998540413,55.0000051066791,5.86039931128484,14.1331954023615,1.45958703967608e-06,-5.10667912578811e-06
13734,36,55,35.9999987373975,55.0000063215797,5.86039931523265,14.1331943358436,1.26260252386601e-06,-6.32157966151681e-06
13752,36,55,35.9999989361519,55.0000075588229,5.86039925515117,14.1331931227424,1.06384814557714e-06,-7.55882288672183e-06
13770,36,55,35.999999132268,55.0000087818451,5.86039913991573,14.1331917724314,8.67732047993286e-07,-8.78184509645052e-06
13788,36,55,35.9999993220414,55.0000099598924,5.86039897823007,14.1331902966331,6.77958631456477e-07,-9.95989243790518e-06
13806,36,55,35.9999995024476,55.0000110677413,5.86039877846886,14.1331887088358,4.97552377964894e-07,-1.10677413118765e-05
13824,36,55,35.9999996711046,55.0000120853563,5.86039854856517,14.1331870237614,3.28895367829318e-07,-1.2085356274838e-05
13842,36,55,35.9999998262243,55.0000129975049,5.8603982959327,14.1331852568871,1.73775717371427e-07,-1.29975049247832e-05
13860,36,55,35.9999999665564,55.0000137933452,5.86039802741569,14.1331834240204,3.34436336402177e-08,-1.37933451895833e-05
13878,36,55,36.0000000913288,55.0000144659968,5.86039774925591,14.1331815409267,-9.13287649950689e-08,-1.44659968128735e-05
13896,36,55,36.0000002001871,55.0000150121056,5.86039746707177,14.1331796230108,-2.00187116661255e-07,-1.50121055639829e-05
13914,36,55,36.0000002931365,55.0000154314069,5.86039718584572,14.1331776850486,-2.93136452000908e-07,-1.54314068510075e-05
13932,36,55,36.0000003704865,55.000015726294,5.86039690991778,14.1331757409701,-3.70486503697975e-07,-1.57262939950442e-05
13950,36,55,36.0000004328013,55.0000159013967,5.86039664298678,14.1331738036887,-4.32801272154393e-07,-1.59013967149235e-05
13968,36,55,36.0000004808528,55.0000159631745,5.86039638812045,14.1331718849752,-4.80852804685128e-07,-1.59631745191291e-05
13986,36,55,36.0000005155789,55.0000159195304,5.86039614777474,14.1331699953734,-5.1557886848741e-07,-1.5919530412134e-05
14004,36,55,36.0000005380438,55.0000157794498,5.86039592382454,14.1331681441508,-5.3804379263056e-07,-1.57794497681607e-05
14022,36,55,36.0000005494022,55.0000155526685,5.86039571760324,14.1331663392832,-5.494022374819e-07,-1.55526685361451e-05
14040,36,55,36.0000005508656,55.0000152493743,5.86039552995063,14.1331645874649,-5.50865628667907e-07,-1.52493742717752e-05
14058,36,55,36.0000005436713,55.0000148799418,5.86039536126701,14.1331628941441,-5.43671255570644e-07,-1.4879941829804e-05
14076,36,55,36.0000005290545,55.0000144547047,5.86039521156867,14.1331612635754,-5.29054531739348e-07,-1.4454704654554e-05
14094,36,55,36.0000005082246,55.000013983761,5.86039508054436,14.1331596988885,-5.08224616169173e-07,-1.39837610007021e-05
14112,36,55,36.0000004823438,55.0000134768137,5.86039496760947,14.1331582021683,-4.82343750718428e-07,-1.34768136632601e-05
14130,36,55,36.0000004525106,55.000012943041,5.86039487195608,14.1331567745429,-4.52510590776001e-07,-1.29430409998577e-05
14148,36,55,36.0000004197475,55.0000123909965,5.86039479259883,14.1331554162778,-4.19747458124675e-07,-1.23909965168423e-05
14166,36,55,36.0000003849913,55.0000118285344,5.8603947284165,14.1331541268734,-3.84991274415825e-07,-1.1828534368874e-05
14184,36,55,36.0000003490879,55.0000112627581,5.86039467818894,14.1331529051634,-3.49087876827525e-07,-1.12627581003721e-05
14202,36,55,36.0000003127892,55.0000106999899,5.86039464063033,14.1331517494127,-3.1278918299904e-07,-1.06999899429638e-05
14220,36,55,36.0000002767527,55.0000101457586,5.8603946144193,14.1331506574121,-2.76752679440051e-07,-1.01457585941489e-05
14238,36,55,36.0000002415428,55.000009604803,5.86039459822602,14.1331496265704,-2.41542750245571e-07,-9.60480297607091e-06
14256,36,55,36.0000002076335,55.0000090810902,5.86039459073591,14.1331486539996,-2.07633505056037e-07,-9.08109021224845e-06
14274,36,55,36.0000001754126,55.0000085778455,5.86039459067139,14.1331477365958,-1.7541261598808e-07,-8.57784547036999e-06
14292,36,55,36.0000001451861,55.0000080975918,5.86039459680978,14.1331468711118,-1.45186078270854e-07,-8.09759178821423e-06
14310,36,55,36.0000001171837,55.0000076421978,5.86039460799795,14.1331460542235,-1.17183702741386e-07,-7.64219781501652e-06
14328,36,55,36.0000000915651,55.0000072129315,5.86039462316448,14.133145282588,-9.15650844035554e-08,-7.21293146455082e-06
14346,36,55,36.0000000684261,55.0000068105175,5.86039464132761,14.1331445528949,-6.84260896832711e-08,-6.81051749751305e-06
14364,36,55,36.0000000478057,55.0000064351974,5.86039466160036,14.1331438619093,-4.78056847441621e-08,-6.43519741316823e-06
14382,36,55,36.0000000296929,55.00000608679,5.86039468319313,14.1331432065086,-2.96929272280977e-08,-6.08678999469703e-06
14400,36,55,36.000000014034,55.0000057647512,5.86039470541371,14.1331425837116,-1.4034014839126e-08,-5.76475118663211e-06
14418,36,55,36.0000000007393,55.0000054682322,5.86039472766509,14.1331419907018,-7.39269978566881e-10,-5.46823215330505e-06
14436,36,55,35.9999999896898,55.0000051961349,5.86039474944248,14.1331414248448,1.03102024695545e-08,-5.19613488592086e-06
14454,36,55,35.9999999807438,55.0000049471643,5.86039477032832,14.1331408836995,1.92561557810222e-08,-4.9471643421839e-06
14472,36,55,35.9999999737427,55.0000047198771,5.86039478998704,14.1331403650258,2.62573465192872e-08,-4.71987705452648e-06
14490,36,55,35.9999999685157,55.0000045127256,5.86039480815938,14.1331398667866,3.14842623083678e-08,-4.5127255603461e-06
14508,36,55,35.9999999648857,55.0000043240987,5.86039482465559,14.1331393871471,3.51143398802378e-08,-4.32409868267314e-06
14526,36,55,35.9999999626722,55.0000041523574,5.86039483934919,14.1331389244699,3.7327829716105e-08,-4.15235739126274e-06
14544,36,55,35.9999999616958,55.0000039958663,5.86039485217016,14.1331384773082,3.83042078055951e-08,-3.99586627963799e-06
14562,36,55,35.9999999617809,55.0000038530207,5.86039486309767,14.133138044396,3.82190563641416e-08,-3.85302071492788e-06
14580,36,55,35.9999999627584,55.0000037222696,5.86039487215398,14.1331376246376,3.72415627225564e-08,-3.7222696249728e-06
14598,36,55,35.9999999644677,55.0000036021343,5.86039487939682,14.1331372170943,3.55323308554034e-08,-3.60213429928535e-06
14616,36,55,35.9999999667582,55.0000034912231,5.8603948849137,14.1331368209718,3.32417684489883e-08,-3.49122305465244e-06
14634,36,55,35.9999999694912,55.0000033882425,5.86039488881526,14.1331364356061,3.05087723972974e-08,-3.38824251144842e-06
14652,36,55,35.9999999725402,55.0000032920052,5.86039489122981,14.1331360604492,2.74598406235782e-08,-3.29200523907502e-06
14670,36,55,35.9999999757915,55.0000032014346,5.86039489229797,14.1331356950557,2.42085107515777e-08,-3.20143455212474e-06
14688,36,55,35.9999999791449,55.0000031155666,5.86039489216814,14.1331353390689,2.085512562644e-08,-3.1155665709548e-06
14706,36,55,35.9999999825131,55.0000030335499,5.86039489099225,14.1331349922079,1.74868617364154e-08,-3.03354990194293e-06
14724,36,55,35.999999985822,55.0000029546434,5.86039488892247,14.1331346542548,1.41780418516646e-08,-2.95464339217233e-06
14742,36,55,35.9999999890094,55.0000028782122,5.86039488610777,14.1331343250438,1.09905755607542e-08,-2.87821221434115e-06
14760,36,55,35.9999999920253,55.0000028037226,5.86039488269203,14.1331340044499,7.97467691882048e-09,-2.80372256611372e-06
14778,36,55,35.9999999948304,55.0000027307354,5.86039487881146,14.1331336923798,5.16960341201411e-09,-2.73073541734448e-06
14796,36,55,35.9999999973954,55.0000026588993,5.86039487459337,14.1331333887625,2.60455124134751e-09,-2.65889931938545e-06
14814,36,55,35.9999999997004,55.0000025879428,5.86039487015476,14.1331330935422,2.99579028251173e-10,-2.58794280227903e-06
14832,36,55,36.0000000017334,55.0000025176663,5.86039486560168,14.1331328066713,-1.73341163645091e-09,-2.51766631720329e-06
14850,36,55,36.0000000034897,55.0000024479341,5.86039486102843,14.1331325281048,-3.48972406527537e-09,-2.447934122074e-06
14868,36,55,36.0000000049709,55.0000023786661,5.86039485651755,14.1331322577956,-4.97089303053144e-09,-2.37866612451398e-06
14886,36,55,36.0000000061837,55.0000023098299,5.8603948521398,14.1331319956904,-6.18373974248243e-09,-2.30982988114192e-06
14904,36,55,36.0000000071395,55.000002241433,5.86039484795428,14.1331317417268,-7.13949077635334e-09,-2.24143295213253e-06
14922,36,55,36.0000000078529,55.0000021735156,5.86039484400895,14.1331314958313,-7.85291831562063e-09,-2.17351555420464e-06
14940,36,55,36.0000000083415,55.0000021061438,5.86039484034146,14.1331312579173,-8.3415159224387e-09,-2.10614376783269e-06
14958,36,55,36.0000000086248,55.0000020394033,5.86039483697933,14.1331310278844,-8.62481641661361e-09,-2.03940326315433e-06
14976,36,55,36.0000000087237,55.0000019733935,5.86039483394136,14.133130805618,-8.72366712201256e-09,-1.97339354457426e-06
14994,36,55,36.0000000086597,55.0000019082229,5.86039483123816,14.1331305909892,-8.65965432694793e-09,-1.90822285617287e-06
15012,36,55,36.0000000084546,55.0000018440037,5.86039482887302,14.1331303838554,-8.45459169340756e-09,-1.84400369107607e-06
15030,36,55,36.00000000813,55.0000017808489,5.8603948268432,14.1331301840612,-8.13001577171235e-09,-1.78084887636487e-06
15048,36,55,36.0000000077069,55.0000017188683,5.86039482514027,14.133129991439,-7.70685915085778e-09,-1.71886826194623e-06
15066,36,55,36.0000000072051,55.0000016581659,5.86039482375141,14.1331298058108,-7.20510229257343e-09,-1.65816594943635e-06
15084,36,55,36.0000000066435,55.0000015988381,5.86039482266017,14.1331296269892,-6.64351773593808e-09,-1.59883813921624e-06
15102,36,55,36.0000000060395,55.0000015409714,5.86039482184707,14.1331294547789,-6.03949956712313e-09,-1.54097136118025e-06
15120,36,55,36.0000000054089,55.0000014846412,5.86039482129058,14.1331292889786,-5.40890709999076e-09,-1.4846412241809e-06
15138,36,55,36.000000004766,55.0000014299116,5.86039482096765,14.1331291293821,-4.76597961096559e-09,-1.42991157758843e-06
15156,36,55,36.0000000041233,55.000001376834,5.86039482085435,14.1331289757801,-4.12329370647058e-09,-1.37683402101629e-06
15174,36,55,36.0000000034918,55.0000013254478,5.86039482092635,14.1331288279615,-3.491763322927e-09,-1.3254477977398e-06
15192,36,55,36.0000000028806,55.0000012757799,5.86039482115957,14.1331286857148,-2.88064683218181e-09,-1.27577989417205e-06
15210,36,55,36.0000000022976,55.0000012278454,5.86039482153048,14.1331285488296,-2.2976038849265e-09,-1.22784543066246e-06
15228,36,55,36.0000000017488,55.0000011816482,5.86039482201626,14.1331284170976,-1.74879488668012e-09,-1.1816482441418e-06
15246,36,55,36.0000000012389,55.0000011371816,5.86039482259544,14.1331282903137,-1.23894494663546e-09,-1.13718159866494e-06
15264,36,55,36.0000000007715,55.000001094429,5.86039482324793,14.133128168277,-7.71450459069456e-10,-1.09442903806212e-06
15282,36,55,36.0000000003485,55.0000010533654,5.86039482395502,14.1331280507915,-3.48528317317687e-10,-1.05336535227707e-06
15300,36,55,35.9999999999713,55.0000010139576,5.86039482469991,14.1331279376668,2.8705926524708e-11,-1.013957557916e-06
15318,36,55,35.9999999996399,55.0000009761659,5.86039482546733,14.1331278287189,3.60074636773788e-10,-9.76165900112846e-07
15336,36,55,35.9999999993538,55.0000009399449,5.86039482624383,14.1331277237704,6.46224407319096e-10,-9.3994489702709e-07
15354,36,55,35.9999999991115,55.0000009052444,5.86039482701777,14.1331276226508,8.88512374785932e-10,-9.05244377236158e-07
15372,36,55,35.9999999989111,55.0000008720104,5.86039482777909,14.1331275251969,1.08886410998821e-09,-8.72010403440981e-07
15390,36,55,35.9999999987503,55.0000008401862,5.86039482851944,14.1331274312529,1.24967414194543e-09,-8.40186245909536e-07
15408,36,55,35.9999999986263,55.0000008097132,5.8603948292321,14.1331273406703,1.37370648189972e-09,-8.09713220917274e-07
15426,36,55,35.999999998536,55.0000007805315,5.86039482991168,14.133127253308,1.46397383105068e-09,-7.80531536292983e-07
15444,36,55,35.9999999984763,55.000000752581,5.86039483055411,14.1331271690319,1.52365231542717e-09,-7.52580980645234e-07
15462,36,55,35.999999998444,55.0000007258016,5.86039483115672,14.1331270877153,1.5560246424684e-09,-7.25801591272557e-07
15480,36,55,35.9999999984356,55.0000007001342,5.86039483171771,14.1331270092381,1.56437351961358e-09,-7.00134236808481e-07
15498,36,55,35.999999998448,55.0000006755211,5.86039483223643,14.1331269334867,1.5519532325925e-09,-6.7552109328517e-07
15516,36,55,35.9999999984781,55.0000006519061,5.86039483271299,14.133126860354,1.52191859115192e-09,-6.51906091775345e-07
15534,36,55,35.9999999985227,55.0000006292352,5.86039483314823,14.1331267897387,1.47728940191882e-09,-6.29235216820234e-07
15552,36,55,35.9999999985791,55.0000006074568,5.86039483354352,14.1331267215451,1.4209007304089e-09,-6.07456811962948e-07
15570,36,55,35.9999999986446,55.0000005865218,5.86039483390078,14.1331266556828,1.35539579559918e-09,-5.86521778700444e-07
15588,36,55,35.9999999987168,55.0000005663837,5.86039483422239,14.1331265920664,1.28321175907331e-09,-5.66383690170369e-07
15606,36,55,35.9999999987935,55.0000005469989,5.86039483451066,14.1331265306149,1.20651577617537e-09,-5.46998919048747e-07
15624,36,55,35.9999999988727,55.0000005283267,5.86039483476865,14.1331264712518,1.12729026113811e-09,-5.2832666597169e-07
15642,36,55,35.9999999989528,55.0000005103289,5.86039483499893,14.1331264139043,1.04722630567267e-09,-5.10328888481126e-07
15660,36,55,35.9999999990322,55.0000004929703,5.86039483520462,14.1331263585032,9.67823154951475e-10,-4.92970336551934e-07
15678,36,55,35.9999999991097,55.0000004762184,5.86039483538853,14.1331263049828,8.90331364189478e-10,-4.7621843179968e-07
15696,36,55,35.9999999991842,55.0000004600432,5.8603948355534,14.1331262532802,8.15774114926171e-10,-4.60043168004631e-07
15714,36,55,35.999999999255,55.000000444417,5.86039483570196,14.1331262033353,7.44975636735035e-10,-4.44416969003214e-07
15732,36,55,35.9999999993214,55.0000004293146,5.86039483583684,14.1331261550907,6.78582523505611e-10,-4.29314603422881e-07
15750,36,55,35.999999999383,55.0000004147129,5.86039483596014,14.133126108491,6.17021100879356e-10,-4.14712943097584e-07
15768,36,55,35.9999999994394,55.0000004005908,5.8603948360744,14.1331260634832,5.60625323942077e-10,-4.00590842275506e-07
15786,36,55,35.9999999994905,55.000000386929,5.86039483618128,14.133126020016,5.09530195813568e-10,-3.86928988405089e-07
15804,36,55,35.9999999995362,55.0000003737097,5.86039483628273,14.1331259780401,4.63785454485333e-10,-3.73709724499349e-07
15822,36,55,35.9999999995767,55.0000003609168,5.86039483638019,14.1331259375075,4.23312940256437e-10,-3.60916843078485e-07
15840,36,55,35.999999999612,55.0000003485355,5.86039483647502,14.1331258983721,3.87956333725015e-10,-3.48535479588463e-07
15858,36,55,35.9999999996425,55.0000003365519,5.86039483656838,14.1331258605888,3.57488261215622e-10,-3.36551948976194e-07
15876,36,55,35.9999999996684,55.0000003249536,5.86039483666101,14.1331258241141,3.31596083924524e-10,-3.24953589370125e-07
15894,36,55,35.99999999969,55.0000003137286,5.86039483675395,14.1331257889057,3.09974268475344e-10,-3.13728605760843e-07
15912,36,55,35.9999999997078,55.000000302866,5.86039483684756,14.1331257549223,2.92246227218129e-10,-3.02865984735945e-07
15930,36,55,35.999999999722,55.0000002923554,5.86039483694226,14.1331257221238,2.78021161648212e-10,-2.92355366582342e-07
15948,36,55,35.9999999997331,55.0000002821869,5.86039483703847,14.1331256904712,2.66922484115639e-10,-2.82186917388572e-07
15966,36,55,35.9999999997415,55.0000002723513,5.86039483713613,14.1331256599266,2.5853807983367e-10,-2.72351286412231e-07
15984,36,55,35.9999999997475,55.0000002628395,5.86039483723539,14.133125630453,2.52484255724994e-10,-2.62839492393141e-07
16002,36,55,35.9999999997516,55.0000002536428,5.86039483733619,14.1331256020145,2.48391529567016e-10,-2.53642838288215e-07
16020,36,55,35.9999999997541,55.0000002447529,5.86039483743829,14.1331255745759,2.4589041913714e-10,-2.44752911271462e-07
16038,36,55,35.9999999997553,55.0000002361615,5.86039483754169,14.1331255481032,2.44668285631633e-10,-2.36161469047147e-07
16056,36,55,35.9999999997556,55.0000002278604,5.8603948376459,14.1331255225635,2.44398279392044e-10,-2.27860439849792e-07
16074,36,55,35.9999999997552,55.0000002198419,5.8603948377508,14.1331254979243,2.44810394178785e-10,-2.19841879811611e-07
16092,36,55,35.9999999997543,55.000000212098,5.86039483785608,14.1331254741546,2.45663045461697e-10,-2.12097972962511e-07
16110,36,55,35.9999999997533,55.000000204621,5.86039483796124,14.1331254512239,2.46714648710622e-10,-2.04620960175816e-07
16128,36,55,35.9999999997522,55.0000001974032,5.86039483806622,14.1331254291028,2.47801779096335e-10,-1.97403167589982e-07
16146,36,55,35.9999999997512,55.000000190437,5.86039483817052,14.1331254077628,2.48753906362253e-10,-1.90437013714018e-07
16164,36,55,35.9999999997506,55.000000183715,5.8603948382738,14.1331253871762,2.49428921961226e-10,-1.83714959689496e-07
16182,36,55,35.9999999997503,55.0000001772296,5.86039483837599,14.1331253673163,2.49748666192318e-10,-1.77229551923119e-07
16200,36,55,35.9999999997504,55.0000001709734,5.86039483847647,14.1331253481572,2.49599452217808e-10,-1.70973407875863e-07
