Tempo,Referencia_Temperatura,Referencia_Umidade,Saida_Temperatura,Saida_Umidade,Controle_Temperatura,Controle_Umidade,Erro_Temperatura,Erro_Umidade
18,30,50,22,50,0,0,8,0
36,30,50,22,50,0,0,8,0
54,30,50,22,50,0,0,8,0
72,30,50,22,50,0,0,8,0
90,30,50,22,50,0,0,8,0
108,30,50,22,50,0,0,8,0
126,30,50,22,50,0,0,8,0
144,30,50,22,50,3.29760000000001,0,8,0
162,30,50,22,50,6.59520000000002,0,8,0
180,30,50,22,50,9.89280000000004,0,8,0
198,30,50,22,50,13.1904000000001,0,8,0
216,30,50,22.290056896,50,14.3907146077825,0,7.709943104,0
234,30,50,22.8776156399488,50,14.581663313511,0,7.1223843600512,0
252,30,50,23.7530966723425,49.57329056,13.74225619196,0.234166287632002,6.24690332765755,0.426709440000003
270,30,50,24.907228895493,48.7147633122174,11.7791905602716,0.676596500964005,5.09277110450697,1.28523668778264
288,30,50,26.1465625179587,47.4869266886263,9.93604909131946,1.34410525608523,3.8534374820413,2.51307331137369
306,30,50,27.3680623519717,45.9428002913493,8.08150157889476,2.26387917686271,2.63193764802834,4.05719970865069
324,30,50,28.4718002056974,44.4064165484491,6.49739138046834,3.30620372485501,1.52819979430264,5.59358345155091
342,30,50,29.353300404782,43.0656548673094,5.55314405310461,4.42791882837675,0.646699595217989,6.93434513269064
360,30,50,30.020115528963,42.0692209631513,4.83144380507002,5.55912422275552,-0.0201155289630002,7.93077903684874
378,30,50,30.4744703363806,41.562907454638,4.43753988101861,6.60622471193567,-0.474470336380627,8.43709254536198
396,30,50,30.7451561589367,41.5123231214303,4.2605041798439,7.55637510586484,-0.74515615893673,8.4876768785697
414,30,50,30.8949987212464,41.8751448436885,4.04697647947898,8.37137906353684,-0.894998721246417,8.12485515631147
432,30,50,30.9515127375777,42.5736868708181,3.92101814229966,9.03606025807563,-0.951512737577733,7.42631312918189
450,30,50,30.950065611957,43.4774583292281,3.78501937839996,9.56694559279476,-0.950065611957022,6.5225416707719
468,30,50,30.9159182094773,44.5113751943021,3.63401571575915,9.95597281492265,-0.915918209477347,5.48862480569788
486,30,50,30.8512697881217,45.5974822517106,3.57543112558354,10.216119842059,-0.851269788121744,4.40251774828941
504,30,50,30.7679479802658,46.6746283100557,3.54588072253825,10.3600049928534,-0.767947980265781,3.32537168994435
522,30,50,30.6690658127204,47.7217878561593,3.58198508426476,10.3887585711634,-0.669065812720387,2.27821214384075
540,30,50,30.5566878830307,48.7082969335937,3.68876690910423,10.3188743679922,-0.55668788303074,1.29170306640633
558,30,50,30.4418651357925,49.617966721422,3.80086209264457,10.1607898994658,-0.441865135792469,0.382033278577978
576,30,50,30.3299564318492,50.4408587526594,3.92858564203741,9.92618450875895,-0.329956431849212,-0.440858752659352
594,30,50,30.2288951034584,51.1564382496127,4.03667664279483,9.63492534702602,-0.228895103458356,-1.15643824961268
612,30,50,30.1466009468828,51.7554041043519,4.09789702317719,9.30120058125156,-0.146600946882756,-1.75540410435185
630,30,50,30.0847437553081,52.228838292366,4.12687658240263,8.94222036099931,-0.0847437553081285,-2.22883829236599
648,30,50,30.0452036112533,52.5702643264933,4.10885817450509,8.57500247244562,-0.0452036112533136,-2.57026432649326
666,30,50,30.026332031638,52.7852795104263,4.05473777309071,8.21117870212808,-0.0263320316379847,-2.78527951042632
684,30,50,30.0236415289423,52.8815194756736,3.9812745944839,7.86285555399234,-0.0236415289422709,-2.88151947567363
702,30,50,30.0335806986353,52.872748714925,3.88796374489888,7.53823827123031,-0.0335806986353404,-2.87274871492499
720,30,50,30.0511671544819,52.7778580075917,3.79018163268761,7.24221037822944,-0.0511671544818952,-2.77785800759173
738,30,50,30.0722420983452,52.6143199087603,3.69318074576119,6.97911854037266,-0.0722420983451606,-2.6143199087603
756,30,50,30.0941027296183,52.4010594850862,3.59698146572929,6.75013868994242,-0.0941027296182817,-2.40105948508616
774,30,50,30.1140517366632,52.1551417443619,3.50900998533297,6.55545803139446,-0.114051736663178,-2.15514174436186
792,30,50,30.1307682339066,51.8902865507368,3.42787581164673,6.39469199776342,-0.130768233906618,-1.89028655073675
810,30,50,30.1434751143263,51.6190271385221,3.35478646433102,6.26582413639083,-0.143475114326293,-1.61902713852214
828,30,50,30.1514678538824,51.3507415673204,3.29310958907627,6.16683502401215,-0.151467853882401,-1.35074156732039
846,30,50,30.1547540324237,51.0927097621501,3.24166992510477,6.09513287166877,-0.154754032423728,-1.09270976215013
864,30,50,30.153305734813,50.8510010356916,3.20264232103062,6.04751810066125,-0.153305734813024,-0.851001035691645
882,30,50,30.1472695327852,50.6295467774531,3.17679713736261,6.02100496560072,-0.147269532785245,-0.629546777453101
900,30,50,30.1371625472802,50.4312618957848,3.16292378082376,6.01228975577019,-0.137162547280166,-0.431261895784822
918,30,50,30.1234804488885,50.2579144514994,3.16136493299694,6.01815561200353,-0.123480448888483,-0.257914451499367
936,30,50,30.1069757343076,50.1098721500327,3.17030867635738,6.035725462337,-0.106975734307603,-0.109872150032707
954,30,50,30.0885366870417,49.9868069204859,3.18776790248155,6.0621966243803,-0.0885366870417172,0.0131930795140676
972,30,50,30.0690033639511,49.8874387043395,3.21232852898644,6.09519768840939,-0.0690033639510759,0.112561295660505
990,30,50,30.0492896380978,49.8097934915163,3.24148675306118,6.13271358906627,-0.0492896380977541,0.190206508483712
1008,30,50,30.0301900727576,49.7516221202512,3.27354574451275,6.17298794799027,-0.0301900727575841,0.248377879748837
1026,30,50,30.0123519549724,49.7103266616198,3.30702723109775,6.21467533609953,-0.01235195497242,0.289673338380247
1044,30,50,29.996318526,49.6833205177632,3.34029801159727,6.25667189270522,0.0036814739999933,0.316679482236786
1062,30,50,29.9824304656169,49.6681668936784,3.37251315869989,6.29810562196672,0.0175695343831386,0.331833106321568
1080,30,50,29.9708904254024,49.6625624085445,3.40280450497119,6.33835333531896,0.029109574597598,0.33743759145554
1098,30,50,29.9617816742118,49.6645252105719,3.43048334310669,6.37691825054157,0.0382183257882254,0.335474789428076
1116,30,50,29.9550535966535,49.672340469849,3.45527557003717,6.41345646892454,0.0449464033465219,0.327659530150974
1134,30,50,29.9505890579329,49.6845439946605,3.47682672590735,6.44774352295867,0.0494109420670981,0.315456005339541
1152,30,50,29.9482033746702,49.699961595213,3.49502979100053,6.47961946961134,0.0517966253298354,0.300038404787017
1170,30,50,29.9476592181614,49.7176185699673,3.50994079434584,6.50901098283214,0.0523407818386126,0.2823814300327
1188,30,50,29.9487025260276,49.7367392516484,3.52160565818385,6.53589053940236,0.0512974739723973,0.263260748351605
1206,30,50,29.9510558011065,49.7567291519581,3.53027171042571,6.56026212859643,0.0489441988934551,0.243270848041874
1224,30,50,29.954438883737,49.7771172136135,3.53621800862287,6.58216773796207,0.0455611162630376,0.222882786386549
1242,30,50,29.9585831100893,49.7975597155352,3.53974439250186,6.60165947524291,0.0414168899107281,0.202440284464828
1260,30,50,29.9632301553938,49.8178060301814,3.54123667703742,6.61880373673296,0.036769844606237,0.182193969818584
1278,30,50,29.9681488798613,49.8376689633113,3.54103555435565,6.63367982366395,0.0318511201386897,0.16233103668872
1296,30,50,29.9731377824561,49.8570202620951,3.53948090032232,6.64636918483911,0.0268622175439361,0.142979737904938
1314,30,50,29.978026023588,49.8757600095076,3.5369028329985,6.6569642599044,0.0219739764119815,0.124239990492441
1332,30,50,29.9826800204407,49.8938059276157,3.5335658329947,6.66556518216579,0.0173199795592822,0.106194072384255
1350,30,50,29.9869986887377,49.9110877042117,3.52971647089515,6.67227875508583,0.0130013112623431,0.0889122957882833
1368,30,50,29.99091221544,49.9275327876002,3.52555819431293,6.67722373877521,0.00908778456002324,0.0724672123998005
1386,30,50,29.9943801592666,49.9430693496446,3.52124683534049,6.68052682527263,0.00561984073335253,0.0569306503553619
1404,30,50,29.9973847070293,49.9576255593729,3.51691900436849,6.68232350658274,0.0026152929707095,0.0423744406270714
1422,30,50,29.9999280528663,49.9711291624525,3.51267238766795,6.68275816932117,7.19471337227162e-05,0.0288708375475011
1440,30,50,30.0020278043398,49.9835147524654,3.50857932064421,6.68198007649304,-0.00202780433979299,0.0164852475345754
1458,30,50,30.0037120758692,49.9947251529436,3.50469593525727,6.68014314928257,-0.00371207586921685,0.00527484705642678
1476,30,50,30.0050171943312,50.00471507603,3.50105308277812,6.67740322639543,-0.00501719433124848,-0.00471507603002408
1494,30,50,30.0059838983528,50.0134555281216,3.49767045280841,6.67391489995878,-0.00598389835283797,-0.0134555281215754
1512,30,50,30.0066548189161,50.0209340332714,3.49455644412081,6.669830255535,-0.00665481891606134,-0.0209340332714234
1530,30,50,30.0070729216577,50.0271567738279,3.49170769214908,6.66529574734038,-0.00707292165770212,-0.0271567738279046
1548,30,50,30.007279299144,50.032148969524,3.48911812056133,6.66045014218748,-0.00727929914400605,-0.0321489695240018
1566,30,50,30.0073122805552,50.0359535512466,3.48677655056168,6.65542302259552,-0.00731228055518685,-0.0359535512466351
1584,30,50,30.0072066535853,50.0386308078706,3.48466959455215,6.65033259547105,-0.00720665358525352,-0.0386308078705824
1602,30,50,30.0069929199696,50.0402562000221,3.48278511534723,6.64528473213028,-0.00699291996955509,-0.0402562000221138
1620,30,50,30.0066973977649,50.0409179680226,3.48111001596067,6.6403720405469,-0.00669739776493117,-0.0409179680225691
1638,30,50,30.0063421773634,50.0407149265209,3.4796327269308,6.63567308496427,-0.0063421773633543,-0.0407149265209483
1656,30,50,30.0059453497297,50.0397532085282,3.47834310739329,6.63125248308774,-0.0059453497296964,-0.0397532085282251
1674,30,50,30.0055215528912,50.0381434407341,3.47723113469036,6.62716096189243,-0.00552155289117451,-0.0381434407341104
1692,30,50,30.0050823297447,50.0359978883228,3.47628811691901,6.62343585185181,-0.00508232974472733,-0.0359978883227967
1710,30,50,30.0046366821636,50.0334274388747,3.47550551814583,6.62010200807641,-0.00463668216362478,-0.0334274388747104
1728,30,50,30.004191596978,50.0305392325614,3.47487461219494,6.61717271029498,-0.00419159697797156,-0.0305392325614164
1746,30,50,30.0037524250551,50.0274344078019,3.47438685949639,6.61465090669263,-0.00375242505509021,-0.0274344078019269
1764,30,50,30.0033233257735,50.0242062361723,3.47403301604734,6.61253053770346,-0.0033233257735219,-0.0242062361722759
1782,30,50,30.0029075714966,50.0209388520899,3.47380335581257,6.61079783146706,-0.00290757149656429,-0.0209388520898841
1800,30,50,30.0025077777196,50.0177062287778,3.47368769625187,6.6094327290752,-0.00250777771962518,-0.0177062287777687
1818,30,50,30.0021261241496,50.0145716559719,3.47367507134008,6.60841020424375,-0.00212612414962265,-0.0145716559718849
1836,30,50,30.0017644592636,50.011587613412,3.4737541165416,6.6077015230416,-0.00176445926356195,-0.0115876134119617
1854,30,50,30.0014243849313,50.0087958850378,3.47391304814264,6.60727546114091,-0.00142438493134733,-0.0087958850377845
1872,30,50,30.0011073094748,50.0062280345712,3.47413974923628,6.60709935419872,-0.00110730947481841,-0.00622803457123666
1890,30,50,30.0008144414134,50.0039060686989,3.47442212545309,6.60714005582765,-0.00081444141337883,-0.00390606869886767
1908,30,50,30.0005467888803,50.0018432522369,3.47474816434272,6.60736476742809,-0.000546788880338767,-0.00184325223685988
1926,30,50,30.0003051347459,50.0000450871603,3.47510619531082,6.60774170834055,-0.000305134745897107,-4.50871603234759e-05
1944,30,50,30.0000899995833,49.9985103251867,3.47548514207175,6.60824068029904,-8.99995832810419e-05,0.0014896748133495
1962,30,50,29.9999016198575,49.9972320223826,3.47587462743419,6.60883349300942,9.83801425107345e-05,0.00276797761743097
1980,30,50,29.9997399194809,49.9961985978674,3.47626520123457,6.60949426818927,0.000260080519137063,0.00380140213256652
1998,30,50,29.9996044946262,49.9953948309065,3.47664845529099,6.6101996505076,0.000395505373809613,0.00460516909349451
2016,30,50,29.9994946143315,49.9948028106929,3.47701708808419,6.61092891266339,0.000505385668482461,0.00519718930708279
2034,30,50,29.9994092263687,49.9944027990705,3.47736499979927,6.61166398480762,0.000590773631294894,0.00559720092945071
2052,30,50,29.9993469807847,49.9941739903182,3.47768728005371,6.61238942005482,0.000653019215327788,0.00582600968184721
2070,30,50,29.999306263201,49.9940951792879,3.47798019221276,6.61309229931785,0.000693736799021849,0.005904820712054
2088,30,50,29.99928523457,49.9941453176647,3.47824113972777,6.6137620997439,0.000714765430000597,0.00585468233527564
2106,30,50,29.999281880976,49.994303968857,3.47846857153288,6.61439053067448,0.000718119023986219,0.00569603114303874
2124,30,50,29.9992940649981,49.9945516702301,3.47866189930074,6.61497134654939,0.00070593500186078,0.00544832976989085
2142,30,50,29.9993195786885,49.9948702011079,3.47882138863889,6.61550015042938,0.000680421311457735,0.00512979889205667
2160,30,50,29.9993561970087,49.9952427742093,3.47894803216037,6.61597418951085,0.000643802991287856,0.00475722579068361
2178,30,50,29.9994017266403,49.9956541575524,3.47904343596427,6.61639215132633,0.000598273359670998,0.00434584244759861
2196,30,50,29.9994540512205,49.9960907348296,3.47910969173696,6.61675396594576,0.000545948779517857,0.00390926517036405
2214,30,50,29.9995111708151,49.9965405190501,3.47914925632018,6.61706061498239,0.000488829184948969,0.00345948094994242
2232,30,50,29.9995712339757,49.9969931252338,3.47916484357765,6.61731395264475,0.000428766024278104,0.00300687476624972
2250,30,50,29.9996325634371,49.9974397119294,3.47915931678342,6.61751653949767,0.000367436562875412,0.00256028807055486
2268,30,50,29.9996936741157,49.9978729008217,3.47913559842532,6.61767148944287,0.000306325884338321,0.00212709917830267
2286,30,50,29.9997532838815,49.9982866789296,3.47909659136787,6.61778233183183,0.000246716118539325,0.00171332107041167
2304,30,50,29.9998103180224,49.9986762908292,3.47904510975934,6.61785288757761,0.000189681977641243,0.00132370917081914
2322,30,50,29.9998639072857,49.9990381254079,3.47898382710447,6.61788715939116,0.000136092714267733,0.000961874592107392
2340,30,50,29.9999133808179,49.9993696001379,3.47891523411114,6.61788923600913,8.66191820669826e-05,0.000630399862060926
2358,30,50,29.9999582548223,49.9996690469389,3.47884160821655,6.61786320904021,4.17451776684175e-05,0.000330953061059347
2376,30,50,29.9999982175955,49.9999356011131,3.47876499535958,6.61781310218883,1.78240454573597e-06,6.4398886920003e-05
2394,30,50,30.0000331122393,50.0001690949165,3.47868719897365,6.61774281190626,-3.31122393291139e-05,-0.000169094916479651
2412,30,50,30.000062917717,50.0003699572414,3.47860977798032,6.61765605839464,-6.29177170452522e-05,-0.000369957241424856
2430,30,50,30.0000877290659,50.0005391194852,3.47853405147784,6.61755634646224,-8.77290659460073e-05,-0.000539119485196693
2448,30,50,30.0001077376365,50.0006779281997,3.47846110773711,6.61744693517223,-0.00010773763652594,-0.000677928199742439
2466,30,50,30.0001232117898,50.0007880646483,3.47839181814011,6.61733081550941,-0.000123211789762934,-0.000788064648261866
2484,30,50,30.000134478633,50.0008714709694,3.47832685355895,6.61721069541996,-0.000134478633007973,-0.000871470969393329
2502,30,50,30.0001419071834,50.0009302830522,3.47826670245808,6.61708899131456,-0.000141907183362378,-0.000930283052234415
2520,30,50,30.0001458931417,50.0009667698131,3.47821169049766,6.61696782541433,-0.000145893141741738,-0.000966769813068424
2538,30,50,30.000146845521,50.0009832786169,3.47816200001122,6.61684902825077,-0.000146845520994532,-0.000983278616864425
2556,30,50,30.0001451751663,50.0009821867481,3.47811768937531,6.61673414558248,-0.000145175166299083,-0.000982186748103686
2574,30,50,30.0001412851519,50.0009658585988,3.47807871177281,6.6166244491636,-0.000141285151855186,-0.000965858598846125
2592,30,50,30.0001355630317,50.0009366084042,3.47804493266731,6.61652095070521,-0.000135563031712138,-0.000936608404188632
2610,30,50,30.0001283747968,50.0008966683449,3.47801614619756,6.61642441842768,-0.00012837479679817,-0.000896668344907425
2628,30,50,30.0001200604052,50.0008481617424,3.47799209010704,6.61633539567365,-0.000120060405151889,-0.000848161742396769
2646,30,50,30.0001109307266,50.0007930811776,3.47797245912988,6.61625422100826,-0.00011093072657431,-0.000793081177590693
2664,30,50,30.0001012657001,50.000733271286,3.4779569170174,6.61618104931725,-0.000101265700116926,-0.00073327128600198
2682,30,50,30.000091313537,50.0006704159576,3.4779451070389,6.61611587344116,-9.13135369984275e-05,-0.000670415957586101
2700,30,50,30.0000812907854,50.000606029697,3.47793666112522,6.61605854589774,-8.12907854168543e-05,-0.000606029697031829
2718,30,50,30.0000713830821,50.0005414528212,3.47793120776812,6.61600880032209,-7.13830820586736e-05,-0.000541452821181565
2736,30,50,30.0000617464459,50.0004778501716,3.47792837867484,6.61596627227802,-6.17464459296002e-05,-0.000477850171634486
2754,30,50,30.0000525089697,50.0004162130043,3.47792781437294,6.61593051914149,-5.25089697411829e-05,-0.000416213004314159
2772,30,50,30.0000437727904,50.0003573636727,3.477929168829,6.61590103882003,-4.3772790366603e-05,-0.000357363672748079
2790,30,50,30.0000356162408,50.0003019627323,3.47793211315639,6.61587728710362,-3.56162407584293e-05,-0.000301962732265793
2808,30,50,30.0000280960947,50.0002505180752,3.4779363385538,6.61585869349909,-2.80960947378617e-05,-0.000250518075198158
2826,30,50,30.0000212498402,50.0002033957012,3.47794155851634,6.61584467544709,-2.12498402412109e-05,-0.000203395701177556
2844,30,50,30.0000150979283,50.0001608317467,3.47794751040906,6.61583465085628,-1.5097928290686e-05,-0.00016083174671877
2862,30,50,30.0000096459557,50.0001229454014,3.47795395648697,6.61582804893685,-9.64595569286075e-06,-0.00012294540135116
2880,30,50,30.0000048867547,50.0000897523617,3.4779606843999,6.61582431934771,-4.88675469867417e-06,-8.97523616529838e-05
2898,30,50,30.0000008023681,50.0000611785041,3.47796750725986,6.61582293970205,-8.02368095520478e-07,-6.11785041400026e-05
2916,30,50,29.9999973658966,50.0000370734826,3.47797426331936,6.6158234215066,2.6341033958488e-06,-3.70734825594354e-05
2934,30,50,29.999994543212,50.0000172239941,3.47798081530415,6.61582531462853,5.4567880489742e-06,-1.72239940852137e-05
2952,30,50,29.9999922945313,50.0000013664947,3.47798704945847,6.61582821040253,7.70546872530531e-06,-1.36649466497829e-06
2970,30,50,29.9999905758528,49.9999891991793,3.47799287434104,6.61583174350432,9.42414715865425e-06,1.08008207106991e-05
2988,30,50,29.999989340255,49.9999803930839,3.47799821941534,6.61583559272325,1.06597450368895e-05,1.96069160978141e-05
3006,30,50,29.9999885390606,49.9999746022004,3.47800303348054,6.61583948077261,1.14609393584431e-05,2.53977995683385e-05
3024,30,50,29.9999881228722,49.9999714725315,3.47800728297825,6.61584317327648,1.18771277826113e-05,2.85274685225545e-05
3042,30,50,29.9999880424805,49.9999706500449,3.4780109502156,6.61584647706911,1.19575195398625e-05,2.93499550920728e-05
3060,30,50,29.9999882496526,49.9999717875162,3.47801403154245,6.61584923793865,1.1750347361783e-05,2.82124837838182e-05
3078,30,50,29.999988697805,49.9999745502731,3.47801653551371,6.61585133793924,1.13021950447489e-05,2.54497269267517e-05
3096,30,50,29.9999893425645,49.9999786208785,3.47801848107072,6.61585269238638,1.06574355314137e-05,2.13791214775938e-05
3114,30,50,29.999990142226,49.9999837028066,3.47801989576961,6.61585324664114,9.85777398554433e-06,1.6297193361936e-05
3132,30,50,29.9999910581102,49.9999895231793,3.47802081408034,6.61585297277695,8.94188983480149e-06,1.04768207052075e-05
3150,30,50,29.9999920548282,49.9999958346433,3.4780212757799,6.61585186621177,7.94517176672116e-06,4.16535674929719e-06
3168,30,50,29.999993100461,50.0000024164734,3.47802132445611,6.615849942377,6.89953902366369e-06,-2.41647339294104e-06
3186,30,50,29.9999941666579,50.0000090749927,3.47802100613653,6.61584723348291,5.83334209025566e-06,-9.07499273239409e-06
3204,30,50,29.9999952286645,50.0000156434007,3.47802036805248,6.61584378542977,4.77133547605035e-06,-1.56434006939321e-05
3222,30,50,29.9999962652849,50.0000219811003,3.47801945754516,6.61583965490355,3.73471506165401e-06,-2.1981100303492e-05
3240,30,50,29.9999972587879,50.000027972612,3.47801832111627,6.61583490668537,2.74121212839873e-06,-2.79726120169244e-05
3258,30,50,29.9999981947638,50.0000335261573,3.47801700362373,6.61582961119561,1.80523618098505e-06,-3.35261572601553e-05
3276,30,50,29.9999990619414,50.0000385719892,3.47801554761905,6.61582384228552,9.38058569488476e-07,-3.85719892079806e-05
3294,30,50,29.999999851971,50.0000430605416,3.4780139928208,6.61581767528242,1.48028995283767e-07,-4.30605415857599e-05
3312,30,50,30.0000005591827,50.0000469604594,3.47801237571711,6.61581118528888,-5.59182694814808e-07,-4.69604593504869e-05
3330,30,50,30.0000011803269,50.0000502565674,3.47801072928707,6.61580444573115,-1.18032685492153e-06,-5.02565674054267e-05
3348,30,50,30.0000017143034,50.0000529478264,3.47800908283116,6.61579752714807,-1.71430336592948e-06,-5.29478264468253e-05
3366,30,50,30.0000021618863,50.0000550453175,3.47800746189893,6.6157904962082,-2.16188631085856e-06,-5.50453174810173e-05
3384,30,50,30.0000025254498,50.0000565702896,3.4780058883014,6.61578341494089,-2.52544983680991e-06,-5.65702895585218e-05
3402,30,50,30.0000028087001,50.0000575522988,3.47800438019726,6.61577634016449,-2.80870014890411e-06,-5.75522987631416e-05
3420,30,50,30.0000030164181,50.0000580274604,3.47800295223933,6.61576932309401,-3.01641814104414e-06,-5.80274603834141e-05
3438,30,50,30.0000031542162,50.0000580368305,3.4780016157707,6.61576240910988,-3.15421621621681e-06,-5.80368305449497e-05
3456,30,50,30.0000032283123,50.0000576249287,3.4780003790589,6.61575563766879,-3.22831225219034e-06,-5.76249287149722e-05
3474,30,50,30.0000032453229,50.0000568384079,3.47799924755826,6.61574904233827,-3.24532286555268e-06,-5.683840785764e-05
3492,30,50,30.0000032120776,50.0000557248756,3.47799822419027,6.61574265093642,-3.21207756925901e-06,-5.57248756365425e-05
3510,30,50,30.0000031354546,50.0000543318661,3.4779973096347,6.61573648575956,-3.13545460883802e-06,-5.43318661385683e-05
3528,30,50,30.0000030222389,50.0000527059595,3.47799650262293,6.61573056388112,-3.02223889292463e-06,-5.27059594759294e-05
3546,30,50,30.0000028790018,50.0000508920439,3.47799580022791,6.61572489750619,-2.8790017623237e-06,-5.08920439017402e-05
3564,30,50,30.000002712002,50.0000489327135,3.47799519814494,6.61571949436743,-2.71200203627586e-06,-4.89327135255735e-05
3582,30,50,30.0000025271073,50.0000468677931,3.47799469095954,6.6157143581494,-2.5271072630062e-06,-4.6867793109584e-05
3600,30,50,30.000002329734,50.0000447339806,3.47799427239831,6.61570948892941,-2.32973397373826e-06,-4.47339805589309e-05
3618,30,50,30.0000021248054,50.0000425645969,3.47799393556047,6.61570488362477,-2.12480544092841e-06,-4.25645968533672e-05
3636,30,50,30.0000019167252,50.0000403894328,3.47799367312916,6.61570053643709,-1.91672516791641e-06,-4.03894327547505e-05
3654,30,50,30.0000017093645,50.0000382346816,3.47799347755979,6.61569643928615,-1.70936453258719e-06,-3.82346816181212e-05
3672,30,50,30.0000015060627,50.0000361229473,3.4779933412464,6.61569258222682,-1.50606267723674e-06,-3.61229472574109e-05
3690,30,50,30.0000013096368,50.0000340733164,3.47799325666591,6.61568895384362,-1.30963683986351e-06,-3.40733164350127e-05
3708,30,50,30.0000011224015,50.0000321014856,3.47799321649978,6.61568554161892,-1.12240148908427e-06,-3.21014856439206e-05
3726,30,50,30.0000009461945,50.0000302199324,3.47799321373529,6.61568233227167,-9.46194489870322e-07,-3.0219932419584e-05
3744,30,50,30.0000007824088,50.0000284381218,3.47799324174664,6.61567931206438,-7.82408793753575e-07,-2.84381218449425e-05
3762,30,50,30.0000006320282,50.0000267627399,3.47799329435768,6.61567646707727,-6.32028182678823e-07,-2.67627398642389e-05
3780,30,50,30.0000004956658,50.0000251979453,3.47799336588746,6.61567378344887,-4.95665794630895e-07,-2.51979453480544e-05
3798,30,50,30.0000003736042,50.0000237456338,3.47799345118057,6.61567124758346,-3.73604223113944e-07,-2.3745633825456e-05
3816,30,50,30.0000002658362,50.0000224057066,3.47799354562367,6.61566884632586,-2.65836195723068e-07,-2.24057066020578e-05
3834,30,50,30.0000001721049,50.0000211763395,3.47799364514994,6.61566656710506,-1.72104940077134e-07,-2.11763395014941e-05
3852,30,50,30.0000000919435,50.0000200542465,3.47799374623298,6.61566439804807,-9.19435336754759e-08,-2.00542464696696e-05
3870,30,50,30.0000000247126,50.0000190349339,3.47799384587214,6.61566232806624,-2.47125768737533e-08,-1.90349339419527e-05
3888,30,50,29.9999999696358,50.0000181129426,3.47799394157029,6.61566034691595,3.03642480048438e-08,-1.81129425556037e-05
3906,30,50,29.9999999258329,50.0000172820736,3.47799403130569,6.61565844523634,7.41670902471014e-08,-1.72820735500068e-05
3924,30,50,29.9999998923504,50.0000165355977,3.47799411349953,6.61565661456626,1.07649626102102e-07,-1.65355977301829e-05
3942,30,50,29.9999998681883,50.0000158664456,3.47799418698,6.6156548473432,1.31811674464188e-07,-1.58664456151314e-05
3960,30,50,29.9999998523252,50.0000152673778,3.4779942509439,6.61565313688656,1.47674782624563e-07,-1.52673777620294e-05
3978,30,50,29.9999998437391,50.0000147311349,3.47799430491757,6.61565147736778,1.56260909989214e-07,-1.47311348897006e-05
3996,30,50,29.999999841426,50.0000142505678,3.47799434871683,6.61564986376967,1.58574035680203e-07,-1.42505677587224e-05
4014,30,50,29.9999998444153,50.0000138187472,3.47799438240789,6.6156482918371,1.55584721994728e-07,-1.38187472060736e-05
4032,30,50,29.9999998517826,50.000013429055,3.47799440626883,6.61564675802136,1.48217406348294e-07,-1.34290550093397e-05
4050,30,50,29.9999998626597,50.0000130752565,3.47799442075292,6.61564525941979,1.37340315120582e-07,-1.30752564757586e-05
4068,30,50,29.9999998762422,50.0000127515561,3.47799442645405,6.61564379371274,1.23757821768322e-07,-1.27515560564007e-05
4086,30,50,29.999999891795,50.0000124526371,3.47799442407409,6.61564235909917,1.08204975646231e-07,-1.2452637122351e-05
4104,30,50,29.9999999086559,50.0000121736875,3.47799441439345,6.61564095423239,9.13440949545929e-08,-1.21736874660883e-05
4122,30,50,29.9999999262369,50.000011910412,3.47799439824391,6.61563957815704,7.37631040692577e-08,-1.19104120344105e-05
4140,30,50,29.9999999440245,50.0000116590343,3.4779943764846,6.61563823024833,5.59754518292266e-08,-1.1659034292677e-05
4158,30,50,29.9999999615786,50.0000114162879,3.47799434998105,6.61563691015435,3.84214118298587e-08,-1.14162879469859e-05
4176,30,50,29.9999999785295,50.0000111794004,3.47799431958651,6.61563561774203,2.14704556356082e-08,-1.11794004098442e-05
4194,30,50,29.9999999945754,50.0000109460695,3.47799428612698,6.61563435304726,5.42463851616048e-09,-1.09460695156827e-05
4212,30,50,30.0000000094773,50.0000107144348,3.47799425038837,6.61563311622958,-9.47729006384179e-09,-1.07144348078236e-05
4230,30,50,30.0000000230553,50.0000104830448,3.47799421310602,6.61563190753143,-2.30552572588749e-08,-1.04830447895665e-05
4248,30,50,30.0000000351827,50.0000102508212,3.47799417495768,6.61563072724233,-3.51827083022727e-08,-1.02508211980989e-05
4266,30,50,30.0000000457813,50.0000100170215,3.47799413655735,6.6156295756677,-4.57813094101311e-08,-1.00170215091566e-05
4284,30,50,30.0000000548155,50.0000097812006,3.47799409845201,6.61562845310243,-5.48154552859614e-08,-9.78120055350473e-06
4302,30,50,30.0000000622868,50.0000095431721,3.47799406112011,6.61562735980886,-6.22867517563463e-08,-9.54317205525967e-06
4320,30,50,30.0000000682286,50.0000093029709,3.477994024971,6.61562629599909,-6.82286440678581e-08,-9.30297090206977e-06
4338,30,50,30.0000000727012,50.0000090608168,3.47799399034645,6.61562526182114,-7.27011659762411e-08,-9.06081677243264e-06
4356,30,50,30.000000075786,50.0000088170794,3.47799395752291,6.6156242573489,-7.57859552891205e-08,-8.81707940436627e-06
4374,30,50,30.0000000775816,50.0000085722462,3.47799392671472,6.61562328257528,-7.75815784948009e-08,-8.57224624439823e-06
4392,30,50,30.0000000781992,50.0000083268925,3.47799389807826,6.61562233740837,-7.81991751352962e-08,-8.32689245555684e-06
4410,30,50,30.0000000777585,50.0000080816537,3.47799387171642,6.61562142167022,-7.77585142941462e-08,-8.08165366095182e-06
4428,30,50,30.0000000763844,50.0000078372015,3.47799384768365,6.61562053509776,-7.63844241191691e-08,-7.83720154373668e-06
4446,30,50,30.0000000742036,50.0000075942223,3.47799382599121,6.61561967734576,-7.42036299072879e-08,-7.5942222821368e-06
4464,30,50,30.000000071342,50.0000073533979,3.47799380661238,6.61561884799124,-7.13420291731381e-08,-7.35339788349165e-06
4482,30,50,30.0000000679223,50.0000071153903,3.477993789488,6.61561804653917,-6.79223290944719e-08,-7.1153903462573e-06
4500,30,50,30.0000000640621,50.0000068808285,3.47799377453155,6.61561727242911,-6.40621102832029e-08,-6.88082850075489e-06
4518,30,50,30.0000000598723,50.0000066502975,3.47799376163415,6.61561652504257,-5.987225648596e-08,-6.6502974505056e-06
4536,30,50,30.0000000554557,50.0000064243304,3.47799375066944,6.61561580371075,-5.54557182397275e-08,-6.4243304223055e-06
4554,30,50,30.0000000509066,50.0000062034028,3.47799374149809,6.61561510772252,-5.09066069298569e-08,-6.20340279766651e-06
4572,30,50,30.0000000463096,50.0000059879282,3.47799373397163,6.61561443633245,-4.63096085923098e-08,-5.98792819062055e-06
4590,30,50,30.0000000417396,50.0000057782563,3.47799372793646,6.61561378876872,-4.173962864229e-08,-5.7782563160913e-06
4608,30,50,30.0000000372617,50.0000055746724,3.47799372323704,6.61561316424067,-3.72616852928331e-08,-5.57467243567089e-06
4626,30,50,30.000000032931,50.0000053773982,3.4779937197187,6.61561256194605,-3.29310267943583e-08,-5.3773981676386e-06
4644,30,50,30.0000000287934,50.0000051865935,3.47799371723028,6.61561198107781,-2.87933872300528e-08,-5.18659345516426e-06
4662,30,50,30.0000000248854,50.0000050023595,3.47799371562617,6.61561142083019,-2.48854057360859e-08,-5.00235952927142e-06
4680,30,50,30.0000000212352,50.0000048247426,3.47799371476796,6.61561088040445,-2.12351665140886e-08,-4.82474256813248e-06
4698,30,50,30.0000000178628,50.000004653738,3.47799371452587,6.61561035901377,-1.78628170033335e-08,-4.65373797453594e-06
4716,30,50,30.0000000147812,50.0000044892951,3.47799371477979,6.61560985588763,-1.47812428963334e-08,-4.48929512941731e-06
4734,30,50,30.0000000119968,50.0000043313223,3.4779937154198,6.61560937027549,-1.19968177614282e-08,-4.33132230881483e-06
4752,30,50,30.0000000095101,50.0000041796918,3.47799371634687,6.6156089014499,-9.51013134908862e-09,-4.17969183530431e-06
4770,30,50,30.0000000073168,50.0000040342452,3.47799371747283,6.61560844870898,-7.31676053078445e-09,-4.03424521522311e-06
4788,30,50,30.000000005408,50.0000038947982,3.47799371872033,6.61560801137827,-5.40801892157106e-09,-3.89479820483984e-06
4806,30,50,30.0000000037717,50.0000037611457,3.47799372002274,6.61560758881216,-3.77167452825233e-09,-3.76114571309927e-06
4824,30,50,30.0000000023926,50.0000036330665,3.47799372132366,6.61560718039474,-2.39263897583442e-09,-3.63306645567718e-06
4842,30,50,30.0000000012536,50.0000035103274,3.47799372257646,6.61560678554019,-1.25362120684258e-09,-3.5103273603454e-06
4860,30,50,30.0000000003357,50.0000033926876,3.47799372374354,6.61560640369288,-3.35738548074005e-10,-3.39268759574907e-06
4878,30,50,29.999999999619,50.0000032799023,3.47799372479586,6.61560603432696,3.80953935064099e-10,-3.27990228754516e-06
4896,30,50,29.999999999083,50.0000031717258,3.47799372571196,6.61560567694578,9.16955400498409e-10,-3.17172577979363e-06
4914,30,50,29.9999999987071,50.0000030679146,3.47799372647736,6.61560533108099,1.29288935113436e-09,-3.06791458370981e-06
4932,30,50,29.9999999984709,50.0000029682299,3.47799372708365,6.61560499629144,1.52912349449252e-09,-2.96822990009105e-06
4950,30,50,29.9999999983545,50.0000028724397,3.47799372752783,6.61560467216192,1.64545355119117e-09,-2.87243972252327e-06
4968,30,50,29.9999999983392,50.0000027803207,3.4779937278113,6.61560435830176,1.6608154851383e-09,-2.78032065637035e-06
4986,30,50,29.9999999984069,50.0000026916593,3.47799372793949,6.61560405434338,1.59310431513404e-09,-2.6916592616999e-06
5004,30,50,29.999999998541,50.0000026062532,3.47799372792078,6.61560375994076,1.45897516290461e-09,-2.60625315462448e-06
5022,30,50,29.9999999987263,50.0000025239118,3.47799372776607,6.61560347476784,1.27374022440563e-09,-2.52391180310951e-06
5040,30,50,29.9999999989487,50.0000024444569,3.4779937274881,6.61560319851704,1.05128350469386e-09,-2.44445694619344e-06
5058,30,50,29.999999999196,50.0000023677229,3.47799372710087,6.61560293089771,8.04011079935663e-10,-2.36772287109943e-06
5076,30,50,29.9999999994571,50.0000022935564,3.47799372661922,6.61560267163461,5.42854650120717e-10,-2.29355642034079e-06
5094,30,50,29.9999999997227,50.0000022218168,3.47799372605833,6.61560242046662,2.77275091775664e-10,-2.22181677145272e-06
5112,30,50,29.9999999999847,50.0000021523751,3.4779937254334,6.61560217714527,1.53193013829878e-11,-2.15237513145894e-06
5130,30,50,30.0000000002363,50.0000020851142,3.47799372475917,6.61560194143359,-2.36340724768525e-10,-2.08511423949176e-06
5148,30,50,30.0000000004723,50.0000020199278,3.47799372404986,6.61560171310489,-4.72315520028133e-10,-2.01992775572535e-06
5166,30,50,30.0000000006884,50.0000019567196,3.47799372331887,6.61560149194175,-6.88402224113815e-10,-1.95671960057098e-06
5184,30,50,30.0000000008815,50.0000018954032,3.47799372257853,6.61560127773503,-8.81502870697659e-10,-1.89540322992343e-06
5202,30,50,30.0000000010495,50.0000018359008,3.4779937218401,6.61560107028301,-1.04950714785446e-09,-1.83590083935314e-06
5220,30,50,30.0000000011912,50.0000017781425,3.47799372111361,6.61560086939067,-1.19118936936502e-09,-1.77814254698205e-06
5238,30,50,30.0000000013061,50.0000017220656,3.47799372040787,6.61560067486895,-1.30609478787846e-09,-1.7220656403083e-06
5256,30,50,30.0000000013944,50.0000016676138,3.47799371973038,6.61560048653422,-1.3944401189292e-09,-1.66761375908209e-06
5274,30,50,30.000000001457,50.0000016147361,3.47799371908731,6.61560030420779,-1.45701406495391e-09,-1.61473612081409e-06
5292,30,50,30.000000001495,50.0000015633868,3.47799371848384,6.61560012771545,-1.49504586488547e-09,-1.56338680312729e-06
5310,30,50,30.0000000015102,50.000001513524,3.47799371792369,6.61559995688719,-1.51015910887509e-09,-1.51352403321425e-06
5328,30,50,30.0000000015042,50.0000014651095,3.47799371740969,6.61559979155689,-1.50424384059988e-09,-1.46510954834866e-06
5346,30,50,30.0000000014794,50.000001418108,3.47799371694361,6.61559963156209,-1.47939260841667e-09,-1.41810799902942e-06
5364,30,50,30.0000000014378,50.0000013724864,3.47799371652624,6.61559947674383,-1.43783296380207e-09,-1.372486423179e-06
5382,30,50,30.0000000013819,50.0000013282137,3.47799371615753,6.61559932694655,-1.38186351250624e-09,-1.32821374876357e-06
5400,30,50,30.0000000013138,50.0000012852604,3.47799371583689,6.615599182018,-1.31377220213835e-09,-1.28526035325649e-06
5418,36,50,30.0000000012358,50.0000012435977,46.8615937155628,6.61559904180914,5.99999999876417,-1.24359773678862e-06
5436,36,50,30.0000000011502,50.0000012031982,23.2437937153335,6.61559890617417,5.99999999884978,-1.20319815977155e-06
5454,36,50,30.000000001059,50.0000011640344,25.7169937151467,6.6155987749705,5.999999998941,-1.16403440131307e-06
5472,36,50,30.0000000009641,50.0000011260796,28.1901937149996,6.61559864805873,5.99999999903589,-1.12607956026523e-06
5490,36,50,33.8160214568673,50.0000010893068,3.07126897513576,6.61559852530272,2.18397854313267,-1.08930683495601e-06
5508,36,50,35.652567857887,50.0000010536895,7.28614182439708,6.61559840656957,0.347432142112957,-1.05368945924056e-06
5526,36,50,37.5273055347919,44.3861631792006,1.86009713158183,9.69631655838166,-1.52730553479192,5.61383682079944
5544,36,50,39.5718079184997,41.7612623592754,0,10.7591337383578,-3.57180791849973,8.23873764072458
5562,36,50,39.3536052933438,39.6752842208605,8.99595529300014,12.4043064062019,-3.35360529334382,10.3247157791395
5580,36,50,39.3743586474655,37.5152818730823,6.51468587328112,14.4429190691905,-3.3743586474655,12.4847181269177
5598,36,50,38.882296576791,38.9615722661479,8.77192520741331,14.7490876412333,-2.88229657679096,11.0384277338521
5616,36,50,38.1930591688061,40.3216496902849,10.4277106463073,15.6056671056218,-2.19305916880607,9.67835030971507
5634,36,50,38.2753218020326,42.298308911834,5.93177459249542,15.9436612474548,-2.27532180203261,7.70169108816596
5652,36,50,38.1503954390838,44.5759228969869,6.25489856622054,15.9939532652193,-2.15039543908384,5.42407710301308
5670,36,50,38.2121209981013,45.6067785434166,4.37895044991559,16.5102924207162,-2.21212099810133,4.39322145658339
5688,36,50,38.4180439450715,46.7970943225058,2.24658130752322,16.5805718342283,-2.4180439450715,3.20290567749422
5706,36,50,38.2295064814581,47.6971123525019,3.5085585126673,16.6965646351367,-2.22950648145815,2.30288764749811
5724,36,50,38.0549284058483,48.2774612618918,3.03200501399246,16.8249019120903,-2.05492840584825,1.72253873810816
5742,36,50,37.7182941459501,49.3640482519298,3.85987844293142,16.5453827660165,-1.71829414595015,0.635951748070198
5760,36,50,37.1985695062068,50.3602503579133,5.44566449693188,16.279530015807,-1.19856950620683,-0.360250357913294
5778,36,50,36.7978172458441,51.4466235155571,5.58927084432846,15.8270711141935,-0.797817245844087,-1.44662351555705
5796,36,50,36.3775822609286,52.677178358017,6.55629045333387,15.1814133420433,-0.377582260928627,-2.67717835801699
5814,36,50,36.0510916782903,53.5788729436156,6.93398202029891,14.594907763381,-0.0510916782902981,-3.57887294361564
5832,36,50,35.8885894342705,54.337496587098,6.66816645751479,13.916387469279,0.11141056572955,-4.33749658709797
5850,36,50,35.7652365421804,54.8221355414429,6.8993643061348,13.269853294655,0.234763457819639,-4.82213554144295
5868,36,50,35.7474081842943,54.9272102501291,6.58864347672494,12.7216918643002,0.252591815705657,-4.92721025012914
5886,36,50,35.7827411353107,54.8642484722836,6.35975677327228,12.1817626018982,0.217258864689256,-4.86424847228365
5904,36,50,35.8108239891727,54.5699503662771,6.39990033165767,11.7448080926509,0.189176010827289,-4.56995036627707
5922,36,50,35.8708554291331,54.1324272513362,6.16593364356205,11.3784821713663,0.129144570866927,-4.13242725133623
5940,36,50,35.9144425686609,53.6705643068192,6.16505258127079,11.0513705594023,0.0855574313390548,-3.67056430681922
5958,36,50,35.9456332240658,53.1435511664645,6.1643308777351,10.8111394584242,0.0543667759341631,-3.14355116646455
5976,36,50,35.986518191525,52.6318546192451,6.026750582093,10.6138209092508,0.0134818084749853,-2.63185461924515
5994,36,50,36.0124173079355,52.1473952843067,6.02282991342476,10.4661435005508,-0.0124173079355288,-2.1473952843067
6012,36,50,36.0417289316111,51.6635193665745,5.91839318065635,10.3816888400859,-0.0417289316110896,-1.66351936657447
6030,36,50,36.073737919404,51.2242891838503,5.79720992346425,10.3311988839735,-0.0737379194039676,-1.22428918385028
6048,36,50,36.095313729443,50.8119332023346,5.75000018443529,10.3273199662287,-0.0953137294429638,-0.811933202334572
6066,36,50,36.116719997252,50.4297300987973,5.64975411509317,10.3616730339015,-0.116719997252041,-0.429730098797329
6084,36,50,36.1285804801193,50.1021634651897,5.60896888037331,10.4178017070355,-0.128580480119346,-0.102163465189733
6102,36,50,36.1284977445623,49.8165487513137,5.60814154393571,10.500677542985,-0.128497744562253,0.183451248686254
6120,36,50,36.1223942604849,49.585675111881,5.59894685002702,10.5958397327453,-0.122394260484874,0.414324888118955
6138,36,50,36.1055231923028,49.4133537453644,5.64394288094195,10.6969977497994,-0.105523192302805,0.586646254635575
6156,36,50,36.0828243506826,49.2879670126365,5.69120862530395,10.8041816460009,-0.0828243506826141,0.712032987363528
6174,36,50,36.0579110798493,49.2129599874133,5.73850041125461,10.9076579120762,-0.0579110798492906,0.787040012586694
6192,36,50,36.030211219681,49.1779953156053,5.80658071485461,11.0076708417305,-0.0302112196810356,0.822004684394656
6210,36,50,36.0045355644357,49.1731065797818,5.85932520097726,11.1029185184984,-0.00453556443571301,0.826893420218198
6228,36,50,35.9813217365313,49.1953287182915,5.91365495852802,11.1895285149812,0.0186782634686722,0.804671281708465
6246,36,50,35.9606932514652,49.2339603859115,5.96956513220703,11.2695468080116,0.0393067485348411,0.766039614088456
6264,36,50,35.9445747346198,49.2844615762462,6.01261095454476,11.3414753522698,0.0554252653801797,0.715538423753806
6282,36,50,35.9317836344101,49.3437214245329,6.0578532076089,11.4047368983946,0.0682163655898975,0.65627857546707
6300,36,50,35.9225290938546,49.4059770850458,6.09726577518356,11.4608531968166,0.0774709061453791,0.594022914954216
6318,36,50,35.9170578799832,49.4703105964942,6.12851607210984,11.5088840256056,0.0829421200167957,0.529689403505799
6336,36,50,35.9143563021051,49.5343699631559,6.15844726946609,11.5496970464305,0.0856436978948665,0.465630036844054
6354,36,50,35.9146890098306,49.5957581416991,6.17959611385614,11.5841988772855,0.0853109901694467,0.404241858300892
6372,36,50,35.9176504987239,49.6543631079932,6.19479474195568,11.6123228013312,0.0823495012760915,0.345636892006809
6390,36,50,35.9226072754688,49.708531054627,6.20577677090279,11.6352909913107,0.0773927245311938,0.291468945372998
6408,36,50,35.9295101682809,49.7577099875315,6.20932053886236,11.6536307663334,0.0704898317190654,0.242290012468487
6426,36,50,35.9376677794269,49.8020628420581,6.20940925373835,11.6677506827079,0.062332220573083,0.197937157941858
6444,36,50,35.9466130558036,49.8410574922943,6.20589625175783,11.6785553924327,0.0533869441964256,0.15894250770566
6462,36,50,35.9560326726602,49.8752483716012,6.19869140283628,11.6862868656397,0.0439673273398427,0.124751628398812
6480,36,50,35.965334136771,49.9050810368248,6.19052077266671,11.6913840905101,0.0346658632289945,0.0949189631752461
6498,36,50,35.974264215085,49.9308265197825,6.18068763391835,11.6943076406845,0.0257357849149713,0.0691734802175219
6516,36,50,35.9825658458683,49.9532674505817,6.17010259846746,11.6951718640308,0.0174341541317204,0.0467325494182802
6534,36,50,35.9899736647339,49.9727737328916,6.15982562317195,11.6943193311381,0.0100263352661258,0.027226267108432
6552,36,50,35.996459155564,49.989730271037,6.1492773889092,11.691962230437,0.00354084443597458,0.0102697289629603
6570,36,50,36.0019375917162,50.0045968988687,6.13932670141876,11.6882280298604,-0.00193759171619234,-0.00459689886866244
6588,36,50,36.0063993245471,50.0175098023692,6.13009000031401,11.6833804275152,-0.00639932454708259,-0.0175098023692044
6606,36,50,36.0099254049981,50.0286986076133,6.12135836664201,11.6775546157076,-0.00992540499805727,-0.028698607613336
6624,36,50,36.0125440603526,50.0383215962862,6.11366582613624,11.6709148004562,-0.0125440603526101,-0.0383215962861954
6642,36,50,36.0143525786173,50.0464104224527,6.10680571510336,11.6636621850999,-0.01435257861732,-0.0464104224526949
6660,36,50,36.0154545276898,50.0530903603569,6.10078617090819,11.6559189895312,-0.0154545276897622,-0.053090360356947
6678,36,50,36.0159293996009,50.0584056548979,6.09577403129567,11.6478543808535,-0.01592939960085,-0.058405654897868
6696,36,50,36.0158965533224,50.0623934077858,6.09151041158679,11.6396208870561,-0.0158965533223636,-0.0623934077857626
6714,36,50,36.0154523259801,50.0651392725196,6.0880270504866,11.6313385757819,-0.015452325980057,-0.0651392725195876
6732,36,50,36.0146872114112,50.066677172655,6.08525811652148,11.6231546943506,-0.0146872114111574,-0.0666771726550337
6750,36,50,36.0137004274746,50.0670751124594,6.08301198720644,11.6151839777337,-0.0137004274746246,-0.0670751124594133
6768,36,50,36.0125634925743,50.0664157636169,6.08129436254402,11.6075313133359,-0.0125634925742517,-0.0664157636169307
6786,36,50,36.0113450495377,50.0647669519248,6.07998180371066,11.6003025209678,-0.0113450495377094,-0.06476695192476
6804,36,50,36.0101035575201,50.0622340967801,6.07898370692932,11.5935718211953,-0.0101035575201038,-0.0622340967801307
6822,36,50,36.0088767145341,50.0589239730099,6.07829120337585,11.5874070399763,-0.00887671453406114,-0.0589239730098541
6840,36,50,36.0076990455178,50.0549490934555,6.07781254850931,11.5818602320089,-0.0076990455177679,-0.0549490934555337
6858,36,50,36.0065917753972,50.0504433645421,6.07752413556365,11.5769592207517,-0.00659177539715472,-0.0504433645421472
6876,36,50,36.0055660777372,50.0455337345173,6.07740845112583,11.5727235182633,-0.00556607773715712,-0.0455337345172708
6894,36,50,36.0046309235697,50.0403515727034,6.07741559333145,11.569153593232,-0.0046309235696782,-0.0403515727034005
6912,36,50,36.0037866324713,50.0350281112064,6.07754493995445,11.5662349771037,-0.00378663247133204,-0.0350281112064152
6930,36,50,36.0030311531315,50.0296806316553,6.07777525912328,11.5639450045874,-0.00303115313148794,-0.0296806316553173
6948,36,50,36.0023612031379,50.0244211249767,6.07808475631679,11.562247148711,-0.00236120313790167,-0.0244211249767261
6966,36,50,36.0017698358623,50.0193475666239,6.07847413105897,11.5610980737231,-0.00176983586233348,-0.0193475666239209
6984,36,50,36.0012509679894,50.0145414930009,6.07892477016038,11.5604490162083,-0.00125096798944924,-0.0145414930008556
7002,36,50,36.0007979269929,50.0100725134341,6.07942858243922,11.5602448362685,-0.000797926992945008,-0.0100725134340962
7020,36,50,36.0004035221622,50.0059926012448,6.07998141172844,11.5604294365047,-0.000403522162223169,-0.00599260124481305
7038,36,50,36.0000621120047,50.002338916228,6.08056861077198,11.5609452674711,-6.21120046702117e-05,-0.0023389162279841
7056,36,50,35.9997680241303,49.9991354304852,6.08118481791829,11.5617347522405,0.000231975869745327,0.000864569514817504
7074,36,50,35.999516434631,49.9963912161118,6.08182074028307,11.5627431219586,0.000483565368980976,0.00360878388823949
7092,36,50,35.9993037004858,49.994104279616,6.08246422450144,11.5639177868658,0.000696299514238774,0.00589572038401798
7110,36,50,35.9991263856127,49.9922621438092,6.08310825765147,11.5652100718629,0.000873614387266741,0.00773785619077216
7128,36,50,35.99898195288,49.9908428465546,6.08374164309419,11.5665760420803,0.00101804712004849,0.00915715344540047
7146,36,50,35.9988683294862,49.9898180654353,6.08435478168959,11.5679761196687,0.00113167051382135,0.0101819345647201
7164,36,50,35.9987835232456,49.9891537206481,6.08494036495034,11.5693761070362,0.00121647675435099,0.0108462793519237
7182,36,50,35.9987259325324,49.9888119615725,6.08548943214311,11.5707469042819,0.00127406746764791,0.0111880384274841
7200,36,50,35.9986938596528,49.9887531347665,6.08599607569911,11.5720642571964,0.00130614034716103,0.0112468652335025
7218,36,50,35.9986855096132,49.9889364848188,6.08645537362998,11.5733089598051,0.00131449038676124,0.0110635151811636
7236,36,50,35.9986990679867,49.9893218493045,6.0868628612449,11.5744661887926,0.00130093201327952,0.01067815069554
7254,36,50,35.9987324441986,49.9898705653144,6.08721673397013,11.5755252529446,0.00126755580138393,0.0101294346855809
7272,36,50,35.998783425404,49.9905460123275,6.08751573222539,11.5764792847054,0.00121657459602176,0.00945398767250794
7290,36,50,35.9988496708288,49.9913145322771,6.08775990187655,11.5773245909495,0.00115032917118185,0.00868546772289136
7308,36,50,35.9989286658142,49.9921456197492,6.08795095464969,11.5780603641888,0.0010713341858235,0.00785438025084773
7326,36,50,35.9990178772915,49.9930121719128,6.08809101578734,11.5786882009407,0.000982122708549582,0.00698782808720466
7344,36,50,35.999114740084,49.9938907220735,6.08818340676884,11.5792116101647,0.000885259915989423,0.00610927792645555
7362,36,50,35.9992167145443,49.9947612628048,6.08823218222717,11.579635715682,0.000783285455710825,0.00523873719517098
7380,36,50,35.999321386576,49.9956072214457,6.08824164683969,11.5799668192062,0.00067861342395048,0.00439277855427633
7398,36,50,35.999426467766,49.9964152833951,6.0882167375713,11.5802120784779,0.000573532234028562,0.00358471660489812
7416,36,50,35.9995298686604,49.9971750797039,6.08816244260496,11.5803792525858,0.000470131339554314,0.0028249202961419
7434,36,50,35.9996297403646,49.9978789837895,6.08808373718892,11.5804763995852,0.00037025963543158,0.00212101621052341
7452,36,50,35.9997244790839,49.9985217774517,6.0879856325319,11.5805116908585,0.000275520916083849,0.00147822254827901
7470,36,50,35.9998127682677,49.9991003328862,6.08787278980262,11.5804932324202,0.000187231732340365,0.000899667113849034
7488,36,50,35.9998935755963,49.9996133467581,6.08774960676786,11.5804288990067,0.000106424403718108,0.000386653241918111
7506,36,50,35.9999661470533,50.0000610154751,6.08762013039837,11.5803262422872,3.38529466858972e-05,-6.10154751115033e-05
7524,36,50,36.0000300085342,50.0004447767876,6.08748790473993,11.5801923907893,-3.00085342388456e-05,-0.000444776787567491
7542,36,50,36.0000849368047,50.0007670700343,6.08735607251959,11.5800339832181,-8.49368046900167e-05,-0.000767070034271455
7560,36,50,36.0001309395815,50.0010310947942,6.08722728947494,11.5798571350662,-0.000130939581474365,-0.00103109479422869
7578,36,50,36.0001682302294,50.0012406301592,6.08710372549506,11.5796674007645,-0.000168230229448341,-0.00124063015920939
7596,36,50,36.000197190672,50.001399860135,6.08698713800156,11.5794697656543,-0.000197190671961778,-0.00139986013498117
7614,36,50,36.0002183441724,50.0015132228026,6.08687883799055,11.5792686471284,-0.000218344172402851,-0.00151322280255783
7632,36,50,36.0002323219378,50.0015852970037,6.08677975488907,11.5790678978352,-0.000232321937772895,-0.00158529700370025
7650,36,50,36.0002398304219,50.0016206935319,6.08669048325398,11.5788708271254,-0.000239830421861598,-0.00162069353193317
7668,36,50,36.0002416255811,50.0016239726378,6.08661129571884,11.5786802220277,-0.000241625581089977,-0.00162397263778757
7686,36,50,36.0002384846623,50.0015995794119,6.08654221463143,11.5784983733053,-0.000238484662325789,-0.00159957941187372
7704,36,50,36.0002311836919,50.0015517852517,6.08648304336517,11.5783271093261,-0.000231183691894898,-0.00155178525169219
7722,36,50,36.0002204791215,50.0014846485685,6.08643340164419,11.5781678275765,-0.000220479121495032,-0.00148464856847852
7740,36,50,36.0002070904791,50.0014019824298,6.08639277924387,11.5780215307219,-0.000207090479065641,-0.00140198242983303
7758,36,50,36.0001916889175,50.0013073291108,6.08636055856788,11.5778888640819,-0.000191688917496435,-0.00130732911078724
7776,36,50,36.0001748881475,50.0012039457577,6.08633605035315,11.5777701513742,-0.000174888147498109,-0.00120394575765204
7794,36,50,36.0001572379017,50.0010947927605,6.08631852517761,11.5776654327883,-0.000157237901710516,-0.00109479276052582
7812,36,50,36.0001392214489,50.0009825284091,6.08630722938453,11.5775745015229,-0.00013922144888312,-0.000982528409053884
7830,36,50,36.0001212544127,50.000869509056,6.08630141020977,11.5774969391251,-0.000121254412732696,-0.000869509055995366
7848,36,50,36.0001036859155,50.0007577911798,6.0863003302604,11.5774321508031,-0.000103685915476603,-0.000757791179829326
7866,36,50,36.000086801675,50.0006491383316,6.08630327750499,11.5773793981662,-8.68016749890899e-05,-0.000649138331567656
7884,36,50,36.0000708276704,50.000545030728,6.0863095783726,11.5773378305923,-7.08276703704769e-05,-0.000545030727991502
7902,36,50,36.000055935144,50.0004466768464,6.08631860214913,11.5773065148378,-5.59351439761713e-05,-0.00044667684644395
7920,36,50,36.0000422460491,50.0003550282941,6.08632976590134,11.5772844618276,-4.22460490767662e-05,-0.000355028294087845
7938,36,50,36.0000298385587,50.0002707960209,6.08634253865033,11.5772706515298,-2.98385587456096e-05,-0.000270796020927833
7956,36,50,36.0000187529405,50.0001944682741,6.0863564408958,11.5772640551726,-1.87529405266673e-05,-0.000194468274067106
7974,36,50,36.0000089970993,50.0001263302439,6.08637104570867,11.5772636546936,-8.99709927182357e-06,-0.000126330243944039
7992,36,50,36.0000005518764,50.0000664842329,6.08638597785692,11.5772684598515,-5.51876432552945e-07,-6.64842328603754e-05
8010,36,50,35.9999933761099,50.0000148707284,6.08640091141912,11.5772775225075,6.62389005867681e-06,-1.4870728364258e-05
8028,36,50,35.9999874111196,49.9999712897621,6.08641556842514,11.5772899483776,1.25888803950147e-05,2.87102378990767e-05
8046,36,50,35.9999825848184,49.9999354220059,6.08642971585493,11.5773049064075,1.74151816381141e-05,6.45779940668945e-05
8064,36,50,35.9999788153555,49.9999068496902,6.08644316270019,11.5773216356518,2.11846445239416e-05,9.3150309766088e-05
8082,36,50,35.999976014228,49.9998850767096,6.08645575733335,11.5773394500416,2.39857719606107e-05,0.000114923290425395
8100,36,50,35.9999740890164,49.9998695477286,6.08646738400109,11.5773577411256,2.59109835880622e-05,0.000130452271363879
8118,36,50,35.9999729456686,49.9998596661754,6.08647795981674,11.5773759789273,2.70543314400129e-05,0.000140333824589334
8136,36,50,35.9999724903953,49.999854810719,6.08648743166316,11.5773937112568,2.75096047417378e-05,0.000145189280999602
8154,36,50,35.9999726312582,49.9998543502206,6.08649577284237,11.5774105615874,2.73687417546853e-05,0.000145649779383916
8172,36,50,35.9999732794242,49.9998576570243,6.086502980152,11.577426225754,2.67205758461841e-05,0.000142342975749443
8190,36,50,35.9999743501681,49.9998641184479,6.08650907080193,11.5774404677235,2.56498319401999e-05,0.000135881552083106
8208,36,50,35.9999757636559,49.999873146551,6.08651407942707,11.5774531145886,2.42363440605686e-05,0.000126853448982445
8226,36,50,35.9999774455131,49.9998841861337,6.08651805536404,11.577464051028,2.25544869394412e-05,0.000115813866280234
8244,36,50,35.9999793272386,49.9998967210231,6.08652105987472,11.5774732134121,2.0672761422702e-05,0.000103278976894217
8262,36,50,35.9999813464711,49.9999102787709,6.08652316360769,11.5774805836988,1.86535288975165e-05,8.97212290595917e-05
8280,36,50,35.9999834471257,49.9999244338266,6.08652444423186,11.5774861833019,1.65528743067966e-05,7.55661734217483e-05
8298,36,50,35.9999855794334,49.9999388093406,6.08652498415872,11.5774900670414,1.44205665577601e-05,6.11906593945832e-05
8316,36,50,35.9999876998832,49.9999530777481,6.08652486853254,11.577492317289,1.23001168077508e-05,4.69222519399182e-05
8334,36,50,35.999989771086,49.9999669602637,6.08652418337751,11.5774930384111,1.02289140144762e-05,3.30397363228485e-05
8352,36,50,35.9999917615749,49.9999802254692,6.08652301393204,11.577492351566,8.23842509589667e-06,1.97745307630726e-05
8370,36,50,35.9999936455427,49.9999926871405,6.08652144323452,11.577490389919,6.35445731944628e-06,7.31285949484572e-06
8388,36,50,35.9999954025332,50.0000042014633,6.08651955088005,11.5774872943113,4.59746679837281e-06,-4.20146326973736e-06
8406,36,50,35.9999970170922,50.0000146637949,6.08651741199912,11.5774832093992,2.98290783717903e-06,-1.46637949143269e-05
8424,36,50,35.9999984783832,50.0000240050968,6.08651509645267,11.57747828028,1.52161683786289e-06,-2.40050967903471e-05
8442,36,50,35.9999997797809,50.0000321881638,6.0865126682002,11.5774726495966,2.20219050106607e-07,-3.21881638285504e-05
8460,36,50,36.0000009184457,50.0000392037637,6.08651018487317,11.5774664551087,-9.18445735464957e-07,-3.92037637269027e-05
8478,36,50,36.0000018948872,50.0000450667751,6.08650769751576,11.5774598277134,-1.89488723378872e-06,-4.50667750868661e-05
8496,36,50,36.0000027125263,50.00004981241,6.0865052504783,11.5774528898847,-2.71252626760088e-06,-4.98124099550523e-05
8514,36,50,36.0000033772589,50.0000534925861,6.08650288146229,11.5774457545026,-3.37725893473362e-06,-5.34925861046531e-05
8532,36,50,36.000003897031,50.0000561725001,6.08650062168221,11.5774385240372,-3.89703100722727e-06,-5.61725000522983e-05
8550,36,50,36.0000042814281,50.0000579274443,6.08649849613329,11.5774312900505,-4.28142809738574e-06,-5.7927444295558e-05
8568,36,50,36.0000045412861,50.0000588398949,6.08649652395039,11.5774241329784,-4.54128606008908e-06,-5.88398949119551e-05
8586,36,50,36.0000046883271,50.0000589968884,6.08649471882956,11.5774171221575,-4.68832711675304e-06,-5.89968883986103e-05
8604,36,50,36.0000047348246,50.0000584876975,6.08649308950466,11.5774103160573,-4.73482457152841e-06,-5.84876975437965e-05
8622,36,50,36.0000046932993,50.0000574018062,6.08649164025697,11.5774037626851,-4.69329927454964e-06,-5.74018062451387e-05
8640,36,50,36.0000045762499,50.0000558271789,6.0864903714432,11.5773975001303,-4.57624993543959e-06,-5.58271788690945e-05
8658,36,50,36.0000043959181,50.0000538488135,6.08648928003096,11.5773915572157,-4.39591814682672e-06,-5.3848813472257e-05
8676,36,50,36.0000041640887,50.0000515475635,6.0864883601265,11.577385954231,-4.16408872894181e-06,-5.15475635012308e-05
8694,36,50,36.000003891925,50.0000489992108,6.08648760348629,11.577380703719,-3.89192495475754e-06,-4.89992108470005e-05
8712,36,50,36.0000035898375,50.0000462737696,6.08648700000448,11.577375811296,-3.58983746195918e-06,-4.62737695769988e-05
8730,36,50,36.0000032673855,50.0000434349991,6.08648653816747,11.577371276483,-3.26738545908256e-06,-4.34349991422778e-05
8748,36,50,36.0000029332079,50.0000405401048,6.08648620547299,11.5773670935336,-2.93320788813389e-06,-4.05401048197973e-05
8766,36,50,36.0000025949821,50.000037639603,6.08648598880877,11.5773632522415,-2.5949821207405e-06,-3.76396030361548e-05
8784,36,50,36.0000022594075,50.0000347773296,6.08648587478858,11.5773597387178,-2.25940745224307e-06,-3.47773296454079e-05
8802,36,50,36.0000019322103,50.0000319905699,6.08648585004594,11.5773565361265,-1.93221032418478e-06,-3.19905699370793e-05
8820,36,50,36.0000016181682,50.0000293102901,6.08648590148507,11.5773536253722,-1.61816820565264e-06,-2.93102901167686e-05
8838,36,50,36.0000013211492,50.0000267614513,6.08648601648931,11.577350985733,-1.32114924156213e-06,-2.67614513234093e-05
8856,36,50,36.0000010441644,50.0000243633885,6.08648618309118,11.5773485954362,-1.04416440649402e-06,-2.43633884622341e-05
8874,36,50,36.0000007894295,50.0000221302379,6.08648639010417,11.5773464321732,-7.89429513758932e-07,-2.21302378662358e-05
8892,36,50,36.0000005584343,50.000020071399,6.08648662722047,11.5773444735531,-5.58434322783796e-07,-2.00713989997325e-05
8910,36,50,36.0000003520162,50.0000181920173,6.08648688507781,11.5773426974963,-3.52016243709841e-07,-1.81920172792616e-05
8928,36,50,36.0000001704365,50.0000164934763,6.08648715529809,11.5773410825675,-1.70436514679295e-07,-1.64934762949542e-05
8946,36,50,36.0000000134569,50.0000149738896,6.08648743050142,11.5773396082525,-1.34569120291417e-08,-1.49738896269014e-05
8964,36,50,35.9999998804152,50.0000136285832,6.08648770430006,11.5773382551801,1.19584797175776e-07,-1.36285832468275e-05
8982,36,50,35.9999997702982,50.0000124505617,6.08648797127308,11.5773370052928,2.29701804244087e-07,-1.24505616554416e-05
9000,36,50,35.999999681811,50.0000114309515,6.08648822692804,11.5773358419712,3.18189023573723e-07,-1.14309515026889e-05
9018,36,50,35.9999996134417,50.0000105594181,6.08648846764966,11.5773347501154,3.86558284048988e-07,-1.05594180581647e-05
9036,36,50,35.9999995635213,50.0000098245507,6.08648869064013,11.5773337161874,4.36478742926738e-07,-9.82455071607546e-06
9054,36,50,35.999999530277,50.0000092142153,6.08648889385331,11.5773327282206,4.69722976959019e-07,-9.21421526101085e-06
9072,36,50,35.9999995118812,50.0000087158707,6.08648907592325,11.5773317757988,4.88118779173874e-07,-8.71587066342272e-06
9090,36,50,35.9999995064929,50.0000083168501,6.08648923609217,11.5773308500111,4.93507059218246e-07,-8.31685014190953e-06
9108,36,50,35.9999995122945,50.0000080046058,6.08648937413624,11.5773299433851,4.87705520413328e-07,-8.0046057604477e-06
9126,36,50,35.9999995275219,50.0000077669176,6.086489490293,11.5773290498043,4.72478092206075e-07,-7.76691762638393e-06
9144,36,50,35.9999995504902,50.0000075920683,6.08648958519065,11.5773281644114,4.49509833799766e-07,-7.59206834288761e-06
9162,36,50,35.9999995796131,50.0000074689844,6.08648965978008,11.5773272835037,4.20386939481432e-07,-7.46898444958788e-06
9180,36,50,35.9999996134185,50.0000073873467,6.0864897152708,11.5773264044206,3.86581490374738e-07,-7.38734674143871e-06
9198,36,50,35.9999996505594,50.0000073376717,6.0864897530719,11.5773255254294,3.49440618663266e-07,-7.33767173954902e-06
9216,36,50,35.9999996898206,50.0000073113665,6.08648977473625,11.5773246456092,3.10179402163158e-07,-7.31136648823849e-06
9234,36,50,35.9999997301226,50.0000073007597,6.08648978191202,11.5773237647371,2.69877411085417e-07,-7.30075969102018e-06
9252,36,50,35.9999997705219,50.0000072991115,6.08648977629752,11.5773228831773,2.29478111180015e-07,-7.29911145924689e-06
9270,36,50,35.9999998102091,50.0000073006047,6.08648975960238,11.5773220017754,1.89790895888109e-07,-7.30060465059523e-06
9288,36,50,35.9999998485047,50.0000073003203,6.08648973351421,11.577321121759,1.51495342493035e-07,-7.3003203482358e-06
9306,36,50,35.9999998848529,50.0000072942001,6.08648969966932,11.5773202446456,1.15147116730441e-07,-7.29420013101389e-06
9324,36,50,35.9999999188146,50.0000072789977,6.08648965962993,11.5773193721579,8.1185440592435e-08,-7.27899767127838e-06
9342,36,50,35.9999999500585,50.000007252222,6.08648961486441,11.5773185061484,4.99414909427287e-08,-7.25222201225506e-06
9360,36,50,35.9999999783524,50.0000072120746,6.08648956673302,11.5773176485318,2.164762946677e-08,-7.21207463527662e-06
9378,36,50,36.0000000035528,50.0000071573825,6.08648951647765,11.5773168012265,-3.55282026021086e-09,-7.15738254797316e-06
9396,36,50,36.0000000255957,50.000007087529,6.08648946521427,11.5773159661047,-2.55956749128927e-08,-7.08752899925003e-06
9414,36,50,36.0000000444859,50.0000070023836,6.08648941392962,11.5773151449506,-4.44858727632891e-08,-7.00238356188265e-06
9432,36,50,36.0000000602876,50.0000069022329,6.08648936348057,11.5773143394266,-6.02876042421485e-08,-6.90223291854863e-06
9450,36,50,36.0000000731148,50.0000067877136,6.08648931459565,11.5773135510468,-7.31147835608681e-08,-6.78771363027408e-06
9468,36,50,36.0000000831219,50.0000066597478,6.08648926787914,11.5773127811576,-8.31219182373388e-08,-6.65974783942147e-06
9486,36,50,36.0000000904955,50.0000065194826,6.08648922381665,11.5773120309245,-9.04955328451251e-08,-6.51948259644541e-06
9504,36,50,36.0000000954462,50.0000063682338,6.08648918278218,11.5773113013241,-9.54462109348242e-08,-6.36823375543827e-06
9522,36,50,36.0000000982013,50.0000062074345,6.08648914504645,11.5773105931419,-9.82012835493151e-08,-6.20743445267635e-06
9540,36,50,36.0000000989982,50.0000060385889,6.08648911078597,11.5773099069733,-9.89982211763163e-08,-6.03858885028785e-06
9558,36,50,36.0000000980788,50.000005863231,6.08648908009215,11.5773092432296,-9.80788286142342e-08,-5.86323104556641e-06
9576,36,50,36.0000000956841,50.0000056828893,6.0864890529816,11.5773086021456,-9.56840722210472e-08,-5.68288930935523e-06
9594,36,50,36.0000000920497,50.0000054990556,6.08648902940575,11.5773079837908,-9.20496958656258e-08,-5.49905556113117e-06
9612,36,50,36.0000000874025,50.0000053131599,6.08648900926051,11.5773073880818,-8.74025403163614e-08,-5.3131598605205e-06
9630,36,50,36.0000000819575,50.0000051265498,6.08648899239597,11.5773068147965,-8.19574950128299e-08,-5.12654980155958e-06
9648,36,50,36.0000000759152,50.0000049404743,6.08648897862486,11.5773062635888,-7.59151816964732e-08,-4.9404743194259e-06
9666,36,50,36.0000000694601,50.0000047560718,6.08648896773163,11.5773057340042,-6.94601141049134e-08,-4.75607183147986e-06
9684,36,50,36.0000000627595,50.0000045743621,6.08648895948,11.5773052254951,-6.27594687330202e-08,-4.57436210865581e-06
9702,36,50,36.0000000559624,50.0000043962416,6.0864889536196,11.5773047374364,-5.59624098173117e-08,-4.39624160719632e-06
9720,36,50,36.0000000491997,50.0000042224819,6.08648894989355,11.5773042691403,-4.91996701157404e-08,-4.22248186282559e-06
9738,36,50,36.0000000425837,50.0000040537304,6.08648894804275,11.5773038198704,-4.25837498596593e-08,-4.05373044998214e-06
9756,36,50,36.0000000362093,50.0000038905143,6.0864889478118,11.5773033888553,-3.62092578143347e-08,-3.89051429294796e-06
9774,36,50,36.0000000301536,50.0000037332447,6.0864889489528,11.5773029753007,-3.01536147162551e-08,-3.73324471070191e-06
9792,36,50,36.000000024478,50.0000035822241,6.08648895122852,11.5773025784007,-2.44780125058242e-08,-3.58222405338893e-06
9810,36,50,36.0000000192284,50.0000034376535,6.08648895441601,11.5773021973482,-1.92284232980455e-08,-3.43765351829006e-06
9828,36,50,36.0000000144369,50.0000032996417,6.08648895830776,11.5773018313435,-1.44369067811567e-08,-3.29964167633534e-06
9846,36,50,36.0000000101229,50.0000031682138,6.08648896271373,11.5773014796021,-1.01229105098355e-08,-3.16821378021359e-06
9864,36,50,36.0000000062946,50.0000030433212,6.08648896746265,11.5773011413614,-6.29459862011572e-09,-3.04332120037998e-06
9882,36,50,36.0000000029503,50.000002924851,6.08648897240178,11.5773008158862,-2.95031554742309e-09,-2.92485104580464e-06
9900,36,50,36.0000000000799,50.0000028126357,6.08648897739771,11.5773005024725,-7.99218469182961e-11,-2.81263568524537e-06
9918,36,50,35.9999999976662,50.0000027064619,6.08648898233571,11.5773002004517,2.33382735359555e-09,-2.70646194167057e-06
9936,36,50,35.999999995686,50.00000260608,6.08648898711944,11.5772999091922,4.31401048217595e-09,-2.60607998114892e-06
9954,36,50,35.9999999941117,50.0000025112116,6.08648899166978,11.5772996281011,5.88828186209867e-09,-2.5112116048831e-06
9972,36,50,35.9999999929122,50.000002421558,6.08648899592413,11.5772993566252,7.08775615976265e-09,-2.42155796570387e-06
9990,36,50,35.9999999920541,50.0000023368067,6.08648899983494,11.5772990942511,7.94593546515898e-09,-2.33680668060288e-06
10008,36,50,35.9999999915022,50.0000022566382,6.08648900336861,11.577298840504,8.49777848088706e-09,-2.25663817587929e-06
10026,36,50,35.9999999912211,50.0000021807314,6.08648900650411,11.5772985949476,8.7788620817264e-09,-2.18073137148167e-06
10044,36,50,35.9999999911754,50.0000021087686,6.08648900923123,11.5772983571817,8.82460682305464e-09,-2.10876859796372e-06
10062,36,50,35.9999999913303,50.0000020404398,6.08648901154975,11.5772981268414,8.66970140123158e-09,-2.04043979579183e-06
10080,36,50,35.9999999916525,50.0000019754461,6.08648901346749,11.577297903594,8.34752711398323e-09,-1.97544610358591e-06
10098,36,50,35.9999999921103,50.0000019135027,6.08648901499924,11.5772976871375,7.88973864018772e-09,-1.91350265765777e-06
10116,36,50,35.999999992674,50.0000018543409,6.08648901616556,11.577297477198,7.32595140107151e-09,-1.85434086574787e-06
10134,36,50,35.9999999933166,50.00000179771,6.08648901699117,11.5772972735271,6.68343602683308e-09,-1.79771001285189e-06
10152,36,50,35.999999994013,50.0000017433785,6.08648901750445,11.5772970758995,5.98700466980517e-09,-1.74337850467055e-06
10170,36,50,35.9999999947412,50.0000016911344,6.08648901773566,11.5772968841108,5.25884047419822e-09,-1.69113435788404e-06
10188,36,50,35.9999999954815,50.0000016407855,6.08648901771675,11.5772966979748,4.51851178695506e-09,-1.64078552700175e-06
10206,36,50,35.999999996217,50.0000015921598,6.08648901748016,11.5772965173214,3.78296505232356e-09,-1.59215977646454e-06
10224,36,50,35.9999999969334,50.0000015451041,6.08648901705799,11.5772963419944,3.06656033899344e-09,-1.54510409799968e-06
10242,36,50,35.9999999976188,50.0000014994841,6.08648901648174,11.5772961718493,2.38119923778868e-09,-1.49948411376499e-06
10260,36,50,35.9999999982635,50.000001455183,6.08648901578171,11.577296006752,1.73645986478732e-09,-1.45518302474557e-06
10278,36,50,35.9999999988603,50.0000014121006,6.08648901498632,11.5772958465765,1.13971765358656e-09,-1.4121006017831e-06
10296,36,50,35.9999999994036,50.0000013701518,6.08648901412223,11.5772956912034,5.96358518123452e-10,-1.3701518426501e-06
10314,36,50,35.9999999998901,50.0000013292657,6.08648901321382,11.5772955405193,1.09949382931518e-10,-1.32926570017844e-06
10332,36,50,36.0000000003176,50.0000012893837,6.08648901228292,11.5772953944146,-3.17591286602692e-10,-1.28938370380638e-06
10350,36,50,36.0000000006858,50.0000012504586,6.08648901134914,11.5772952527832,-6.8575189970943e-10,-1.25045859533657e-06
10368,36,50,36.0000000009953,50.0000012124529,6.08648901042941,11.5772951155215,-9.95271420833888e-10,-1.21245289363969e-06
10386,36,50,36.0000000012479,50.0000011753376,6.08648900953836,11.5772949825273,-1.24791199596075e-09,-1.17533756593957e-06
10404,36,50,36.0000000014463,50.0000011390907,6.08648900868794,11.5772948536999,-1.4463239494944e-09,-1.1390907417308e-06
10422,36,50,36.0000000015938,50.0000011036965,6.08648900788799,11.5772947289392,-1.5938326214382e-09,-1.10369647643438e-06
10440,36,50,36.0000000016943,50.0000010691436,6.08648900714619,11.5772946081454,-1.69427494256524e-09,-1.06914360742394e-06
10458,36,50,36.0000000017519,50.0000010354247,6.08648900646792,11.5772944912192,-1.75189995843539e-09,-1.03542469531703e-06
10476,36,50,36.0000000017712,50.0000010025351,6.08648900585709,11.577294378061,-1.77116277200184e-09,-1.00253507895331e-06
10494,36,50,36.0000000017567,50.000000970472,6.08648900531559,11.5772942685716,-1.75666770019234e-09,-9.70471987216115e-07
10512,36,50,36.000000001713,50.0000009392338,6.08648900484391,11.5772941626515,-1.71304037621667e-09,-9.3923381427885e-07
10530,36,50,36.0000000016448,50.0000009088195,6.0864890044415,11.5772940602017,-1.64479985187427e-09,-9.08819458800281e-07
10548,36,50,36.0000000015564,50.0000008792278,6.08648900410625,11.5772939611232,-1.55635859755421e-09,-8.79227769701174e-07
10566,36,50,36.0000000014519,50.0000008504571,6.08648900383547,11.5772938653174,-1.45189460454276e-09,-8.50457070100674e-07
10584,36,50,36.0000000013353,50.0000008225048,6.08648900362562,11.5772937726865,-1.33532296331396e-09,-8.22504816255787e-07
10602,36,50,36.0000000012103,50.0000007953673,6.08648900347252,11.5772936831333,-1.21026744182018e-09,-7.95367299133432e-07
10620,36,50,36.00000000108,50.0000007690394,6.08648900337157,11.5772935965616,-1.08002495835535e-09,-7.69039402825911e-07
10638,36,50,36.0000000009475,50.0000007435145,6.08648900331794,11.5772935128765,-9.47544265272882e-10,-7.43514505074927e-07
10656,36,50,36.0000000008154,50.0000007187844,6.08648900330662,11.5772934319845,-8.15418843558291e-10,-7.1878440621731e-07
10674,36,50,36.0000000006859,50.0000006948392,6.08648900333245,11.5772933537934,-6.8590111368394e-10,-6.94839243919887e-07
10692,36,50,36.0000000005609,50.0000006716676,6.08648900339053,11.5772932782131,-5.60874013899593e-10,-6.71667571339185e-07
10710,36,50,36.0000000004419,50.0000006492564,6.0864890034758,11.5772932051553,-4.41914949078637e-10,-6.49256392648567e-07
10728,36,50,36.0000000003303,50.0000006275913,6.08648900358363,11.5772931345338,-3.30267369008652e-10,-6.27591290935925e-07
10746,36,50,36.0000000002269,50.0000006066565,6.08648900370958,11.5772930662644,-2.268762955282e-10,-6.06656499257952e-07
10764,36,50,36.0000000001324,50.0000005864351,6.08648900384941,11.5772930002656,-1.3242384966361e-10,-5.86435064064972e-07
10782,36,50,36.0000000000473,50.000000566909,6.08648900399938,11.5772929364578,-4.73292516289803e-11,-5.66908987309489e-07
10800,36,50,35.9999999999718,50.0000005480594,6.08648900415597,11.5772928747643,2.82014411823184e-11,-5.48059396976441e-07
10818,36,55,35.9999999999058,50.0000005298667,6.08648900431608,14.3211539262218,9.41611233429285e-11,4.99999947013328
10836,36,55,35.9999999998493,50.0673623025886,6.08648900447702,13.9478264780814,1.50720325109432e-10,4.93263769741141
10854,36,55,35.9999999998018,50.6319736877233,6.08648900463645,14.245514945811,1.98191685285565e-10,4.3680263122767
10872,36,55,35.9902428296519,51.0803674319524,6.15703919899771,14.6323076832376,0.00975717034810941,3.91963256804758
10890,36,55,35.9353264325021,51.5512078388233,6.51571055144939,14.9308719637125,0.0646735674978771,3.44879216117667
10908,36,55,35.8894391265056,52.0568455650889,6.63535779770507,15.1577741932191,0.11056087349445,2.94315443491107
10926,36,55,35.8401319572853,52.5757187036472,6.83791045739707,15.3229707360442,0.159868042714663,2.42428129635279
10944,36,55,35.7926222378505,53.0916587309851,7.03291961659537,15.4296873546411,0.207377762149484,1.90834126901486
10962,36,55,35.7744778856942,53.5919764039926,7.04299926789234,15.4822036699203,0.225522114305775,1.40802359600744
10980,36,55,35.766727181585,54.0567692600797,7.11310100918963,15.4909417001358,0.233272818414989,0.943230739920324
10998,36,55,35.7764047522562,54.4398302084166,7.10557748562629,15.4818037862509,0.223595247743802,0.560169791583448
11016,36,55,35.8038850986428,54.7661629773895,7.04112697022723,15.4422444159133,0.196114901357234,0.233837022610473
11034,36,55,35.8333166203214,55.0271139590343,7.02865625817946,15.3885513732427,0.166683379678645,-0.0271139590343239
11052,36,55,35.8696963541597,55.2216748519062,6.96229881581101,15.327537257057,0.130303645840328,-0.221674851906151
11070,36,55,35.9065773732862,55.3758482685129,6.90753535432637,15.2527497687797,0.0934226267138456,-0.375848268512854
11088,36,55,35.9389913044863,55.4854616242677,6.87204910179339,15.1762346051597,0.0610086955136779,-0.485461624267664
11106,36,55,35.9714988327505,55.5614043048495,6.80309993204085,15.0966060044195,0.0285011672494662,-0.561404304849496
11124,36,55,35.9996616698513,55.6147116156871,6.75257288989716,15.0139145939881,0.000338330148693444,-0.614711615687057
11142,36,55,36.0244762285332,55.6413530437564,6.69575429871205,14.9351752603992,-0.0244762285331745,-0.641353043756396
11160,36,55,36.0477143252383,55.6503267694619,6.62554592370283,14.8579087362197,-0.0477143252382817,-0.650326769461934
11178,36,55,36.0665218131171,55.643745860368,6.57093952050514,14.7847766617202,-0.0665218131171059,-0.643745860367986
11196,36,55,36.0824120578384,55.6215465644988,6.51040758669767,14.71808689787,-0.0824120578383827,-0.621546564498757
11214,36,55,36.094834827701,55.5908088966481,6.45571198585873,14.655825729437,-0.0948348277009714,-0.590808896648142
11232,36,55,36.1025505743438,55.5522490238869,6.41485200695246,14.5999600096,-0.102550574343766,-0.552249023886922
11250,36,55,36.1068278862216,55.5088390190225,6.37520505322028,14.5499366531711,-0.106827886221602,-0.508839019022496
11268,36,55,36.1071255209406,55.4647496483133,6.34761841162117,14.504610155337,-0.10712552094062,-0.46474964831328
11286,36,55,36.1038822531895,55.4200173571992,6.32820630826606,14.4648260184986,-0.103882253189539,-0.420017357199178
11304,36,55,36.0982627536958,55.376907811053,6.31191504672514,14.4294252917214,-0.0982627536958063,-0.376907811052959
11322,36,55,36.090347106785,55.336263008769,6.30420962265664,14.3981758619461,-0.0903471067849821,-0.336263008768981
11340,36,55,36.0811272103846,55.2974364270454,6.29921273756054,14.3712934632954,-0.0811272103846292,-0.29743642704539
11358,36,55,36.0712727765254,55.2612470880387,6.29693285140552,14.3479878979915,-0.0712727765254115,-0.261247088038672
11376,36,55,36.0609950349376,55.2271194710331,6.29901644560999,14.3284108158573,-0.0609950349375694,-0.227119471033134
11394,36,55,36.0509620956969,55.1947008754689,6.30172570338792,14.3123990011339,-0.0509620956968533,-0.194700875468911
11412,36,55,36.0413355140934,55.1642999462205,6.30669685219552,14.2995107074636,-0.041335514093376,-0.164299946220453
11430,36,55,36.0322602096977,55.1354511239307,6.3134170591466,14.2898160761304,-0.0322602096977391,-0.135451123930686
11448,36,55,36.0240232127484,55.1082968901486,6.32021386968643,14.2829622674476,-0.0240232127484319,-0.108296890148566
11466,36,55,36.0165900297432,55.0829860731636,6.32823929319479,14.2786900095354,-0.0165900297432415,-0.0829860731636103
11484,36,55,36.0100628541247,55.0593440536189,6.33627308266385,14.2769007732821,-0.010062854124719,-0.0593440536188581
11502,36,55,36.0045067192928,55.0375968473205,6.34391593953212,14.2772364643934,-0.00450671929280588,-0.037596847320529
11520,36,55,35.9998444970606,55.0177323175178,6.35160808159509,14.2795176907954,0.000155502939378493,-0.0177323175178259
11538,36,55,35.9961014126989,54.9997052296116,6.35846325231617,14.2835399450358,0.00389858730113701,0.00029477038843595
11556,36,55,35.9932053063898,54.9836432759417,6.36473403393283,14.2890030592882,0.00679469361018903,0.0163567240583404
11574,36,55,35.9910534966743,54.969481020652,6.37049996368323,14.2957299375874,0.00894650332573121,0.030518979347967
11592,36,55,35.9895884557196,54.9572406434506,6.3754236929329,14.3034670111214,0.0104115442804016,0.0427593565493751
11610,36,55,35.9886845010545,54.9469658646684,6.37988073549505,14.3119626758408,0.0113154989454571,0.0530341353315507
11628,36,55,35.9882443821335,54.9385946198233,6.38379646116965,14.3210221536755,0.0117556178664699,0.0614053801766588
11646,36,55,35.9881868375566,54.9321326731049,6.38714435154436,14.3304010550136,0.0118131624434312,0.0678673268951258
11664,36,55,35.9884096578281,54.927526045075,6.39015238025529,14.3398998238481,0.0115903421718997,0.0724739549249733
11682,36,55,35.9888504929996,54.9246704603666,6.39271135045824,14.3493417909333,0.0111495070003969,0.0753295396333584
11700,36,55,35.9894486130517,54.9234793150475,6.39489938213813,14.358543715832,0.010551386948265,0.0765206849524986
11718,36,55,35.9901473396912,54.9237994857151,6.39679737604586,14.3673726265504,0.00985266030883736,0.0762005142848636
11736,36,55,35.9909155306146,54.9254674021951,6.39834257412581,14.3757072535148,0.00908446938541374,0.0745325978049109
11754,36,55,35.9917179021181,54.928317115372,6.39962604324364,14.3834453965528,0.00828209788189582,0.0716828846279896
11772,36,55,35.9925297546979,54.9321499473961,6.40065885521046,14.3905223826389,0.00747024530214446,0.0678500526038519
11790,36,55,35.9933368320851,54.9367817849555,6.4014327775109,14.3968833578623,0.00666316791490829,0.063218215044472
11808,36,55,35.9941220387052,54.9420278858788,6.40201139635662,14.4024987537503,0.00587796129482143,0.0579721141212346
11826,36,55,35.9948778269564,54.9477029015205,6.40238396046058,14.4073614964069,0.00512217304360973,0.0522970984794711
11844,36,55,35.9955989332602,54.9536439627436,6.40256783415904,14.4114744149135,0.00440106673977425,0.046356037256416
11862,36,55,35.9962799424031,54.9596945317146,6.40259357992289,14.414860729201,0.00372005759689387,0.0403054682853679
11880,36,55,35.9969210074802,54.9657145301305,6.402453070776,14.4175546946061,0.00307899251983912,0.0342854698694737
11898,36,55,35.9975211034387,54.9715857348492,6.40217084914243,14.4195985586919,0.00247889656129985,0.0284142651508148
11916,36,55,35.9980799575078,54.9772027924988,6.40176131734895,14.421045870138,0.00192004249223743,0.022797207501192
11934,36,55,35.9985989856109,54.982482258446,6.40123005118099,14.4219532782056,0.00140101438909568,0.0175177415540162
11952,36,55,35.9990777406413,54.9873596183139,6.40060285689593,14.4223812232234,0.000922259358702604,0.0126403816861398
11970,36,55,35.9995165320122,54.9917860472292,6.39989215356705,14.4223928724593,0.000483467987834274,0.00821395277078807
11988,36,55,35.9999155329847,54.995732292208,6.39911450691594,14.4220494885739,8.44670153128391e-05,0.00426770779202457
12006,36,55,36.000273955748,54.9991833450404,6.39829276831625,14.4214117220154,-0.000273955747999821,0.000816654959592711
12024,36,55,36.0005918054623,55.0021375461839,6.39744020099898,14.4205373840417,-0.000591805462299533,-0.0021375461838673
12042,36,55,36.0008688018208,55.0046061860075,6.39657557839996,14.4194798873438,-0.000868801820843146,-0.00460618600745022
12060,36,55,36.0011047787345,55.0066090014227,6.39571572228296,14.4182890806947,-0.00110477873445802,-0.00660900142271004
12078,36,55,36.0013003290982,55.0081738052578,6.39487253163739,14.417009587628,-0.00130032909819988,-0.00817380525778333
12096,36,55,36.0014560829126,55.0093343558598,6.39406069320932,14.4156809319548,-0.00145608291261823,-0.00933435585984199
12114,36,55,36.0015732741763,55.0101276908984,6.39329042814344,14.4143378836267,-0.00157327417631592,-0.0101276908983579
12132,36,55,36.0016536955932,55.0105937369597,6.3925700356415,14.4130097765883,-0.00165369559316275,-0.0105937369596631
12150,36,55,36.0016993782045,55.0107732507998,6.39190778215994,14.4117212168112,-0.00169937820445654,-0.0107732507998008
12168,36,55,36.0017129351169,55.0107066626688,6.39130792468816,14.4104922301454,-0.00171293511689896,-0.0107066626687811
12186,36,55,36.0016972864725,55.0104336243773,6.39077395415493,14.4093383323974,-0.00169728647249912,-0.0104336243772565
12204,36,55,36.0016555843658,55.0099916996471,6.39030781579355,14.4082712570032,-0.00165558436579261,-0.00999169964707392
12222,36,55,36.0015913016899,55.0094160736504,6.38990884462358,14.407299120202,-0.00159130168985655,-0.00941607365042785
12240,36,55,36.0015079710051,55.008739193957,6.38957590770009,14.4064268503581,-0.0015079710050756,-0.00873919395699119
12258,36,55,36.0014091892971,55.0079902436188,6.38930620958682,14.4056567398161,-0.00140918929708533,-0.00799024361877798
12276,36,55,36.0012985540329,55.007195261502,6.38909574884238,14.4049886735742,-0.00129855403292822,-0.00719526150200522
12294,36,55,36.0011794965976,55.0063770041728,6.38894024411539,14.404420606873,-0.00117949659764349,-0.00637700417283327
12312,36,55,36.0010552923917,55.0055549605932,6.38883440529171,14.403948927029,-0.00105529239174018,-0.00555496059315885
12330,36,55,36.000928964248,55.0047456202682,6.38877274005471,14.403568703116,-0.000928964247982833,-0.00474562026822412
12348,36,55,36.0008032159927,55.003962542098,6.38874971839349,14.4032740602939,-0.000803215992661421,-0.00396254209800873
12366,36,55,36.000680441316,55.0032166151689,6.38875955105033,14.4030584030594,-0.000680441315971336,-0.00321661516893812
12384,36,55,36.0005626651396,55.0025163327023,6.38879677987909,14.4029146358856,-0.00056266513961134,-0.00251633270234208
12402,36,55,36.0004515480644,55.0018679729231,6.38885614272994,14.4028354043754,-0.000451548064361873,-0.0018679729230584
12420,36,55,36.000348401826,55.0012758983246,6.38893263120742,14.4028132321415,-0.00034840182596696,-0.00127589832455755
12438,36,55,36.0002541810477,55.0007427824909,6.38902176131653,14.4028406835937,-0.000254181047687041,-0.000742782490917193
12456,36,55,36.0001695216313,55.0002698176853,6.38911940721009,14.4029104963164,-0.000169521631349312,-0.000269817685250473
12474,36,55,36.00009476477,54.9998569621739,6.38922192588361,14.4030156629909,-9.47647699689469e-05,0.000143037826120462
12492,36,55,36.0000299821527,54.9995031161847,6.3893262008259,14.4031495301202,-2.99821527320887e-05,0.000496883815301885
12510,36,55,35.9999750217624,54.9992063073771,6.38942953156971,14.4033058569049,2.49782375831842e-05,0.000793692622934827
12528,36,55,35.9999295370332,54.9989638685194,6.38952971422521,14.4034788578157,7.04629668248913e-05,0.00103613148058912
12546,36,55,35.9998930241252,54.9987725709871,6.38962497894779,14.4036632465172,0.000106975874849979,0.00122742901287154
12564,36,55,35.9998648612747,54.9986287681121,6.389713932329,14.4038542499869,0.000135138725255501,0.00137123188787314
12582,36,55,35.9998443369477,54.998528514006,6.38979557355546,14.4040476206555,0.000155663052268551,0.0014714859939815
12600,36,55,35.9998306834376,54.9984676620938,6.38986921090025,14.4042396407437,0.000169316562441679,0.0015323379061698
12618,36,55,35.9998231041869,54.9984419650352,6.3899344334283,14.4044271101432,0.000176895813126521,0.00155803496483742
12636,36,55,35.9998207952396,54.9984471515362,6.38999108658513,14.4046073351888,0.000179204760414109,0.00155284846384518
12654,36,55,35.999822967552,54.9984789958254,6.3900392072076,14.4047781078517,0.000177032447950864,0.00152100417462009
12672,36,55,35.9998288619017,54.9985333814887,6.39007900659882,14.4049376782712,0.000171138098302492,0.00146661851130148
12690,36,55,35.9998377612205,54.9986063493021,6.39011083388792,14.40508472731,0.000162238779509494,0.00139365069789932
12708,36,55,35.9998490010308,54.9986941417018,6.39013513682831,14.4052183321791,0.000150998969218108,0.00130585829822394
12726,36,55,35.9998619746391,54.9987932384378,6.39015244794595,14.4053379309071,0.00013802536086871,0.00120676156218735
12744,36,55,35.9998761373445,54.9989003823743,6.39016335287801,14.4054432862593,0.000123862655478035,0.0010996176256981
12762,36,55,35.9998910081788,54.9990126016599,6.3901684705345,14.4055344466877,0.000108991821178961,0.000987398340079437
12780,36,55,35.9999061690102,54.9991272231352,6.39016844087855,14.4056117087323,9.3830989769117e-05,0.000872776864753178
12798,36,55,35.9999212632859,54.9992418797037,6.39016390421843,14.4056755794736,7.87367141228401e-05,0.000758120296282527
12816,36,55,35.9999359929624,54.999354513344,6.39015549255043,14.4057267393526,6.40070375794721e-05,0.000645486655976413
12834,36,55,35.9999501146359,54.999463371306,6.39014382007771,14.4057660075499,4.98853641275332e-05,0.000536628693978969
12852,36,55,35.9999634355598,54.9995669985388,6.39012947264911,14.4057943086108,3.65644401796317e-05,0.000433001461175309
12870,36,55,35.9999758088081,54.999664226103,6.3901130045398,14.4058126414791,2.41911918550386e-05,0.00033577389701378
12888,36,55,35.9999871285757,54.999754155351,6.39009493250806,14.4058220514963,1.28714242890737e-05,0.000245844649015226
12906,36,55,35.9999973255211,54.999836139954,6.39007573208544,14.4058236046959,2.67447894941597e-06,0.000163860046015429
12924,36,55,36.0000063619919,54.9999097652673,6.39005583681671,14.4058183653202,-6.36199185066744e-06,9.02347326530162e-05
12942,36,55,36.0000142277,54.9999748258856,6.39003563570775,14.4058073763201,-1.42276999781643e-05,2.51741144410289e-05
12960,36,55,36.0000209355482,55.0000313024524,6.39001547331411,14.4057916426301,-2.09355482212459e-05,-3.1302452448756e-05
12978,36,55,36.0000265177172,55.0000793375595,6.38999565032828,14.4057721176001,-2.65177171883124e-05,-7.93375594838608e-05
12996,36,55,36.0000310221932,55.0001192117298,6.38997642372308,14.4057496921156,-3.10221931556498e-05,-0.000119211729810331
13014,36,55,36.000034509507,55.0001513199022,6.38995800871704,14.4057251863569,-3.45095070386492e-05,-0.000151319902158775
13032,36,55,36.0000370498326,55.0001761485529,6.38994058040497,14.4056993441366,-3.70498325565904e-05,-0.000176148552867517
13050,36,55,36.0000387204191,55.000194254153,6.38992427572666,14.4056728293845,-3.87204190701596e-05,-0.000194254153015549
13068,36,55,36.0000396032523,55.0002062430448,6.3899091963015,14.4056462247021,-3.96032522900214e-05,-0.000206243044843291
13086,36,55,36.0000397830374,55.0002127529542,6.38989541088729,14.4056200317132,-3.97830373515262e-05,-0.000212752954197981
13104,36,55,36.000039345422,55.0002144364473,6.38988295833623,14.4055946728838,-3.93454219960176e-05,-0.000214436447336652
13122,36,55,36.0000383754382,55.0002119462694,6.38987185074809,14.4055704946704,-3.8375438151661e-05,-0.00021194626940968
13140,36,55,36.000036956194,55.0002059226921,6.38986207640459,14.4055477716869,-3.69561939876917e-05,-0.00020592269211761
13158,36,55,36.0000351677488,55.0001969828831,6.38985360301012,14.4055267116663,-3.51677487770985e-05,-0.000196982883082342
13176,36,55,36.0000330861817,55.0001857121705,6.38984638078871,14.4055074610428,-3.30861817374739e-05,-0.000185712170505781
13194,36,55,36.0000307828486,55.0001726571927,6.38984034545062,14.4054901109104,-3.07828486398876e-05,-0.000172657192692327
13212,36,55,36.0000283237882,55.0001583207849,6.38983542119886,14.4054747032076,-2.83237882001686e-05,-0.00015832078488387
13230,36,55,36.0000257692905,55.0001431584498,6.38983152345978,14.4054612369765,-2.57692905449858e-05,-0.000143158449752434
13248,36,55,36.0000231736065,55.0001275762963,6.38982856147832,14.4054496745388,-2.31736064861821e-05,-0.000127576296335974
13266,36,55,36.0000205847808,55.0001119302487,6.38982644074877,14.4054399475,-2.05847807777104e-05,-0.000111930248749559
13284,36,55,36.0000180446107,55.0000965263664,6.38982506514696,14.405431962477,-1.8044610747836e-05,-9.65263664483018e-05
13302,36,55,36.0000155887079,55.0000816221173,6.38982433888019,14.4054256064735,-1.55887078960859e-05,-8.16221173352005e-05
13320,36,55,36.0000132466539,55.0000674284188,6.38982416817671,14.4054207518592,-1.32466539213283e-05,-6.7428418816462e-05
13338,36,55,36.0000110422426,55.0000541123045,6.38982446270093,14.4054172609039,-1.1042242576309e-05,-5.41123045394443e-05
13356,36,55,36.0000089937886,55.000041800066,6.38982513675689,14.4054149898465,-8.99378863294942e-06,-4.18000659578865e-05
13374,36,55,36.0000071144963,55.0000305807276,6.38982611022655,14.4054137924922,-7.11449627743832e-06,-3.05807275537973e-05
13392,36,55,36.0000054128736,55.0000205097437,6.38982730928137,14.4054135233306,-5.4128735911263e-06,-2.05097436634105e-05
13410,36,55,36.0000038931789,55.0000116128032,6.3898286668928,14.4054140401912,-3.89317893478847e-06,-1.16128032061624e-05
13428,36,55,36.0000025558908,55.0000038896501,6.38983012312817,14.405415206451,-2.55589075237594e-06,-3.88965014508358e-06
13446,36,55,36.0000013981879,54.9999973178447,6.38983162527875,14.4054168928175,-1.39818787658896e-06,2.68215532628346e-06
13464,36,55,36.0000004144303,54.9999918563954,6.38983312783221,14.4054189787174,-4.1443031051358e-07,8.1436045746841e-06
13482,36,55,35.9999995966328,54.9999874492134,6.38983459230091,14.4054213533206,4.03367195644933e-07,1.25507866357566e-05
13500,36,55,35.9999989349215,54.999984028347,6.38983598694632,14.4054239162348,1.06507852137838e-06,1.59716529708476e-05
13518,36,55,35.9999984179677,54.9999815169678,6.38983728640622,14.4054265779056,1.58203233269205e-06,1.84830322353946e-05
13536,36,55,35.9999980333935,54.9999798320872,6.3898384712484,14.4054292597565,1.96660651852198e-06,2.0167912836655e-05
13554,36,55,35.9999977681438,54.9999788869941,6.38983952747732,14.4054318941054,2.23185622871824e-06,2.11130058644926e-05
13572,36,55,35.9999976088223,54.9999785934071,6.38984044599963,14.4054344238896,2.3911776594332e-06,2.14065929142748e-05
13590,36,55,35.9999975419897,54.9999788633443,6.38984122207391,14.4054368022338,2.45801030018811e-06,2.11366557323345e-05
13608,36,55,35.9999975544215,54.9999796107182,6.38984185475471,14.4054389918901,2.44557850948013e-06,2.03892818291251e-05
13626,36,55,35.9999976333278,54.9999807526655,6.3898423463422,14.4054409645793,2.36667224839948e-06,1.92473344924338e-05
13644,36,55,35.9999977665336,54.9999822106274,6.3898427018501,14.4054427002591,2.23346638961175e-06,1.77893726416301e-05
13662,36,55,35.999997942623,54.9999839111955,6.38984292849886,14.4054441863434,2.05737702430042e-06,1.6088804486003e-05
13680,36,55,35.9999981510476,54.9999857867441,6.38984303523924,14.4054454168938,1.84895240806782e-06,1.42132558806907e-05
13698,36,55,35.9999983822037,54.9999877758658,6.38984303231472,14.4054463918012,1.61779632890102e-06,1.2224134167127e-05
13716,36,55,35.9999986274794,54.9999898236326,6.38984293086215,14.4054471159749,1.37252063581172e-06,1.01763673683308e-05
13734,36,55,35.9999988792762,54.9999918817018,6.38984274255447,14.4054475985521,1.12072382307815e-06,8.11829819724608e-06
13752,36,55,35.9999991310074,54.9999939082869,6.38984247928775,14.4054478521393,8.68992636071653e-07,6.09171306820144e-06
13770,36,55,35.9999993770771,54.9999958680135,6.38984215290809,14.4054478920954,6.2292294700228e-07,4.13198648629987e-06
13788,36,55,35.9999996128429,54.9999977316781,6.38984177498234,14.4054477358638,3.87157086834122e-07,2.26832187877335e-06
13806,36,55,35.9999998345658,54.9999994759286,6.3898413566071,14.4054474023581,1.65434236976125e-07,5.24071417373762e-07
13824,36,55,36.000000039349,55.0000010828822,6.38984090825551,14.4054469114058,-3.93489614225473e-08,-1.08288216438268e-06
13842,36,55,36.0000002250703,55.000002539697,6.38984043965904,14.4054462832526,-2.25070280635009e-07,-2.5396970499969e-06
13860,36,55,36.0000003903088,55.000003838111,6.38983995972039,14.4054455381267,-3.90308827036279e-07,-3.83811104853748e-06
13878,36,55,36.0000005342691,55.0000049739606,6.38983947645608,14.4054446958637,-5.34269055663117e-07,-4.97396064247368e-06
13896,36,55,36.000000656704,55.0000059466914,6.3898389969633,14.405443775591,-6.56704003176856e-07,-5.94669138820336e-06
13914,36,55,36.0000007578392,55.0000067588697,6.38983852741046,14.4054427954682,-7.57839153209261e-07,-6.7588697447718e-06
13932,36,55,36.0000008382986,55.0000074157051,6.38983807304557,14.4054417724813,-8.38298561234296e-07,-7.41570505624622e-06
13950,36,55,36.0000008990341,55.0000079245886,6.3898376382219,14.4054407222872,-8.99034148460487e-07,-7.92458863685397e-06
13968,36,55,36.0000009412592,55.0000082946563,6.38983722643646,14.405439659104,-9.4125917371457e-07,-8.29465626850379e-06
13986,36,55,36.0000009663865,55.0000085363787,6.38983684037914,14.4054385956434,-9.66386522804896e-07,-8.53637867237467e-06
14004,36,55,36.0000009759723,55.0000086611837,6.38983648199013,14.4054375430795,-9.75972277217352e-07,-8.66118371334323e-06
14022,36,55,36.0000009716648,55.0000086811127,6.38983615252384,14.4054365110517,-9.71664775306635e-07,-8.68111273888417e-06
14040,36,55,36.0000009551595,55.000008608513,6.38983585261554,14.4054355076943,-9.55159492832536e-07,-8.60851298511989e-06
14058,36,55,36.0000009281595,55.0000084557665,6.38983558235156,14.4054345396912,-9.28159522572969e-07,-8.45576646923973e-06
14076,36,55,36.0000008923417,55.0000082350556,6.38983534133906,14.4054336123489,-8.92341716962619e-07,-8.23505561697857e-06
14094,36,55,36.0000008493282,55.0000079581648,6.38983512877539,14.4054327296858,-8.49328230856372e-07,-7.95816481513612e-06
14112,36,55,36.0000008006632,55.0000076363167,6.38983494351561,14.4054318945323,-8.00663187305872e-07,-7.6363167238469e-06
14130,36,55,36.0000007477942,55.0000072800415,6.38983478413699,14.4054311086401,-7.47794175026684e-07,-7.28004151540063e-06
14148,36,55,36.0000006920583,55.0000068990772,6.3898346489995,14.4054303727955,-6.92058250706395e-07,-6.89907719930716e-06
14166,36,55,36.0000006346719,55.0000065022983,6.38983453630302,14.4054296869355,-6.34671920352048e-07,-6.50229826959503e-06
14184,36,55,36.0000005767249,55.0000060976705,6.38983444413862,14.405429050263,-5.76724886514057e-07,-6.09767046455545e-06
14202,36,55,36.000000519177,55.0000056922287,6.38983437053595,14.4054284613608,-5.19176964530743e-07,-5.69222868307406e-06
14220,36,55,36.0000004628579,55.0000052920753,6.38983431350446,14.4054279182999,-4.62857933314353e-07,-5.29207532196097e-06
14238,36,55,36.0000004084697,55.0000049023963,6.3898342710705,14.4054274187429,-4.08469723822691e-07,-4.90239625605682e-06
14256,36,55,36.0000003565908,55.0000045274917,6.38983424130818,14.4054269600413,-3.56590760475228e-07,-4.52749172552558e-06
14274,36,55,36.000000307682,55.0000041708195,6.38983422236578,14.4054265393234,-3.07681958133799e-07,-4.17081946579856e-06
14292,36,55,36.000000262094,55.0000038350476,6.38983421248755,14.4054261535761,-2.62094012271064e-07,-3.8350476074811e-06
14310,36,55,36.0000002200758,55.0000035221148,6.38983421003012,14.4054257997159,-2.2007579758565e-07,-3.52211483800602e-06
14328,36,55,36.0000001817835,55.000003233296,6.38983421347528,14.4054254746533,-1.81783455843743e-07,-3.23329601314981e-06
14346,36,55,36.0000001472899,55.0000029692708,6.38983422143897,14.4054251753464,-1.47289902940884e-07,-2.96927079546094e-06
14364,36,55,36.0000001165946,55.0000027301939,6.38983423267597,14.4054248988481,-1.16594648602586e-07,-2.73019394825269e-06
14382,36,55,36.0000000896336,55.0000025157656,6.38983424608214,14.4054246423431,-8.96335663469472e-08,-2.51576558696343e-06
14400,36,55,36.0000000662885,55.0000023253,6.38983426069376,14.4054244031789,-6.62885000224378e-08,-2.325300002326e-06
14418,36,55,36.0000000463966,55.0000021577921,6.38983427568383,14.4054241788882,-4.6396621655731e-08,-2.15779211032441e-06
14436,36,55,36.0000000297593,55.0000020119806,6.38983429035739,14.4054239672057,-2.97592634979083e-08,-2.01198059102126e-06
14454,36,55,36.0000000161502,55.0000018864068,6.38983430414469,14.4054237660783,-1.61502100581856e-08,-1.88640681386687e-06
14472,36,55,36.0000000053235,55.0000017794693,6.38983431659242,14.4054235736702,-5.32347144144296e-09,-1.77946925816741e-06
14490,36,55,35.9999999970202,55.000001689473,6.38983432735542,14.4054233883631,2.97976754382034e-09,-1.68947296685928e-06
14508,36,55,35.9999999909752,55.0000016146737,6.38983433618637,14.4054232087526,9.02481644970976e-09,-1.61467365700219e-06
14526,36,55,35.9999999869221,55.0000015533167,6.38983434292579,14.4054230336412,1.30779085338872e-08,-1.55331674278614e-06
14544,36,55,35.9999999845986,55.0000015036709,6.38983434749175,14.4054228620282,1.54013832798228e-08,-1.5036708944649e-06
14562,36,55,35.9999999837504,55.0000014640565,6.38983434986949,14.4054226930977,1.62495723543543e-08,-1.4640564813817e-06
14580,36,55,35.9999999841346,55.0000014328691,6.38983435010149,14.4054225262048,1.58654103188383e-08,-1.43286909803919e-06
14598,36,55,35.9999999855223,55.0000014085983,6.3898343482777,14.4054223608607,1.44776919341894e-08,-1.40859830821682e-06
14616,36,55,35.999999987701,55.000001389842,6.38983434452648,14.4054221967169,1.22989760598102e-08,-1.38984204056669e-06
14634,36,55,35.9999999904759,55.0000013753169,6.38983433900604,14.4054220335491,9.52407219756424e-09,-1.37531694122117e-06
14652,36,55,35.999999993671,55.000001363865,6.38983433189642,14.4054218712415,6.3290244156633e-09,-1.3638650386838e-06
14670,36,55,35.9999999971293,55.0000013544571,6.38983432339284,14.4054217097707,2.87065660131702e-09,-1.35445712601268e-06
14688,36,55,36.0000000007136,55.0000013461934,6.38983431369862,14.4054215491906,-7.13583858669153e-10,-1.34619336478181e-06
14706,36,55,36.0000000043053,55.0000013383013,6.38983430302035,14.4054213896181,-4.30529212280817e-09,-1.33830125292889e-06
14724,36,55,36.0000000078046,55.0000013301316,6.38983429156245,14.4054212312195,-7.80455877702479e-09,-1.33013164571594e-06
14742,36,55,36.0000000111291,55.000001321153,6.38983427952342,14.405421074198,-1.11291171833727e-08,-1.32115299322777e-06
14760,36,55,36.0000000142133,55.0000013109442,6.38983426709236,14.4054209187825,-1.4213298982213e-08,-1.31094418520661e-06
14778,36,55,36.0000000170068,55.0000012991864,6.38983425444643,14.405420765217,-1.70068119587086e-08,-1.29918640823234e-06
14796,36,55,36.0000000194734,55.0000012856542,6.38983424174861,14.4054206137522,-1.94734397496177e-08,-1.28565419288407e-06
14814,36,55,36.0000000215897,55.000001270206,6.38983422914627,14.4054204646375,-2.15896562849593e-08,-1.27020604168138e-06
14832,36,55,36.0000000233432,55.0000012527748,6.38983421677038,14.4054203181142,-2.33431762808323e-08,-1.25277479412489e-06
14850,36,55,36.0000000247315,55.0000012333579,6.38983420473474,14.4054201744101,-2.47315483647981e-08,-1.23335794910417e-06
14868,36,55,36.0000000257607,55.0000012120082,6.38983419313631,14.4054200337354,-2.57607055687004e-08,-1.21200821467937e-06
14886,36,55,36.0000000264437,55.0000011888243,6.38983418205488,14.4054198962789,-2.64436579300309e-08,-1.18882427102562e-06
14904,36,55,36.0000000267991,55.0000011639421,6.38983417155436,14.4054197622057,-2.6799128249877e-08,-1.16394207338999e-06
14922,36,55,36.0000000268504,55.0000011375266,6.389834161683,14.4054196316557,-2.685037259198e-08,-1.13752663821742e-06
14940,36,55,36.000000026624,55.0000011097645,6.38983415247466,14.4054195047424,-2.6624036308931e-08,-1.10976446876521e-06
14958,36,55,36.0000000261491,55.0000010808566,6.38983414395001,14.4054193815529,-2.61491095443489e-08,-1.080856605995e-06
14976,36,55,36.000000025456,55.0000010510124,6.38983413611755,14.4054192621482,-2.54560248436064e-08,-1.05101244685102e-06
14994,36,55,36.0000000245758,55.0000010204443,6.38983412897516,14.4054191465642,-2.45758116079742e-08,-1.02044430860815e-06
15012,36,55,36.0000000235394,55.0000009893626,6.38983412251129,14.4054190348125,-2.35393997627398e-08,-9.89362590075871e-07
15030,36,55,36.000000022377,55.0000009579717,6.38983411670629,14.4054189268824,-2.23770086904551e-08,-9.57971742820973e-07
15048,36,55,36.0000000211176,55.0000009264669,6.38983411153391,14.4054188227425,-2.11176285347392e-08,-9.26466938722115e-07
15066,36,55,36.0000000197886,55.0000008950313,6.38983410696227,14.4054187223427,-1.97886294017735e-08,-8.95031334380292e-07
15084,36,55,36.0000000184154,55.0000008638339,6.38983410295531,14.4054186256163,-1.84154274052162e-08,-8.63833932385205e-07
15102,36,55,36.0000000170213,55.0000008330281,6.38983409947384,14.4054185324822,-1.70212501870992e-08,-8.33028124702651e-07
15120,36,55,36.000000015627,55.0000008027506,6.38983409647641,14.4054184428469,-1.56269948092813e-08,-8.02750619754988e-07
15138,36,55,36.0000000142511,55.0000007731209,6.38983409392059,14.4054183566068,-1.42510998557555e-08,-7.731208597761e-07
15156,36,55,36.0000000129096,55.0000007442409,6.3898340917634,14.4054182736504,-1.29095525380762e-08,-7.44240921335404e-07
15174,36,55,36.0000000116159,55.0000007161957,6.38983408996238,14.4054181938596,-1.16158815899325e-08,-7.16195714289825e-07
15192,36,55,36.0000000103812,55.0000006890534,6.38983408847597,14.4054181171124,-1.03812425322758e-08,-6.89053422320285e-07
15210,36,55,36.0000000092145,55.0000006628663,6.38983408726427,14.4054180432841,-9.21449583302092e-09,-6.62866312950428e-07
15228,36,55,36.0000000081224,55.0000006376717,6.38983408628907,14.4054179722487,-8.12238454273029e-09,-6.3767168967388e-07
15246,36,55,36.0000000071096,55.0000006134929,6.38983408551493,14.4054179038807,-7.10961245431463e-09,-6.13492943557503e-07
15264,36,55,36.0000000061791,55.0000005903408,6.38983408490847,14.4054178380562,-6.17909989841792e-09,-5.90340803796607e-07
15282,36,55,36.0000000053321,55.0000005682146,6.38983408443945,14.4054177746537,-5.33209743025509e-09,-5.68214623797303e-07
15300,36,55,36.0000000045684,55.0000005471037,6.38983408408021,14.4054177135552,-4.56842030871485e-09,-5.47103724102271e-07
15318,36,55,36.0000000038866,55.0000005269887,6.38983408380604,14.4054176546469,-3.8866261320436e-09,-5.26988678473117e-07
15336,36,55,36.0000000032842,55.0000005078427,6.3898340835953,14.4054175978198,-3.28417115724733e-09,-5.07842720764984e-07
15354,36,55,36.0000000027576,55.0000004896329,6.38983408342889,14.40541754297,-2.75764477919438e-09,-4.89632938638351e-07
15372,36,55,36.0000000023029,55.0000004723215,6.38983408329058,14.4054174899991,-2.30291163916263e-09,-4.72321538325104e-07
15390,36,55,36.0000000019153,55.000000455867,6.38983408316681,14.4054174388146,-1.91526794424135e-09,-4.55866974391483e-07
15408,36,55,36.0000000015896,55.0000004402251,6.38983408304615,14.4054173893296,-1.58964041929721e-09,-4.40225051079324e-07
15426,36,55,36.0000000013207,55.0000004253499,6.38983408291977,14.4054173414628,-1.32066446667523e-09,-4.25349853117041e-07
15444,36,55,36.0000000011028,55.0000004111946,6.3898340827807,14.405417295139,-1.10284759102797e-09,-4.11194641003476e-07
15462,36,55,36.0000000009307,55.0000003977126,6.38983408262368,14.4054172502881,-9.3069729700801e-10,-3.97712597077771e-07
15480,36,55,36.0000000007987,55.0000003848576,6.38983408244561,14.4054172068456,-7.98735300122644e-10,-3.84857557378382e-07
15498,36,55,36.0000000007017,55.0000003725845,6.38983408224414,14.4054171647518,-7.01703584127245e-10,-3.72584509023e-07
15516,36,55,36.0000000006345,55.0000003608501,6.38983408201882,14.4054171239518,-6.34507557606412e-10,-3.60850123115597e-07
15534,36,55,36.0000000005924,55.0000003496131,6.38983408176984,14.4054170843953,-5.92358162521123e-10,-3.49613095806944e-07
15552,36,55,36.0000000005708,55.0000003388345,6.38983408149826,14.4054170460358,-5.70800295918161e-10,-3.38834496460549e-07
15570,36,55,36.0000000005657,55.000000328478,6.38983408120617,14.4054170088308,-5.65691493648046e-10,-3.28477966604623e-07
15588,36,55,36.0000000005733,55.0000003185098,6.3898340808958,14.4054169727409,-5.73294300920679e-10,-3.18509790986354e-07
15606,36,55,36.0000000005902,55.0000003088991,6.38983408057002,14.4054169377299,-5.90240745168558e-10,-3.0889913205101e-07
15624,36,55,36.0000000006135,55.0000002996179,6.3898340802319,14.4054169037644,-6.13546546901489e-10,-2.9961786651711e-07
15642,36,55,36.0000000006406,55.0000002906407,6.38983407988454,14.4054168708132,-6.40625330561306e-10,-2.90640713274115e-07
15660,36,55,36.0000000006692,55.0000002819451,6.38983407953129,14.4054168388473,-6.69245991957723e-10,-2.81945091273883e-07
15678,36,55,36.0000000006975,55.000000273511,6.3898340791753,14.4054168078395,-6.9753980369569e-10,-2.7351097742212e-07
15696,36,55,36.000000000724,55.0000002653208,6.38983407881959,14.405416777764,-7.23986204320681e-10,-2.65320835524108e-07
15714,36,55,36.0000000007474,55.0000002573595,6.38983407846713,14.4054167485966,-7.47363060327189e-10,-2.57359459965301e-07
15732,36,55,36.0000000007667,55.0000002496137,6.38983407812057,14.405416720314,-7.66746666158724e-10,-2.49613705705087e-07
15750,36,55,36.0000000007815,55.0000002420724,6.38983407778235,14.4054166928938,-7.81469111643673e-10,-2.42072424327944e-07
15768,36,55,36.0000000007911,55.0000002347262,6.38983407745459,14.4054166663145,-7.9110407114058e-10,-2.34726179826339e-07
15786,36,55,36.0000000007954,55.0000002275671,6.38983407713915,14.4054166405551,-7.95424170974002e-10,-2.27567099386761e-07
15804,36,55,36.0000000007944,55.0000002205887,6.38983407683767,14.405416615595,-7.94372567725077e-10,-2.20588688648604e-07
15822,36,55,36.0000000007881,55.0000002137856,6.38983407655118,14.4054165914143,-7.88077159086242e-10,-2.13785604330496e-07
15840,36,55,36.0000000007767,55.0000002071535,6.38983407628095,14.4054165679932,-7.76736897023511e-10,-2.07153505016322e-07
15858,36,55,36.0000000007607,55.0000002006889,6.38983407602732,14.4054165453121,-7.60714158332121e-10,-2.00688880624966e-07
15876,36,55,36.0000000007404,55.0000001943889,6.38983407579097,14.4054165233518,-7.4039974151674e-10,-1.94388888985486e-07
15894,36,55,36.0000000007163,55.0000001882512,6.38983407557201,14.4054165020931,-7.16255499355611e-10,-1.88251192412281e-07
15912,36,55,36.0000000006888,55.0000001822739,6.3898340753703,14.405416481517,-6.88800128045841e-10,-1.82273879545392e-07
15930,36,55,36.0000000006585,55.0000001764553,6.38983407518575,14.4054164616049,-6.58545218357176e-10,-1.76455301925671e-07
15948,36,55,36.000000000626,55.000000170794,6.38983407501788,14.405416442338,-6.26023677341436e-10,-1.70793967413374e-07
15966,36,55,36.0000000005918,55.0000001652885,6.389834074866,14.4054164236979,-5.91782622905157e-10,-1.65288497555593e-07
15984,36,55,36.0000000005563,55.0000001599375,6.38983407472959,14.4054164056663,-5.5631943496337e-10,-1.59937513899422e-07
16002,36,55,36.0000000005201,55.0000001547396,6.38983407460778,14.405416388225,-5.20124388003751e-10,-1.54739574043106e-07
16020,36,55,36.0000000004837,55.0000001496932,6.3898340744997,14.4054163713562,-4.83652229377185e-10,-1.49693150319763e-07
16038,36,55,36.0000000004473,55.0000001447966,6.38983407440443,14.4054163550422,-4.47322179297771e-10,-1.44796572953965e-07
16056,36,55,36.0000000004115,55.000000140048,6.3898340743211,14.4054163392657,-4.11496614560747e-10,-1.4004798742917e-07
16074,36,55,36.0000000003765,55.0000001354454,6.38983407424862,14.4054163240096,-3.76516595679277e-10,-1.3544540422572e-07
16092,36,55,36.0000000003427,55.0000001309866,6.38983407418612,14.405416309257,-3.42659234320308e-10,-1.30986578028569e-07
16110,36,55,36.0000000003102,55.0000001266691,6.38983407413254,14.4054162949917,-3.10173220441357e-10,-1.2666910720327e-07
16128,36,55,36.0000000002793,55.0000001224904,6.38983407408696,14.4054162811974,-2.79257506008435e-10,-1.22490376952555e-07
16146,36,55,36.0000000002501,55.0000001184476,6.38983407404857,14.4054162678586,-2.50054199568694e-10,-1.18447587738046e-07
16164,36,55,36.0000000002227,55.0000001145378,6.38983407401631,14.4054162549599,-2.22698304241931e-10,-1.1453779080739e-07
16182,36,55,36.0000000001972,55.0000001107579,6.38983407398959,14.4054162424864,-1.97246663447004e-10,-1.1075785266712e-07
16200,36,55,36.0000000001737,55.0000001071045,6.38983407396751,14.4054162304237,-1.73749015175417e-10,-1.07104504820654e-07
