Tempo,Referencia_Temperatura,Referencia_Umidade,Saida_Temperatura,Saida_Umidade,Sinal_Controle_Temperatura,Sinal_Controle_Umidade,Erro_Temperatura,Erro_Umidade
18,30,50,22,50,0,0,8,0
36,30,50,22,50,0,0,8,0
54,30,50,22,50,0,0,8,0
72,30,50,22,50,0,0,8,0
90,30,50,22,50,0,0,8,0
108,30,50,22,50,0,0,8,0
126,30,50,22,50,0,0,8,0
144,30,50,22,50,3.23999999999999,0,8,0
162,30,50,22,50,6.47999999999999,0,8,0
180,30,50,22,50,9.71999999999998,0,8,0
198,30,50,22,50,12.96,0,8,0
216,30,50,22.2849904,50,13.9157306964,0,7.7150096,0
234,30,50,22.86228610912,50,13.8300411730759,0,7.13771389088,0
252,30,50,23.7224748964063,49.580744,12.6963570634029,0.324525106799998,6.27752510359367,0.419255999999997
270,30,50,24.856447604742,48.7395315857719,10.4263235830613,0.923027985233228,5.14355239525795,1.26046841422806
288,30,50,26.0544640639247,47.5569137085532,8.54488969134513,1.77432547848809,3.9455359360753,2.44308629144683
306,30,50,27.210077800615,46.0966802995362,6.83653707339025,2.88092784726146,2.78992219938503,3.90331970046384
324,30,50,28.2206621876441,44.7090818625209,5.6117916513955,4.0135316557843,1.77933781235586,5.29091813747912
342,30,50,28.9802583477891,43.5815196162385,5.2684432690101,5.09853687909781,1.01974165221091,6.41848038376149
360,30,50,29.52053588413,42.8401661808019,5.12750132420003,6.05461696138719,0.479464115870044,7.15983381919808
378,30,50,29.861874586453,42.6037941790336,5.27189409863499,6.77993334352926,0.138125413546959,7.39620582096637
396,30,50,30.054531702125,42.7748170014603,5.48069063800647,7.32670017110853,-0.054531702125022,7.22518299853974
414,30,50,30.1852321548661,43.2603228934558,5.36885150965491,7.70459062704069,-0.185232154866121,6.73967710654416
432,30,50,30.2818791545779,43.9454779418554,5.16899259841019,7.9504947434225,-0.281879154577858,6.05452205814462
450,30,50,30.3767353350954,44.6707499228866,4.77504026072944,8.14234721637968,-0.376735335095439,5.32925007711335
468,30,50,30.4808931265588,45.3777090265276,4.25921292747774,8.28558110318119,-0.480893126558755,4.62229097347239
486,30,50,30.5696538414857,46.0203443234851,3.87085839061124,8.40450372466757,-0.569653841485668,3.97965567651488
504,30,50,30.6365802081098,46.5841270766854,3.54501310916325,8.50639735245967,-0.636580208109812,3.41587292331459
522,30,50,30.665853661206,47.1114699559975,3.38530524321343,8.5629764333674,-0.665853661205965,2.88853004400248
540,30,50,30.6477662801817,47.6168083810678,3.4061496816109,8.57619854334753,-0.647766280181656,2.3831916189322
558,30,50,30.594756448693,48.1207681151851,3.47876545336917,8.53551822477785,-0.594756448693001,1.8792318848149
576,30,50,30.5143864060391,48.6351116648738,3.61852344632668,8.43659871503405,-0.514386406039073,1.36488833512623
594,30,50,30.4232335094592,49.1365555637621,3.74123044662817,8.29907585435965,-0.42323350945918,0.863444436237934
612,30,50,30.3391194660212,49.6091105086573,3.79082654839237,8.13137492594639,-0.339119466021202,0.390889491342662
630,30,50,30.2682146644475,50.0285765132472,3.80360888000482,7.95149753761277,-0.268214664447477,-0.028576513247188
648,30,50,30.2171666723537,50.3709573600021,3.75162341230882,7.77783965970133,-0.217166672353731,-0.37095736000208
666,30,50,30.1846904941394,50.6333199667586,3.67017774274587,7.61491472444003,-0.184690494139403,-0.63331996675862
684,30,50,30.1639647063291,50.8150320150445,3.60003702432912,7.47047536010244,-0.163964706329068,-0.815032015044487
702,30,50,30.1509186078545,50.9267843152176,3.53515562351818,7.34408876310664,-0.150918607854489,-0.926784315217581
720,30,50,30.1390179116155,50.9877168774284,3.50455870277582,7.23026624512465,-0.139017911615483,-0.98771687742844
738,30,50,30.1248192629852,51.0112894521326,3.50289488047915,7.12791832965396,-0.124819262985199,-1.01128945213256
756,30,50,30.1086483756648,51.0123189774945,3.51136465223708,7.03229699143623,-0.108648375664835,-1.01231897749451
774,30,50,30.0905505085702,51.0000765409962,3.53202338028833,6.9417848505558,-0.0905505085701677,-1.00007654099623
792,30,50,30.073214507683,50.9767372761873,3.5443247347005,6.85809399180687,-0.0732145076829838,-0.976737276187251
810,30,50,30.05897481162,50.9443831531907,3.54261732054675,6.78119987845695,-0.0589748116200148,-0.944383153190699
828,30,50,30.0485141686511,50.9014370128437,3.53178098149589,6.71368328790778,-0.0485141686511348,-0.901437012843715
846,30,50,30.0426129728633,50.8467053541655,3.50742460105002,6.65716250822125,-0.04261297286331,-0.846705354165451
864,30,50,30.040211590239,50.7818421886343,3.48007475896216,6.61125601748205,-0.0402115902389504,-0.7818421886343
882,30,50,30.0396855610759,50.7084147511469,3.45606624610167,6.57612512497437,-0.0396855610759239,-0.70841475114689
900,30,50,30.0398241289771,50.630315165666,3.4362676520049,6.54995691766448,-0.0398241289770809,-0.630315165666033
918,30,50,30.0390796976343,50.5520031734997,3.42679460805213,6.53063585188019,-0.039079697634282,-0.552003173499671
936,30,50,30.0368761881673,50.4766548519391,3.42492788323704,6.51672594816674,-0.0368761881672839,-0.476654851939088
954,30,50,30.0332816525957,50.4073248632323,3.42784883007701,6.50628252997686,-0.0332816525956829,-0.407324863232255
972,30,50,30.0285195115627,50.3452423792659,3.43466837946222,6.49844426626693,-0.0285195115627062,-0.345242379265876
990,30,50,30.0233980137062,50.290260082081,3.44049188829313,6.49288369608087,-0.0233980137061813,-0.290260082081048
1008,30,50,30.0185291429642,50.241882298699,3.44457810198841,6.48924849634886,-0.0185291429642263,-0.241882298699011
1026,30,50,30.0142845983811,50.1987503325222,3.44688807694635,6.4878252159384,-0.0142845983811171,-0.198750332522181
1044,30,50,30.0109506594412,50.1597908888369,3.44672235415918,6.48862020739827,-0.010950659441189,-0.159790888836923
1062,30,50,30.0083785806509,50.1244026026541,3.44632768068439,6.49144486924368,-0.00837858065094821,-0.124402602654136
1080,30,50,30.0063413009025,50.0921314334046,3.44647592929885,6.49616207047617,-0.00634130090253393,-0.0921314334046102
1098,30,50,30.004608594989,50.0631352755889,3.44766692791748,6.50223904347141,-0.00460859498901556,-0.0631352755888557
1116,30,50,30.0028982183318,50.0376593954254,3.45089496282308,6.50919716899108,-0.00289821833180781,-0.0376593954254432
1134,30,50,30.0011363994271,50.0158415779339,3.45533903822927,6.5166363615826,-0.00113639942708943,-0.0158415779338981
1152,30,50,29.9993366799298,49.9978147482797,3.46054467502243,6.52412252194322,0.000663320070202644,0.00218525172026318
1170,30,50,29.9975720331785,49.9833501424725,3.46600964911385,6.5314872653898,0.00242796682153923,0.0166498575275398
1188,30,50,29.9960133972751,49.9720420643565,3.4707124496152,6.5386405919167,0.0039866027249218,0.0279579356435491
1206,30,50,29.9947677575892,49.9634151239905,3.47456198915875,6.54554688179474,0.00523224241084463,0.0365848760095133
1224,30,50,29.993902533177,49.956880621825,3.47742302819607,6.55228963646167,0.00609746682298606,0.0431193781749641
1242,30,50,29.9934393950095,49.9519835799264,3.47930299098569,6.55888168772137,0.00656060499052558,0.04801642007358
1260,30,50,29.9933081882061,49.9483834398353,3.48070908415279,6.56532237098782,0.00669181179385703,0.0516165601646676
1278,30,50,29.9934276960722,49.9458374608907,3.48180905508171,6.57159471398877,0.00657230392783603,0.0541625391093135
1296,30,50,29.9937050707716,49.9442605072409,3.48284177384603,6.57760574676121,0.00629492922843866,0.0557394927591162
1314,30,50,29.9940498725005,49.9435971868234,3.48400658578703,6.58328329477142,0.00595012749945312,0.0564028131765681
1332,30,50,29.9944189983503,49.9438050475565,3.48517201945346,6.58855733007577,0.00558100164973752,0.0561949524435406
1350,30,50,29.9947884110241,49.9448400167117,3.48630659163118,6.59336618762069,0.00521158897592855,0.0551599832883412
1368,30,50,29.9951582819452,49.9465911176317,3.48728930472708,6.59770398862287,0.00484171805482703,0.0534088823682879
1386,30,50,29.9955486869264,49.948925533729,3.48795991276533,6.60157772290883,0.00445131307358082,0.0510744662710039
1404,30,50,29.995969569171,49.951693011547,3.48833021411455,6.60501612199925,0.0040304308289727,0.0483069884529641
1422,30,50,29.9964278092591,49.9547329242405,3.48838215103402,6.60806690657974,0.00357219074090409,0.0452670757594689
1440,30,50,29.996918943074,49.9579211311732,3.48817058313163,6.610763127899,0.00308105692595007,0.0420788688267848
1458,30,50,29.9974233446458,49.9611602338305,3.48781730103326,6.61313762036769,0.00257665535421125,0.0388397661694668
1476,30,50,29.9979212391752,49.9643854309277,3.48737785583879,6.61521363390714,0.00207876082475522,0.0356145690723437
1494,30,50,29.9983907290566,49.9675678716062,3.48693208232846,6.61700032604624,0.00160927094344387,0.0324321283938005
1512,30,50,29.9988144290531,49.9706884395594,3.48652196198068,6.6185102481874,0.00118557094690175,0.0293115604405756
1530,30,50,29.9991856571326,49.9737367418929,3.48613316280758,6.61975327778371,0.000814342867379025,0.0262632581071358
1548,30,50,29.9995028547895,49.9767016910999,3.48576620635376,6.62074281769155,0.000497145210477612,0.0232983089000527
1566,30,50,29.9997714770234,49.9795614267996,3.48539150325449,6.62150155119878,0.0002285229765846,0.0204385732003942
1584,30,50,30.0000005280903,49.9822922127616,3.48498367608777,6.62205335872308,-5.28090268403503e-07,0.017707787238372
1602,30,50,30.0001973515684,49.9848671891823,3.48454465746936,6.62242646714904,-0.000197351568449022,0.0151328108177111
1620,30,50,30.0003686248084,49.9872610246653,3.4840704893753,6.62264987801966,-0.000368624808395168,0.0127389753347416
1638,30,50,30.0005176606675,49.9894577987211,3.48357816438884,6.6227481593776,-0.000517660667508579,0.0105422012789305
1656,30,50,30.000644718518,49.9914487551072,3.48309108041498,6.62274402312773,-0.000644718517989418,0.00855124489275738
1674,30,50,30.000749470061,49.9932345467106,3.48262205947813,6.62265537363808,-0.000749470061009561,0.00676545328944655
1692,30,50,30.0008306641257,49.9948238083432,3.48218853186067,6.6224959850515,-0.00083066412566879,0.00517619165678695
1710,30,50,30.0008880729432,49.9962280563451,3.48179564345576,6.62227833855927,-0.000888072943233453,0.00377194365489686
1728,30,50,30.0009231949119,49.9974611620719,3.48143988484311,6.62201259938212,-0.000923194911901959,0.00253883792812104
1746,30,50,30.0009384125111,49.9985361911654,3.4811186356894,6.62170871195811,-0.000938412511118258,0.0014638088346004
1764,30,50,30.0009374004647,49.9994639167948,3.48082234852672,6.62137692079223,-0.000937400464653848,0.000536083205169291
1782,30,50,30.0009240638027,50.0002541276747,3.48054456637637,6.6210266510881,-0.000924063802685282,-0.000254127674651272
1800,30,50,30.000901751995,50.0009151330141,3.4802828487037,6.62066728311837,-0.000901751994998534,-0.000915133014103731
1818,30,50,30.0008733168084,50.0014551676607,3.480034625545,6.62030709988074,-0.000873316808430502,-0.00145516766071552
1836,30,50,30.0008405240981,50.0018835412939,3.47980240136989,6.61995272045144,-0.000840524098144613,-0.0018835412939211
1854,30,50,30.0008043422729,50.0022102826401,3.47958895832728,6.61960952702368,-0.000804342272935799,-0.00221028264009249
1872,30,50,30.0007653436736,50.002446657574,3.47939589624048,6.61928111279398,-0.000765343673613472,-0.00244665757402629
1890,30,50,30.0007237528667,50.002604521017,3.47922540148139,6.61896977748751,-0.000723752866726102,-0.00260452101703379
1908,30,50,30.0006799372549,50.0026954198431,3.4790766955591,6.61867701790662,-0.000679937254876251,-0.00269541984310706
1926,30,50,30.0006344798873,50.0027303790968,3.47894783286788,6.6184035224632,-0.000634479887331452,-0.00273037909683183
1944,30,50,30.0005881038841,50.0027191559023,3.47883658110593,6.61814975234675,-0.000588103884147984,-0.00271915590232652
1962,30,50,30.0005417360615,50.0026701172537,3.47873947882942,6.61791599411009,-0.000541736061510534,-0.00267011725365762
1980,30,50,30.0004962560197,50.0025904599371,3.47865408040753,6.61770229961931,-0.00049625601968728,-0.00259045993708895
1998,30,50,30.0004523910278,50.0024862099211,3.47857857019794,6.61750865176,-0.000452391027788934,-0.00248620992107362
2016,30,50,30.0004106904436,50.0023626569637,3.47851150666579,6.6173347438034,-0.000410690443580108,-0.002362656963669
2034,30,50,30.0003714219515,50.0022245915128,3.47845259893776,6.61717996650968,-0.000371421951498974,-0.00222459151276411
2052,30,50,30.0003346643713,50.0020763605555,3.47840156111632,6.61704346752536,-0.00033466437133356,-0.00207636055554161
2070,30,50,30.0003003730005,50.0019220346609,3.4783581264571,6.61692407852765,-0.000300373000463594,-0.00192203466091456
2088,30,50,30.0002684223772,50.0017652942658,3.47832207950171,6.61682046811941,-0.000268422377224908,-0.00176529426580885
2106,30,50,30.0002387146969,50.0016093412216,3.47829263241275,6.61673122338528,-0.000238714696877196,-0.00160934122155965
2124,30,50,30.000211187168,50.0014568788798,3.47826889382659,6.61665489282387,-0.000211187167998617,-0.0014568788798428
2142,30,50,30.0001858152955,50.001310007812,3.4782498649327,6.61659011194596,-0.000185815295523639,-0.00131000781204449
2160,30,50,30.0001626160527,50.0011702749533,3.47823441486232,6.6165356014936,-0.000162616052669762,-0.0011702749532958
2178,30,50,30.0001415948161,50.0010387474608,3.47822170499187,6.61649017611534,-0.000141594816085444,-0.00103874746083221
2196,30,50,30.0001227310508,50.000916074827,3.47821104455274,6.61645276037053,-0.000122731050840486,-0.000916074826967872
2214,30,50,30.0001059645364,50.0008026269677,3.47820194035709,6.61642233713818,-0.000105964536409431,-0.000802626967704612
2232,30,50,30.0000911801031,50.0006985693734,3.47819416673099,6.61639794813248,-9.11801030767379e-05,-0.000698569373369651
2250,30,50,30.0000782300853,50.0006039192958,3.47818753191258,6.61637868752427,-7.8230085328812e-05,-0.000603919295770083
2268,30,50,30.0000669456464,50.0005186003475,3.47818191207659,6.61636368697095,-6.69456463775475e-05,-0.000518600347533038
2286,30,50,30.000057152476,50.000442436413,3.47817719038969,6.61635214186027,-5.71524759536146e-05,-0.000442436412967595
2304,30,50,30.0000486925703,50.0003751568206,3.47817316270058,6.61634331581232,-4.86925703100383e-05,-0.000375156820638267
2322,30,50,30.0000414254397,50.0003163990733,3.47816962954231,6.61633654908893,-4.14254397043123e-05,-0.000316399073319928
2340,30,50,30.000035231386,50.0002657010485,3.47816636877128,6.61633127433462,-3.52313860396691e-05,-0.000265701048512312
2358,30,50,30.0000300091469,50.000222523178,3.47816316232579,6.61632700752001,-3.0009146911425e-05,-0.000222523178010192
2376,30,50,30.0000256650365,50.0001862680992,3.47815986408458,6.61632334537828,-2.5665036538669e-05,-0.000186268099248821
2394,30,50,30.0000221099772,50.0001563036787,3.47815636660312,6.61631995771826,-2.21099772339528e-05,-0.000156303678679137
2412,30,50,30.0000192545769,50.0001319957018,3.47815262394345,6.61631657073291,-1.92545769408525e-05,-0.000131995701835308
2430,30,50,30.0000170068713,50.0001127250717,3.47814864542576,6.61631296123347,-1.70068713316596e-05,-0.000112725071716113
2448,30,50,30.0000152764277,50.0000979029016,3.478144452551,6.61630894733217,-1.52764276784012e-05,-9.79029015795163e-05
2466,30,50,30.0000139760302,50.0000869797288,3.47814008527525,6.61630438170849,-1.39760302246827e-05,-8.69797288061136e-05
2484,30,50,30.0000130255465,50.0000794428774,3.47813557809695,6.61629915181675,-1.30255464618756e-05,-7.94428773644995e-05
2502,30,50,30.0000123554403,50.0000748159665,3.47813094825159,6.61629317603227,-1.23554402762238e-05,-7.48159664851755e-05
2520,30,50,30.0000119065982,50.0000726553169,3.47812621027944,6.61628640272952,-1.19065981820654e-05,-7.26553169485555e-05
2538,30,50,30.0000116306612,50.0000725460486,3.47812136828058,6.61627880925847,-1.16306611772643e-05,-7.25460485853091e-05
2556,30,50,30.0000114883297,50.000074103485,3.47811642679556,6.6162703971298,-1.14883296760127e-05,-7.41034849909283e-05
2574,30,50,30.000011446674,50.0000769735065,3.47811140026639,6.61626118906698,-1.14466739589147e-05,-7.69735064949373e-05
2592,30,50,30.0000114778085,50.0000808347986,3.47810630771084,6.61625122432001,-1.14778084565614e-05,-8.08347986094304e-05
2610,30,50,30.0000115570696,50.0000854019773,3.47810117869312,6.61624055350346,-1.15570696443967e-05,-8.54019772589254e-05
2628,30,50,30.0000116622933,50.0000904257728,3.47809604875256,6.61622923559875,-1.16622933319377e-05,-9.04257727825097e-05
2646,30,50,30.0000117740948,50.0000956930892,3.47809095255316,6.61621733437428,-1.1774094769379e-05,-9.56930891717889e-05
2664,30,50,30.0000118758389,50.0001010251521,3.47808592438864,6.61620491625101,-1.18758389362483e-05,-0.000101025152133616
2682,30,50,30.0000119542251,50.0001062738112,3.47808099223575,6.61619204935112,-1.195422509781e-05,-0.000106273811226743
2700,30,50,30.0000119995564,50.0001113183128,3.47807617714933,6.61617880213375,-1.19995563920838e-05,-0.000111318312818298
2718,30,50,30.0000120054523,50.0001160614004,3.47807149544729,6.6161652429767,-1.20054523478075e-05,-0.000116061400362355
2736,30,50,30.0000119686257,50.0001204259867,3.47806695772722,6.61615143955032,-1.19686256851992e-05,-0.000120425986686712
2754,30,50,30.0000118881706,50.0001243529264,3.47806257220827,6.6161374577978,-1.18881706256957e-05,-0.000124352926420102
2772,30,50,30.0000117648183,50.0001277988598,3.47805834619685,6.61612336132767,-1.17648182502705e-05,-0.000127798859793415
2790,30,50,30.000011600416,50.0001307348359,3.47805428589358,6.61610921043255,-1.16004159806948e-05,-0.000130734835948942
2808,30,50,30.000011397364,50.0001331451142,3.4780503978703,6.61609506128136,-1.13973640267773e-05,-0.000133145114190825
2826,30,50,30.0000111583792,50.0001350256653,3.47804668793752,6.61608096550248,-1.11583791913006e-05,-0.000135025665265687
2844,30,50,30.0000108864261,50.0001363828128,3.47804316039336,6.61606696973931,-1.08864260681685e-05,-0.000136382812804925
2862,30,50,30.00001058466,50.0001372315433,3.47803981803803,6.61605311562849,-1.05846600391146e-05,-0.000137231543291705
2880,30,50,30.0000102565152,50.0001375937034,3.47803666110846,6.61603943995807,-1.02565151891554e-05,-0.000137593703442462
2898,30,50,30.0000099057044,50.0001374963934,3.47803368760221,6.6160259748273,-9.90570435277505e-06,-0.000137496393435299
2916,30,50,30.0000095361532,50.0001369703679,3.47803089369336,6.61601274800345,-9.53615316134915e-06,-0.00013697036790461
2934,30,50,30.0000091519314,50.0001360487621,3.47802827386831,6.615999783187,-9.151931443796e-06,-0.000136048762058749
2952,30,50,30.0000087570881,50.0001347661251,3.47802582184998,6.61598710023808,-8.75708808578679e-06,-0.000134766125121644
2970,30,50,30.0000083555086,50.0001331576184,3.47802353092706,6.61597471544016,-8.35550856947975e-06,-0.000133157618449786
2988,30,50,30.0000079508069,50.0001312584899,3.47802139417804,6.6159626416662,-7.95080691773364e-06,-0.000131258489915353
3006,30,50,30.0000075462287,50.0001291036395,3.47801940482112,6.61595088858837,-7.5462287298933e-06,-0.000129103639473271
3024,30,50,30.0000071446337,50.0001267272249,3.47801755602106,6.61593946292009,-7.14463374862362e-06,-0.000126727224909473
3042,30,50,30.0000067485069,50.0001241623442,3.47801584087016,6.61592836864682,-6.74850691240181e-06,-0.000124162344235401
3060,30,50,30.0000063599865,50.0001214406916,3.47801425236944,6.615917607326,-6.35998650722058e-06,-0.000121440691614794
3078,30,50,30.0000059809187,50.0001185922519,3.47801278327208,6.61590717838518,-5.98091866876871e-06,-0.000118592251922678
3096,30,50,30.0000056128899,50.0001156450579,3.47801142621239,6.6158970794106,-5.61288986133945e-06,-0.000115645057945812
3114,30,50,30.0000052572508,50.0001126249862,3.47801017378071,6.61588730644397,-5.25725080535722e-06,-0.000112624986222443
3132,30,50,30.0000049151319,50.0001095556527,3.47800901861385,6.61587785423087,-4.91513194589288e-06,-0.000109555652670679
3150,30,50,30.0000045874389,50.0001064583817,3.47800795359753,6.615868716445,-4.58743891584845e-06,-0.000106458381701202
3168,30,50,30.0000042748533,50.0001033522314,3.47800697192844,6.61585988588864,-4.27485334597577e-06,-0.000103352231420217
3186,30,50,30.0000039778358,50.0001002540824,3.47800606718561,6.61585135465396,-3.97783577454902e-06,-0.000100254082369133
3204,30,50,30.0000036966327,50.0000971787437,3.47800523337793,6.61584311427631,-3.69663270305409e-06,-9.7178743729387e-05
3222,30,50,30.0000034312982,50.0000941390718,3.47800446489238,6.61583515587146,-3.43129823932031e-06,-9.41390717699164e-05
3240,30,50,30.0000031817187,50.0000911460952,3.47800375648235,6.6158274702585,-3.18171870361539e-06,-9.11460952437437e-05
3258,30,50,30.000002947641,50.0000882091283,3.47800310323078,6.61582004808145,-2.94764096864242e-06,-8.82091283145314e-05
3276,30,50,30.0000027287026,50.0000853358852,3.47800250050622,6.61581287991563,-2.72870256878832e-06,-8.53358852310748e-05
3294,30,50,30.0000025244551,50.0000825325954,3.47800194396954,6.61580595636274,-2.52445505921628e-06,-8.25325954068035e-05
3312,30,50,30.0000023343841,50.0000798041182,3.47800142956417,6.61579926813485,-2.33438407093445e-06,-7.98041182008546e-05
3330,30,50,30.0000021579243,50.0000771540679,3.47800095352228,6.61579280611906,-2.15792431035311e-06,-7.71540678528027e-05
3348,30,50,30.0000019944691,50.0000745849411,3.47800051238354,6.61578656143007,-1.99446909476819e-06,-7.45849411458721e-05
3366,30,50,30.0000018433794,50.000072098247,3.47800010298693,6.61578052544913,-1.84337937980672e-06,-7.20982469530895e-05
3384,30,50,30.0000017039912,50.0000696946362,3.47799972246874,6.61577468985038,-1.70399124499454e-06,-6.96946362381823e-05
3402,30,50,30.0000015756236,50.0000673740239,3.47799936824832,6.6157690466206,-1.57562357117058e-06,-6.73740238710252e-05
3420,30,50,30.0000014575874,50.0000651357021,3.47799903799851,6.61576358807167,-1.45758736280754e-06,-6.5135702143948e-05
3438,30,50,30.0000013491945,50.0000629784436,3.47799872962487,6.61575830684795,-1.34919451610926e-06,-6.29784436441128e-05
3456,30,50,30.0000012497667,50.0000609005914,3.4779984412379,6.61575319593114,-1.24976668303134e-06,-6.09005914355976e-05
3474,30,50,30.0000011586433,50.0000589001399,3.47799817112904,6.61574824864037,-1.1586432648869e-06,-5.89001399120548e-05
3492,30,50,30.0000010751872,50.0000569748063,3.47799791775652,6.61574345862959,-1.0751872459025e-06,-5.69748063270481e-05
3510,30,50,30.0000009987896,50.0000551220945,3.47799767972909,6.61573881988173,-9.98789644768294e-07,-5.51220944657871e-05
3528,30,50,30.0000009288721,50.000053339353,3.47799745579622,6.61573432669895,-9.28872086802812e-07,-5.3339353016213e-05
3546,30,50,30.0000008648879,50.0000516238276,3.47799724484005,6.61572997369083,-8.64887852003449e-07,-5.16238276304648e-05
3564,30,50,30.0000008063224,50.0000499727077,3.47799704586364,6.61572575576004,-8.06322393742676e-07,-4.99727077141188e-05
3582,30,50,30.0000007526932,50.0000483831678,3.47799685798184,6.61572166808639,-7.52693175343211e-07,-4.83831677797752e-05
3600,30,50,30.0000007035494,50.0000468524023,3.47799668040943,6.61571770611058,-7.03549432046202e-07,-4.68524023347072e-05
3618,30,50,30.0000006584721,50.0000453776551,3.47799651244784,6.61571386551748,-6.5847206798253e-07,-4.53776550770613e-05
3636,30,50,30.0000006170733,50.0000439562421,3.47799635347437,6.61571014221988,-6.17073347086716e-07,-4.39562420524453e-05
3654,30,50,30.0000005789966,50.0000425855693,3.47799620293061,6.61570653234283,-5.78996552036415e-07,-4.25855693464428e-05
3672,30,50,30.0000005439154,50.0000412631463,3.4779960603128,6.61570303220847,-5.43915412265505e-07,-4.12631463007074e-05
3690,30,50,30.0000005115331,50.0000399865947,3.47799592516494,6.61569963832167,-5.11533073677128e-07,-3.998659468607e-05
3708,30,50,30.0000004815808,50.0000387536549,3.47799579707213,6.61569634735617,-4.81580798350478e-07,-3.87536549055767e-05
3726,30,50,30.0000004538163,50.0000375621897,3.47799567565595,6.61569315614136,-4.53816316081657e-07,-3.75621896750999e-05
3744,30,50,30.000000428022,50.0000364101858,3.47799556057052,6.6156900616497,-4.28021955656277e-07,-3.64101857570631e-05
3762,30,50,30.0000004040027,50.0000352957539,3.47799545149859,6.61568706098483,-4.04002733489506e-07,-3.52957538822807e-05
3780,30,50,30.0000003815844,50.0000342171273,3.47799534814807,6.61568415137045,-3.8158444937153e-07,-3.42171272649239e-05
3798,30,50,30.0000003606119,50.0000331726587,3.47799525024863,6.61568133014015,-3.6061188168901e-07,-3.31726586821901e-05
3816,30,50,30.0000003409471,50.0000321608163,3.47799515754829,6.6156785947281,-3.4094713896593e-07,-3.21608163176279e-05
3834,30,50,30.0000003224681,50.0000311801786,3.47799506981046,6.61567594266069,-3.22468121538577e-07,-3.1180178623913e-05
3852,30,50,30.0000003050671,50.0000302294283,3.47799498681132,6.61567337154908,-3.05067104022783e-07,-3.02294283187621e-05
3870,30,50,30.0000002886494,50.0000293073459,3.47799490833792,6.61567087908263,-2.88649363966442e-07,-2.93073458621507e-05
3888,30,50,30.0000002731319,50.0000284128026,3.47799483418639,6.61566846302298,-2.73131899319878e-07,-2.84128025995756e-05
3906,30,50,30.0000002584421,50.0000275447539,3.47799476416109,6.61566612119896,-2.58442142353488e-07,-2.75447538555795e-05
3924,30,50,30.0000002445167,50.0000267022321,3.47799469807388,6.61566385150197,-2.44516730418809e-07,-2.67022320770138e-05
3942,30,50,30.0000002313004,50.0000258843402,3.47799463574327,6.61566165188194,-2.31300383291e-07,-2.58843401894637e-05
3960,30,50,30.0000002187448,50.0000250902452,3.47799457699445,6.61565952034384,-2.18744791169456e-07,-2.50902452307855e-05
3978,30,50,30.0000002068077,50.0000243191722,3.47799452165861,6.61565745494459,-2.06807662550546e-07,-2.43191722475444e-05
3996,30,50,30.0000001954519,50.0000235703986,3.47799446957248,6.61565545379037,-1.95451885787179e-07,-2.35703985538294e-05
4014,30,50,30.0000001846447,50.0000228432483,3.4779944205785,6.61565351503447,-1.84644722622807e-07,-2.28432482600738e-05
4032,30,50,30.0000001743572,50.0000221370872,3.4779943745239,6.61565163687528,-1.74357204230091e-07,-2.21370871713589e-05
4050,30,50,30.0000001645636,50.000021451318,3.47799433126081,6.61564981755478,-1.64563555671293e-07,-2.14513180338827e-05
4068,30,50,30.0000001552407,50.0000207853762,3.47799429064625,6.61564805535715,-1.55240670096646e-07,-2.07853761580168e-05
4086,30,50,30.0000001463677,50.0000201387254,3.47799425254171,6.61564634860769,-1.46367710840423e-07,-2.01387253895291e-05
4104,30,50,30.0000001379257,50.0000195108546,3.4779942168134,6.61564469567184,-1.37925709964293e-07,-1.95108545781864e-05
4122,30,50,30.0000001298972,50.0000189012743,3.47799418333247,6.61564309495446,-1.29897202327811e-07,-1.89012743092576e-05
4140,30,50,30.000000122266,50.0000183095142,3.47799415197443,6.61564154489899,-1.22265991109316e-07,-1.83095141679246e-05
4158,30,50,30.0000001150168,50.0000177351203,3.47799412262006,6.61564004398695,-1.15016831614412e-07,-1.77351202594878e-05
4176,30,50,30.0000001081353,50.0000171776531,3.47799409515474,6.61563859073737,-1.08135260745712e-07,-1.71776530706325e-05
4194,30,50,30.0000001016074,50.0000166366857,3.47799406946859,6.61563718370625,-1.01607444236151e-07,-1.66366857001776e-05
4212,30,50,30.00000009542,50.0000161118023,3.47799404545683,6.61563582148612,-9.5419999013302e-08,-1.61118023243034e-05
4230,30,50,30.0000000895599,50.0000156025968,3.47799402301908,6.61563450270564,-8.95599470140951e-08,-1.56025968323092e-05
4248,30,50,30.0000000840146,50.0000151086718,3.47799400205969,6.61563322602912,-8.40146299196931e-08,-1.5108671817643e-05
4266,30,50,30.0000000787716,50.0000146296376,3.47799398248778,6.61563199015615,-7.87716309957887e-08,-1.462963764709e-05
4284,30,50,30.0000000738188,50.0000141651118,3.47799396421665,6.61563079382115,-7.38187893034592e-08,-1.41651117786523e-05
4302,30,50,30.0000000691441,50.0000137147182,3.47799394716427,6.61562963579292,-6.91441357503209e-08,-1.37147182286412e-05
4320,30,50,30.0000000647359,50.0000132780871,3.47799393125288,6.61562851487425,-6.47358895378147e-08,-1.32780871311411e-05
4338,30,50,30.0000000605825,50.0000128548545,3.47799391640877,6.61562742990132,-6.0582479477489e-08,-1.28548545035301e-05
4356,30,50,30.0000000566725,50.000012444662,3.47799390256266,6.61562637974332,-5.66724942530072e-08,-1.24446620404228e-05
4374,30,50,30.0000000529947,50.000012047157,3.47799388964898,6.61562536330182,-5.2994735710854e-08,-1.20471570212999e-05
4392,30,50,30.0000000495382,50.0000116619923,3.47799387760615,6.61562437951027,-4.95382082021933e-08,-1.16619923105077e-05
4410,30,50,30.0000000462921,50.0000112888263,3.47799386637629,6.61562342733342,-4.62921327937238e-08,-1.12888263288369e-05
4428,30,50,30.000000043246,50.0000109273232,3.47799385590501,6.61562250576671,-4.32459756893877e-08,-1.09273231743146e-05
4446,30,50,30.0000000403895,50.0000105771527,3.4779938461413,6.61562161383565,-4.03894659939397e-08,-1.05771526790477e-05
4464,30,50,30.0000000377126,50.0000102379905,3.47799383703756,6.61562075059524,-3.77125886075191e-08,-1.02379905015937e-05
4482,30,50,30.0000000352057,50.0000099095183,3.47799382854892,6.61561991512922,-3.52056517272104e-08,-9.90951829749065e-06
4500,30,50,30.0000000328593,50.0000095914238,3.47799382063375,6.61561910654952,-3.28592513199055e-08,-9.59142380452249e-06
4518,30,50,30.0000000306643,50.000009283401,3.47799381325304,6.6156183239955,-3.06643102021553e-08,-9.28340098482749e-06
4536,30,50,30.0000000286121,50.0000089851501,3.47799380637039,6.61561756663336,-2.86120851455962e-08,-8.98515012437429e-06
4554,30,50,30.0000000266942,50.000008696378,3.47799379995194,6.61561683365535,-2.66941668769505e-08,-8.69637797507039e-06
4572,30,50,30.0000000249025,50.0000084167978,3.47799379396607,6.61561612427917,-2.49024978415946e-08,-8.41679781160565e-06
4590,30,50,30.0000000232294,50.0000081461296,3.47799378838349,6.61561543774722,-2.32293544399909e-08,-8.1461295593499e-06
4608,30,50,30.0000000216674,50.0000078840998,3.47799378317675,6.61561477332596,-2.16673825548241e-08,-7.88409982277471e-06
4626,30,50,30.0000000202096,50.000007630442,3.47799377832046,6.61561413030516,-2.02095691292925e-08,-7.63044196361307e-06
4644,30,50,30.0000000188492,50.0000073848961,3.47799377379103,6.61561350799731,-1.88492457198208e-08,-7.38489610085935e-06
4662,30,50,30.0000000175801,50.0000071472091,3.47799376956637,6.61561290573687,-1.75801062596292e-08,-7.14720913919109e-06
4680,30,50,30.0000000163962,50.0000069171347,3.47799376562618,6.61561232287964,-1.6396164426169e-08,-6.91713474054723e-06
4698,30,50,30.0000000152918,50.0000066944333,3.47799376195134,6.61561175880213,-1.52917856155455e-08,-6.69443332412811e-06
4716,30,50,30.0000000142617,50.000006478872,3.47799375852425,6.61561121290087,-1.42616514153815e-08,-6.47887199534125e-06
4734,30,50,30.0000000133007,50.0000062702245,3.47799375532859,6.61561068459183,-1.33007489466763e-08,-6.27022451027415e-06
4752,30,50,30.0000000124044,50.0000060682712,3.47799375234891,6.6156101733098,-1.24043957328013e-08,-6.0682711691129e-06
4770,30,50,30.0000000115682,50.0000058727988,3.4779937495712,6.61560967850773,-1.15681757506536e-08,-5.87279878061508e-06
4788,30,50,30.000000010788,50.0000056836005,3.47799374698215,6.61560919965624,-1.07879714050796e-08,-5.68360052000116e-06
4806,30,50,30.0000000100599,50.0000055004758,3.47799374456954,6.61560873624298,-1.00599208963104e-08,-5.50047583658397e-06
4824,30,50,30.0000000093804,50.0000053232303,3.47799374232195,6.61560828777211,-9.38042177267562e-09,-5.32323032587101e-06
4842,30,50,30.0000000087461,50.0000051516756,3.47799374022863,6.61560785376376,-8.74612382517626e-09,-5.15167560877217e-06
4860,30,50,30.0000000081539,50.0000049856292,3.47799373827975,6.61560743375347,-8.15389356034757e-09,-4.9856292179129e-06
4878,30,50,30.0000000076008,50.0000048249144,3.47799373646596,6.61560702729175,-7.60082841111398e-09,-4.82491441999855e-06
4896,30,50,30.0000000070842,50.0000046693601,3.47799373477863,6.61560663394355,-7.08422476236592e-09,-4.66936008791663e-06
4914,30,50,30.0000000066016,50.0000045188006,3.47799373320966,6.61560625328778,-6.60157439824616e-09,-4.5188005586283e-06
4932,30,50,30.0000000061505,50.0000043730755,3.47799373175156,6.61560588491688,-6.15053963315404e-09,-4.37307547684895e-06
4950,30,50,30.000000005729,50.0000042320297,3.4779937303972,6.61560552843636,-5.72896396988654e-09,-4.23202965293967e-06
4968,30,50,30.0000000053348,50.0000040955129,3.47799372914,6.61560518346437,-5.33484012521512e-09,-4.09551291369326e-06
4986,30,50,30.0000000049663,50.0000039633799,3.47799372797376,6.61560484963129,-4.96631002988579e-09,-3.96337993180396e-06
5004,30,50,30.0000000046217,50.0000038354901,3.4779937268927,6.61560452657934,-4.62165061776432e-09,-3.8354900979698e-06
5022,30,50,30.0000000042993,50.0000037117074,3.47799372589136,6.61560421396218,-4.29926672040892e-09,-3.71170737167859e-06
5040,30,50,30.0000000039977,50.0000035919001,3.47799372496469,6.61560391144455,-3.99767330350187e-09,-3.59190011067767e-06
5058,30,50,30.0000000037155,50.000003475941,3.47799372410783,6.61560361870189,-3.7155061249905e-09,-3.47594097149795e-06
5076,30,50,30.0000000034515,50.0000033637067,3.47799372331637,6.61560333542003,-3.45148620795044e-09,-3.36370671760733e-06
5094,30,50,30.0000000032044,50.0000032550781,3.477993722586,6.61560306129482,-3.20444115686769e-09,-3.25507812704018e-06
5112,30,50,30.0000000029733,50.0000031499398,3.47799372191285,6.61560279603184,-2.97326963050182e-09,-3.14993982186706e-06
5130,30,50,30.000000002757,50.0000030481802,3.47799372129311,6.61560253934605,-2.75696265816805e-09,-3.0481801758242e-06
5148,30,50,30.0000000025546,50.0000029496912,3.47799372072336,6.6156022909615,-2.55456811260046e-09,-2.94969116509947e-06
5166,30,50,30.0000000023652,50.0000028543682,3.47799372020027,6.61560205061107,-2.3652084735204e-09,-2.85436824754015e-06
5184,30,50,30.0000000021881,50.0000027621102,3.47799371972069,6.61560181803617,-2.18807372220908e-09,-2.76211023475526e-06
5202,30,50,30.0000000020224,50.0000026728192,3.47799371928185,6.61560159298643,-2.02238936708454e-09,-2.67281922106122e-06
5220,30,50,30.0000000018675,50.0000025864004,3.47799371888087,6.61560137521951,-1.86745552355205e-09,-2.58640041295166e-06
5238,30,50,30.0000000017226,50.0000025027621,3.47799371851525,6.61560116450077,-1.72260783415368e-09,-2.50276208646483e-06
5256,30,50,30.0000000015872,50.0000024218154,3.47799371818264,6.61560096060311,-1.58721746856827e-09,-2.42181540954789e-06
5274,30,50,30.0000000014607,50.0000023434744,3.4779937178806,6.61560076330665,-1.4607195453209e-09,-2.3434744278461e-06
5292,30,50,30.0000000013426,50.0000022676559,3.4779937176072,6.61560057239854,-1.34255628836399e-09,-2.26765590127798e-06
5310,30,50,30.0000000012322,50.0000021942793,3.47799371736028,6.61560038767275,-1.23223031778252e-09,-2.19427925429727e-06
5328,30,50,30.0000000011293,50.0000021232665,3.477993717138,6.61560020892983,-1.12926556994353e-09,-2.12326646220617e-06
5346,30,50,30.0000000010332,50.000002054542,3.47799371693866,6.6156000359767,-1.03320729749612e-09,-2.05454199431188e-06
5364,30,50,30.0000000009436,50.0000019880327,3.47799371676051,6.6155998686265,-9.43643385653559e-10,-1.98803268602887e-06
5382,30,50,30.0000000008602,50.0000019236677,3.47799371660209,6.6155997066983,-8.60172377770141e-10,-1.92366772466812e-06
5400,30,50,30.0000000007824,50.0000018613785,3.47799371646189,6.615599550017,-7.82424791623271e-10,-1.86137852153934e-06
5418,36,50,30.0000000007101,50.0000018010987,51.5694937163385,6.61559939841311,5.99999999928994,-1.80109866221301e-06
5436,36,50,30.0000000006427,50.0000017427638,24.1689937162308,6.61559925172257,5.99999999935727,-1.74276384257155e-06
5454,36,50,30.0000000005801,50.0000016863118,26.5989937161374,6.61559910978659,5.99999999941986,-1.68631176933332e-06
5472,36,50,30.000000000522,50.0000016316821,29.0289937160573,6.61559897245147,5.999999999478,-1.63168214584175e-06
5490,36,50,34.230128340468,50.0000015788166,0,6.61559883956846,1.76987165953198,-1.57881656548398e-06
5508,36,50,36.15868430287,50.0000015276585,6.29008041859502,6.61559871099358,-0.15868430286995,-1.52765846905822e-06
5526,36,50,38.0994150182846,43.7769613781531,0.258669515277314,11.4325427759925,-2.09941501828459,6.2230386218469
5544,36,50,40.2037657046648,41.0594635318373,0,12.7547191419246,-4.20376570466482,8.94053646816269
5562,36,50,39.699334711687,39.2459831844423,12.8029209310871,14.4333425737836,-3.699334711687,10.7540168155577
5580,36,50,39.5995352387575,37.3816581008884,9.59670330891473,16.5338540574412,-3.59953523875748,12.6183418991116
5598,36,50,38.9175805325356,39.6040161091179,13.1087509667257,15.6442194916712,-2.91758053253558,10.3959838908821
5616,36,50,38.1790375022821,41.4356810202629,14.456229563629,15.7546521631447,-2.17903750228214,8.56431897973714
5634,36,50,38.5571402594458,43.670592158313,6.87127994018575,15.2838871315285,-2.55714025944584,6.32940784168699
5652,36,50,38.6786066420003,45.8340420577212,6.74188709526935,14.7377294092678,-2.67860664200029,4.16595794227878
5670,36,50,39.109753852442,46.0921787285145,2.80519921423162,15.436151230438,-3.10975385244197,3.90782127148555
5688,36,50,39.6683713615389,46.5109085823128,0,15.5568722824091,-3.66837136153889,3.48909141768723
5706,36,50,39.5635551334757,46.5654802041872,2.13174447141258,15.9540769575186,-3.56355513347573,3.43451979581283
5724,36,50,39.4231903139065,46.3930385671524,1.29244368053439,16.4398269241428,-3.42319031390647,3.60696143284758
5742,36,50,38.9316350120779,47.2302337893288,3.14813144468992,16.1101633746729,-2.93163501207795,2.76976621067123
5760,36,50,38.1894731283165,48.1426785721927,5.46554223175159,15.8660845324932,-2.18947312831646,1.85732142780726
5778,36,50,37.6395866110885,49.4144262782143,5.29644017640335,15.2704525179922,-1.63958661108855,0.585573721785657
5796,36,50,37.0410077466006,50.9326609027135,6.69626855047189,14.4388057527426,-1.04100774660056,-0.932660902713494
5814,36,50,36.6309355896115,51.9786091532595,6.58550679988675,13.8777756649701,-0.630935589611546,-1.97860915325951
5832,36,50,36.4569333546816,52.8893543310135,5.68587305310628,13.211798733617,-0.456933354681588,-2.88935433101349
5850,36,50,36.3014773195545,53.4037685912484,5.88173841849984,12.7320781263765,-0.301477319554472,-3.40376859124839
5868,36,50,36.2917623480798,53.448464647577,5.06461948654928,12.4760197755775,-0.291762348079814,-3.44846464757704
5886,36,50,36.2932227703757,53.4061081635043,4.88644967634068,12.1774443114125,-0.293222770375706,-3.4061081635043
5904,36,50,36.2290461143495,53.1413429857827,5.28934725110256,12.0356699405424,-0.229046114349451,-3.1413429857827
5922,36,50,36.1891750975072,52.8433971576947,5.19708945293699,11.8958489325241,-0.189175097507245,-2.84339715769468
5940,36,50,36.0852628733328,52.6585082463099,5.75512726527542,11.6905621400725,-0.085262873332816,-2.65850824630995
5958,36,50,35.9703947274203,52.4462658835476,6.12466710756142,11.5501392195326,0.0296052725796656,-2.44626588354757
5976,36,50,35.8963971002112,52.3201860942813,6.15867102000357,11.3578919353847,0.103602899788768,-2.32018609428125
5994,36,50,35.821474802761,52.2142537323069,6.43325343597911,11.1818792401573,0.178525197238997,-2.21425373230687
6012,36,50,35.8011477376735,52.0388006601263,6.29598771695554,11.074690459299,0.198852262326525,-2.03880066012631
6030,36,50,35.8193485767535,51.8613316972213,6.1295775219123,10.970821057325,0.180651423246452,-1.86133169722125
6048,36,50,35.8451266941592,51.6148462227318,6.08661331448789,10.9374906452083,0.154873305840809,-1.61484622273177
6066,36,50,35.8970741702965,51.3230340733819,5.86112735045543,10.9481497500655,0.102925829703508,-1.32303407338195
6084,36,50,35.9380832839189,51.0459266907094,5.83238387800896,10.9661379282219,0.0619167160811003,-1.04592669070943
6102,36,50,35.9635153512871,50.7614544630676,5.85750283070105,11.0205624508687,0.0364846487129,-0.761454463067565
6120,36,50,35.9832026837225,50.5218406884182,5.84092210306487,11.0667732625754,0.0167973162775112,-0.521840688418209
6138,36,50,35.9811594511588,50.3373486807507,5.96198253099922,11.1041117998595,0.0188405488412258,-0.337348680750708
6156,36,50,35.974268231168,50.1866893920848,6.01468936281206,11.1459044225353,0.0257317688319674,-0.186689392084801
6174,36,50,35.9678941434205,50.0882176535016,6.04193921301827,11.1698136786993,0.0321058565794772,-0.0882176535015731
6192,36,50,35.9588823288732,50.0151078660866,6.09548366072441,11.1955589330523,0.0411176711267629,-0.0151078660865807
6210,36,50,35.9594203136254,49.9534746941779,6.06301974627055,11.2253536082616,0.0405796863746062,0.0465253058220725
6228,36,50,35.9639377048575,49.9073908736952,6.04592122487032,11.2517910660306,0.0360622951424574,0.0926091263048363
6246,36,50,35.970078097029,49.8586041454734,6.03376901590927,11.2883746146254,0.0299219029710116,0.141395854526579
6264,36,50,35.9799703998048,49.8137598174455,5.99712660156733,11.3261294965114,0.0200296001952296,0.186240182554485
6282,36,50,35.9860471934911,49.7776897812192,6.00571362537791,11.3624174922666,0.0139528065089465,0.222310218780834
6300,36,50,35.9894083290005,49.7462620131362,6.0146364696314,11.4006533411759,0.0105916709994602,0.253737986863769
6318,36,50,35.9905141646089,49.7292802089092,6.02677327299554,11.4318610621143,0.00948583539109649,0.270719791090798
6336,36,50,35.9873351777532,49.7244569283014,6.06159334891003,11.4585825176476,0.0126648222468049,0.2755430716986
6354,36,50,35.9839208107528,49.7286044962368,6.07828447911987,11.4815677891249,0.0160791892471792,0.271395503763202
6372,36,50,35.9805661229372,49.743167033397,6.0947098331447,11.4980951484884,0.0194338770627596,0.256832966602971
6390,36,50,35.9777243662786,49.7609167311175,6.10867927426622,11.5130524763809,0.0222756337214065,0.239083268882531
6408,36,50,35.9775080095642,49.7798471270248,6.10530655541112,11.5260543416714,0.0224919904358387,0.220152872975206
6426,36,50,35.9784626034049,49.7989889114827,6.10568883176102,11.5372835982373,0.0215373965951429,0.201011088517348
6444,36,50,35.9805689171547,49.8148335023749,6.10227484802588,11.5492174781204,0.0194310828452728,0.185166497625076
6462,36,50,35.9836187944091,49.8292547512278,6.09617097330128,11.5599440965955,0.0163812055909318,0.170745248772157
6480,36,50,35.9860942055019,49.8425046106316,6.09812755004294,11.5698301139824,0.0139057944980863,0.157495389368378
6498,36,50,35.9882919072839,49.8546281412722,6.09845139270716,11.5790131945666,0.0117080927160629,0.145371858727799
6516,36,50,35.9899049923338,49.8677053134421,6.10119031414615,11.5860049622679,0.0100950076662158,0.132294686557898
6534,36,50,35.9907266765747,49.8811345454262,6.10671264323541,11.5916437182306,0.00927332342528331,0.118865454573758
6552,36,50,35.9915000130536,49.8949097993921,6.10835506263494,11.5957641969432,0.00849998694637577,0.105090200607926
6570,36,50,35.9921482187772,49.9091204443422,6.11044686206109,11.5982616103577,0.00785178122276875,0.0908795556577786
6588,36,50,35.9929252973673,49.9224369829807,6.11062107109401,11.6001420199583,0.00707470263274956,0.0775630170193438
6606,36,50,35.9941145602449,49.9347693007,6.1078175268601,11.6012651568638,0.00588543975509737,0.0652306993000238
6624,36,50,35.9954080700852,49.9457789456274,6.10574604292546,11.6019702023823,0.00459192991480251,0.0542210543725687
6642,36,50,35.9968517711133,49.955044912892,6.10246515742423,11.6026379805725,0.0031482288867366,0.0449550871079651
6660,36,50,35.9982861736601,49.9630952884906,6.09942081569585,11.6029378139134,0.00171382633986639,0.0369047115094361
6678,36,50,35.9994524707799,49.9699921270527,6.09789824323691,11.6030605943044,0.00054752922012824,0.0300078729472517
6696,36,50,36.0004135521052,49.9760067890232,6.09621522318362,11.6029244097271,-0.000413552105158033,0.0239932109768191
6714,36,50,36.0010729271433,49.9815890693278,6.09554093488563,11.6023293658895,-0.00107292714329077,0.0184109306722178
6732,36,50,36.0014596104969,49.9866785296642,6.09528528348852,11.6014660522951,-0.00145961049688736,0.0133214703357964
6750,36,50,36.0017190153435,49.991405723807,6.0945374395038,11.6002686315506,-0.00171901534348962,0.00859427619299424
6768,36,50,36.0018525869499,49.995758883138,6.09406032451714,11.5988113933583,-0.00185258694994417,0.0042411168620049
6786,36,50,36.0019587063533,49.999537303393,6.09312353788906,11.5972840796571,-0.00195870635329953,0.000462696607023361
6804,36,50,36.0020834480942,50.0027725008167,6.09185802472105,11.5956741263236,-0.00208344809417582,-0.00277250081666125
6822,36,50,36.0021891202662,50.0053894599415,6.09078742411662,11.5941004551137,-0.00218912026615925,-0.00538945994152584
6840,36,50,36.0022997063683,50.0073797889002,6.08953983077483,11.5926139226205,-0.00229970636828369,-0.00737978890021651
6858,36,50,36.0023748536195,50.0088774792711,6.08855593214394,11.5911709646554,-0.00237485361945744,-0.00887747927114901
6876,36,50,36.0023832262396,50.0099239432105,6.08790062113082,11.5898183851681,-0.00238322623955867,-0.00992394321049517
6894,36,50,36.0023391226847,50.0106362164603,6.08733054209608,11.5885195631588,-0.00233912268467407,-0.0106362164603055
6912,36,50,36.0022258069898,50.0111199696491,6.08707217918319,11.5872520695317,-0.00222580698979158,-0.0111199696491013
6930,36,50,36.0020647382946,50.0113972536585,6.08689835590509,11.5860451876276,-0.00206473829464215,-0.0113972536584583
6948,36,50,36.0018841324395,50.011526926146,6.08670894469137,11.5848787506507,-0.00188413243946428,-0.0115269261459687
6966,36,50,36.0016911128157,50.0115139874848,6.08659504443246,11.58377671809,-0.0016911128156778,-0.0115139874848467
6984,36,50,36.0015116831535,50.0113456555543,6.08638867202701,11.5827642252835,-0.001511683153538,-0.0113456555543081
7002,36,50,36.0013518749942,50.0110433791231,6.08616526327611,11.5818371835202,-0.00135187499421363,-0.0110433791230875
7020,36,50,36.0012079560543,50.0106026384118,6.08597677397047,11.5810171681619,-0.00120795605430146,-0.0106026384117826
7038,36,50,36.0010834313667,50.010044079868,6.08577011928142,11.5803008908732,-0.00108343136668054,-0.0100440798680239
7056,36,50,36.0009670881585,50.0094040902042,6.08564474386191,11.5796764866446,-0.000967088158461138,-0.00940409020419963
7074,36,50,36.0008539791261,50.008703694383,6.08558124098414,11.5791439134208,-0.000853979126070215,-0.00870369438298724
7092,36,50,36.000744033382,50.0079801044568,6.08555427223175,11.5786850685776,-0.00074403338196305,-0.00798010445677022
7110,36,50,36.0006330024937,50.0072587289563,6.08559625628554,11.5782909368246,-0.000633002493749757,-0.00725872895630175
7128,36,50,36.0005255702636,50.0065518038983,6.08564896863965,11.5779575331304,-0.000525570263619102,-0.00655180389834698
7146,36,50,36.0004252336849,50.0058747745629,6.08570620925542,11.5776742190798,-0.00042523368488645,-0.00587477456292618
7164,36,50,36.0003334834858,50.0052282331394,6.0857705420107,11.5774410448496,-0.000333483485832176,-0.00522823313944798
7182,36,50,36.0002547268651,50.0046118030999,6.0858105761511,11.5772554165643,-0.000254726865101418,-0.0046118030999196
7200,36,50,36.0001884410904,50.0040279547561,6.08584715059711,11.5771123565025,-0.000188441090422486,-0.00402795475608286
7218,36,50,36.0001335153941,50.0034739853078,6.08588151884287,11.5770112858875,-0.0001335153940758,-0.00347398530783494
7236,36,50,36.0000891213926,50.0029532297093,6.08591019729803,11.5769460583734,-8.91213925697798e-05,-0.00295322970933398
7254,36,50,36.000051812601,50.0024695941222,6.08595242654839,11.5769111110888,-5.18126010362607e-05,-0.00246959412216086
7272,36,50,36.0000200504348,50.0020250325073,6.08600053416372,11.5769021338176,-2.00504347844799e-05,-0.00202503250734054
7290,36,50,35.999992624658,50.0016241828027,6.08605432464529,11.5769121070026,7.37534204375834e-06,-0.00162418280267218
7308,36,50,35.999968216867,50.001268029415,6.08611659209908,11.5769369826337,3.17831329681439e-05,-0.00126802941504423
7326,36,50,35.9999473580102,50.0009557990678,6.08617530378559,11.5769731553787,5.2641989796598e-05,-0.000955799067796193
7344,36,50,35.999930100074,50.0006864318522,6.08623124544293,11.5770169236398,6.98999259682864e-05,-0.000686431852173541
7362,36,50,35.9999165836595,50.0004558101487,6.0862820902106,11.5770669932077,8.34163405301069e-05,-0.000455810148650926
7380,36,50,35.9999072780697,50.0002602463064,6.08632326022282,11.5771214580916,9.27219303008542e-05,-0.00026024630642496
7398,36,50,35.9999016712453,50.0000961666916,6.08635948763789,11.5771787856723,9.83287546958422e-05,-9.61666915699766e-05
7416,36,50,35.999899343707,49.9999595590398,6.08639009085569,11.5772381622452,0.000100656292993051,4.04409601628686e-05
7434,36,50,35.9998997154846,49.999847976056,6.08641630482511,11.5772978614607,0.000100284515355042,0.000152023944025359
7452,36,50,35.9999018457759,49.9997590486378,6.08644169362247,11.5773566901402,9.81542241191846e-05,0.00024095136222968
7470,36,50,35.9999052419341,49.9996906253815,6.08646481630129,11.5774135386948,9.47580658703373e-05,0.000309374618538527
7488,36,50,35.9999094063999,49.9996411850918,6.08648669893364,11.5774670715961,9.05936001203145e-05,0.000358814908196337
7506,36,50,35.999913991304,49.9996086351555,6.08650734487126,11.5775166877332,8.60086959661999e-05,0.000391364844517739
7524,36,50,35.9999189980002,49.9995909329885,6.08652484346904,11.5775618261269,8.10019998169764e-05,0.00040906701151755
7542,36,50,35.9999243363674,49.9995860133344,6.08653975297277,11.5776021567977,7.5663632607359e-05,0.000413986665556365
7560,36,50,35.9999300201669,49.9995914760814,6.08655138069686,11.57763780833,6.99798330643375e-05,0.000408523918594028
7578,36,50,35.9999360731353,49.9996052715626,6.08655946490522,11.5776688004655,6.39268647333324e-05,0.000394728437377978
7596,36,50,35.99994235366,49.9996254778221,6.08656510915472,11.577695335701,5.76463399823979e-05,0.0003745221778928
7614,36,50,35.9999487620431,49.9996503778402,6.08656831632893,11.5777176768531,5.12379569101995e-05,0.000349622159781404
7632,36,50,35.999955134498,49.9996787297842,6.08656985176118,11.5777359349237,4.48655020477418e-05,0.000321270215764002
7650,36,50,35.9999612785152,49.9997094390391,6.086570458708,11.5777503366054,3.87214848345252e-05,0.000290560960948483
7668,36,50,35.999967093182,49.9997416572738,6.08657008141836,11.5777610593791,3.29068179709679e-05,0.00025834272619818
7686,36,50,35.9999724764203,49.9997747373929,6.08656916974875,11.5777682642474,2.75235796607376e-05,0.000225262607074228
7704,36,50,35.9999773892134,49.9998080262103,6.08656770364907,11.5777722261772,2.2610786608368e-05,0.000191973789725353
7722,36,50,35.9999818541201,49.9998409869428,6.08656549885278,11.5777731933313,1.81458798707013e-05,0.000159013057171364
7740,36,50,35.9999858842566,49.9998731169637,6.08656274378271,11.5777714667138,1.41157433830585e-05,0.000126883036315917
7758,36,50,35.9999895242758,49.9999039309691,6.08655932182625,11.5777673913497,1.0475724216974e-05,9.60690309028678e-05
7776,36,50,35.9999928090995,49.9999330668728,6.08655533307664,11.5777612688224,7.19090051148896e-06,6.6933127214952e-05
7794,36,50,35.9999957480776,49.9999602215505,6.08655102006899,11.5777534185909,4.25192236264138e-06,3.97784494623465e-05
7812,36,50,35.9999983570658,49.9999851906018,6.08654644227009,11.5777441269461,1.6429342366564e-06,1.48093981593433e-05
7830,36,50,36.0000006330645,50.000007885988,6.08654183619622,11.5777336325134,-6.33064509258929e-07,-7.88598796219731e-06
7848,36,50,36.0000025733981,50.000028271895,6.08653734324334,11.5777221683381,-2.5733980635323e-06,-2.82718950401772e-05
7866,36,50,36.0000041894776,50.0000463857117,6.08653299458936,11.5777099260762,-4.18947755065346e-06,-4.63857116557165e-05
7884,36,50,36.0000054920242,50.0000623039138,6.08652889235722,11.5776970798639,-5.49202418653749e-06,-6.23039137650494e-05
7902,36,50,36.0000065068401,50.0000761091557,6.08652501002045,11.5776838002612,-6.50684009428915e-06,-7.61091556853444e-05
7920,36,50,36.0000072673215,50.0000879067466,6.08652132471245,11.5776702334967,-7.2673215214536e-06,-8.7906746600197e-05
7938,36,50,36.0000078050068,50.0000977989838,6.08651785268916,11.5776565227916,-7.80500676000884e-06,-9.77989838304438e-05
7956,36,50,36.000008155787,50.0001058897675,6.08651455330634,11.5776427993229,-8.15578704305153e-06,-0.000105889767539225
7974,36,50,36.000008349096,50.0001122972862,6.08651144478479,11.5776291732816,-8.34909600655465e-06,-0.00011229728615092
7992,36,50,36.0000084083357,50.0001171412379,6.08650854966383,11.5776157451978,-8.40833569526467e-06,-0.000117141237879537
8010,36,50,36.0000083547243,50.000120553832,6.08650586852136,11.5776025944061,-8.35472432214601e-06,-0.000120553832019255
8028,36,50,36.0000082029317,50.000122676988,6.08650343497162,11.5775897824459,-8.20293168146691e-06,-0.000122676987956538
8046,36,50,36.0000079666466,50.0001236521727,6.08650125199341,11.577577359337,-7.96664657798374e-06,-0.000123652172689503
8064,36,50,36.0000076595842,50.0001236238275,6.08649931193281,11.5775653586902,-7.65958419890467e-06,-0.000123623827477104
8082,36,50,36.0000072940458,50.0001227297065,6.08649761304542,11.5775538056607,-7.29404580823712e-06,-0.000122729706504288
8100,36,50,36.0000068841303,50.0001210971448,6.08649612716704,11.5775427183293,-6.88413025073942e-06,-0.000121097144827331
8118,36,50,36.0000064434173,50.0001188449514,6.08649483352139,11.5775321064306,-6.44341726285802e-06,-0.00011884495136627
8136,36,50,36.0000059842068,50.0001160786099,6.08649371350943,11.5775219763369,-5.98420677988543e-06,-0.000116078609949
8154,36,50,36.0000055181871,50.0001128933904,6.08649274209002,11.5775123288917,-5.51818712324348e-06,-0.000112893390415536
8172,36,50,36.0000050542977,50.0001093761709,6.08649190848091,11.5775031597088,-5.05429767372334e-06,-0.000109376170904341
8190,36,50,36.0000045994694,50.0001056044994,6.08649120071065,11.5774944611386,-4.59946935649214e-06,-0.000105604499395895
8208,36,50,36.000004158973,50.0001016498617,6.08649060732119,11.5774862204516,-4.15897301309087e-06,-0.000101649861747433
8226,36,50,36.0000037360069,50.0000975770387,6.08649012307889,11.57747842167,-3.73600686032205e-06,-9.75770387299235e-05
8244,36,50,36.0000033330598,50.0000934435944,6.08648973683584,11.5774710464834,-3.33305976596421e-06,-9.34435944230927e-05
8262,36,50,36.000002951948,50.0000893009043,6.08648943830023,11.5774640740518,-2.95194803356935e-06,-8.93009043352322e-05
8280,36,50,36.0000025939463,50.0000851926829,6.08648921744271,11.57745748299,-2.5939462631186e-06,-8.51926829454897e-05
8298,36,50,36.0000022603887,50.000081155387,6.08648906054667,11.5774512514822,-2.26038866912859e-06,-8.1155387022136e-05
8316,36,50,36.0000019521972,50.0000772188488,6.08648895695624,11.5774453576015,-1.95219716658812e-06,-7.72188487871972e-05
8334,36,50,36.0000016699552,50.0000734061191,6.08648889630557,11.5774397802292,-1.66995515371582e-06,-7.34061191138835e-05
8352,36,50,36.000001413927,50.0000697348817,6.08648886886682,11.5774344985963,-1.41392698083109e-06,-6.97348817055854e-05
8370,36,50,36.0000011837249,50.0000662181514,6.0864888684454,11.5774294925917,-1.18372491897389e-06,-6.62181514172744e-05
8388,36,50,36.0000009785532,50.000062864847,6.08648888903253,11.5774247429383,-9.78553174491026e-07,-6.28648469671589e-05
8406,36,50,36.0000007972223,50.0000596808811,6.08648892606841,11.5774202308827,-7.97222270421116e-07,-5.96808811224037e-05
8424,36,50,36.0000006381885,50.0000566693561,6.08648897635715,11.5774159385869,-6.38188467405598e-07,-5.66693560841713e-05
8442,36,50,36.0000004998442,50.0000538309731,6.08648903607814,11.577411849133,-4.99844233559088e-07,-5.38309731439313e-05
8460,36,50,36.0000003805196,50.000051164446,6.08648910224543,11.5774079465331,-3.80519551868019e-07,-5.11644459777472e-05
8478,36,50,36.0000002785831,50.0000486664906,6.08648917192849,11.5774042160266,-2.78583122792497e-07,-4.86664906489409e-05
8496,36,50,36.000000192534,50.000046332206,6.08648924200543,11.5774006439812,-1.92533960330366e-07,-4.63322060255678e-05
8514,36,50,36.0000001209163,50.0000441553283,6.08648931024744,11.5773972179413,-1.20916332946308e-07,-4.41553283181406e-05
8532,36,50,36.0000000623561,50.0000421284327,6.08648937458669,11.5773939266645,-6.2356050989365e-08,-4.21284327387639e-05
8550,36,50,36.0000000155312,50.0000402433715,6.08648943349864,11.5773907599419,-1.5531156805082e-08,-4.02433714725703e-05
8568,36,50,35.9999999791211,50.0000384915026,6.08648948624251,11.5773877085917,2.08788932809512e-08,-3.84915025719579e-05
8586,36,50,35.9999999518521,50.0000368639465,6.08648953224461,11.5773847643606,4.81478892311316e-08,-3.68639464625176e-05
8604,36,50,35.9999999324835,50.0000353518511,6.0864895714141,11.5773819197996,6.75164955055152e-08,-3.5351851082055e-05
8622,36,50,35.9999999198289,50.0000339464733,6.08648960389198,11.577379168258,8.01710697828639e-08,-3.39464732945771e-05
8640,36,50,35.9999999128013,50.0000326393085,6.08648962977387,11.5773765037905,8.71986713946171e-08,-3.2639308486182e-05
8658,36,50,35.9999999104068,50.0000314221588,6.08648964934283,11.5773739211098,8.95932288358381e-08,-3.14221587984775e-05
8676,36,50,35.9999999117659,50.0000302871379,6.08648966282893,11.5773714155681,8.82340671637394e-08,-3.02871379176395e-05
8694,36,50,35.9999999161157,50.0000292267379,6.08648967045646,11.5773689830751,8.38842737493906e-08,-2.92267378938504e-05
8712,36,50,35.9999999227875,50.0000282338465,6.08648967257961,11.5773666200629,7.72124835179966e-08,-2.82338464501208e-05
8730,36,50,35.9999999312066,50.0000273017733,6.08648966953983,11.5773643234296,6.87933692233855e-08,-2.73017732510539e-05
8748,36,50,35.9999999408729,50.0000264243019,6.08648966178111,11.5773620904637,5.91270747918315e-08,-2.64243019145738e-05
8766,36,50,35.999999951347,50.0000255956976,6.08648964983393,11.5773599188028,4.86530353782655e-08,-2.55956975934168e-05
8784,36,50,35.9999999622498,50.0000248107272,6.08648963422346,11.5773578063719,3.77501621073861e-08,-2.48107271971776e-05
8802,36,50,35.9999999732528,50.0000240646652,6.08648961552693,11.5773557513341,2.67471733650382e-08,-2.40646651690213e-05
8820,36,50,35.9999999840784,50.0000233532688,6.08648959429419,11.5773537520604,1.59216284600916e-08,-2.33532687659022e-05
8838,36,50,35.9999999945013,50.0000226727628,6.08648957102197,11.5773518070884,5.49869838550876e-09,-2.26727627676837e-05
8856,36,50,36.0000000043433,50.0000220198058,6.08648954618313,11.5773499150987,-4.34329194831662e-09,-2.2019805797413e-05
8874,36,50,36.000000013473,50.0000213914526,6.08648952017896,11.5773480748932,-1.34730200329614e-08,-2.13914525772907e-05
8892,36,50,36.0000000218004,50.0000207851266,6.08648949336728,11.5773462853693,-2.18003748386764e-08,-2.07851266367243e-05
8910,36,50,36.000000029269,50.0000201985849,6.0864894660769,11.5773445455038,-2.92689819048064e-08,-2.01985849486164e-05
8928,36,50,36.0000000358519,50.0000196298906,6.08648943859158,11.5773428543339,-3.58518619236747e-08,-1.96298905592585e-05
8946,36,50,36.0000000415436,50.0000190773893,6.0864894111793,11.577341210938,-4.15436005596348e-08,-1.90773892683183e-05
8964,36,50,36.0000000463555,50.0000185396817,6.0864893840835,11.5773396144248,-4.63554954421852e-08,-1.85396817471428e-05
8982,36,50,36.0000000503125,50.0000180156014,6.08648935751645,11.5773380639185,-5.03125292539153e-08,-1.80156013627197e-05
9000,36,50,36.0000000534494,50.0000175041894,6.08648933167059,11.5773365585502,-5.34493835857575e-08,-1.75041893584194e-05
9018,36,50,36.0000000558095,50.0000170046683,6.08648930670243,11.5773350974522,-5.58094868097214e-08,-1.70046683010128e-05
9036,36,50,36.0000000574435,50.000016516419,6.08648928273668,11.5773336797519,-5.74434650957301e-08,-1.65164189951383e-05
9054,36,50,36.0000000584074,50.0000160389555,6.08648925987002,11.5773323045707,-5.84073518439254e-08,-1.60389554650919e-05
9072,36,50,36.0000000587618,50.0000155719027,6.08648923816615,11.5773309710219,-5.87618131930867e-08,-1.55719026722068e-05
9090,36,50,36.0000000585701,50.0000151149775,6.08648921766675,11.5773296782097,-5.85700732358418e-08,-1.51149775291515e-05
9108,36,50,36.0000000578962,50.0000146679706,6.08648919839349,11.5773284252301,-5.78962442432385e-08,-1.46679706318764e-05
9126,36,50,36.000000056804,50.000014230732,6.08648918035026,11.5773272111702,-5.68039695281186e-08,-1.42307319919155e-05
9144,36,50,36.0000000553547,50.0000138031585,6.08648916353076,11.577326035109,-5.53546541937067e-08,-1.38031585024123e-05
9162,36,50,36.0000000536066,50.0000133851826,6.0864891479172,11.5773248961189,-5.36066480094632e-08,-1.33851826404907e-05
9180,36,50,36.0000000516146,50.0000129767634,6.08648913348297,11.5773237932663,-5.16145561846315e-08,-1.2976763443362e-05
9198,36,50,36.0000000494288,50.0000125778779,6.08648912019457,11.5773227256135,-4.94287633046042e-08,-1.25778778965469e-05
9216,36,50,36.0000000470956,50.0000121885134,6.08648910800984,11.5773216922215,-4.70955683340435e-08,-1.21885133665955e-05
9234,36,50,36.0000000446571,50.0000118086614,6.08648909688124,11.5773206921513,-4.46570709300431e-08,-1.18086613696278e-05
9252,36,50,36.0000000421514,50.0000114383117,6.08648908675529,11.5773197244672,-4.21513774995219e-08,-1.14383116809336e-05
9270,36,50,36.0000000396127,50.000011077448,6.08648907757448,11.5773187882389,-3.96126935697794e-08,-1.1077448007768e-05
9288,36,50,36.0000000370713,50.0000107260445,6.08648906927919,11.5773178825435,-3.70713451047777e-08,-1.07260444579538e-05
9306,36,50,36.0000000345539,50.0000103840629,6.08648906180824,11.5773170064682,-3.45539064028344e-08,-1.03840629464003e-05
9324,36,50,36.0000000320832,50.0000100514517,6.08648905510111,11.5773161591118,-3.20832072020494e-08,-1.00514516887529e-05
9342,36,50,36.0000000296784,50.0000097281442,6.08648904909869,11.5773153395863,-2.96784179454335e-08,-9.72814422794954e-06
9360,36,50,36.0000000273553,50.0000094140591,6.08648904374319,11.5773145470189,-2.73553126817205e-08,-9.41405914289817e-06
9378,36,50,36.0000000251264,50.0000091091001,6.08648903897982,11.5773137805528,-2.51263827522052e-08,-9.10910009110921e-06
9396,36,50,36.0000000230012,50.0000088131562,6.08648903475578,11.5773130393487,-2.30012062729656e-08,-8.81315617107248e-06
9414,36,50,36.0000000209868,50.0000085261025,6.08648903102067,11.5773123225859,-2.09867678790943e-08,-8.52610254753472e-06
9432,36,50,36.0000000190877,50.0000082478011,6.08648902772725,11.5773116294631,-1.90877003092282e-08,-8.24780113362067e-06
9450,36,50,36.0000000173067,50.0000079781015,6.08648902483029,11.5773109591992,-1.73066894149088e-08,-7.97810150032774e-06
9468,36,50,36.0000000156447,50.000007716842,6.0864890222877,11.577310311034,-1.56446873234017e-08,-7.71684199207812e-06
9486,36,50,36.0000000141011,50.0000074638508,6.08648902006046,11.5773096842287,-1.41011398113733e-08,-7.46385079253287e-06
9504,36,50,36.0000000126743,50.0000072189472,6.08648901811208,11.5773090780659,-1.2674270521984e-08,-7.21894722488514e-06
9522,36,50,36.0000000113612,50.0000069819431,6.0864890164096,11.57730849185,-1.13611946517267e-08,-6.98194314452394e-06
9540,36,50,36.0000000101581,50.0000067526442,6.08648901492305,11.5773079249073,-1.0158110796965e-08,-6.75264415406218e-06
9558,36,50,36.0000000090605,50.000006530851,6.08648901362509,11.5773073765854,-9.06051411675435e-09,-6.53085102442219e-06
9576,36,50,36.0000000080633,50.000006316361,6.08648901249156,11.5773068462535,-8.06329580882448e-09,-6.31636098091803e-06
9594,36,50,36.0000000071609,50.0000061089688,6.08648901150082,11.577306333302,-7.16091363983651e-09,-6.10896875485878e-06
9612,36,50,36.0000000063476,50.0000059084679,6.08648901063345,11.5773058371419,-6.34756247563928e-09,-5.90846786963084e-06
9630,36,50,36.0000000056173,50.0000057146515,6.08648900987241,11.5773053572046,-5.61726665182505e-09,-5.71465150756012e-06
9648,36,50,36.000000004964,50.0000055273135,6.08648900920272,11.5773048929417,-4.96399366056721e-09,-5.52731347625013e-06
9666,36,50,36.0000000043818,50.000005346249,6.0864890086109,11.5773044438238,-4.3817891537401e-09,-5.34624903281156e-06
9684,36,50,36.0000000038648,50.0000051712556,6.08648900808557,11.5773040093408,-3.86479115377369e-09,-5.17125563703758e-06
9702,36,50,36.0000000034073,50.0000050021336,6.08648900761684,11.5773035890006,-3.4073011079272e-09,-5.0021335908923e-06
9720,36,50,36.0000000030039,50.0000048386866,6.08648900719603,11.5773031823291,-3.00386204798997e-09,-4.83868664957754e-06
9738,36,50,36.0000000026492,50.0000046807225,6.08648900681601,11.5773027888693,-2.64924437942682e-09,-4.68072252601814e-06
9756,36,50,36.0000000023385,50.0000045280533,6.08648900647084,11.5773024081805,-2.33848140851478e-09,-4.52805327455508e-06
9774,36,50,36.0000000020669,50.0000043804957,6.0864890061553,11.5773020398383,-2.06692618576199e-09,-4.38049573858734e-06
9792,36,50,36.0000000018302,50.0000042378718,6.08648900586538,11.5773016834333,-1.83021597877087e-09,-4.2378717637348e-06
9810,36,50,36.0000000016243,50.0000041000084,6.08648900559763,11.5773013385709,-1.6243149048023e-09,-4.10000836836844e-06
9828,36,50,36.0000000014455,50.000003966738,6.08648900534929,11.5773010048708,-1.44550682534828e-09,-3.96673797808944e-06
9846,36,50,36.0000000012904,50.0000038378985,6.08648900511824,11.5773006819661,-1.29038113527713e-09,-3.83789846125637e-06
9864,36,50,36.0000000011559,50.0000037133332,6.08648900490266,11.577300369503,-1.15585407911567e-09,-3.71333316451228e-06
9882,36,50,36.0000000010391,50.0000035928909,6.08648900470113,11.5773000671402,-1.03914743476707e-09,-3.59289094120641e-06
9900,36,50,36.0000000009378,50.0000034764261,6.08648900451275,11.5772997745483,-9.37752986374107e-10,-3.47642609455079e-06
9918,36,50,36.0000000008495,50.0000033637983,6.08648900433659,11.5772994914095,-8.494538406012e-10,-3.36379832788225e-06
9936,36,50,36.0000000007723,50.0000032548726,6.08648900417217,11.5772992174168,-7.72274688642938e-10,-3.25487262387014e-06
9954,36,50,36.0000000007045,50.0000031495192,6.086489004019,11.577298952274,-7.04488911651424e-10,-3.14951917346207e-06
9972,36,50,36.0000000006446,50.0000030476132,6.08648900387689,11.5772986956948,-6.44575948172132e-10,-3.04761320535363e-06
9990,36,50,36.0000000005912,50.0000029490349,6.0864890037455,11.5772984474027,-5.91235504998622e-10,-2.9490348509853e-06
10008,36,50,36.0000000005433,50.000002853669,6.08648900362482,11.5772982071304,-5.43330713753676e-10,-2.85366897401218e-06
10026,36,50,36.0000000004999,50.000002761405,6.08648900351475,11.5772979746197,-4.99895236316661e-10,-2.7614050424063e-06
10044,36,50,36.0000000004601,50.0000026721369,6.08648900341493,11.5772977496207,-4.60147475678241e-10,-2.67213687266121e-06
10062,36,50,36.0000000004234,50.0000025857625,6.08648900332573,11.5772975318921,-4.23369783675298e-10,-2.58576251610521e-06
10080,36,50,36.0000000003891,50.000002502184,6.0864890032465,11.5772973212001,-3.89050569538085e-10,-2.50218404573843e-06
10098,36,50,36.0000000003567,50.0000024213074,6.08648900317744,11.5772971173189,-3.56720875061001e-10,-2.42130742122981e-06
10116,36,50,36.000000000326,50.0000023430422,6.08648900311837,11.5772969200298,-3.26011218021449e-10,-2.34304222601622e-06
10134,36,50,36.0000000002967,50.0000022673016,6.08648900306887,11.5772967291212,-2.96665803034557e-10,-2.26730158203736e-06
10152,36,50,36.0000000002684,50.0000021940019,6.08648900302903,11.5772965443884,-2.68443045570166e-10,-2.19400193657293e-06
10170,36,50,36.0000000002412,50.0000021230629,6.08648900299835,11.5772963656331,-2.41200837081124e-10,-2.12306289881781e-06
10188,36,50,36.0000000002148,50.0000020544071,6.08648900297652,11.5772961926635,-2.14839701584424e-10,-2.05440714751148e-06
10206,36,50,36.0000000001893,50.0000019879602,6.08648900296347,11.5772960252938,-1.8926016309706e-10,-1.98796018935354e-06
10224,36,50,36.0000000001644,50.0000019236503,6.08648900295858,11.5772958633442,-1.6444090533696e-10,-1.92365025952768e-06
10242,36,50,36.0000000001404,50.0000018614082,6.08648900296159,11.5772957066405,-1.4036061202205e-10,-1.86140820801484e-06
10260,36,50,36.000000000117,50.0000018011674,6.08648900297223,11.5772955550141,-1.17005072297616e-10,-1.8011673574847e-06
10278,36,50,36.0000000000944,50.0000017428633,6.08648900298977,11.5772954083016,-9.44169187278021e-11,-1.74286334697626e-06
10296,36,50,36.0000000000726,50.0000016864341,6.08648900301419,11.5772952663451,-7.25890458852518e-11,-1.68643410347613e-06
10314,36,50,36.0000000000516,50.0000016318196,6.08648900304473,11.5772951289912,-5.15711917614681e-11,-1.63181962875569e-06
10332,36,50,36.0000000000314,50.000001578962,6.08648900308109,11.5772949960919,-3.13917780658812e-11,-1.57896199937113e-06
10350,36,50,36.0000000000121,50.0000015278052,6.08648900312284,11.5772948675034,-1.20792265079217e-11,-1.52780520323859e-06
10368,36,50,35.9999999999937,50.0000014782951,6.08648900316944,11.5772947430867,6.32383034826489e-12,-1.47829507568531e-06
10386,36,50,35.9999999999762,50.0000014303793,6.08648900322072,11.5772946227072,2.38173925026786e-11,-1.43037928523881e-06
10404,36,50,35.9999999999596,50.0000013840071,6.08648900327592,11.5772945062345,4.03517219638161e-11,-1.38400712756948e-06
10422,36,50,35.9999999999441,50.0000013391296,6.0864890033349,11.5772943935424,5.59268187316775e-11,-1.3391295681231e-06
10440,36,50,35.9999999999295,50.0000012956991,6.08648900339715,11.5772942845087,7.05284719515475e-11,-1.2956991071178e-06
10458,36,50,35.9999999999159,50.0000012536698,6.08648900346224,11.577294179015,8.41424707687111e-11,-1.25366979375485e-06
10476,36,50,35.9999999999032,50.0000012129971,6.08648900352989,11.5772940769467,9.67759206105256e-11,-1.21299708411016e-06
10494,36,50,35.9999999998916,50.0000011736378,6.08648900359967,11.5772939781929,1.08428821476991e-10,-1.17363784113422e-06
10512,36,50,35.9999999998809,50.0000011355503,6.08648900367131,11.5772938826464,1.19115384222823e-10,-1.13555026359791e-06
10530,36,50,35.9999999998712,50.0000010986939,6.08648900374439,11.577293790203,1.28842714275379e-10,-1.09869387188155e-06
10548,36,50,35.9999999998624,50.0000010630294,6.08648900381871,11.5772937007623,1.37639233344089e-10,-1.06302941560443e-06
10566,36,50,35.9999999998545,50.0000010285189,6.08648900389399,11.5772936142268,1.45533363138384e-10,-1.02851886651933e-06
10584,36,50,35.9999999998475,50.0000009951254,6.08648900396984,11.5772935305023,1.52539314512978e-10,-9.95125375879979e-07
10602,36,50,35.9999999998413,50.0000009628132,6.08648900404628,11.5772934494976,1.58713930886734e-10,-9.62813231808468e-07
10620,36,50,35.9999999998359,50.0000009315478,6.08648900412286,11.5772933711244,1.64078528541722e-10,-9.31547823768142e-07
10638,36,50,35.9999999998313,50.0000009012956,6.08648900419943,11.5772932952973,1.68668634614733e-10,-9.012956212473e-07
10656,36,50,35.9999999998275,50.0000008720241,6.0864890042759,11.5772932219335,1.72533987097268e-10,-8.72024109810354e-07
10674,36,50,35.9999999998243,50.0000008437018,6.08648900435196,11.5772931509531,1.75703007698758e-10,-8.43701791097828e-07
10692,36,50,35.9999999998218,50.0000008162982,6.08648900442758,11.5772930822786,1.78225434410706e-10,-8.16298161510076e-07
10710,36,50,35.9999999998199,50.0000007897836,6.08648900450254,11.5772930158351,1.80136794369901e-10,-7.89783626942153e-07
10728,36,50,35.9999999998185,50.0000007641296,6.0864890045767,11.5772929515503,1.8147261471313e-10,-7.64129566732663e-07
10746,36,50,35.9999999998177,50.0000007393082,6.08648900465011,11.5772928893538,1.82289738859254e-10,-7.39308205766065e-07
10764,36,50,35.9999999998174,50.0000007152927,6.08648900472249,11.5772928291779,1.82616588517703e-10,-7.15292671316092e-07
10782,36,50,35.9999999998175,50.0000006920569,6.08648900479386,11.5772927709568,1.82495796252624e-10,-6.92056929096907e-07
10800,36,50,35.999999999818,50.0000006695758,6.08648900486427,11.5772927146272,1.81984205482877e-10,-6.69575754841389e-07
10818,36,55,35.9999999998189,50.0000006478247,6.08648900493334,15.4475426601274,1.81088921635819e-10,4.99999935217527
10836,36,55,35.9999999998201,50.0950152642802,6.08648900500134,14.7462465272412,1.79866788130312e-10,4.90498473571978
10854,36,55,35.9999999998216,50.8871173941615,6.08648900506813,14.6400488945679,1.78353332103143e-10,4.11288260583854
10872,36,55,35.9862373908234,51.4701320119901,6.1967997569207,14.7738083408805,0.0137626091765526,3.52986798800991
10890,36,55,35.9093984142286,51.9810791045731,6.74983296950216,14.8586826071131,0.0906015857713882,3.01892089542689
10908,36,55,35.8501258704258,52.4704673468964,6.87958668656975,14.8934779764295,0.149874129574208,2.52953265310357
10926,36,55,35.79616748549,52.9299830641296,7.07808738425245,14.8981056979761,0.203832514510026,2.07001693587038
10944,36,55,35.7529220490377,53.3523697587857,7.2389949368485,14.8792732079334,0.247077950962307,1.64763024121434
10962,36,55,35.7605308339724,53.7349478319714,7.0630696948585,14.8411009765493,0.239469166027575,1.26505216802861
10980,36,55,35.7832777339672,54.0623733487028,7.01556159341543,14.798805326292,0.216722266032754,0.937626651297172
10998,36,55,35.8250724473479,54.2771706216383,6.88143093478349,14.7988899354367,0.174927552652079,0.722829378361652
11016,36,55,35.8827052448641,54.4372732835319,6.69812817956676,14.7947553060935,0.117294755135944,0.562726716468148
11034,36,55,35.9260735438675,54.548838951769,6.68456065785994,14.8000588982531,0.0739264561324546,0.451161048230972
11052,36,55,35.9650135494381,54.6188196862192,6.61800333351447,14.8156073253294,0.0349864505618598,0.381180313780803
11070,36,55,35.9918758354974,54.6959161991842,6.61046488035152,14.8093817944539,0.00812416450264664,0.304083800815761
11088,36,55,36.0022412120742,54.7683859150877,6.66422665308245,14.8007029291259,-0.00224121207419614,0.231614084912309
11106,36,55,36.0110450588023,54.8434991936071,6.64428799070069,14.7817643650004,-0.0110450588023241,0.156500806392941
11124,36,55,36.0143772145167,54.9286376100993,6.6568772057669,14.7482232402391,-0.0143772145166707,0.0713623899007203
11142,36,55,36.0176611745119,55.0007045978061,6.64129931870897,14.7186224964281,-0.0176611745118649,-0.000704597806063134
11160,36,55,36.0266029559407,55.0642157834955,6.57880295754056,14.685574550052,-0.0266029559406675,-0.0642157834954773
11178,36,55,36.0350130757464,55.1140549376518,6.54507584943041,14.6549006269578,-0.0350130757463916,-0.114054937651815
11196,36,55,36.0455631310512,55.1427454632553,6.48814723611551,14.6325926688527,-0.0455631310511819,-0.142745463255253
11214,36,55,36.055744724637,55.1616778553293,6.44053838751229,14.6102487074298,-0.0557447246370444,-0.161677855329273
11232,36,55,36.0612848832734,55.1699178326275,6.42417635543462,14.5921157139648,-0.0612848832734159,-0.169917832627469
11250,36,55,36.064491561872,55.1719756154762,6.4011979307716,14.5755513086229,-0.0644915618720461,-0.1719756154762
11268,36,55,36.0633458793789,55.1757554587555,6.40020458413946,14.5560620101391,-0.0633458793788861,-0.175755458755539
11286,36,55,36.0586279787411,55.1785390912417,6.40666860914277,14.5373563128047,-0.0586279787410859,-0.178539091241689
11304,36,55,36.0531272161135,55.1830456868016,6.40355804290756,14.5168176771534,-0.0531272161134808,-0.183045686801606
11322,36,55,36.0463912905005,55.188708383667,6.40868323155706,14.4953248996843,-0.046391290500523,-0.188708383667048
11340,36,55,36.0403726556336,55.1913841090718,6.40464628385532,14.4758431830329,-0.0403726556335897,-0.191384109071819
11358,36,55,36.0357749017691,55.1920238732319,6.39522435708671,14.4570017809263,-0.0357749017690594,-0.192023873231889
11376,36,55,36.0317512437186,55.1886245338021,6.39012726428285,14.4407663352041,-0.0317512437186451,-0.18862453380212
11394,36,55,36.0289373359485,55.1806492670476,6.37981756291932,14.42750243992,-0.0289373359484983,-0.180649267047635
11412,36,55,36.026464371905,55.1702296540241,6.37392932095366,14.4158926177935,-0.0264643719049928,-0.170229654024112
11430,36,55,36.0237549846384,55.1572289897982,6.37263270763744,14.4067633220847,-0.0237549846383942,-0.157228989798206
11448,36,55,36.021091060367,55.1433522595265,6.37089356173282,14.3990196360095,-0.0210910603669561,-0.143352259526544
11466,36,55,36.0179578072642,55.1299828845207,6.37422112371924,14.3920603072572,-0.0179578072642386,-0.129982884520714
11484,36,55,36.0146788795955,55.1169153299323,6.37765188566104,14.3863048491612,-0.0146788795954507,-0.116915329932283
11502,36,55,36.0116236131836,55.1049876889503,6.37989365489493,14.3810285026172,-0.0116236131836303,-0.104987688950303
11520,36,55,36.0087310608183,55.0938823757329,6.38318060111876,14.3765524373246,-0.00873106081830599,-0.0938823757329175
11538,36,55,36.0064117431153,55.0830540268277,6.38385338548383,14.3731460675141,-0.00641174311532922,-0.0830540268276607
11556,36,55,36.0046510621847,55.0726849417065,6.38383785956186,14.3705184034495,-0.0046510621846636,-0.072684941706548
11574,36,55,36.0033086274633,55.0623091754868,6.3839604638608,14.369025577999,-0.00330862746325522,-0.0623091754868028
11592,36,55,36.0024329040705,55.0520192157779,6.3829653618359,14.3684920346339,-0.00243290407048846,-0.0520192157779178
11610,36,55,36.0017577362526,55.0421631187566,6.38303779676186,14.3686606337186,-0.00175773625257847,-0.0421631187565978
11628,36,55,36.0011811354664,55.0327479188094,6.38359074743227,14.3695611338946,-0.0011811354664033,-0.0327479188094344
11646,36,55,36.0006822891336,55.0241822206795,6.38424405067871,14.3708351854218,-0.000682289133600023,-0.024182220679478
11664,36,55,36.000139749338,55.0166323733851,6.3858361764208,14.3723616773577,-0.000139749338046613,-0.016632373385093
11682,36,55,35.9996269285806,55.0100646454893,6.3871925922861,14.3741035039604,0.000373071419353721,-0.0100646454892868
11700,36,55,35.9991757389651,55.0045805007952,6.38841046717605,14.3758773229584,0.000824261034864548,-0.00458050079521399
11718,36,55,35.998787769582,54.9999959907499,6.38961076252225,14.3777410286892,0.00121223041797691,4.0092501478739e-06
11736,36,55,35.9985388672965,54.9961630299845,6.39016784310523,14.3796788771547,0.00146113270351833,0.00383697001548455
11754,36,55,35.9984048661379,54.9930072599396,6.39059617469819,14.3816407696497,0.00159513386208232,0.00699274006042572
11772,36,55,35.9983680178254,54.9903506917618,6.39087133208905,14.3836807393501,0.00163198217458671,0.00964930823819543
11790,36,55,35.9984213576309,54.9881624621534,6.39092155239582,14.3857332876097,0.00157864236906136,0.0118375378466311
11808,36,55,35.998504226361,54.9864212571301,6.39116188114445,14.3877616166463,0.00149577363895759,0.0135787428699174
11826,36,55,35.9986006835793,54.9850798704266,6.39140654335827,14.3897532249802,0.00139931642067381,0.0149201295734045
11844,36,55,35.9986950808526,54.9841689800293,6.39169620993939,14.3916341841358,0.00130491914744368,0.0158310199707046
11862,36,55,35.9987671209361,54.9836558360627,6.39211660255737,14.3933941137615,0.00123287906386338,0.0163441639372763
11880,36,55,35.9988339612605,54.9834975114578,6.39243834195379,14.395019510674,0.00116603873948407,0.016502488542173
11898,36,55,35.9988984163006,54.983663739513,6.39272627776617,14.3964890364235,0.00110158369942326,0.0163362604870017
11916,36,55,35.9989670948593,54.9840728439837,6.39294239769197,14.397826985406,0.00103290514068988,0.0159271560163035
11934,36,55,35.9990542707643,54.9846669900822,6.39300344022617,14.3990357394729,0.000945729235738213,0.0153330099177751
11952,36,55,35.9991542291393,54.985394463005,6.3930186860065,14.4001240225454,0.000845770860692596,0.0146055369950204
11970,36,55,35.9992661547017,54.9861973815082,6.39296107989207,14.4011118256853,0.000733845298277913,0.0138026184918374
11988,36,55,35.9993857148843,54.9870534794417,6.39285644839965,14.4019959176604,0.000614285115730695,0.0129465205583159
12006,36,55,35.9995010450584,54.9879403941716,6.39277525703082,14.40278334364,0.000498954941591023,0.0120596058283837
12024,36,55,35.9996095557456,54.9888422507029,6.39268098629017,14.4034783192716,0.000390444254428246,0.0111577492971335
12042,36,55,35.9997065235589,54.9897577872925,6.39260138295605,14.4040767772388,0.000293476441065366,0.0102422127074533
12060,36,55,35.9997894955063,54.9906743301084,6.39253729973989,14.4045868900715,0.000210504493729502,0.00932566989158801
12078,36,55,35.9998622470396,54.991582941785,6.39245194811183,14.4050126302118,0.000137752960441162,0.00841705821498806
12096,36,55,35.9999254840482,54.992474583134,6.39236258006299,14.4053597727409,7.45159518089622e-05,0.0075254168660166
12114,36,55,35.9999821532326,54.9933329946324,6.39225293994069,14.4056405536552,1.78467673848104e-05,0.00666700536761766
12132,36,55,36.0000351368427,54.9941487930727,6.3921172360186,14.4058618747058,-3.51368426763088e-05,0.00585120692726093
12150,36,55,36.0000838801402,54.9949126499852,6.39197573714508,14.4060330682883,-8.38801402096578e-05,0.00508735001481142
12168,36,55,36.0001290146102,54.9956171391555,6.39182234111737,14.4061629301671,-0.000129014610180889,0.0043828608444727
12186,36,55,36.0001695617016,54.9962620548038,6.39166949242697,14.4062558294764,-0.000169561701582666,0.00373794519616411
12204,36,55,36.0002038265324,54.9968471091893,6.3915277687539,14.4063178405125,-0.000203826532448659,0.00315289081069636
12222,36,55,36.0002317321819,54.9973749600513,6.39139190442405,14.4063527677053,-0.000231732181937616,0.00262503994868268
12240,36,55,36.0002526121431,54.9978502146433,6.39126943469416,14.4063633047543,-0.000252612143142983,0.00214978535666432
12258,36,55,36.0002668016686,54.99827539345,6.39115720412927,14.406353742268,-0.000266801668615813,0.00172460654997764
12276,36,55,36.0002755169461,54.9986540108254,6.39104984109852,14.4063268834381,-0.000275516946146581,0.00134598917463791
12294,36,55,36.0002794696248,54.9989885802458,6.39094990520893,14.4062861814381,-0.000279469624786088,0.00101141975424923
12312,36,55,36.0002799431286,54.9992804511421,6.39085257648956,14.4062355168898,-0.000279943128589366,0.000719548857858854
12330,36,55,36.0002778776854,54.9995320263069,6.3907581087082,14.4061775600802,-0.000277877685441297,0.00046797369310525
12348,36,55,36.0002736567665,54.9997452169734,6.39066913109915,14.4061153604437,-0.000273656766502484,0.000254783026612415
12366,36,55,36.0002677992698,54.9999225053343,6.39058426405509,14.4060512258717,-0.000267799269842328,7.74946657031705e-05
12384,36,55,36.0002603443746,55.0000673373429,6.39050643619108,14.4059866007288,-0.000260344374574117,-6.7337342940732e-05
12402,36,55,36.0002512961883,55.0001829112961,6.39043645631856,14.405922996341,-0.000251296188338301,-0.000182911296079169
12420,36,55,36.0002408560587,55.0002729220292,6.39037337629114,14.4058611674458,-0.000240856058738359,-0.000272922029225242
12438,36,55,36.0002290919088,55.0003409478298,6.39031821647609,14.4058017047041,-0.00022909190876419,-0.000340947829840843
12456,36,55,36.0002163155039,55.0003899731761,6.39026935191951,14.4057452779932,-0.000216315503898556,-0.000389973176091019
12474,36,55,36.0002029109436,55.0004228981825,6.39022566395181,14.4056921936891,-0.000202910943556844,-0.000422898182463882
12492,36,55,36.0001891799053,55.0004420377941,6.39018689860114,14.4056429050628,-0.000189179905305537,-0.000442037794144312
12510,36,55,36.000175509941,55.0004493344387,6.39015158163145,14.4055977931533,-0.000175509941001906,-0.00044933443867734
12528,36,55,36.0001621478638,55.0004466574826,6.39011963684935,14.4055570196032,-0.000162147863832729,-0.000446657482591206
12546,36,55,36.000149240031,55.0004355602531,6.39009099356439,14.4055207892125,-0.000149240031007025,-0.00043556025308078
12564,36,55,36.0001369107787,55.000417592765,6.3900651988733,14.4054890845987,-0.00013691077872835,-0.000417592764989649
12582,36,55,36.0001251612074,55.0003942746831,6.39004262779943,14.4054617576768,-0.000125161207407132,-0.000394274683060303
12600,36,55,36.0001139925119,55.0003669501627,6.39002304146566,14.4054386389529,-0.000113992511927563,-0.000366950162650426
12618,36,55,36.0001034125554,55.000336935736,6.39000614753293,14.4054194078327,-0.000103412555425564,-0.000336935736001465
12636,36,55,36.0000934053431,55.0003053575174,6.38999187485789,14.4054037545754,-9.34053430938775e-05,-0.000305357517447646
12654,36,55,36.0000840039075,55.000273132997,6.38997964719282,14.4053913766822,-8.40039074816445e-05,-0.000273132997037351
12672,36,55,36.0000752387589,55.0002410445483,6.38996913887987,14.4053819385632,-7.52387589102455e-05,-0.000241044548317859
12690,36,55,36.0000671316467,55.0002096536209,6.38996006958588,14.4053751678391,-6.71316467446559e-05,-0.000209653620885319
12708,36,55,36.0000597137452,55.00017938873,6.3899520310695,14.4053707898367,-5.97137451876506e-05,-0.000179388729975472
12726,36,55,36.0000529810503,55.0001505843845,6.3899449312832,14.4053685303748,-5.29810503167027e-05,-0.000150584384520869
12744,36,55,36.0000469144043,55.000123465025,6.38993862636623,14.4053681462452,-4.69144043435676e-05,-0.000123465024984171
12762,36,55,36.0000414832947,55.0000982217968,6.38993299588685,14.4053693730763,-4.14832947086552e-05,-9.82217968470422e-05
12780,36,55,36.0000366344598,55.0000749980261,6.38992805765737,14.4053719571113,-3.66344597750867e-05,-7.49980260934535e-05
12798,36,55,36.0000323189373,55.0000538860352,6.38992370349725,14.4053756591456,-3.23189373432342e-05,-5.38860351539938e-05
12816,36,55,36.0000284878472,55.0000349536448,6.38991986577411,14.4053802383473,-2.84878472172068e-05,-3.49536448140952e-05
12834,36,55,36.0000250938984,55.0000182132395,6.38991648432162,14.4053854845789,-2.50938984365234e-05,-1.82132395281087e-05
12852,36,55,36.0000221027998,55.000003633204,6.38991342183156,14.4053912080867,-2.21027997611145e-05,-3.63320400253997e-06
12870,36,55,36.000019481682,54.9999911473049,6.38991060811716,14.4053972391627,-1.94816819742982e-05,8.85269511741171e-06
12888,36,55,36.0000172014043,54.999980645606,6.38990796348897,14.4054034407109,-1.72014043329227e-05,1.93543939914775e-05
12906,36,55,36.0000152362417,54.9999719986473,6.38990541122003,14.4054096918178,-1.52362416514507e-05,2.80013526889888e-05
12924,36,55,36.0000135562006,54.999965062647,6.38990293619387,14.4054158910881,-1.35562005709744e-05,3.49373529644481e-05
12942,36,55,36.0000121318449,54.9999596839464,6.38990050975504,14.4054219557904,-1.21318449188834e-05,4.03160535569214e-05
12960,36,55,36.0000109328428,54.9999557147226,6.38989812511904,14.4054278116702,-1.09328428408162e-05,4.42852774327207e-05
12978,36,55,36.0000099275807,54.9999530093603,6.38989579360677,14.4054333987091,-9.92758066331589e-06,4.699063968161e-05
12996,36,55,36.0000090879877,54.9999514276902,6.38989350457182,14.4054386675851,-9.08798770637986e-06,4.85723097511936e-05
13014,36,55,36.0000083879757,54.9999508378882,6.38989126046143,14.405443577616,-8.38797573976535e-06,4.91621117788554e-05
13032,36,55,36.0000078048421,54.9999511106589,6.38988905700896,14.4054481010869,-7.80484206330812e-06,4.88893411301206e-05
13050,36,55,36.0000073204097,54.9999521224534,6.38988687969951,14.4054522192028,-7.32040970774506e-06,4.78775466490333e-05
13068,36,55,36.0000069186765,54.9999537551441,6.38988472644941,14.4054559224941,-6.91867646196442e-06,4.62448559090944e-05
13086,36,55,36.000006586457,54.9999558950248,6.3898825898903,14.4054592109809,-6.58645699047611e-06,4.41049752168965e-05
13104,36,55,36.0000063123962,54.9999584370376,6.38988046732862,14.4054620902386,-6.31239622350677e-06,4.15629623589098e-05
13122,36,55,36.0000060856875,54.9999612844664,6.38987836537327,14.4054645717286,-6.08568754500993e-06,3.87155335772604e-05
13140,36,55,36.0000058968149,54.9999643501316,6.38987628739243,14.4054666709784,-5.8968148977101e-06,3.56498683657946e-05
13158,36,55,36.0000057368518,54.9999675581419,6.38987424229905,14.4054684055501,-5.73685179716676e-06,3.24418580532893e-05
13176,36,55,36.0000055976466,54.9999708422644,6.38987223934165,14.4054697955778,-5.5976466413199e-06,2.91577356108519e-05
13194,36,55,36.0000054724688,54.9999741461042,6.38987028353294,14.4054708623061,-5.4724688354213e-06,2.58538958348709e-05
13212,36,55,36.0000053556006,54.9999774222109,6.38986838155838,14.4054716278486,-5.35560060654916e-06,2.25777891031953e-05
13230,36,55,36.0000052426897,54.9999806302786,6.38986653650958,14.4054721154947,-5.2426897099167e-06,1.93697213788369e-05
13248,36,55,36.0000051306776,54.9999837369883,6.38986474966039,14.4054723487201,-5.13067762142327e-06,1.62630117301887e-05
13266,36,55,36.0000050173315,54.9999867148778,6.38986302333727,14.4054723513345,-5.01733151025974e-06,1.32851221650299e-05
13284,36,55,36.0000049012939,54.9999895417033,6.38986135786023,14.4054721471424,-4.90129386321314e-06,1.04582966571343e-05
13302,36,55,36.0000047816982,54.9999922005065,6.389859754515,14.4054717592309,-4.78169822315522e-06,7.79949354523524e-06
13320,36,55,36.0000046579458,54.9999946789001,6.38985821523436,14.4054712100144,-4.6579457801954e-06,5.32109990558638e-06
13338,36,55,36.0000045297512,54.9999969689159,6.38985674101199,14.4054705207398,-4.52975116616017e-06,3.03108406285446e-06
13356,36,55,36.0000043969424,54.9999990667013,6.38985533360665,14.4054697112494,-4.39694240128574e-06,9.33298650807046e-07
13374,36,55,36.0000042595266,55.0000009717782,6.3898539939749,14.405468800079,-4.25952661231577e-06,-9.71778206348972e-07
13392,36,55,36.0000041177425,55.0000026866962,6.38985272210468,14.4054678042256,-4.11774251318775e-06,-2.6866962201666e-06
13410,36,55,36.0000039719802,55.0000042163855,6.38985151782554,14.4054667392716,-3.97198016344191e-06,-4.21638550562875e-06
13428,36,55,36.0000038228492,55.0000055675414,6.38985037980132,14.4054656194789,-3.82284923006182e-06,-5.56754137903681e-06
13446,36,55,36.0000036711152,55.0000067482943,6.38984930629166,14.4054644577326,-3.67111522336927e-06,-6.74829429669899e-06
13464,36,55,36.0000035176189,55.0000077677257,6.38984829541752,14.4054632656986,-3.51761894279434e-06,-7.76772570532103e-06
13482,36,55,36.0000033632666,55.0000086356066,6.38984734480938,14.4054620538239,-3.36326659322594e-06,-8.63560659070117e-06
13500,36,55,36.0000032089344,55.0000093622293,6.38984645229599,14.4054608313392,-3.20893443017667e-06,-9.36222934910802e-06
13518,36,55,36.0000030554391,55.0000099581596,6.38984561568044,14.4054596063618,-3.05543905199102e-06,-9.95815958049207e-06
13536,36,55,36.0000029035332,55.0000104341396,6.38984483265007,14.4054583858878,-2.90353323606496e-06,-1.04341395825713e-05
13554,36,55,36.0000027538726,55.0000108009376,6.3898441010485,14.4054571758693,-2.75387263570792e-06,-1.08009375878737e-05
13572,36,55,36.0000026070422,55.0000110691741,6.38984341853777,14.4054559813125,-2.60704218391083e-06,-1.1069174135514e-05
13590,36,55,36.0000024635639,55.0000112492254,6.38984278269557,14.4054548063281,-2.46356391642166e-06,-1.12492254231711e-05
13608,36,55,36.0000023238956,55.0000113510715,6.38984219109023,14.4054536542513,-2.32389564303048e-06,-1.13510714925269e-05
13626,36,55,36.0000021884518,55.0000113841922,6.38984164113329,14.4054525277277,-2.18845176647164e-06,-1.13841922342317e-05
13644,36,55,36.0000020575935,55.0000113575099,6.38984113027914,14.4054514287834,-2.05759347693402e-06,-1.1357509876575e-05
13662,36,55,36.0000019316252,55.0000112793198,6.38984065602614,14.4054503589214,-1.93162522066359e-06,-1.12793198070449e-05
13680,36,55,36.0000018107964,55.0000111572826,6.38984021590876,14.4054493191741,-1.81079636263348e-06,-1.11572825858275e-05
13698,36,55,36.0000016952889,55.0000109984261,6.38983980762642,14.4054483101625,-1.69528891547088e-06,-1.09984260916463e-05
13716,36,55,36.0000015852214,55.0000108091479,6.38983942897893,14.4054473321579,-1.58522139770412e-06,-1.08091478665528e-05
13734,36,55,36.0000014806523,55.0000105952472,6.38983907788365,14.4054463851196,-1.48065228700034e-06,-1.05952472040372e-05
13752,36,55,36.0000013815822,55.0000103619419,6.38983875239944,14.4054454687488,-1.38158220863716e-06,-1.03619418894141e-05
13770,36,55,36.0000012879665,55.0000101138887,6.38983845066054,14.4054445825334,-1.28796646947649e-06,-1.01138887202978e-05
13788,36,55,36.0000011997216,55.0000098552126,6.38983817090468,14.4054437257863,-1.19972160916859e-06,-9.85521263885403e-06
13806,36,55,36.0000011167326,55.0000095895244,6.38983791146366,14.4054428976905,-1.1167326050554e-06,-9.58952442431382e-06
13824,36,55,36.0000010388614,55.0000093199499,6.38983767074322,14.4054420973314,-1.03886144131593e-06,-9.31994988206952e-06
13842,36,55,36.0000009659494,55.0000090491619,6.38983744725676,14.4054413237269,-9.65949382703002e-07,-9.04916188204652e-06
13860,36,55,36.000000897821,55.000008779411,6.38983723961278,14.4054405758551,-8.9782099621516e-07,-8.77941099020063e-06
13878,36,55,36.000000834287,55.0000085125658,6.38983704651877,14.4054398526724,-8.34287007478451e-07,-8.51256575629122e-06
13896,36,55,36.0000007751451,55.0000082501502,6.3898368667948,14.405439153131,-7.75145075238015e-07,-8.25015020211595e-06
13914,36,55,36.0000007201833,55.000007993381,6.38983669935439,14.405438476193,-7.20183315650047e-07,-7.99338097579039e-06
13932,36,55,36.0000006691827,55.0000077432057,6.38983654320655,14.4054378208389,-6.69182718127104e-07,-7.74320565000153e-06
13950,36,55,36.0000006219199,55.0000075003348,6.38983639744856,14.4054371860789,-6.21919909349344e-07,-7.50033480301227e-06
13968,36,55,36.0000005781711,55.0000072652728,6.38983626125008,14.4054365709588,-5.78171061249577e-07,-7.26527278516187e-06
13986,36,55,36.0000005377144,55.0000070383459,6.38983613385307,14.4054359745664,-5.37714356596553e-07,-7.03834589188546e-06
14004,36,55,36.0000005003326,55.0000068197262,6.38983601456257,14.4054353960363,-5.00332561159667e-07,-6.81972618821192e-06
14022,36,55,36.0000004658152,55.0000066094551,6.38983590274035,14.4054348345527,-4.65815183758878e-07,-6.60945507036104e-06
14040,36,55,36.0000004339593,55.0000064074644,6.38983579780618,14.4054342893512,-4.33959314705135e-07,-6.40746443991702e-06
14058,36,55,36.0000004045706,55.000006213596,6.38983569923126,14.4054337597191,-4.04570585033071e-07,-6.21359596664206e-06
14076,36,55,36.0000003774636,55.0000060276199,6.38983560653591,14.4054332449946,-3.77463614142926e-07,-6.02761994628054e-06
14094,36,55,36.000000352462,55.0000058492516,6.3898355192884,14.4054327445653,-3.52461981378838e-07,-5.84925163593653e-06
14112,36,55,36.0000003293986,55.0000056781661,6.38983543709795,14.4054322578656,-3.29398631038202e-07,-5.6781660617844e-06
14130,36,55,36.0000003081159,55.0000055140112,6.38983535961235,14.405431784374,-3.08115943425946e-07,-5.51401116410943e-06
14148,36,55,36.0000002884659,55.0000053564184,6.3898352865135,14.4054313236106,-2.88465862752219e-07,-5.35641843413259e-06
14166,36,55,36.0000002703102,55.000005205012,6.38983521751209,14.4054308751339,-2.70310152927777e-07,-5.2050119805358e-06
14184,36,55,36.0000002535203,55.000005059416,6.38983515234537,14.4054304385379,-2.5352034072057e-07,-5.05941599726611e-06
14202,36,55,36.0000002379777,55.0000049192604,6.38983509077313,14.4054300134496,-2.37977687334023e-07,-4.9192604194559e-06
14220,36,55,36.0000002235729,55.0000047841858,6.38983503257558,14.4054295995254,-2.23572946822514e-07,-4.78418579774598e-06
14238,36,55,36.0000002102059,55.000004653847,6.38983497755167,14.4054291964487,-2.10205939765729e-07,-4.65384700021332e-06
14256,36,55,36.0000001977852,55.0000045279161,6.38983492551654,14.4054288039271,-1.97785155364727e-07,-4.52791611138537e-06
14274,36,55,36.0000001862271,55.0000044060847,6.38983487630118,14.4054284216892,-1.86227104848058e-07,-4.40608474150395e-06
14292,36,55,36.0000001754559,55.0000042880656,6.38983482974963,14.4054280494823,-1.75455866724405e-07,-4.28806558261385e-06
14310,36,55,36.0000001654025,55.0000041735934,6.38983478571837,14.4054276870698,-1.65402497032119e-07,-4.17359342463897e-06
14328,36,55,36.0000001560045,55.0000040624256,6.38983474407468,14.4054273342288,-1.56004517748443e-07,-4.0624255603916e-06
14346,36,55,36.0000001472055,55.0000039543417,6.38983470469473,14.4054269907483,-1.4720550467473e-07,-3.95434167188569e-06
14364,36,55,36.0000001389546,55.0000038491434,6.38983466746321,14.4054266564269,-1.38954582951101e-07,-3.84914341111653e-06
14382,36,55,36.0000001312061,55.0000037466534,6.38983463227151,14.4054263310719,-1.31206050468791e-07,-3.74665337687929e-06
14400,36,55,36.0000001239189,55.0000036467141,6.38983459901733,14.405426014497,-1.23918937333656e-07,-3.64671412000916e-06
14418,36,55,36.0000001170566,55.0000035491868,6.38983456760413,14.405425706522,-1.17056558224249e-07,-3.54918681466643e-06
14436,36,55,36.0000001105862,55.0000034539499,6.38983453793996,14.4054254069709,-1.10586171331306e-07,-3.45394987277814e-06
14454,36,55,36.0000001044785,55.0000033608975,6.38983450993791,14.4054251156716,-1.04478502294114e-07,-3.36089752295265e-06
14472,36,55,36.0000000987074,55.0000032699384,6.38983448351512,14.4054248324547,-9.8707403139997e-08,-3.26993841781587e-06
14490,36,55,36.0000000932495,55.0000031809942,6.38983445859275,14.4054245571532,-9.32494828020936e-08,-3.18099417029316e-06
14508,36,55,36.0000000880838,55.000003093998,6.38983443509558,14.4054242896018,-8.80837944805535e-08,-3.09399798936738e-06
14526,36,55,36.0000000831915,55.0000030088933,6.38983441295186,14.4054240296363,-8.31915301091612e-08,-3.00889328741505e-06
14544,36,55,36.0000000785558,55.0000029256324,6.38983439209282,14.4054237770936,-7.85557858762331e-08,-2.9256324154403e-06
14562,36,55,36.0000000741613,55.0000028441753,6.3898343724527,14.4054235318116,-7.41613206400871e-08,-2.84417534146542e-06
14580,36,55,36.0000000699944,55.0000027644885,6.38983435396827,14.4054232936287,-6.99943782933587e-08,-2.76448847102984e-06
14598,36,55,36.0000000660425,55.0000026865436,6.3898343365791,14.4054230623839,-6.60424674947535e-08,-2.68654357427067e-06
14616,36,55,36.0000000622942,55.0000026103167,6.38983432022714,14.405422837917,-6.22942195604992e-08,-2.61031672721401e-06
14634,36,55,36.0000000587393,55.0000025357874,6.38983430485651,14.4054226200683,-5.87392605666537e-08,-2.53578739517479e-06
14652,36,55,36.000000055368,55.0000024629377,6.38983429041425,14.4054224086791,-5.53679981862842e-08,-2.46293765826522e-06
14670,36,55,36.0000000521716,55.0000023917515,6.38983427684901,14.4054222035916,-5.21716074786127e-08,-2.39175147953574e-06
14688,36,55,36.0000000491418,55.0000023222141,6.38983426411215,14.4054220046488,-4.91418461479043e-08,-2.32221405838118e-06
14706,36,55,36.000000046271,55.0000022543113,6.38983425215717,14.4054218116951,-4.62709834891939e-08,-2.2543113118445e-06
14724,36,55,36.0000000435518,55.0000021880295,6.38983424093937,14.4054216245761,-4.35517719665768e-08,-2.1880294696075e-06
14742,36,55,36.0000000409773,55.0000021233546,6.38983423041637,14.4054214431392,-4.09773406317981e-08,-2.1233546192434e-06
14760,36,55,36.0000000385411,55.0000020602724,6.38983422054795,14.4054212672331,-3.85411311754069e-08,-2.06027243621065e-06
14778,36,55,36.0000000362369,55.0000019987679,6.38983421129523,14.4054210967086,-3.62369405593199e-08,-1.99876791384668e-06
14796,36,55,36.0000000340588,55.0000019388252,6.38983420262198,14.4054209314184,-3.40587718028473e-08,-1.93882518573218e-06
14814,36,55,36.0000000320009,55.0000018804273,6.38983419449318,14.4054207712174,-3.20009050369663e-08,-1.88042734805549e-06
14832,36,55,36.0000000300578,55.0000018235564,6.38983418687593,14.4054206159629,-3.00578193446199e-08,-1.82355638145282e-06
14850,36,55,36.0000000282242,55.0000017681931,6.38983417973895,14.4054204655143,-2.82241927607174e-08,-1.76819314390286e-06
14868,36,55,36.0000000264949,55.0000017143172,6.38983417305269,14.405420319734,-2.64948809558518e-08,-1.71431724993454e-06
14886,36,55,36.0000000248649,55.0000016619072,6.38983416678912,14.4054201784868,-2.48649172363002e-08,-1.66190721273551e-06
14904,36,55,36.0000000233295,55.0000016109404,6.389834160922,14.4054200416402,-2.33294770168868e-08,-1.61094036599252e-06
14922,36,55,36.0000000218839,55.000001561393,6.38983415542617,14.4054199090646,-2.18839275589744e-08,-1.56139299178903e-06
14940,36,55,36.0000000205237,55.0000015132404,6.38983415027844,14.4054197806334,-2.05237498107635e-08,-1.51324037744871e-06
14958,36,55,36.0000000192446,55.0000014664569,6.3898341454566,14.4054196562227,-1.92445952507114e-08,-1.46645689369507e-06
14976,36,55,36.0000000180423,55.0000014210161,6.38983414093994,14.4054195357116,-1.80422574658223e-08,-1.42101610123291e-06
14994,36,55,36.0000000169127,55.0000013768908,6.38983413670895,14.4054194189825,-1.69126792570751e-08,-1.37689083601344e-06
15012,36,55,36.000000015852,55.0000013340533,6.38983413274533,14.4054193059203,-1.5851952639423e-08,-1.33405334423742e-06
15030,36,55,36.0000000148563,55.0000012924754,6.38983412903181,14.4054191964133,-1.48563259472212e-08,-1.2924753605148e-06
15048,36,55,36.0000000139222,55.0000012521282,6.38983412555245,14.4054190903526,-1.39221754125174e-08,-1.25212822865706e-06
15066,36,55,36.000000013046,55.000001212983,6.3898341222921,14.4054189876323,-1.3046033586761e-08,-1.21298299404771e-06
15084,36,55,36.0000000122246,55.0000011750105,6.38983411923658,14.4054188881496,-1.22245893408035e-08,-1.17501051022373e-06
15102,36,55,36.0000000114546,55.0000011381815,6.3898341163729,14.4054187918043,-1.14546452323339e-08,-1.13818153835155e-06
15120,36,55,36.0000000107332,55.0000011024669,6.38983411368856,14.4054186984993,-1.07331743492978e-08,-1.10246686801929e-06
15138,36,55,36.0000000100573,55.0000010678374,6.38983411117202,14.4054186081403,-1.0057291888188e-08,-1.06783735986937e-06
15156,36,55,36.0000000094242,55.000001034264,6.38983410881279,14.4054185206358,-9.42421252148051e-09,-1.03426402375817e-06
15174,36,55,36.0000000088313,55.0000010017181,6.38983410660042,14.4054184358969,-8.831349873617e-09,-1.00171811823202e-06
15192,36,55,36.0000000082762,55.0000009701712,6.3898341045258,14.4054183538375,-8.27620283416763e-09,-9.70171214476068e-07
15210,36,55,36.0000000077564,55.0000009395952,6.38983410258007,14.4054182743741,-7.75641950667705e-09,-9.39595238946822e-07
15228,36,55,36.0000000072698,55.0000009099625,6.38983410075495,14.4054181974255,-7.26979010323703e-09,-9.09962501793871e-07
15246,36,55,36.0000000068142,55.0000008812458,6.38983409904309,14.4054181229133,-6.81418299564029e-09,-8.81245824757571e-07
15264,36,55,36.0000000063876,55.0000008534185,6.38983409743705,14.4054180507614,-6.38763708593615e-09,-8.53418470114775e-07
15282,36,55,36.0000000059883,55.0000008264543,6.3898340959303,14.405417980896,-5.98828364672954e-09,-8.26454275681954e-07
15300,36,55,36.0000000056143,55.0000008003276,6.38983409451681,14.4054179132456,-5.61433921575372e-09,-8.00327612182627e-07
15318,36,55,36.0000000052642,55.0000007750134,6.38983409319037,14.4054178477408,-5.2641908609985e-09,-7.75013432985361e-07
15336,36,55,36.0000000049363,55.0000007504873,6.38983409194597,14.4054177843147,-4.9362611775905e-09,-7.50487302525471e-07
15354,36,55,36.0000000046291,55.0000007267253,6.38983409077836,14.405417722902,-4.62910065834876e-09,-7.26725346567036e-07
15372,36,55,36.0000000043414,55.0000007037044,6.38983408968266,14.4054176634399,-4.34137348293007e-09,-7.03704358784307e-07
15390,36,55,36.0000000040718,55.0000006814017,6.38983408865487,14.4054176058671,-4.07176514727325e-09,-6.81401743918286e-07
15408,36,55,36.0000000038191,55.0000006597955,6.38983408769036,14.4054175501246,-3.81912457214639e-09,-6.5979546093331e-07
15426,36,55,36.0000000035823,55.0000006388642,6.38983408678552,14.405417496155,-3.58232910002698e-09,-6.38864179336451e-07
15444,36,55,36.0000000033603,55.0000006185871,6.38983408593685,14.4054174439028,-3.36032002223874e-09,-6.18587122858116e-07
15462,36,55,36.0000000031522,55.0000005989441,6.38983408514055,14.4054173933141,-3.15216652779782e-09,-5.98944126295464e-07
15480,36,55,36.0000000029569,55.0000005799157,6.38983408439378,14.4054173443368,-2.95694491114773e-09,-5.79915663934116e-07
15498,36,55,36.0000000027738,55.0000005614827,6.38983408369339,14.4054172969203,-2.77382383728764e-09,-5.61482721650464e-07
15516,36,55,36.000000002602,55.0000005436269,6.38983408303659,14.4054172510157,-2.6020217092082e-09,-5.43626939020214e-07
15534,36,55,36.0000000024408,55.0000005263305,6.38983408242086,14.4054172065754,-2.44079956246424e-09,-5.263304814207e-07
15552,36,55,36.0000000022895,55.000000509576,6.38983408184362,14.4054171635536,-2.28948238145676e-09,-5.09576040030879e-07
15570,36,55,36.0000000021474,55.0000004933469,6.38983408130265,14.4054171219055,-2.14743067772361e-09,-4.93346895780178e-07
15588,36,55,36.0000000020141,55.0000004776268,6.38983408079562,14.4054170815881,-2.01406891164879e-09,-4.7762679855623e-07
15606,36,55,36.0000000018888,55.0000004624,6.38983408032066,14.4054170425593,-1.88883575447107e-09,-4.6240003115372e-07
15624,36,55,36.0000000017712,55.0000004476514,6.38983407987572,14.4054170047788,-1.77122672084806e-09,-4.47651359536394e-07
15642,36,55,36.0000000016608,55.000000433366,6.38983407945891,14.405416968207,-1.66077995800151e-09,-4.3336602573163e-07
15660,36,55,36.000000001557,55.0000004195297,6.38983407906884,14.405416932806,-1.55701940229847e-09,-4.19529719408729e-07
15678,36,55,36.0000000014596,55.0000004061286,6.38983407870359,14.4054168985388,-1.45955425523425e-09,-4.0612857077349e-07
15696,36,55,36.000000001368,55.0000003931492,6.38983407836178,14.4054168653696,-1.36799371830421e-09,-3.93149164779061e-07
15714,36,55,36.000000001282,55.0000003805785,6.3898340780421,14.4054168332636,-1.28196120385837e-09,-3.80578491387951e-07
15732,36,55,36.0000000012011,55.0000003684039,6.38983407774294,14.4054168021873,-1.20114407309302e-09,-3.68403931361172e-07
15750,36,55,36.0000000011252,55.0000003566133,6.38983407746326,14.405416772108,-1.12521547634969e-09,-3.56613298890807e-07
15768,36,55,36.0000000010539,55.0000003451947,6.38983407720179,14.4054167429943,-1.05388409110674e-09,-3.45194706596885e-07
15786,36,55,36.0000000009869,55.0000003341367,6.38983407695743,14.4054167148155,-9.86872805697203e-10,-3.34136679214225e-07
15804,36,55,36.0000000009239,55.0000003234281,6.38983407672912,14.4054166875418,-9.23925824736216e-10,-3.23428096749012e-07
15822,36,55,36.0000000008648,55.0000003130582,6.38983407651587,14.4054166611447,-8.64801563693618e-10,-3.13058151846235e-07
15840,36,55,36.0000000008093,55.0000003030164,6.38983407631681,14.4054166355962,-8.09265543466609e-10,-3.03016385316823e-07
15858,36,55,36.0000000007571,55.0000002932927,6.38983407613097,14.4054166108693,-7.57111706661817e-10,-2.93292657715938e-07
15876,36,55,36.0000000007081,55.0000002838771,6.38983407595756,14.405416586938,-7.08141101313231e-10,-2.83877113815834e-07
15894,36,55,36.0000000006622,55.0000002747602,6.38983407579588,14.4054165637768,-6.62154775454837e-10,-2.74760211027569e-07
15912,36,55,36.000000000619,55.0000002659327,6.38983407564512,14.4054165413613,-6.18982198830054e-10,-2.65932698084725e-07
15930,36,55,36.0000000005785,55.0000002573856,6.38983407550447,14.4054165196676,-5.7847415746437e-10,-2.57385607937977e-07
15948,36,55,36.0000000005404,55.0000002491102,6.3898340753736,14.4054164986728,-5.4044591024649e-10,-2.49110215122528e-07
15966,36,55,36.0000000005048,55.0000002410981,6.3898340752516,14.4054164783544,-5.04769559483975e-10,-2.41098078390678e-07
15984,36,55,36.0000000004713,55.000000233341,6.38983407513804,14.4054164586909,-4.71302996629674e-10,-2.33341012290111e-07
16002,36,55,36.0000000004399,55.000000225831,6.38983407503239,14.4054164396614,-4.39911218563793e-10,-2.25831044531333e-07
16020,36,55,36.0000000004105,55.0000002185605,6.38983407493399,14.4054164212456,-4.10487643875967e-10,-2.18560487041941e-07
16038,36,55,36.0000000003829,55.0000002115219,6.3898340748426,14.4054164034237,-3.82897269446403e-10,-2.11521864912356e-07
16056,36,55,36.000000000357,55.0000002047079,6.38983407475755,14.4054163861769,-3.5704772471945e-10,-2.04707895079537e-07
16074,36,55,36.0000000003328,55.0000001981116,6.38983407467863,14.4054163694866,-3.32818217430031e-10,-1.98111571592108e-07
16092,36,55,36.0000000003101,55.0000001917261,6.38983407460534,14.4054163533351,-3.10116377022496e-10,-1.91726073239806e-07
16110,36,55,36.0000000002888,55.0000001855448,6.38983407453733,14.405416337705,-2.88849832941196e-10,-1.85544756448053e-07
16128,36,55,36.0000000002689,55.0000001795612,6.38983407447425,14.4054163225796,-2.6893332005784e-10,-1.7956124054308e-07
16146,36,55,36.0000000002503,55.0000001737693,6.38983407441569,14.4054163079427,-2.50295784098853e-10,-1.73769279854241e-07
16164,36,55,36.0000000002328,55.0000001681629,6.38983407436154,14.4054162937786,-2.32844854508585e-10,-1.68162856084564e-07
16182,36,55,36.0000000002165,55.0000001627361,6.38983407431129,14.4054162800721,-2.16523687868175e-10,-1.62736100151051e-07
16200,36,55,36.0000000002013,55.0000001574834,6.38983407426484,14.4054162668085,-2.01254124476691e-10,-1.57483356133525e-07
